{"sublevels":[{"name":"Sublevel 1","properties":{"unit":"251_units_pikminjosh_tile_conc_toy.txt","max_rooms":8,"light":"toy_light_lv4.ini","music":"new_08_1.cnd","skybox":"none","corridor":0.12,"caps":50,"timer":0,"geyser":false,"clogged":true,"echo":0,"plane":false,"seesaw":false,"version":1,"max_entities":null,"max_trasures":null,"max_gates":null},"entities":[{"name":"PanModoki","count":2,"weight":0,"dead_end":false,"group":0,"treasure":null,"fall":""},{"name":"LeafChappy","count":2,"weight":0,"dead_end":false,"group":0,"treasure":null,"fall":""},{"name":"KumaChappy","count":2,"weight":0,"dead_end":false,"group":0,"treasure":null,"fall":""},{"name":"KumaKochappy","count":10,"weight":0,"dead_end":false,"group":0,"treasure":null,"fall":""},{"name":"OoPanModoki","count":4,"weight":0,"dead_end":false,"group":0,"treasure":null,"fall":""},{"name":"BlackMan","count":1,"weight":0,"dead_end":false,"group":1,"treasure":"key","fall":""}],"treasures":[],"gates":[]},{"name":"Sublevel 2","properties":{"unit":"1_units_otakara_tile.txt.txt","max_rooms":1,"light":"toy_light_lv2.ini","music":"cavemetal_10_2.cnd","skybox":"none","corridor":0.12,"caps":50,"timer":0,"geyser":false,"clogged":true,"echo":0,"plane":false,"seesaw":false,"version":1,"max_entities":null,"max_trasures":null,"max_gates":null},"entities":[{"name":"BigFoot","count":1,"weight":0,"dead_end":false,"group":1,"treasure":"key","fall":""}],"treasures":[],"gates":[]},{"name":"Sublevel 3","properties":{"unit":"251_units_pikminjosh_all.txt","max_rooms":4,"light":"normal_light_lv0.ini","music":"new_06_0.cnd","skybox":"none","corridor":0.12,"caps":50,"timer":0,"geyser":false,"clogged":true,"echo":0,"plane":true,"seesaw":false,"version":1,"max_entities":null,"max_trasures":null,"max_gates":null},"entities":[{"name":"OoPanModoki","count":1,"weight":0,"dead_end":false,"group":1,"treasure":"key","fall":""},{"name":"BlackPom","count":20,"weight":0,"dead_end":false,"group":1,"treasure":null,"fall":""},{"name":"Egg","count":5,"weight":0,"dead_end":false,"group":1,"treasure":null,"fall":""},{"name":"PanModoki","count":10,"weight":0,"dead_end":false,"group":1,"treasure":null,"fall":""},{"name":"Egg","count":10,"weight":0,"dead_end":false,"group":0,"treasure":null,"fall":""}],"treasures":[{"name":"yoyo_yellow","count":9,"weight":0}],"gates":[{"word":"gate","health":1000,"weight":1},{"word":"gate","health":1000,"weight":1},{"word":"gate","health":1000,"weight":1},{"word":"gate","health":2,"weight":1},{"word":"gate","health":2,"weight":1},{"word":"gate","health":2,"weight":1}]},{"name":"Sublevel 4","properties":{"unit":"251_units_pikminjosh_tile_conc.txt","max_rooms":6,"light":"toy_light_lv4.ini","music":"caverelax.cnd","skybox":"hiroba","corridor":0.12,"caps":50,"timer":0,"geyser":false,"clogged":true,"echo":0,"plane":true,"seesaw":false,"version":1,"max_entities":null,"max_trasures":null,"max_gates":null},"entities":[{"name":"Egg","count":10,"weight":0,"dead_end":false,"group":1,"treasure":null,"fall":""},{"name":"WhitePom","count":20,"weight":0,"dead_end":false,"group":0,"treasure":null,"fall":""},{"name":"OoPanModoki","count":1,"weight":0,"dead_end":false,"group":1,"treasure":"key","fall":""}],"treasures":[{"name":"yoyo_yellow","count":9,"weight":0},{"name":"yoyo_yellow","count":9,"weight":0},{"name":"yoyo_yellow","count":9,"weight":0},{"name":"yoyo_yellow","count":9,"weight":0},{"name":"yoyo_yellow","count":9,"weight":0},{"name":"yoyo_yellow","count":5,"weight":0}],"gates":[{"word":"gate","health":2,"weight":1},{"word":"gate","health":2,"weight":1},{"word":"gate","health":2,"weight":1},{"word":"gate","health":3000,"weight":1},{"word":"gate","health":3000,"weight":1},{"word":"gate","health":3000,"weight":1}]},{"name":"Sublevel 5","properties":{"unit":"251_units_toy_kusachi.txt","max_rooms":10,"light":"toy_light_lv1.ini","music":"caverelax.cnd","skybox":"hiroba","corridor":0.12,"caps":50,"timer":0,"geyser":false,"clogged":true,"echo":0,"plane":true,"seesaw":false,"version":1,"max_entities":null,"max_trasures":null,"max_gates":null},"entities":[{"name":"RedPom","count":5,"weight":0,"dead_end":false,"group":0,"treasure":null,"fall":""},{"name":"YellowPom","count":5,"weight":0,"dead_end":false,"group":0,"treasure":null,"fall":""},{"name":"BluePom","count":5,"weight":0,"dead_end":false,"group":0,"treasure":null,"fall":""},{"name":"BlackPom","count":5,"weight":0,"dead_end":false,"group":0,"treasure":null,"fall":""},{"name":"OoPanModoki","count":1,"weight":0,"dead_end":false,"group":0,"treasure":"key","fall":""},{"name":"PanModoki","count":6,"weight":0,"dead_end":false,"group":0,"treasure":null,"fall":""}],"treasures":[{"name":"j_block_red","count":5,"weight":0},{"name":"j_block_blue","count":5,"weight":0},{"name":"j_block_green","count":5,"weight":0},{"name":"j_block_yellow","count":5,"weight":0},{"name":"j_block_white","count":5,"weight":0}],"gates":[{"word":"gate","health":3000,"weight":1},{"word":"gate","health":3000,"weight":1},{"word":"gate","health":3000,"weight":1},{"word":"gate","health":6000,"weight":1},{"word":"gate","health":1,"weight":1},{"word":"gate","health":1,"weight":1},{"word":"gate","health":1,"weight":1}]},{"name":"Sublevel 6","properties":{"unit":"1_units_queen_b_tsuchi.txt","max_rooms":1,"light":"normal_light_lv0.ini","music":"caveconc_00_0.cnd","skybox":"none","corridor":0.12,"caps":50,"timer":0,"geyser":false,"clogged":true,"echo":0,"plane":false,"seesaw":true,"version":1,"max_entities":null,"max_trasures":null,"max_gates":null},"entities":[{"name":"PanModoki","count":9,"weight":0,"dead_end":false,"group":0,"treasure":null,"fall":""},{"name":"KingChappy","count":1,"weight":0,"dead_end":false,"group":1,"treasure":"key","fall":""}],"treasures":[],"gates":[]},{"name":"Sublevel 7","properties":{"unit":"1_units_otakara_tile.txt","max_rooms":2,"light":"qchap_light.ini","music":"cavemetal_10_4.cnd","skybox":"none","corridor":1.0,"caps":50,"timer":0,"geyser":false,"clogged":true,"echo":0,"plane":false,"seesaw":false,"version":1,"max_entities":null,"max_trasures":null,"max_gates":null},"entities":[{"name":"PanModoki","count":1,"weight":0,"dead_end":false,"group":0,"treasure":null,"fall":""},{"name":"OoPanModoki","count":1,"weight":0,"dead_end":false,"group":1,"treasure":"key","fall":""},{"name":"BlackPom","count":15,"weight":0,"dead_end":true,"group":0,"treasure":null,"fall":""},{"name":"WhitePom","count":20,"weight":0,"dead_end":false,"group":1,"treasure":null,"fall":""},{"name":"GasHiba","count":5,"weight":0,"dead_end":false,"group":1,"treasure":null,"fall":""},{"name":"Sokkuri","count":10,"weight":0,"dead_end":false,"group":1,"treasure":"yoyo_yellow","fall":""}],"treasures":[],"gates":[{"word":"gate","health":2000,"weight":1},{"word":"gate","health":2000,"weight":1}]},{"name":"Sublevel 8","properties":{"unit":"all_units_toy.txt","max_rooms":10,"light":"toy_light_lv4.ini","music":"new_06_0.cnd","skybox":"flooring","corridor":1.0,"caps":50,"timer":0,"geyser":true,"clogged":true,"echo":0,"plane":true,"seesaw":true,"version":1,"max_entities":null,"max_trasures":null,"max_gates":null},"entities":[{"name":"PanModoki","count":19,"weight":0,"dead_end":false,"group":1,"treasure":"j_block_red","fall":""},{"name":"OoPanModoki","count":6,"weight":0,"dead_end":false,"group":1,"treasure":"key","fall":""}],"treasures":[],"gates":[]}],"content":null}