{"sublevels":[{"name":"Sublevel 1","properties":{"unit":"3_MAT_d_i_m_conc.txt","max_rooms":4,"light":"yakushima_3_16x17r_light.ini","music":"new_04_0.cnd","skybox":"none","corridor":0.0,"caps":50,"timer":0,"geyser":false,"clogged":false,"echo":0,"plane":false,"seesaw":false,"version":1,"max_entities":null,"max_trasures":null,"max_gates":null},"entities":[{"name":"Mar","count":1,"weight":0,"dead_end":false,"group":1,"treasure":"key","fall":""},{"name":"Demon","count":1,"weight":0,"dead_end":false,"group":1,"treasure":"denchi_3_red","fall":""},{"name":"Demon","count":1,"weight":0,"dead_end":false,"group":1,"treasure":"denchi_3_red","fall":""},{"name":"Demon","count":1,"weight":0,"dead_end":false,"group":1,"treasure":"denchi_3_red","fall":""},{"name":"BombSarai","count":1,"weight":0,"dead_end":false,"group":1,"treasure":"denchi_2_black","fall":""},{"name":"BombSarai","count":1,"weight":0,"dead_end":false,"group":1,"treasure":"denchi_2_black","fall":""},{"name":"BombSarai","count":1,"weight":0,"dead_end":false,"group":1,"treasure":"denchi_2_black","fall":""},{"name":"BombSarai","count":1,"weight":0,"dead_end":false,"group":1,"treasure":"denchi_2_black","fall":""},{"name":"Mar","count":1,"weight":0,"dead_end":false,"group":1,"treasure":"denchi_3_black","fall":""},{"name":"Mar","count":1,"weight":0,"dead_end":false,"group":1,"treasure":"denchi_3_black","fall":""},{"name":"Tanpopo","count":1,"weight":0,"dead_end":false,"group":0,"treasure":null,"fall":""},{"name":"Bomb","count":40,"weight":0,"dead_end":false,"group":0,"treasure":null,"fall":""},{"name":"Bomb","count":8,"weight":0,"dead_end":true,"group":0,"treasure":null,"fall":"$2"},{"name":"Hiba","count":20,"weight":0,"dead_end":false,"group":5,"treasure":null,"fall":""},{"name":"Clover","count":10,"weight":0,"dead_end":false,"group":6,"treasure":null,"fall":""},{"name":"Ooinu_s","count":10,"weight":0,"dead_end":false,"group":6,"treasure":null,"fall":""}],"treasures":[{"name":"bane","count":1,"weight":0},{"name":"juji_key_fc","count":1,"weight":0},{"name":"light_a","count":1,"weight":0}],"gates":[]},{"name":"Sublevel 2","properties":{"unit":"4_units_d_j_n_o_conc.txt","max_rooms":5,"light":"normal_light_lv0.ini","music":"caveconc_05_0.cnd","skybox":"none","corridor":0.2,"caps":50,"timer":0,"geyser":false,"clogged":false,"echo":0,"plane":false,"seesaw":false,"version":1,"max_entities":null,"max_trasures":null,"max_gates":null},"entities":[{"name":"Mar","count":1,"weight":0,"dead_end":false,"group":1,"treasure":"key","fall":""},{"name":"MiniHoudai","count":4,"weight":0,"dead_end":false,"group":1,"treasure":"bolt_l","fall":""},{"name":"Kabuto","count":1,"weight":0,"dead_end":false,"group":1,"treasure":"tape_red","fall":"$2"},{"name":"Kabuto","count":1,"weight":0,"dead_end":false,"group":1,"treasure":"tape_red","fall":"$2"},{"name":"Kabuto","count":1,"weight":0,"dead_end":false,"group":1,"treasure":"tape_red","fall":"$2"},{"name":"Kabuto","count":1,"weight":0,"dead_end":false,"group":1,"treasure":"tape_red","fall":"$2"},{"name":"BombSarai","count":1,"weight":0,"dead_end":false,"group":1,"treasure":"bolt","fall":""},{"name":"BombSarai","count":1,"weight":0,"dead_end":false,"group":1,"treasure":"bolt","fall":""},{"name":"BombSarai","count":1,"weight":0,"dead_end":false,"group":1,"treasure":"bolt","fall":""},{"name":"Mar","count":1,"weight":0,"dead_end":false,"group":1,"treasure":"channel","fall":""},{"name":"Mar","count":1,"weight":0,"dead_end":false,"group":1,"treasure":"channel","fall":"$2"},{"name":"Bomb","count":25,"weight":0,"dead_end":false,"group":0,"treasure":null,"fall":"$2"},{"name":"BombOtakara","count":8,"weight":0,"dead_end":true,"group":0,"treasure":null,"fall":"$4"},{"name":"ElecHiba","count":10,"weight":0,"dead_end":false,"group":5,"treasure":null,"fall":""},{"name":"KareOoinu_l","count":10,"weight":0,"dead_end":false,"group":6,"treasure":null,"fall":""},{"name":"KareOoinu_s","count":10,"weight":0,"dead_end":false,"group":6,"treasure":null,"fall":""}],"treasures":[{"name":"gear","count":1,"weight":0},{"name":"gear_silver","count":1,"weight":0},{"name":"nut","count":1,"weight":0}],"gates":[]},{"name":"Sublevel 3","properties":{"unit":"1_MIYA_manh2_conc.txt","max_rooms":1,"light":"oootakara_light.ini","music":"caveconc_05_1.cnd","skybox":"none","corridor":0.0,"caps":50,"timer":0,"geyser":true,"clogged":false,"echo":0,"plane":false,"seesaw":false,"version":1,"max_entities":null,"max_trasures":null,"max_gates":null},"entities":[{"name":"Houdai","count":1,"weight":0,"dead_end":false,"group":1,"treasure":"key","fall":""},{"name":"Wakame_l","count":1,"weight":0,"dead_end":false,"group":0,"treasure":null,"fall":""},{"name":"KareOoinu_s","count":1,"weight":0,"dead_end":false,"group":0,"treasure":null,"fall":""},{"name":"KareOoinu_s","count":1,"weight":0,"dead_end":false,"group":0,"treasure":null,"fall":""},{"name":"KareOoinu_s","count":1,"weight":0,"dead_end":false,"group":0,"treasure":null,"fall":""},{"name":"KareOoinu_s","count":1,"weight":0,"dead_end":false,"group":0,"treasure":null,"fall":""},{"name":"KareOoinu_l","count":1,"weight":0,"dead_end":false,"group":0,"treasure":null,"fall":""},{"name":"KareOoinu_l","count":1,"weight":0,"dead_end":false,"group":0,"treasure":null,"fall":""},{"name":"KareOoinu_l","count":1,"weight":0,"dead_end":false,"group":0,"treasure":null,"fall":""},{"name":"KareOoinu_l","count":1,"weight":0,"dead_end":false,"group":0,"treasure":null,"fall":""},{"name":"KareOoinu_l","count":1,"weight":0,"dead_end":false,"group":0,"treasure":null,"fall":""},{"name":"KareOoinu_s","count":1,"weight":0,"dead_end":false,"group":0,"treasure":null,"fall":""},{"name":"KareOoinu_s","count":1,"weight":0,"dead_end":false,"group":0,"treasure":null,"fall":""}],"treasures":[],"gates":[]}],"content":null}