{"sublevels":[{"name":"Sublevel 1 - Well","properties":{"unit":"ootsachi.txt","max_rooms":4,"light":"tile.ini","music":"caverelax.cnd","skybox":"hiroba","corridor":0.015,"caps":50,"timer":0,"geyser":false,"clogged":false,"echo":0,"plane":true,"seesaw":false,"version":1,"max_entities":null,"max_trasures":null,"max_gates":null},"entities":[{"name":"Chappy","count":1,"weight":0,"dead_end":false,"group":0,"treasure":"donutschoco_s","fall":""},{"name":"Chappy","count":1,"weight":0,"dead_end":false,"group":0,"treasure":"donutschoco_s","fall":""},{"name":"Frog","count":1,"weight":0,"dead_end":false,"group":1,"treasure":"bird_hane","fall":""},{"name":"Frog","count":1,"weight":0,"dead_end":false,"group":1,"treasure":"bird_hane","fall":""},{"name":"Damagumo","count":1,"weight":0,"dead_end":false,"group":8,"treasure":"key","fall":""},{"name":"BlueChappy","count":1,"weight":0,"dead_end":false,"group":1,"treasure":"cookie_s_l","fall":""},{"name":"Hana","count":3,"weight":0,"dead_end":false,"group":0,"treasure":null,"fall":""},{"name":"Tobi","count":5,"weight":0,"dead_end":false,"group":0,"treasure":null,"fall":""},{"name":"Magaret","count":2,"weight":0,"dead_end":false,"group":0,"treasure":null,"fall":""}],"treasures":[{"name":"diamond_green","count":1,"weight":0},{"name":"donutswhite_s","count":1,"weight":0},{"name":"donguri_l","count":1,"weight":0},{"name":"donguri_l","count":1,"weight":0}],"gates":[]},{"name":"Sublevel 2 - Sinkhole","properties":{"unit":"tile_conc.txt","max_rooms":6,"light":"Tile3.ini","music":"cavetile_00_0.cnd","skybox":"none","corridor":0.15,"caps":30,"timer":0,"geyser":false,"clogged":false,"echo":0,"plane":false,"seesaw":false,"version":1,"max_entities":null,"max_trasures":null,"max_gates":null},"entities":[{"name":"UmiMushiBlind","count":2,"weight":0,"dead_end":false,"group":1,"treasure":"chocoichigo","fall":""},{"name":"Fuefuki","count":1,"weight":0,"dead_end":false,"group":0,"treasure":"ichigo","fall":""},{"name":"Fuefuki","count":1,"weight":0,"dead_end":false,"group":0,"treasure":"cookie_s_l","fall":""},{"name":"Clover","count":30,"weight":0,"dead_end":false,"group":6,"treasure":null,"fall":""},{"name":"OoPanModoki","count":3,"weight":0,"dead_end":false,"group":1,"treasure":"chocowhite_l","fall":""},{"name":"Ooinu_s","count":30,"weight":0,"dead_end":false,"group":6,"treasure":null,"fall":""},{"name":"Sarai","count":1,"weight":0,"dead_end":false,"group":0,"treasure":"bird_hane","fall":""},{"name":"Sarai","count":1,"weight":0,"dead_end":false,"group":0,"treasure":"bird_hane","fall":""},{"name":"Sarai","count":1,"weight":0,"dead_end":false,"group":0,"treasure":"bird_hane","fall":""},{"name":"Sarai","count":1,"weight":0,"dead_end":false,"group":0,"treasure":"bird_hane","fall":""},{"name":"Egg","count":3,"weight":0,"dead_end":true,"group":0,"treasure":null,"fall":""},{"name":"FireOtakara","count":5,"weight":0,"dead_end":false,"group":5,"treasure":null,"fall":"$4"},{"name":"PanModoki","count":4,"weight":0,"dead_end":false,"group":0,"treasure":null,"fall":""},{"name":"OoPanModoki","count":1,"weight":0,"dead_end":false,"group":8,"treasure":"key","fall":""}],"treasures":[{"name":"juji_key","count":1,"weight":0},{"name":"whistle","count":1,"weight":0},{"name":"kan","count":1,"weight":0},{"name":"badminton","count":1,"weight":0},{"name":"badminton","count":1,"weight":0},{"name":"compact","count":1,"weight":0},{"name":"sinkukan_b","count":1,"weight":0},{"name":"dia_b_blue","count":1,"weight":0}],"gates":[{"word":"gate","health":1500,"weight":1},{"word":"gate","health":1500,"weight":1}]},{"name":"Sublevel 3 - Drain","properties":{"unit":"Pool_tile.txt","max_rooms":6,"light":"Tile2.ini","music":"cavetile_00_0.cnd","skybox":"none","corridor":0.1,"caps":50,"timer":290,"geyser":false,"clogged":false,"echo":0,"plane":false,"seesaw":false,"version":1,"max_entities":null,"max_trasures":null,"max_gates":null},"entities":[{"name":"WaterOtakara","count":2,"weight":0,"dead_end":false,"group":0,"treasure":"creap","fall":""},{"name":"WaterOtakara","count":2,"weight":0,"dead_end":false,"group":0,"treasure":"creap","fall":""},{"name":"FireOtakara","count":3,"weight":0,"dead_end":false,"group":1,"treasure":"g_futa_kyusyu","fall":""},{"name":"FireChappy","count":1,"weight":0,"dead_end":false,"group":8,"treasure":"key","fall":""},{"name":"BlueKochappy","count":4,"weight":0,"dead_end":false,"group":0,"treasure":null,"fall":""},{"name":"UmiMushiBlind","count":5,"weight":0,"dead_end":false,"group":1,"treasure":"cookie_s_l","fall":""},{"name":"RedPom","count":3,"weight":0,"dead_end":false,"group":0,"treasure":null,"fall":""},{"name":"YellowPom","count":3,"weight":0,"dead_end":false,"group":0,"treasure":null,"fall":""},{"name":"BlackMan","count":1,"weight":0,"dead_end":false,"group":0,"treasure":null,"fall":""},{"name":"Hiba","count":2,"weight":0,"dead_end":false,"group":5,"treasure":null,"fall":""}],"treasures":[{"name":"fire_helmet","count":1,"weight":0},{"name":"g_futa_sakotani","count":1,"weight":0},{"name":"uji_jisyaku","count":1,"weight":0},{"name":"apple_blue","count":1,"weight":0},{"name":"turi_uki","count":1,"weight":0},{"name":"denchi_1_red","count":1,"weight":0},{"name":"radar_b","count":1,"weight":0}],"gates":[{"word":"gate","health":1500,"weight":1},{"word":"gate","health":1500,"weight":1},{"word":"gate","health":1500,"weight":1}]},{"name":"Sublevel 4 - Soil","properties":{"unit":"toy_tile.txt","max_rooms":5,"light":"tile4.ini","music":"new_01_0.cnd","skybox":"tatami","corridor":0.01,"caps":50,"timer":200,"geyser":false,"clogged":false,"echo":0,"plane":true,"seesaw":false,"version":1,"max_entities":null,"max_trasures":null,"max_gates":null},"entities":[{"name":"Mar","count":3,"weight":0,"dead_end":false,"group":1,"treasure":"flower_red","fall":"$"},{"name":"BlackMan","count":1,"weight":0,"dead_end":false,"group":0,"treasure":null,"fall":""},{"name":"UmiMushiBlind","count":3,"weight":0,"dead_end":false,"group":0,"treasure":"donutschoco","fall":""},{"name":"Sokkuri","count":4,"weight":0,"dead_end":false,"group":0,"treasure":"momiji_normal","fall":""},{"name":"Wtank","count":1,"weight":0,"dead_end":false,"group":0,"treasure":null,"fall":""},{"name":"Wtank","count":1,"weight":0,"dead_end":false,"group":0,"treasure":null,"fall":""},{"name":"MiniHoudai","count":1,"weight":0,"dead_end":false,"group":8,"treasure":"key","fall":""},{"name":"Zenmai","count":40,"weight":0,"dead_end":false,"group":6,"treasure":null,"fall":""},{"name":"LeafChappy","count":1,"weight":0,"dead_end":false,"group":0,"treasure":null,"fall":""},{"name":"ElecBug","count":2,"weight":0,"dead_end":false,"group":0,"treasure":null,"fall":""},{"name":"ElecBug","count":2,"weight":0,"dead_end":false,"group":0,"treasure":null,"fall":""},{"name":"ElecHiba","count":4,"weight":0,"dead_end":false,"group":5,"treasure":null,"fall":""},{"name":"Jigumo","count":2,"weight":0,"dead_end":false,"group":1,"treasure":null,"fall":""},{"name":"Jigumo","count":2,"weight":0,"dead_end":false,"group":1,"treasure":null,"fall":""},{"name":"MaroFrog","count":1,"weight":0,"dead_end":true,"group":0,"treasure":"toy_dog","fall":"$"},{"name":"MaroFrog","count":1,"weight":0,"dead_end":true,"group":0,"treasure":"toy_dog","fall":"$"}],"treasures":[{"name":"kinoko","count":1,"weight":0},{"name":"kinoko_tubu","count":1,"weight":0},{"name":"kinoko_tubu","count":1,"weight":0},{"name":"silver_medal","count":1,"weight":0},{"name":"diamond_blue_l","count":1,"weight":0}],"gates":[]},{"name":"Sublevel 5 - All tile","properties":{"unit":"all_units_tile.txt","max_rooms":8,"light":"tile5.ini","music":"new_01_0.cnd","skybox":"none","corridor":0.2,"caps":50,"timer":300,"geyser":false,"clogged":false,"echo":0,"plane":false,"seesaw":false,"version":1,"max_entities":null,"max_trasures":null,"max_gates":null},"entities":[{"name":"BlackMan","count":1,"weight":0,"dead_end":false,"group":0,"treasure":null,"fall":""},{"name":"Bomb","count":1,"weight":0,"dead_end":false,"group":5,"treasure":null,"fall":"$"},{"name":"Bomb","count":1,"weight":0,"dead_end":false,"group":5,"treasure":null,"fall":"$"},{"name":"Bomb","count":1,"weight":0,"dead_end":false,"group":5,"treasure":null,"fall":"$4"},{"name":"Bomb","count":1,"weight":0,"dead_end":false,"group":5,"treasure":null,"fall":"$4"},{"name":"BombSarai","count":1,"weight":0,"dead_end":false,"group":1,"treasure":"fire_helmet","fall":"$4"},{"name":"BombSarai","count":1,"weight":0,"dead_end":false,"group":1,"treasure":"fire_helmet","fall":"$4"},{"name":"BombSarai","count":1,"weight":0,"dead_end":false,"group":1,"treasure":"fire_helmet","fall":"$4"},{"name":"KumaChappy","count":1,"weight":0,"dead_end":false,"group":1,"treasure":"key","fall":""},{"name":"KumaKochappy","count":5,"weight":0,"dead_end":false,"group":1,"treasure":"flower_blue","fall":""},{"name":"Rkabuto","count":2,"weight":0,"dead_end":false,"group":1,"treasure":"tape_yellow","fall":""},{"name":"ElecHiba","count":5,"weight":0,"dead_end":false,"group":5,"treasure":"tape_yellow","fall":""},{"name":"BombSarai","count":1,"weight":0,"dead_end":false,"group":0,"treasure":"denchi_3_red","fall":""},{"name":"BombSarai","count":1,"weight":0,"dead_end":false,"group":0,"treasure":"denchi_3_red","fall":""},{"name":"BombSarai","count":1,"weight":0,"dead_end":false,"group":0,"treasure":"denchi_3_red","fall":""},{"name":"Tank","count":1,"weight":0,"dead_end":false,"group":0,"treasure":null,"fall":""},{"name":"Tank","count":1,"weight":0,"dead_end":false,"group":1,"treasure":null,"fall":""},{"name":"Tank","count":1,"weight":0,"dead_end":false,"group":8,"treasure":null,"fall":""},{"name":"ElecOtakara","count":6,"weight":0,"dead_end":false,"group":1,"treasure":null,"fall":""},{"name":"HikariKinoko","count":70,"weight":0,"dead_end":false,"group":6,"treasure":null,"fall":""}],"treasures":[{"name":"g_futa_nihonraku","count":1,"weight":0},{"name":"turi_uki","count":1,"weight":0},{"name":"turi_uki","count":1,"weight":0},{"name":"dia_a_blue","count":1,"weight":0},{"name":"diamond_green_l","count":1,"weight":0},{"name":"kouseki_suisyou","count":1,"weight":0},{"name":"kan_imuraya","count":1,"weight":0}],"gates":[{"word":"gate","health":3000,"weight":1},{"word":"gate","health":3000,"weight":1},{"word":"gate","health":3000,"weight":1}]},{"name":"Sublevel 6 - Boss","properties":{"unit":"2_MAT_kingA_kingB_tsuchi.txt","max_rooms":2,"light":"tile6.ini","music":"caverelax.cnd","skybox":"none","corridor":0.0,"caps":50,"timer":0,"geyser":false,"clogged":false,"echo":0,"plane":false,"seesaw":false,"version":1,"max_entities":null,"max_trasures":null,"max_gates":null},"entities":[{"name":"DangoMushi","count":1,"weight":0,"dead_end":false,"group":1,"treasure":"key","fall":""}],"treasures":[{"name":"fire","count":1,"weight":0}],"gates":[]}],"content":null}