{"sublevels":[{"name":"Sublevel 1 - Attic","properties":{"unit":"1_units_torigoya_kusachi.txt","max_rooms":1,"light":"forest_2_siro_light.ini","music":"new_00_1.cnd","skybox":"none","corridor":0.12,"caps":50,"timer":0,"geyser":false,"clogged":false,"echo":0,"plane":false,"seesaw":false,"version":1,"max_entities":3,"max_trasures":null,"max_gates":null},"entities":[{"name":"FireOtakara","count":1,"weight":0,"dead_end":false,"group":0,"treasure":null,"fall":""},{"name":"ElecOtakara","count":1,"weight":0,"dead_end":false,"group":1,"treasure":null,"fall":""},{"name":"WaterOtakara","count":1,"weight":0,"dead_end":false,"group":0,"treasure":null,"fall":""},{"name":"GasOtakara","count":1,"weight":0,"dead_end":false,"group":0,"treasure":null,"fall":""}],"treasures":[{"name":"key","count":1,"weight":0},{"name":"bell_blue","count":1,"weight":0}],"gates":[]},{"name":"Sublevel 2 - Bedroom","properties":{"unit":"2_units_473_663_toy.txt","max_rooms":2,"light":"toy_light_cha.ini","music":"new_07_0.cnd","skybox":"tatami","corridor":0.12,"caps":100,"timer":0,"geyser":false,"clogged":false,"echo":0,"plane":true,"seesaw":false,"version":1,"max_entities":3,"max_trasures":null,"max_gates":null},"entities":[{"name":"MiniHoudai","count":1,"weight":0,"dead_end":false,"group":1,"treasure":"kan","fall":""},{"name":"Houdai","count":1,"weight":0,"dead_end":false,"group":1,"treasure":"key","fall":""},{"name":"KingChappy","count":1,"weight":0,"dead_end":false,"group":1,"treasure":"key","fall":""},{"name":"BombSarai","count":1,"weight":0,"dead_end":false,"group":1,"treasure":"juji_key_fc","fall":""},{"name":"Wealthy","count":1,"weight":0,"dead_end":false,"group":0,"treasure":null,"fall":""},{"name":"Wealthy","count":1,"weight":0,"dead_end":false,"group":0,"treasure":"bane_red","fall":""},{"name":"Kogane","count":1,"weight":0,"dead_end":false,"group":0,"treasure":"juji_key","fall":""},{"name":"DaiodoRed","count":10,"weight":0,"dead_end":false,"group":6,"treasure":null,"fall":""},{"name":"DaiodoGreen","count":10,"weight":0,"dead_end":false,"group":6,"treasure":null,"fall":""}],"treasures":[{"name":"toy_gentle","count":1,"weight":0},{"name":"dia_b_red","count":1,"weight":0},{"name":"donutsichigo_s","count":1,"weight":0},{"name":"donutswhite","count":1,"weight":0},{"name":"robot_head","count":1,"weight":0},{"name":"bane_blue","count":1,"weight":0}],"gates":[]},{"name":"Sublevel 3 - Bathroom","properties":{"unit":"2_units_north_pool_tile.txt","max_rooms":1,"light":"toy_light_cha.ini","music":"new_08_0.cnd","skybox":"none","corridor":0.12,"caps":50,"timer":0,"geyser":false,"clogged":false,"echo":0,"plane":false,"seesaw":false,"version":1,"max_entities":1,"max_trasures":null,"max_gates":null},"entities":[{"name":"Mar","count":1,"weight":0,"dead_end":false,"group":0,"treasure":null,"fall":""},{"name":"Chiyogami","count":5,"weight":0,"dead_end":false,"group":6,"treasure":null,"fall":""}],"treasures":[{"name":"key","count":1,"weight":0},{"name":"ahiru","count":1,"weight":0},{"name":"ahiru","count":1,"weight":0},{"name":"toy_dog","count":1,"weight":0},{"name":"toy_dog","count":1,"weight":0}],"gates":[]},{"name":"Sublevel 4 - Living Room","properties":{"unit":"1_MAT_tower2_toy.txt","max_rooms":1,"light":"toy_light_cha.ini","music":"new_07_0.cnd","skybox":"tatami","corridor":0.12,"caps":50,"timer":0,"geyser":false,"clogged":false,"echo":0,"plane":true,"seesaw":false,"version":1,"max_entities":2,"max_trasures":null,"max_gates":null},"entities":[{"name":"Fuefuki","count":1,"weight":0,"dead_end":false,"group":0,"treasure":null,"fall":""},{"name":"Miulin","count":3,"weight":0,"dead_end":false,"group":1,"treasure":null,"fall":""},{"name":"Magaret","count":1,"weight":0,"dead_end":false,"group":6,"treasure":null,"fall":""},{"name":"Clover","count":1,"weight":0,"dead_end":false,"group":6,"treasure":null,"fall":""},{"name":"Ooinu_s","count":1,"weight":0,"dead_end":false,"group":6,"treasure":null,"fall":""},{"name":"Ooinu_l","count":1,"weight":0,"dead_end":false,"group":6,"treasure":null,"fall":""}],"treasures":[{"name":"key","count":1,"weight":0},{"name":"locket","count":1,"weight":0},{"name":"light_a","count":1,"weight":0},{"name":"channel","count":1,"weight":0},{"name":"sensya","count":1,"weight":0},{"name":"chess_king_black","count":1,"weight":0},{"name":"kan_b_gold","count":1,"weight":0}],"gates":[]},{"name":"Sublevel 5 - Kitchen","properties":{"unit":"2_units_sara_sara2_toy.txt","max_rooms":2,"light":"toy_light_cha.ini","music":"new_08_0.cnd","skybox":"flooring","corridor":0.12,"caps":50,"timer":0,"geyser":false,"clogged":false,"echo":0,"plane":true,"seesaw":false,"version":1,"max_entities":10,"max_trasures":null,"max_gates":null},"entities":[{"name":"PanModoki","count":4,"weight":0,"dead_end":false,"group":0,"treasure":null,"fall":""},{"name":"OoPanModoki","count":1,"weight":0,"dead_end":false,"group":0,"treasure":"key","fall":""},{"name":"Egg","count":5,"weight":0,"dead_end":false,"group":1,"treasure":null,"fall":""}],"treasures":[{"name":"ichigo","count":1,"weight":0},{"name":"momiji_red","count":1,"weight":0},{"name":"donutschoco","count":1,"weight":0},{"name":"cookie_u","count":1,"weight":0},{"name":"cookie_u_l","count":1,"weight":0},{"name":"cookie_m_l","count":1,"weight":0},{"name":"cookie_s","count":1,"weight":0},{"name":"cookie_s_l","count":1,"weight":0},{"name":"chocolate_l","count":1,"weight":0},{"name":"chocolate","count":1,"weight":0},{"name":"chocoichigo","count":1,"weight":0},{"name":"chocowhite","count":1,"weight":0},{"name":"chocowhite_l","count":1,"weight":0}],"gates":[]},{"name":"Sublevel 6 - Back Garden","properties":{"unit":"1_units_big2_kusachi.txt","max_rooms":3,"light":"toy_light_cha.ini","music":"new_01_0.cnd","skybox":"hiroba","corridor":0.15,"caps":100,"timer":0,"geyser":false,"clogged":false,"echo":0,"plane":true,"seesaw":false,"version":1,"max_entities":37,"max_trasures":null,"max_gates":null},"entities":[{"name":"Queen","count":1,"weight":0,"dead_end":false,"group":8,"treasure":"key","fall":""},{"name":"Sokkuri","count":10,"weight":0,"dead_end":false,"group":0,"treasure":null,"fall":""},{"name":"Kogane","count":1,"weight":0,"dead_end":false,"group":0,"treasure":null,"fall":""},{"name":"Wealthy","count":1,"weight":0,"dead_end":false,"group":0,"treasure":null,"fall":""},{"name":"Fart","count":1,"weight":0,"dead_end":false,"group":0,"treasure":null,"fall":""},{"name":"UjiA","count":5,"weight":0,"dead_end":false,"group":1,"treasure":null,"fall":""},{"name":"UjiB","count":5,"weight":0,"dead_end":false,"group":1,"treasure":null,"fall":""},{"name":"Tobi","count":5,"weight":0,"dead_end":false,"group":1,"treasure":null,"fall":""},{"name":"TamagoMushi","count":2,"weight":0,"dead_end":false,"group":1,"treasure":null,"fall":""},{"name":"Sarai","count":2,"weight":0,"dead_end":false,"group":5,"treasure":null,"fall":""},{"name":"Demon","count":2,"weight":0,"dead_end":false,"group":5,"treasure":null,"fall":""},{"name":"ShijimiChou","count":2,"weight":0,"dead_end":true,"group":0,"treasure":null,"fall":""},{"name":"Clover","count":10,"weight":0,"dead_end":false,"group":6,"treasure":null,"fall":""},{"name":"Ooinu_l","count":10,"weight":0,"dead_end":false,"group":6,"treasure":null,"fall":""}],"treasures":[{"name":"flower_blue","count":1,"weight":0},{"name":"matu_bokkuri","count":1,"weight":0},{"name":"donguri","count":1,"weight":0},{"name":"donguri_l","count":1,"weight":0},{"name":"kinoko_doku","count":1,"weight":0},{"name":"whistle","count":1,"weight":0}],"gates":[]},{"name":"Sublevel 7 - Basement","properties":{"unit":"1_units_white_metal.txt","max_rooms":1,"light":"forest_3_light.ini","music":"cavemetal_05_1.cnd","skybox":"none","corridor":0.12,"caps":50,"timer":0,"geyser":false,"clogged":false,"echo":0,"plane":false,"seesaw":false,"version":1,"max_entities":1,"max_trasures":null,"max_gates":null},"entities":[{"name":"BigTreasure","count":1,"weight":0,"dead_end":false,"group":1,"treasure":"key","fall":""}],"treasures":[{"name":"bane","count":1,"weight":0}],"gates":[]}],"content":null}