{"sublevels":[{"name":"Sublevel 1","properties":{"unit":"3_MAT_d_g_m_renga.txt","max_rooms":4,"light":"sniper_light_lv0.ini","music":"new_05_0.cnd","skybox":"none","corridor":0.1,"caps":50,"timer":0,"geyser":false,"clogged":false,"echo":0,"plane":false,"seesaw":false,"version":1,"max_entities":null,"max_trasures":null,"max_gates":null},"entities":[{"name":"YellowKochappy","count":6,"weight":0,"dead_end":false,"group":0,"treasure":null,"fall":""},{"name":"YellowKochappy","count":1,"weight":0,"dead_end":false,"group":0,"treasure":"cookie","fall":""},{"name":"YellowChappy","count":1,"weight":0,"dead_end":false,"group":1,"treasure":"key","fall":""},{"name":"Hiba","count":6,"weight":0,"dead_end":false,"group":5,"treasure":null,"fall":""},{"name":"BlackPom","count":2,"weight":0,"dead_end":true,"group":0,"treasure":null,"fall":""},{"name":"Clover","count":5,"weight":0,"dead_end":false,"group":6,"treasure":null,"fall":""},{"name":"Zenmai","count":3,"weight":0,"dead_end":false,"group":6,"treasure":null,"fall":""},{"name":"KareOoinu_s","count":2,"weight":0,"dead_end":false,"group":6,"treasure":null,"fall":""}],"treasures":[{"name":"toy_ring_c_red","count":1,"weight":0}],"gates":[]},{"name":"Sublevel 2","properties":{"unit":"3_MAT_hit2_blk1_nor3_tsuchi.txt","max_rooms":3,"light":"sirohana_light_lv0.ini","music":"new_05_0.cnd","skybox":"none","corridor":0.09,"caps":50,"timer":0,"geyser":false,"clogged":false,"echo":0,"plane":false,"seesaw":false,"version":1,"max_entities":null,"max_trasures":null,"max_gates":null},"entities":[{"name":"Kochappy","count":5,"weight":0,"dead_end":false,"group":0,"treasure":null,"fall":""},{"name":"Chappy","count":2,"weight":0,"dead_end":false,"group":1,"treasure":"chocowhite_l","fall":""},{"name":"FireChappy","count":1,"weight":0,"dead_end":false,"group":1,"treasure":"key","fall":""},{"name":"Ooinu_l","count":4,"weight":0,"dead_end":false,"group":6,"treasure":null,"fall":""},{"name":"Ooinu_s","count":3,"weight":0,"dead_end":false,"group":6,"treasure":null,"fall":""},{"name":"Clover","count":3,"weight":0,"dead_end":false,"group":6,"treasure":null,"fall":""},{"name":"Hiba","count":4,"weight":0,"dead_end":false,"group":5,"treasure":null,"fall":""}],"treasures":[{"name":"cookie_u_l","count":1,"weight":0}],"gates":[{"word":"gate","health":1500,"weight":1},{"word":"gate","health":1500,"weight":1}]},{"name":"Sublevel 3","properties":{"unit":"3_units_h_k_pypes_conc.txt","max_rooms":3,"light":"suityu_light_lv0.ini","music":"new_05_0.cnd","skybox":"none","corridor":0.12,"caps":50,"timer":0,"geyser":false,"clogged":false,"echo":0,"plane":false,"seesaw":false,"version":1,"max_entities":null,"max_trasures":null,"max_gates":null},"entities":[{"name":"KumaKochappy","count":7,"weight":0,"dead_end":false,"group":0,"treasure":null,"fall":""},{"name":"KumaChappy","count":1,"weight":0,"dead_end":false,"group":1,"treasure":"key","fall":""},{"name":"FireOtakara","count":2,"weight":0,"dead_end":false,"group":1,"treasure":"be_dama_blue","fall":""},{"name":"HikariKinoko","count":6,"weight":0,"dead_end":false,"group":6,"treasure":null,"fall":""},{"name":"Egg","count":2,"weight":0,"dead_end":true,"group":0,"treasure":null,"fall":""},{"name":"BluePom","count":3,"weight":0,"dead_end":true,"group":0,"treasure":null,"fall":""}],"treasures":[{"name":"chocolate","count":1,"weight":0},{"name":"bell_red","count":1,"weight":0}],"gates":[]},{"name":"Sublevel 4","properties":{"unit":"2_MAT_h224_h443_tekiF_metal.txt","max_rooms":4,"light":"metal_light_lv0.ini","music":"cavemetal_05_4.cnd","skybox":"test","corridor":0.07,"caps":50,"timer":0,"geyser":false,"clogged":false,"echo":0,"plane":false,"seesaw":false,"version":1,"max_entities":null,"max_trasures":null,"max_gates":null},"entities":[{"name":"DaiodoRed","count":4,"weight":0,"dead_end":false,"group":6,"treasure":null,"fall":""},{"name":"DaiodoGreen","count":4,"weight":0,"dead_end":false,"group":6,"treasure":null,"fall":""},{"name":"ElecHiba","count":3,"weight":0,"dead_end":false,"group":5,"treasure":null,"fall":""},{"name":"BlueChappy","count":1,"weight":0,"dead_end":false,"group":1,"treasure":"key","fall":""},{"name":"BlueKochappy","count":4,"weight":0,"dead_end":false,"group":0,"treasure":"be_dama_yellow","fall":""},{"name":"RandPom","count":1,"weight":0,"dead_end":true,"group":0,"treasure":null,"fall":""}],"treasures":[{"name":"teala_dia_c","count":1,"weight":0}],"gates":[]},{"name":"Sublevel 5","properties":{"unit":"1_units_boss_tsuchi.txt","max_rooms":1,"light":"sniper_light_lv0.ini","music":"caverelax.cnd","skybox":"none","corridor":0.12,"caps":50,"timer":0,"geyser":false,"clogged":false,"echo":0,"plane":false,"seesaw":false,"version":1,"max_entities":null,"max_trasures":null,"max_gates":null},"entities":[{"name":"Queen","count":1,"weight":0,"dead_end":false,"group":0,"treasure":"key","fall":""},{"name":"Tukushi","count":2,"weight":0,"dead_end":false,"group":6,"treasure":null,"fall":""},{"name":"Clover","count":3,"weight":0,"dead_end":false,"group":6,"treasure":null,"fall":""}],"treasures":[],"gates":[]},{"name":"Sublevel 6","properties":{"unit":"1_ABE_king_tsuchi.txt","max_rooms":1,"light":"qchap_light.ini","music":"caverelax.cnd","skybox":"none","corridor":0.1,"caps":50,"timer":0,"geyser":false,"clogged":false,"echo":0,"plane":false,"seesaw":false,"version":1,"max_entities":null,"max_trasures":null,"max_gates":null},"entities":[{"name":"HikariKinoko","count":3,"weight":0,"dead_end":false,"group":6,"treasure":null,"fall":""},{"name":"Ooinu_l","count":2,"weight":0,"dead_end":false,"group":6,"treasure":null,"fall":""},{"name":"Ooinu_s","count":1,"weight":0,"dead_end":false,"group":6,"treasure":null,"fall":""},{"name":"KingChappy","count":1,"weight":0,"dead_end":false,"group":0,"treasure":"key","fall":""},{"name":"KingChappy","count":1,"weight":0,"dead_end":false,"group":0,"treasure":"gold_medal","fall":""},{"name":"BluePom","count":2,"weight":0,"dead_end":true,"group":0,"treasure":null,"fall":""}],"treasures":[],"gates":[]}],"content":null}