{"sublevels":[{"name":"Sublevel 1 - Bredbug","properties":{"unit":"1_NARI_hit6x7_toy.txt","max_rooms":2,"light":"modded_demon_light.ini","music":"cavetsumiki_00_0.cnd","skybox":"flooring","corridor":0.12,"caps":100,"timer":0,"geyser":false,"clogged":false,"echo":0,"plane":true,"seesaw":false,"version":1,"max_entities":31,"max_trasures":null,"max_gates":null},"entities":[{"name":"PanModoki","count":2,"weight":0,"dead_end":false,"group":1,"treasure":"cookie_u","fall":""},{"name":"PanModoki","count":1,"weight":0,"dead_end":false,"group":5,"treasure":"chocolate","fall":""},{"name":"Fuefuki","count":1,"weight":0,"dead_end":false,"group":1,"treasure":"cookie","fall":""},{"name":"BlackPom","count":1,"weight":0,"dead_end":false,"group":8,"treasure":null,"fall":""},{"name":"ElecBug","count":4,"weight":0,"dead_end":false,"group":0,"treasure":null,"fall":""},{"name":"Kochappy","count":4,"weight":0,"dead_end":false,"group":0,"treasure":"be_dama_red","fall":""},{"name":"BlueKochappy","count":2,"weight":0,"dead_end":false,"group":0,"treasure":"be_dama_yellow","fall":""},{"name":"ElecHiba","count":5,"weight":0,"dead_end":false,"group":5,"treasure":null,"fall":""},{"name":"Chiyogami","count":2,"weight":0,"dead_end":false,"group":6,"treasure":null,"fall":""}],"treasures":[{"name":"key","count":1,"weight":0},{"name":"cookie_u_l","count":1,"weight":0},{"name":"chocoichigo","count":1,"weight":0},{"name":"cookie_s","count":1,"weight":0}],"gates":[]},{"name":"Sublevel 2 - Bulborbs","properties":{"unit":"3_MAT_d_i_m_conc.txt","max_rooms":3,"light":"modded_demon_light_dim.ini","music":"caveconc_00_0.cnd","skybox":"none","corridor":0.125,"caps":100,"timer":0,"geyser":false,"clogged":false,"echo":0,"plane":false,"seesaw":false,"version":1,"max_entities":null,"max_trasures":null,"max_gates":null},"entities":[{"name":"BlackPom","count":1,"weight":0,"dead_end":true,"group":0,"treasure":null,"fall":""},{"name":"Sokkuri","count":2,"weight":0,"dead_end":false,"group":5,"treasure":"momiji_normal","fall":""},{"name":"Hiba","count":4,"weight":0,"dead_end":false,"group":5,"treasure":null,"fall":""},{"name":"DaiodoRed","count":4,"weight":0,"dead_end":false,"group":6,"treasure":null,"fall":""},{"name":"KareOoinu_s","count":4,"weight":0,"dead_end":false,"group":6,"treasure":null,"fall":""},{"name":"KumaKochappy","count":2,"weight":0,"dead_end":true,"group":0,"treasure":"be_dama_blue","fall":"$2"},{"name":"Chappy","count":1,"weight":0,"dead_end":false,"group":1,"treasure":"be_dama_red_l","fall":""},{"name":"Sokkuri","count":2,"weight":0,"dead_end":false,"group":1,"treasure":"donguri","fall":""},{"name":"Hanachirashi","count":1,"weight":0,"dead_end":false,"group":1,"treasure":"j_block_yellow","fall":""},{"name":"BlueChappy","count":2,"weight":0,"dead_end":false,"group":1,"treasure":"be_dama_yellow_l","fall":""},{"name":"Qurione","count":2,"weight":0,"dead_end":false,"group":6,"treasure":null,"fall":""}],"treasures":[{"name":"key","count":1,"weight":0},{"name":"matu_bokkuri","count":1,"weight":0},{"name":"apple","count":1,"weight":0},{"name":"halloween","count":1,"weight":0}],"gates":[]},{"name":"Sublevel 3 - Jelllyfloats","properties":{"unit":"1_units_cent2_tsuchi.txt","max_rooms":4,"light":"modded_small_light.ini","music":"new_01_0.cnd","skybox":"none","corridor":0.1,"caps":100,"timer":0,"geyser":false,"clogged":false,"echo":0,"plane":false,"seesaw":false,"version":1,"max_entities":45,"max_trasures":null,"max_gates":null},"entities":[{"name":"KumaChappy","count":1,"weight":0,"dead_end":false,"group":8,"treasure":"chess_queen_white","fall":"$5"},{"name":"KumaKochappy","count":5,"weight":0,"dead_end":false,"group":1,"treasure":"be_dama_red","fall":""},{"name":"KumaKochappy","count":7,"weight":0,"dead_end":false,"group":0,"treasure":null,"fall":""},{"name":"HikariKinoko","count":5,"weight":0,"dead_end":false,"group":6,"treasure":null,"fall":""},{"name":"Tukushi","count":6,"weight":0,"dead_end":false,"group":6,"treasure":null,"fall":""},{"name":"Rock","count":4,"weight":0,"dead_end":false,"group":5,"treasure":null,"fall":""},{"name":"Kurage","count":2,"weight":0,"dead_end":false,"group":8,"treasure":"bell","fall":"$2"},{"name":"TamagoMushi","count":1,"weight":0,"dead_end":false,"group":5,"treasure":"be_dama_blue","fall":""},{"name":"Armor","count":2,"weight":0,"dead_end":false,"group":5,"treasure":"cookie_s","fall":""},{"name":"OniKurage","count":1,"weight":0,"dead_end":false,"group":8,"treasure":"doll","fall":"$3"},{"name":"Bomb","count":2,"weight":0,"dead_end":true,"group":0,"treasure":null,"fall":"$2"},{"name":"Tobi","count":5,"weight":0,"dead_end":false,"group":0,"treasure":"bird_hane","fall":""}],"treasures":[{"name":"key","count":1,"weight":0},{"name":"ahiru_head","count":1,"weight":0},{"name":"bane_blue","count":1,"weight":0},{"name":"dashboots","count":1,"weight":0}],"gates":[]},{"name":"Sublevel 4 - Dweevils","properties":{"unit":"1_MAT_manp_2_conc.txt","max_rooms":1,"light":"modded_gloomy_light.ini","music":"caveconc_10_0.cnd","skybox":"none","corridor":0.135,"caps":80,"timer":0,"geyser":false,"clogged":false,"echo":0,"plane":false,"seesaw":false,"version":1,"max_entities":37,"max_trasures":null,"max_gates":null},"entities":[{"name":"BigFoot","count":1,"weight":0,"dead_end":false,"group":6,"treasure":"flask","fall":""},{"name":"Damagumo","count":1,"weight":0,"dead_end":false,"group":6,"treasure":"haniwa","fall":""},{"name":"GasOtakara","count":3,"weight":0,"dead_end":false,"group":1,"treasure":"silver_medal","fall":"$2"},{"name":"ElecOtakara","count":2,"weight":0,"dead_end":true,"group":0,"treasure":"gold_medal","fall":"$5"},{"name":"FireOtakara","count":9,"weight":0,"dead_end":false,"group":0,"treasure":null,"fall":"$2"},{"name":"BombOtakara","count":3,"weight":0,"dead_end":false,"group":5,"treasure":null,"fall":"$4"},{"name":"WaterOtakara","count":6,"weight":0,"dead_end":false,"group":0,"treasure":null,"fall":"$2"},{"name":"WaterOtakara","count":4,"weight":0,"dead_end":false,"group":1,"treasure":null,"fall":"$2"},{"name":"FireChappy","count":1,"weight":0,"dead_end":true,"group":0,"treasure":"diamond_red","fall":""},{"name":"DaiodoGreen","count":3,"weight":0,"dead_end":false,"group":1,"treasure":null,"fall":""},{"name":"HikariKinoko","count":3,"weight":0,"dead_end":false,"group":5,"treasure":null,"fall":""}],"treasures":[{"name":"key","count":1,"weight":0},{"name":"kumakibori","count":1,"weight":0},{"name":"dia_a_blue","count":1,"weight":0},{"name":"j_block_red","count":1,"weight":0},{"name":"j_block_yellow","count":1,"weight":0},{"name":"wadou_kaichin","count":1,"weight":0},{"name":"saru_head","count":1,"weight":0}],"gates":[]}],"content":null}