{"sublevels":[{"name":"Sublevel 1","properties":{"unit":"3_SAM_b_l_m_conc.txt","max_rooms":3,"light":"spooky_light_cha.ini","music":"cavemetal_00_0.cnd","skybox":"none","corridor":0.1,"caps":50,"timer":100,"geyser":false,"clogged":false,"echo":0,"plane":false,"seesaw":false,"version":1,"max_entities":null,"max_trasures":null,"max_gates":null},"entities":[{"name":"BlueChappy","count":1,"weight":0,"dead_end":false,"group":0,"treasure":"g_futa_sakotani","fall":""},{"name":"BlueChappy","count":1,"weight":0,"dead_end":false,"group":0,"treasure":"g_futa_sakotani","fall":""},{"name":"BlueChappy","count":1,"weight":0,"dead_end":false,"group":0,"treasure":"g_futa_sakotani","fall":""},{"name":"Kurage","count":1,"weight":0,"dead_end":false,"group":1,"treasure":"chocolate_l","fall":""},{"name":"Kurage","count":1,"weight":0,"dead_end":false,"group":1,"treasure":"chocolate_l","fall":""},{"name":"Kurage","count":1,"weight":0,"dead_end":false,"group":1,"treasure":"chocolate_l","fall":""},{"name":"Kurage","count":1,"weight":0,"dead_end":false,"group":1,"treasure":"chocolate_l","fall":""},{"name":"OniKurage","count":1,"weight":0,"dead_end":false,"group":1,"treasure":"key","fall":""},{"name":"BlackMan","count":1,"weight":0,"dead_end":false,"group":0,"treasure":null,"fall":""},{"name":"KareOoinu_s","count":1,"weight":0,"dead_end":false,"group":6,"treasure":null,"fall":""},{"name":"Clover","count":2,"weight":0,"dead_end":false,"group":6,"treasure":null,"fall":""}],"treasures":[{"name":"cookie","count":1,"weight":0},{"name":"baum_kuchen_s","count":1,"weight":0},{"name":"halloween","count":1,"weight":0}],"gates":[]},{"name":"Sublevel 2","properties":{"unit":"3_SAM_e_i_o_conc.txt","max_rooms":3,"light":"spooky_light_lv0.ini","music":"cavesoil_00_0.cnd","skybox":"none","corridor":0.2,"caps":50,"timer":200,"geyser":false,"clogged":false,"echo":0,"plane":false,"seesaw":false,"version":1,"max_entities":null,"max_trasures":null,"max_gates":null},"entities":[{"name":"BlackMan","count":1,"weight":0,"dead_end":false,"group":0,"treasure":null,"fall":""},{"name":"Tobi","count":3,"weight":0,"dead_end":false,"group":0,"treasure":"flower_blue","fall":""},{"name":"Tobi","count":3,"weight":0,"dead_end":false,"group":0,"treasure":"flower_blue","fall":""},{"name":"Tobi","count":4,"weight":0,"dead_end":false,"group":1,"treasure":"flower_blue","fall":""},{"name":"Tobi","count":4,"weight":0,"dead_end":false,"group":1,"treasure":"flower_blue","fall":""},{"name":"Hiba","count":4,"weight":0,"dead_end":false,"group":5,"treasure":null,"fall":""},{"name":"GasHiba","count":3,"weight":0,"dead_end":false,"group":5,"treasure":null,"fall":""},{"name":"Hiba","count":1,"weight":0,"dead_end":false,"group":1,"treasure":null,"fall":""},{"name":"Hiba","count":1,"weight":0,"dead_end":false,"group":1,"treasure":null,"fall":""},{"name":"Wtank","count":2,"weight":0,"dead_end":false,"group":1,"treasure":"chocowhite","fall":""},{"name":"Wtank","count":2,"weight":0,"dead_end":false,"group":0,"treasure":"chocowhite","fall":""},{"name":"Tank","count":2,"weight":0,"dead_end":false,"group":0,"treasure":"chocoichigo","fall":""},{"name":"Tank","count":2,"weight":0,"dead_end":false,"group":1,"treasure":"chocoichigo","fall":""},{"name":"Clover","count":2,"weight":0,"dead_end":false,"group":6,"treasure":null,"fall":""},{"name":"KareOoinu_s","count":1,"weight":0,"dead_end":false,"group":6,"treasure":null,"fall":""}],"treasures":[{"name":"denchi_3_red","count":1,"weight":0},{"name":"compact","count":1,"weight":0},{"name":"turi_uki","count":1,"weight":0},{"name":"key","count":1,"weight":0}],"gates":[{"word":"gate","health":5000,"weight":1},{"word":"gate","health":5000,"weight":1},{"word":"gate","health":6000,"weight":1}]},{"name":"Sublevel 3","properties":{"unit":"2_SAM_h_spiral_conc.txt","max_rooms":2,"light":"spooky_light_lv0.ini","music":"cavesoil_00_0.cnd","skybox":"none","corridor":0.0,"caps":50,"timer":100,"geyser":false,"clogged":false,"echo":0,"plane":false,"seesaw":false,"version":1,"max_entities":null,"max_trasures":null,"max_gates":null},"entities":[{"name":"Clover","count":2,"weight":0,"dead_end":false,"group":6,"treasure":null,"fall":""},{"name":"KareOoinu_s","count":1,"weight":0,"dead_end":false,"group":6,"treasure":null,"fall":""},{"name":"Jigumo","count":1,"weight":0,"dead_end":false,"group":0,"treasure":"kan_b_gold","fall":""},{"name":"Jigumo","count":1,"weight":0,"dead_end":false,"group":0,"treasure":"kan_b_gold","fall":""},{"name":"Jigumo","count":1,"weight":0,"dead_end":false,"group":0,"treasure":"kan_b_gold","fall":""},{"name":"Jigumo","count":1,"weight":0,"dead_end":false,"group":0,"treasure":"kan_b_gold","fall":""},{"name":"Jigumo","count":1,"weight":0,"dead_end":false,"group":0,"treasure":"kan_b_gold","fall":""},{"name":"Chappy","count":1,"weight":0,"dead_end":false,"group":1,"treasure":"donutsichigo","fall":""},{"name":"Chappy","count":1,"weight":0,"dead_end":false,"group":1,"treasure":"donutsichigo","fall":""},{"name":"Chappy","count":1,"weight":0,"dead_end":false,"group":1,"treasure":"donutsichigo","fall":""},{"name":"Egg","count":3,"weight":0,"dead_end":true,"group":0,"treasure":null,"fall":""},{"name":"Fkabuto","count":0,"weight":0,"dead_end":true,"group":0,"treasure":"key","fall":""},{"name":"BlackMan","count":1,"weight":0,"dead_end":false,"group":1,"treasure":null,"fall":""}],"treasures":[{"name":"donutswhite","count":1,"weight":0},{"name":"halloween","count":1,"weight":0},{"name":"key","count":1,"weight":0}],"gates":[]},{"name":"Sublevel 4","properties":{"unit":"3_SAM_a_d_f_conc.txt","max_rooms":3,"light":"spooky_light_lv1.ini","music":"caveconc_00_0.cnd","skybox":"none","corridor":0.55,"caps":50,"timer":100,"geyser":false,"clogged":false,"echo":0,"plane":false,"seesaw":false,"version":1,"max_entities":null,"max_trasures":null,"max_gates":null},"entities":[{"name":"BlackMan","count":1,"weight":0,"dead_end":false,"group":0,"treasure":null,"fall":""},{"name":"LeafChappy","count":1,"weight":0,"dead_end":false,"group":0,"treasure":"chocolate","fall":""},{"name":"PanModoki","count":1,"weight":0,"dead_end":false,"group":1,"treasure":"diamond_red_l","fall":""},{"name":"PanModoki","count":1,"weight":0,"dead_end":false,"group":1,"treasure":"diamond_red_l","fall":""},{"name":"PanModoki","count":1,"weight":0,"dead_end":false,"group":1,"treasure":"diamond_red_l","fall":""},{"name":"Kabuto","count":1,"weight":0,"dead_end":false,"group":0,"treasure":"kan_meidiya","fall":""},{"name":"Kabuto","count":1,"weight":0,"dead_end":false,"group":0,"treasure":"kan_meidiya","fall":""},{"name":"Kabuto","count":1,"weight":0,"dead_end":false,"group":0,"treasure":"kan_meidiya","fall":""},{"name":"Kabuto","count":1,"weight":0,"dead_end":false,"group":0,"treasure":"kan_meidiya","fall":""},{"name":"Kochappy","count":3,"weight":0,"dead_end":false,"group":1,"treasure":"flower_red","fall":""},{"name":"Kochappy","count":3,"weight":0,"dead_end":false,"group":1,"treasure":"flower_red","fall":""},{"name":"Kochappy","count":3,"weight":0,"dead_end":false,"group":1,"treasure":"flower_red","fall":""},{"name":"KareOoinu_s","count":1,"weight":0,"dead_end":false,"group":6,"treasure":null,"fall":""},{"name":"Clover","count":2,"weight":0,"dead_end":false,"group":6,"treasure":null,"fall":""}],"treasures":[{"name":"key","count":1,"weight":0},{"name":"halloween","count":1,"weight":0},{"name":"halloween","count":1,"weight":0},{"name":"fue_pullout","count":1,"weight":0}],"gates":[{"word":"gate","health":4000,"weight":1},{"word":"gate","health":4000,"weight":1},{"word":"gate","health":4000,"weight":1},{"word":"gate","health":4000,"weight":1},{"word":"gate","health":4000,"weight":1}]}],"content":null}