{"sublevels":[{"name":"Sublevel 1 - Snowy Redux","properties":{"unit":"3_MAT_hit2_hit3_blk1_snow.txt","max_rooms":4,"light":"yakushima_2_light.ini","music":"new_06_0.cnd","skybox":"none","corridor":0.12,"caps":50,"timer":0,"geyser":false,"clogged":false,"echo":0,"plane":false,"seesaw":false,"version":1,"max_entities":null,"max_trasures":null,"max_gates":null},"entities":[{"name":"Fart","count":1,"weight":0,"dead_end":false,"group":5,"treasure":"key","fall":""},{"name":"YellowChappy","count":3,"weight":0,"dead_end":false,"group":1,"treasure":"j_block_red","fall":""},{"name":"Fart","count":3,"weight":0,"dead_end":false,"group":5,"treasure":"toy_ring_c_green","fall":""},{"name":"Wtank","count":2,"weight":0,"dead_end":false,"group":0,"treasure":null,"fall":"$"},{"name":"Wtank","count":2,"weight":0,"dead_end":false,"group":0,"treasure":null,"fall":"$"},{"name":"Kurage","count":1,"weight":0,"dead_end":false,"group":6,"treasure":null,"fall":"$2"},{"name":"ElecOtakara","count":5,"weight":0,"dead_end":false,"group":6,"treasure":null,"fall":"$4"},{"name":"Watage","count":3,"weight":0,"dead_end":false,"group":6,"treasure":null,"fall":""}],"treasures":[{"name":"matu_bokkuri","count":1,"weight":0}],"gates":[]},{"name":"Sublevel 2 - Dirt Beetles","properties":{"unit":"4_units_mid1_blk1_sak2_uzu1_tsuchi.txt","max_rooms":5,"light":"sirohana_light_lv3.ini","music":"cavesoil_05_0.cnd","skybox":"none","corridor":0.03,"caps":100,"timer":0,"geyser":false,"clogged":true,"echo":0,"plane":false,"seesaw":false,"version":1,"max_entities":null,"max_trasures":null,"max_gates":null},"entities":[{"name":"Hana","count":4,"weight":0,"dead_end":true,"group":0,"treasure":"g_futa_kyosin","fall":""},{"name":"Magaret","count":7,"weight":0,"dead_end":false,"group":6,"treasure":null,"fall":""},{"name":"Demon","count":5,"weight":0,"dead_end":false,"group":5,"treasure":null,"fall":"$3"},{"name":"Rkabuto","count":3,"weight":0,"dead_end":false,"group":0,"treasure":null,"fall":""},{"name":"Rkabuto","count":3,"weight":0,"dead_end":false,"group":0,"treasure":null,"fall":""},{"name":"Fuefuki","count":2,"weight":0,"dead_end":false,"group":1,"treasure":"ichigo","fall":""},{"name":"Catfish","count":4,"weight":0,"dead_end":false,"group":1,"treasure":null,"fall":"$5"},{"name":"OniKurage","count":1,"weight":0,"dead_end":true,"group":0,"treasure":"key","fall":"$"}],"treasures":[{"name":"donutswhite","count":3,"weight":0}],"gates":[]},{"name":"Sublevel 3 - Agua","properties":{"unit":"3_units_pool_nor_ujikou_tile.txt","max_rooms":5,"light":"qchap_light.ini","music":"cavetile_00_0.cnd","skybox":"none","corridor":0.04,"caps":100,"timer":0,"geyser":false,"clogged":true,"echo":0,"plane":false,"seesaw":false,"version":1,"max_entities":null,"max_trasures":null,"max_gates":null},"entities":[{"name":"Jigumo","count":2,"weight":0,"dead_end":false,"group":0,"treasure":null,"fall":""},{"name":"Jigumo","count":2,"weight":0,"dead_end":false,"group":0,"treasure":null,"fall":""},{"name":"Jigumo","count":2,"weight":0,"dead_end":false,"group":0,"treasure":null,"fall":""},{"name":"WaterOtakara","count":1,"weight":0,"dead_end":false,"group":5,"treasure":"key","fall":"$2"},{"name":"Baby","count":5,"weight":0,"dead_end":false,"group":5,"treasure":null,"fall":""},{"name":"ElecHiba","count":4,"weight":0,"dead_end":false,"group":1,"treasure":"teala_dia_a","fall":""},{"name":"UmiMushiBlind","count":5,"weight":0,"dead_end":false,"group":1,"treasure":"loozy","fall":""},{"name":"BlueKochappy","count":2,"weight":0,"dead_end":false,"group":6,"treasure":"water","fall":""},{"name":"ElecHiba","count":3,"weight":0,"dead_end":false,"group":0,"treasure":null,"fall":""},{"name":"Demon","count":3,"weight":0,"dead_end":false,"group":8,"treasure":null,"fall":""}],"treasures":[{"name":"denchi_3_red","count":2,"weight":0}],"gates":[]},{"name":"Sublevel 4 - Breadbug Battleground","properties":{"unit":"2_units_hit47_hit67_toy.txt","max_rooms":3,"light":"toy_light_cha.ini","music":"cavemetal_00_3.cnd","skybox":"flooring","corridor":0.2,"caps":100,"timer":0,"geyser":false,"clogged":true,"echo":0,"plane":true,"seesaw":false,"version":1,"max_entities":null,"max_trasures":null,"max_gates":null},"entities":[{"name":"OoPanModoki","count":1,"weight":0,"dead_end":false,"group":0,"treasure":"key","fall":""},{"name":"FminiHoudai","count":3,"weight":0,"dead_end":false,"group":6,"treasure":null,"fall":""},{"name":"OoPanModoki","count":3,"weight":0,"dead_end":false,"group":6,"treasure":null,"fall":""},{"name":"Armor","count":2,"weight":0,"dead_end":false,"group":0,"treasure":"cookie_s_l","fall":""},{"name":"Armor","count":2,"weight":0,"dead_end":false,"group":0,"treasure":"cookie_s_l","fall":""},{"name":"Armor","count":2,"weight":0,"dead_end":false,"group":0,"treasure":"cookie_s_l","fall":""},{"name":"GasOtakara","count":8,"weight":0,"dead_end":false,"group":1,"treasure":null,"fall":""},{"name":"BlackPom","count":1,"weight":0,"dead_end":false,"group":5,"treasure":null,"fall":"$"},{"name":"BombSarai","count":4,"weight":0,"dead_end":false,"group":5,"treasure":null,"fall":"$2"},{"name":"BombOtakara","count":6,"weight":0,"dead_end":false,"group":5,"treasure":null,"fall":"$4"}],"treasures":[{"name":"badminton","count":2,"weight":0},{"name":"fue_b","count":1,"weight":0},{"name":"dia_b_green","count":1,"weight":0},{"name":"apple_blue","count":1,"weight":0}],"gates":[]},{"name":"Sublevel 5 - Rest?","properties":{"unit":"3_ABE_mid2_hit3_hit5_metal.txt","max_rooms":3,"light":"toy_light_cha.ini","music":"caverelax.cnd","skybox":"build","corridor":0.03,"caps":100,"timer":150,"geyser":false,"clogged":false,"echo":0,"plane":false,"seesaw":false,"version":1,"max_entities":null,"max_trasures":null,"max_gates":null},"entities":[{"name":"Egg","count":3,"weight":0,"dead_end":false,"group":0,"treasure":null,"fall":""},{"name":"BlackPom","count":2,"weight":0,"dead_end":false,"group":1,"treasure":null,"fall":""},{"name":"WhitePom","count":2,"weight":0,"dead_end":false,"group":1,"treasure":null,"fall":""},{"name":"LeafChappy","count":2,"weight":0,"dead_end":false,"group":1,"treasure":null,"fall":""},{"name":"Wealthy","count":1,"weight":0,"dead_end":false,"group":5,"treasure":null,"fall":""},{"name":"SnakeWhole","count":1,"weight":0,"dead_end":true,"group":0,"treasure":"key","fall":""},{"name":"BlackMan","count":2,"weight":0,"dead_end":true,"group":0,"treasure":null,"fall":""}],"treasures":[],"gates":[{"word":"gate","health":900,"weight":1},{"word":"gate","health":900,"weight":1}]},{"name":"Sublevel 6 - Agua Dos: Electric Boogalo","properties":{"unit":"2_units_gw_l_conc.txt","max_rooms":3,"light":"vs_8_light.ini","music":"new_01_0.cnd","skybox":"none","corridor":0.2,"caps":40,"timer":0,"geyser":false,"clogged":true,"echo":0,"plane":false,"seesaw":false,"version":1,"max_entities":null,"max_trasures":null,"max_gates":null},"entities":[{"name":"BlueChappy","count":1,"weight":0,"dead_end":false,"group":8,"treasure":"key","fall":""},{"name":"BlueChappy","count":2,"weight":0,"dead_end":false,"group":8,"treasure":null,"fall":""},{"name":"ElecBug","count":11,"weight":0,"dead_end":false,"group":6,"treasure":null,"fall":""},{"name":"Demon","count":5,"weight":0,"dead_end":false,"group":6,"treasure":null,"fall":"$2"},{"name":"TamagoMushi","count":3,"weight":0,"dead_end":false,"group":1,"treasure":null,"fall":""},{"name":"ElecHiba","count":4,"weight":0,"dead_end":false,"group":1,"treasure":null,"fall":""},{"name":"Rock","count":2,"weight":0,"dead_end":false,"group":5,"treasure":null,"fall":"$"},{"name":"ElecOtakara","count":4,"weight":0,"dead_end":false,"group":5,"treasure":"kan_b_gold","fall":""},{"name":"Tukushi","count":5,"weight":0,"dead_end":false,"group":6,"treasure":null,"fall":""},{"name":"BlueKochappy","count":2,"weight":0,"dead_end":false,"group":0,"treasure":null,"fall":""},{"name":"BlueKochappy","count":2,"weight":0,"dead_end":false,"group":0,"treasure":null,"fall":""}],"treasures":[],"gates":[]},{"name":"Sublevel 7 - Spider fight on the heights","properties":{"unit":"2_MAT_h224_h443_tekiF_metal.txt","max_rooms":2,"light":"sniper_light_lv0.ini","music":"caveconc_00_0.cnd","skybox":"ice","corridor":0.001,"caps":100,"timer":0,"geyser":false,"clogged":false,"echo":0,"plane":false,"seesaw":false,"version":1,"max_entities":null,"max_trasures":null,"max_gates":null},"entities":[{"name":"BigFoot","count":1,"weight":0,"dead_end":false,"group":0,"treasure":"key","fall":""},{"name":"Hanachirashi","count":4,"weight":0,"dead_end":false,"group":6,"treasure":null,"fall":""},{"name":"BlackPom","count":2,"weight":0,"dead_end":true,"group":0,"treasure":null,"fall":""},{"name":"Wtank","count":5,"weight":0,"dead_end":false,"group":1,"treasure":null,"fall":"$"},{"name":"DaiodoGreen","count":4,"weight":0,"dead_end":true,"group":0,"treasure":null,"fall":""},{"name":"TamagoMushi","count":1,"weight":0,"dead_end":false,"group":0,"treasure":null,"fall":""},{"name":"TamagoMushi","count":1,"weight":0,"dead_end":false,"group":0,"treasure":null,"fall":""},{"name":"BombOtakara","count":4,"weight":0,"dead_end":false,"group":5,"treasure":null,"fall":"$5"}],"treasures":[],"gates":[]},{"name":"Sublevel 8 - Gas, Gas, GAS also Agua 3","properties":{"unit":"2_units_pool_dry_tile.txt","max_rooms":2,"light":"oootakara_light.ini","music":"caveglass_10_0.cnd","skybox":"none","corridor":0.12,"caps":50,"timer":0,"geyser":false,"clogged":false,"echo":0,"plane":false,"seesaw":false,"version":1,"max_entities":null,"max_trasures":null,"max_gates":null},"entities":[{"name":"GasHiba","count":20,"weight":0,"dead_end":false,"group":6,"treasure":null,"fall":""},{"name":"GasHiba","count":25,"weight":0,"dead_end":false,"group":0,"treasure":null,"fall":""},{"name":"UmiMushi","count":1,"weight":0,"dead_end":false,"group":1,"treasure":"key","fall":""},{"name":"Hanachirashi","count":4,"weight":0,"dead_end":false,"group":1,"treasure":null,"fall":""},{"name":"LeafChappy","count":1,"weight":0,"dead_end":false,"group":5,"treasure":null,"fall":""},{"name":"Fart","count":4,"weight":0,"dead_end":false,"group":5,"treasure":"diamond_blue_l","fall":""}],"treasures":[],"gates":[]},{"name":"Sublevel 9 - Rest Please...","properties":{"unit":"4_ABE_a_b_c_dani_conc.txt","max_rooms":4,"light":"vs_10_light.ini","music":"caverelax.cnd","skybox":"none","corridor":0.13,"caps":100,"timer":0,"geyser":false,"clogged":false,"echo":0,"plane":false,"seesaw":false,"version":1,"max_entities":null,"max_trasures":null,"max_gates":null},"entities":[{"name":"BlackMan","count":3,"weight":0,"dead_end":false,"group":1,"treasure":"doll","fall":""},{"name":"BlackPom","count":2,"weight":0,"dead_end":false,"group":0,"treasure":null,"fall":""},{"name":"WhitePom","count":2,"weight":0,"dead_end":false,"group":0,"treasure":null,"fall":""},{"name":"ElecHiba","count":4,"weight":0,"dead_end":false,"group":5,"treasure":null,"fall":""},{"name":"Zenmai","count":4,"weight":0,"dead_end":false,"group":6,"treasure":null,"fall":""},{"name":"Wealthy","count":1,"weight":0,"dead_end":false,"group":5,"treasure":null,"fall":""},{"name":"Egg","count":2,"weight":0,"dead_end":false,"group":8,"treasure":null,"fall":""}],"treasures":[{"name":"key","count":1,"weight":0}],"gates":[{"word":"gate","health":110,"weight":1},{"word":"gate","health":110,"weight":1},{"word":"gate","health":110,"weight":1},{"word":"gate","health":110,"weight":1},{"word":"gate","health":110,"weight":1},{"word":"gate","health":2000,"weight":1}]},{"name":"Sublevel 10 - Dirt Boulders","properties":{"unit":"3_ABE_5X5a_ike_big_kusachi.txt","max_rooms":3,"light":"qchap_light.ini","music":"cavesoil_00_3.cnd","skybox":"hiroba","corridor":0.12,"caps":50,"timer":0,"geyser":false,"clogged":true,"echo":0,"plane":true,"seesaw":false,"version":1,"max_entities":null,"max_trasures":null,"max_gates":null},"entities":[{"name":"Fuefuki","count":1,"weight":0,"dead_end":true,"group":0,"treasure":"key","fall":""},{"name":"Rkabuto","count":5,"weight":0,"dead_end":false,"group":6,"treasure":null,"fall":""},{"name":"Jigumo","count":12,"weight":0,"dead_end":false,"group":6,"treasure":null,"fall":""},{"name":"Magaret","count":12,"weight":0,"dead_end":false,"group":6,"treasure":null,"fall":""},{"name":"Fkabuto","count":2,"weight":0,"dead_end":false,"group":0,"treasure":"map01","fall":""},{"name":"Fkabuto","count":2,"weight":0,"dead_end":false,"group":0,"treasure":"map01","fall":""},{"name":"Fkabuto","count":2,"weight":0,"dead_end":false,"group":0,"treasure":"map01","fall":""},{"name":"Bomb","count":3,"weight":0,"dead_end":false,"group":5,"treasure":null,"fall":"$"},{"name":"Rock","count":3,"weight":0,"dead_end":false,"group":5,"treasure":null,"fall":"$"},{"name":"YellowKochappy","count":4,"weight":0,"dead_end":false,"group":1,"treasure":"fire","fall":""},{"name":"FireOtakara","count":5,"weight":0,"dead_end":false,"group":1,"treasure":null,"fall":""},{"name":"FireChappy","count":3,"weight":0,"dead_end":false,"group":1,"treasure":null,"fall":""}],"treasures":[],"gates":[]},{"name":"Sublevel 11 - Final Boss","properties":{"unit":"1_units_otakara_tile.txt","max_rooms":1,"light":"normal_light_lv0.ini","music":"caveconc_00_0.cnd","skybox":"none","corridor":0.12,"caps":50,"timer":0,"geyser":false,"clogged":false,"echo":0,"plane":false,"seesaw":false,"version":1,"max_entities":null,"max_trasures":null,"max_gates":null},"entities":[{"name":"DangoMushi","count":1,"weight":0,"dead_end":false,"group":1,"treasure":"key","fall":""},{"name":"MiniHoudai","count":1,"weight":0,"dead_end":false,"group":0,"treasure":"apple","fall":""},{"name":"MiniHoudai","count":1,"weight":0,"dead_end":false,"group":0,"treasure":"apple","fall":""},{"name":"Rock","count":1,"weight":0,"dead_end":false,"group":5,"treasure":null,"fall":"$"}],"treasures":[],"gates":[]},{"name":"Sublevel 12 - The Pikmin 2 Experience","properties":{"unit":"1_units_bunki_tile.txt","max_rooms":1,"light":"normal_light_lv0.ini","music":"new_03_0.cnd","skybox":"none","corridor":0.12,"caps":50,"timer":0,"geyser":false,"clogged":false,"echo":0,"plane":false,"seesaw":false,"version":1,"max_entities":null,"max_trasures":null,"max_gates":null},"entities":[{"name":"Demon","count":1,"weight":0,"dead_end":false,"group":6,"treasure":"key","fall":""},{"name":"Rock","count":4,"weight":0,"dead_end":false,"group":1,"treasure":null,"fall":"$"},{"name":"FireChappy","count":1,"weight":0,"dead_end":false,"group":1,"treasure":null,"fall":""},{"name":"Bomb","count":3,"weight":0,"dead_end":false,"group":1,"treasure":null,"fall":"$"},{"name":"MiniHoudai","count":2,"weight":0,"dead_end":false,"group":0,"treasure":null,"fall":""},{"name":"MiniHoudai","count":2,"weight":0,"dead_end":false,"group":0,"treasure":null,"fall":""},{"name":"MiniHoudai","count":2,"weight":0,"dead_end":false,"group":0,"treasure":null,"fall":""},{"name":"MiniHoudai","count":2,"weight":0,"dead_end":false,"group":0,"treasure":null,"fall":"$"},{"name":"LeafChappy","count":1,"weight":0,"dead_end":true,"group":0,"treasure":null,"fall":""},{"name":"BlackPom","count":1,"weight":0,"dead_end":false,"group":5,"treasure":null,"fall":""}],"treasures":[],"gates":[]}],"content":null}