{"sublevels":[{"name":"Sublevel 1","properties":{"unit":"2_units_ike2_ike3_snow.txt","max_rooms":2,"light":"bluefog00.ini","music":"cavesoil_00_2.cnd","skybox":"none","corridor":0.2,"caps":50,"timer":0,"geyser":false,"clogged":false,"echo":0,"plane":false,"seesaw":false,"version":1,"max_entities":null,"max_trasures":null,"max_gates":null},"entities":[{"name":"YellowKochappy","count":1,"weight":0,"dead_end":false,"group":0,"treasure":"be_dama_blue","fall":""},{"name":"YellowKochappy","count":1,"weight":0,"dead_end":false,"group":0,"treasure":"be_dama_blue","fall":""},{"name":"YellowKochappy","count":1,"weight":0,"dead_end":false,"group":0,"treasure":"be_dama_blue","fall":""},{"name":"Mar","count":1,"weight":0,"dead_end":false,"group":0,"treasure":"momiji_normal","fall":""},{"name":"Catfish","count":1,"weight":0,"dead_end":false,"group":0,"treasure":"toy_ring_c_red","fall":""},{"name":"Catfish","count":1,"weight":0,"dead_end":false,"group":0,"treasure":"toy_ring_c_red","fall":""},{"name":"Catfish","count":1,"weight":0,"dead_end":false,"group":0,"treasure":"toy_ring_c_red","fall":""},{"name":"HikariKinoko","count":10,"weight":0,"dead_end":false,"group":6,"treasure":null,"fall":""},{"name":"Clover","count":10,"weight":0,"dead_end":false,"group":6,"treasure":null,"fall":""},{"name":"Magaret","count":10,"weight":0,"dead_end":false,"group":6,"treasure":null,"fall":""}],"treasures":[{"name":"cookie_s","count":1,"weight":0},{"name":"key","count":1,"weight":0},{"name":"denchi_1_black","count":1,"weight":0},{"name":"locket","count":1,"weight":0},{"name":"kinoko_doku","count":1,"weight":0}],"gates":[]},{"name":"Sublevel 2","properties":{"unit":"1_MAT_hit224_cap_icap_metal.txt","max_rooms":6,"light":"vs_7_light.ini","music":"cavemetal_05_2.cnd","skybox":"ice","corridor":0.3,"caps":10,"timer":0,"geyser":false,"clogged":false,"echo":0,"plane":false,"seesaw":false,"version":1,"max_entities":null,"max_trasures":null,"max_gates":null},"entities":[{"name":"Wakame_s","count":10,"weight":0,"dead_end":false,"group":6,"treasure":null,"fall":""},{"name":"Wakame_s","count":10,"weight":0,"dead_end":false,"group":6,"treasure":null,"fall":""},{"name":"Wakame_l","count":10,"weight":0,"dead_end":false,"group":6,"treasure":null,"fall":""},{"name":"Wakame_l","count":10,"weight":0,"dead_end":false,"group":6,"treasure":null,"fall":""},{"name":"Wtank","count":1,"weight":0,"dead_end":false,"group":0,"treasure":"turi_uki","fall":""},{"name":"Wtank","count":1,"weight":0,"dead_end":false,"group":0,"treasure":"turi_uki","fall":"$3"},{"name":"YellowKochappy","count":1,"weight":0,"dead_end":false,"group":0,"treasure":"flower_blue","fall":""},{"name":"YellowKochappy","count":1,"weight":0,"dead_end":false,"group":0,"treasure":"flower_blue","fall":""},{"name":"YellowKochappy","count":3,"weight":0,"dead_end":false,"group":0,"treasure":"juji_key","fall":""},{"name":"YellowKochappy","count":3,"weight":0,"dead_end":false,"group":0,"treasure":"juji_key","fall":""},{"name":"YellowKochappy","count":1,"weight":0,"dead_end":false,"group":0,"treasure":"dia_b_red","fall":""},{"name":"Armor","count":1,"weight":0,"dead_end":false,"group":5,"treasure":"key","fall":""},{"name":"Armor","count":1,"weight":0,"dead_end":false,"group":5,"treasure":"watch","fall":""}],"treasures":[{"name":"milk_cap","count":2,"weight":0},{"name":"kan_iwate","count":1,"weight":0},{"name":"j_block_red","count":1,"weight":0},{"name":"yoyo_blue","count":1,"weight":0},{"name":"toy_ring_c_blue","count":1,"weight":0}],"gates":[]},{"name":"Sublevel 3","properties":{"unit":"1_units_cent3_tsuchi.txt","max_rooms":4,"light":"jyoou_light_lv0.ini","music":"cavemetal_05_3.cnd","skybox":"none","corridor":0.3,"caps":5,"timer":0,"geyser":true,"clogged":false,"echo":0,"plane":false,"seesaw":false,"version":1,"max_entities":null,"max_trasures":null,"max_gates":null},"entities":[{"name":"Kurage","count":1,"weight":0,"dead_end":false,"group":0,"treasure":"donguri","fall":""},{"name":"Kurage","count":1,"weight":0,"dead_end":false,"group":0,"treasure":"donguri","fall":""},{"name":"TamagoMushi","count":1,"weight":0,"dead_end":false,"group":5,"treasure":null,"fall":""},{"name":"Ooinu_s","count":10,"weight":0,"dead_end":false,"group":6,"treasure":null,"fall":""},{"name":"Ooinu_l","count":20,"weight":0,"dead_end":false,"group":6,"treasure":null,"fall":""},{"name":"YellowChappy","count":1,"weight":0,"dead_end":false,"group":0,"treasure":"ahiru","fall":""},{"name":"WaterOtakara","count":1,"weight":0,"dead_end":false,"group":0,"treasure":"cookie","fall":""},{"name":"WaterOtakara","count":1,"weight":0,"dead_end":false,"group":0,"treasure":"cookie","fall":""},{"name":"WaterOtakara","count":1,"weight":0,"dead_end":false,"group":0,"treasure":"cookie","fall":""},{"name":"WaterOtakara","count":1,"weight":0,"dead_end":false,"group":0,"treasure":"cookie","fall":""},{"name":"WaterOtakara","count":1,"weight":0,"dead_end":false,"group":0,"treasure":"cookie","fall":""},{"name":"WaterOtakara","count":1,"weight":0,"dead_end":false,"group":0,"treasure":"cookie","fall":""},{"name":"Rkabuto","count":1,"weight":0,"dead_end":false,"group":5,"treasure":null,"fall":""},{"name":"Rkabuto","count":1,"weight":0,"dead_end":false,"group":5,"treasure":null,"fall":""},{"name":"MaroFrog","count":1,"weight":0,"dead_end":false,"group":0,"treasure":"key","fall":""}],"treasures":[],"gates":[]}],"content":null}