{"sublevels":[{"name":"Sublevel 1","properties":{"unit":"all_units_snow.txt","max_rooms":6,"light":"sirohana_light_lv4.ini","music":"new_00_0.cnd","skybox":"ice","corridor":0.15,"caps":65,"timer":0,"geyser":false,"clogged":false,"echo":0,"plane":false,"seesaw":false,"version":1,"max_entities":null,"max_trasures":null,"max_gates":null},"entities":[{"name":"YellowChappy","count":10,"weight":0,"dead_end":false,"group":1,"treasure":null,"fall":""},{"name":"YellowChappy","count":3,"weight":0,"dead_end":false,"group":1,"treasure":"cookie_m_l","fall":""},{"name":"YellowChappy","count":2,"weight":0,"dead_end":false,"group":1,"treasure":"cookie_s","fall":""},{"name":"YellowKochappy","count":15,"weight":0,"dead_end":false,"group":0,"treasure":null,"fall":""},{"name":"YellowKochappy","count":2,"weight":0,"dead_end":false,"group":0,"treasure":"hotate","fall":""},{"name":"YellowKochappy","count":4,"weight":0,"dead_end":false,"group":0,"treasure":"chocolate","fall":""},{"name":"ElecBug","count":5,"weight":0,"dead_end":false,"group":0,"treasure":null,"fall":""},{"name":"YellowChappy","count":1,"weight":0,"dead_end":false,"group":0,"treasure":"key","fall":""}],"treasures":[],"gates":[]}],"content":null}