{"sublevels":[{"name":"Sublevel 1 - Dry and Dry","properties":{"unit":"2_units_big2_desert.txt","max_rooms":3,"light":"kumomei_light_cha.ini","music":"new_18_0.cnd","skybox":"desert","corridor":0.2,"caps":50,"timer":0,"geyser":false,"clogged":false,"echo":0,"plane":true,"seesaw":false,"version":1,"max_entities":null,"max_trasures":null,"max_gates":null},"entities":[{"name":"RandPom","count":2,"weight":0,"dead_end":true,"group":0,"treasure":null,"fall":""},{"name":"KumaKochappy","count":1,"weight":0,"dead_end":false,"group":0,"treasure":"cookie","fall":""},{"name":"KumaKochappy","count":1,"weight":0,"dead_end":false,"group":0,"treasure":"cookie","fall":""},{"name":"KumaKochappy","count":1,"weight":0,"dead_end":false,"group":0,"treasure":"cookie","fall":""},{"name":"KumaKochappy","count":1,"weight":0,"dead_end":false,"group":0,"treasure":"cookie","fall":""},{"name":"KumaKochappy","count":1,"weight":0,"dead_end":false,"group":0,"treasure":"cookie","fall":""},{"name":"KumaKochappy","count":1,"weight":0,"dead_end":false,"group":0,"treasure":"cookie","fall":""},{"name":"PanModoki","count":1,"weight":0,"dead_end":false,"group":1,"treasure":"key","fall":""},{"name":"Tank","count":1,"weight":0,"dead_end":false,"group":1,"treasure":"tape_yellow","fall":""},{"name":"Tank","count":1,"weight":0,"dead_end":false,"group":1,"treasure":"tape_yellow","fall":""},{"name":"Tank","count":1,"weight":0,"dead_end":false,"group":1,"treasure":"tape_yellow","fall":""},{"name":"Kogane","count":1,"weight":0,"dead_end":false,"group":6,"treasure":null,"fall":""},{"name":"Kogane","count":1,"weight":0,"dead_end":false,"group":6,"treasure":null,"fall":""},{"name":"Kogane","count":3,"weight":0,"dead_end":false,"group":6,"treasure":"donutschoco","fall":""},{"name":"Kogane","count":3,"weight":0,"dead_end":false,"group":6,"treasure":"donutsichigo","fall":""},{"name":"KumaKochappy","count":3,"weight":0,"dead_end":false,"group":0,"treasure":"cookie","fall":""}],"treasures":[{"name":"saru_head","count":1,"weight":0},{"name":"tatebue","count":1,"weight":0},{"name":"makigai","count":1,"weight":0},{"name":"kinoko_tubu","count":1,"weight":0}],"gates":[{"word":"gate","health":3000,"weight":1},{"word":"gate","health":3000,"weight":1},{"word":"gate","health":3000,"weight":1}]},{"name":"Sublevel 2 - As the name suggests,","properties":{"unit":"1_units_big2_desert.txt","max_rooms":3,"light":"kumomei_light_cha.ini","music":"new_04_0.cnd","skybox":"desert","corridor":0.11,"caps":50,"timer":0,"geyser":false,"clogged":false,"echo":0,"plane":true,"seesaw":false,"version":1,"max_entities":null,"max_trasures":null,"max_gates":null},"entities":[{"name":"KumaKochappy","count":4,"weight":0,"dead_end":false,"group":0,"treasure":"cookie_u","fall":""},{"name":"KumaKochappy","count":4,"weight":0,"dead_end":false,"group":0,"treasure":"cookie_u","fall":""},{"name":"BlueChappy","count":1,"weight":0,"dead_end":false,"group":1,"treasure":"key","fall":""},{"name":"BlueChappy","count":1,"weight":0,"dead_end":false,"group":1,"treasure":"cookie_s_l","fall":""},{"name":"PanModoki","count":1,"weight":0,"dead_end":false,"group":1,"treasure":"chocowhite","fall":""},{"name":"Miulin","count":1,"weight":0,"dead_end":false,"group":6,"treasure":"futa_a_gold","fall":""},{"name":"RandPom","count":2,"weight":0,"dead_end":true,"group":0,"treasure":null,"fall":""},{"name":"GasHiba","count":5,"weight":0,"dead_end":false,"group":5,"treasure":null,"fall":""},{"name":"BombOtakara","count":1,"weight":0,"dead_end":false,"group":1,"treasure":"doll","fall":""},{"name":"BombOtakara","count":1,"weight":0,"dead_end":false,"group":1,"treasure":"doll","fall":""},{"name":"BombOtakara","count":1,"weight":0,"dead_end":false,"group":1,"treasure":"doll","fall":""},{"name":"BlueKochappy","count":5,"weight":0,"dead_end":false,"group":0,"treasure":"cookie_s","fall":""},{"name":"BlueKochappy","count":5,"weight":0,"dead_end":false,"group":0,"treasure":"cookie_s","fall":""},{"name":"TamagoMushi","count":1,"weight":0,"dead_end":false,"group":5,"treasure":null,"fall":""}],"treasures":[{"name":"donutswhite","count":1,"weight":0},{"name":"dia_a_green","count":1,"weight":0},{"name":"whistle","count":1,"weight":0},{"name":"baum_kuchen_s","count":1,"weight":0}],"gates":[{"word":"gate","health":3000,"weight":1},{"word":"gate","health":3000,"weight":1},{"word":"gate","health":3000,"weight":1},{"word":"gate","health":3000,"weight":1}]},{"name":"Sublevel 3 - it's dry.","properties":{"unit":"2_units_ike_desert.txt","max_rooms":3,"light":"kumomei_light_cha.ini","music":"new_07_0.cnd","skybox":"desert","corridor":0.0,"caps":50,"timer":0,"geyser":false,"clogged":false,"echo":0,"plane":true,"seesaw":false,"version":1,"max_entities":null,"max_trasures":null,"max_gates":null},"entities":[{"name":"Wtank","count":2,"weight":0,"dead_end":false,"group":0,"treasure":"g_futa_kitaama","fall":""},{"name":"Wtank","count":2,"weight":0,"dead_end":false,"group":0,"treasure":"g_futa_kitaama","fall":""},{"name":"Catfish","count":1,"weight":0,"dead_end":false,"group":0,"treasure":"flower_blue","fall":""},{"name":"Catfish","count":1,"weight":0,"dead_end":false,"group":0,"treasure":"flower_blue","fall":""},{"name":"Catfish","count":1,"weight":0,"dead_end":false,"group":0,"treasure":"flower_blue","fall":""},{"name":"Catfish","count":1,"weight":0,"dead_end":false,"group":0,"treasure":"flower_blue","fall":""},{"name":"Catfish","count":1,"weight":0,"dead_end":false,"group":0,"treasure":"flower_blue","fall":""},{"name":"Jigumo","count":1,"weight":0,"dead_end":false,"group":1,"treasure":"key","fall":""},{"name":"Jigumo","count":1,"weight":0,"dead_end":false,"group":1,"treasure":"g_futa_koiwai","fall":""},{"name":"WaterOtakara","count":4,"weight":0,"dead_end":false,"group":6,"treasure":"milk_cap","fall":""},{"name":"RandPom","count":2,"weight":0,"dead_end":true,"group":0,"treasure":null,"fall":""},{"name":"Chappy","count":1,"weight":0,"dead_end":false,"group":1,"treasure":"be_dama_blue_l","fall":""},{"name":"Kochappy","count":4,"weight":0,"dead_end":true,"group":0,"treasure":null,"fall":"$4"}],"treasures":[{"name":"toy_dog","count":1,"weight":0},{"name":"ahiru","count":1,"weight":0},{"name":"g_futa_kyodo","count":1,"weight":0},{"name":"turi_uki","count":1,"weight":0}],"gates":[{"word":"gate","health":3000,"weight":1},{"word":"gate","health":3000,"weight":1},{"word":"gate","health":3000,"weight":1},{"word":"gate","health":3000,"weight":1}]},{"name":"Sublevel 4 - Desert Cavern","properties":{"unit":"2_units_cavern_desert.txt","max_rooms":2,"light":"kumomei_light_cha.ini","music":"new_04_0.cnd","skybox":"desertcavern","corridor":0.15,"caps":50,"timer":0,"geyser":false,"clogged":false,"echo":0,"plane":true,"seesaw":false,"version":1,"max_entities":null,"max_trasures":null,"max_gates":null},"entities":[{"name":"Rock","count":1,"weight":0,"dead_end":false,"group":0,"treasure":null,"fall":""},{"name":"Rock","count":1,"weight":0,"dead_end":false,"group":0,"treasure":null,"fall":""},{"name":"Rock","count":1,"weight":0,"dead_end":false,"group":0,"treasure":null,"fall":""},{"name":"Rock","count":1,"weight":0,"dead_end":false,"group":0,"treasure":null,"fall":""},{"name":"Rock","count":1,"weight":0,"dead_end":false,"group":0,"treasure":null,"fall":""},{"name":"Rock","count":1,"weight":0,"dead_end":false,"group":0,"treasure":null,"fall":""},{"name":"Rock","count":1,"weight":0,"dead_end":false,"group":0,"treasure":null,"fall":""},{"name":"Rock","count":1,"weight":0,"dead_end":false,"group":0,"treasure":null,"fall":""},{"name":"Rock","count":1,"weight":0,"dead_end":false,"group":0,"treasure":null,"fall":""},{"name":"Damagumo","count":1,"weight":0,"dead_end":false,"group":1,"treasure":"key","fall":""},{"name":"Wtank","count":3,"weight":0,"dead_end":false,"group":1,"treasure":"be_dama_blue","fall":""},{"name":"Tank","count":3,"weight":0,"dead_end":false,"group":1,"treasure":"be_dama_red","fall":""},{"name":"RandPom","count":2,"weight":0,"dead_end":true,"group":0,"treasure":null,"fall":""},{"name":"Hiba","count":6,"weight":0,"dead_end":false,"group":5,"treasure":null,"fall":""},{"name":"BlueKochappy","count":3,"weight":0,"dead_end":false,"group":0,"treasure":"cookie_s","fall":""},{"name":"BlueKochappy","count":3,"weight":0,"dead_end":false,"group":1,"treasure":"cookie_s","fall":""}],"treasures":[{"name":"chess_king_white","count":1,"weight":0},{"name":"chess_queen_black","count":1,"weight":0},{"name":"hotate","count":1,"weight":0},{"name":"kinoko","count":1,"weight":0}],"gates":[{"word":"gate","health":3000,"weight":1}]},{"name":"Sublevel 5 - The Metal Monolith","properties":{"unit":"3_units_ari_hit446_447metal.txt","max_rooms":3,"light":"kumomei_light_cha.ini","music":"new_12_0.cnd","skybox":"sandstorm","corridor":0.2,"caps":50,"timer":0,"geyser":false,"clogged":false,"echo":0,"plane":true,"seesaw":false,"version":1,"max_entities":null,"max_trasures":null,"max_gates":null},"entities":[{"name":"FminiHoudai","count":1,"weight":0,"dead_end":false,"group":1,"treasure":"key","fall":""},{"name":"MiniHoudai","count":1,"weight":0,"dead_end":false,"group":1,"treasure":"sinkukan","fall":""},{"name":"MiniHoudai","count":1,"weight":0,"dead_end":false,"group":1,"treasure":"sinkukan_b","fall":""},{"name":"MiniHoudai","count":1,"weight":0,"dead_end":false,"group":1,"treasure":"sinkukan_c","fall":""},{"name":"BombSarai","count":3,"weight":0,"dead_end":false,"group":0,"treasure":"donguri","fall":""},{"name":"BombSarai","count":1,"weight":0,"dead_end":false,"group":0,"treasure":"donguri","fall":""},{"name":"BombSarai","count":1,"weight":0,"dead_end":false,"group":0,"treasure":"donguri","fall":""},{"name":"ElecHiba","count":10,"weight":0,"dead_end":false,"group":5,"treasure":null,"fall":""},{"name":"RandPom","count":2,"weight":0,"dead_end":true,"group":0,"treasure":null,"fall":""},{"name":"KumaKochappy","count":4,"weight":0,"dead_end":false,"group":0,"treasure":"cookie_u","fall":""},{"name":"KumaKochappy","count":4,"weight":0,"dead_end":false,"group":0,"treasure":"cookie_u","fall":""},{"name":"Bomb","count":1,"weight":0,"dead_end":false,"group":1,"treasure":null,"fall":"$"},{"name":"Bomb","count":1,"weight":0,"dead_end":false,"group":1,"treasure":null,"fall":"$"},{"name":"Bomb","count":1,"weight":0,"dead_end":false,"group":1,"treasure":null,"fall":"$"},{"name":"Bomb","count":3,"weight":0,"dead_end":true,"group":0,"treasure":null,"fall":"$2"},{"name":"BombOtakara","count":2,"weight":0,"dead_end":true,"group":0,"treasure":null,"fall":"$2"},{"name":"GasOtakara","count":2,"weight":0,"dead_end":false,"group":1,"treasure":null,"fall":""}],"treasures":[{"name":"nut_l","count":1,"weight":0},{"name":"gear_silver","count":1,"weight":0},{"name":"mojiban","count":1,"weight":0},{"name":"denchi_2_black","count":1,"weight":0}],"gates":[]},{"name":"Sublevel 6 - Buried Castle","properties":{"unit":"3_MAT_castle2_medi.txt","max_rooms":4,"light":"gardendark_light.ini","music":"new_05_0.cnd","skybox":"medieval","corridor":0.0,"caps":50,"timer":0,"geyser":false,"clogged":false,"echo":0,"plane":false,"seesaw":false,"version":1,"max_entities":null,"max_trasures":null,"max_gates":null},"entities":[{"name":"ElecBug","count":3,"weight":0,"dead_end":false,"group":0,"treasure":"momiji_normal","fall":""},{"name":"ElecBug","count":3,"weight":0,"dead_end":false,"group":0,"treasure":"momiji_normal","fall":""},{"name":"ElecBug","count":3,"weight":0,"dead_end":false,"group":1,"treasure":"momiji_normal","fall":""},{"name":"ElecBug","count":3,"weight":0,"dead_end":false,"group":1,"treasure":"momiji_normal","fall":""},{"name":"ElecBug","count":3,"weight":0,"dead_end":false,"group":1,"treasure":"momiji_normal","fall":""},{"name":"Sokkuri","count":8,"weight":0,"dead_end":false,"group":5,"treasure":null,"fall":""},{"name":"Rkabuto","count":1,"weight":0,"dead_end":false,"group":1,"treasure":"momiji_normal","fall":""},{"name":"Rkabuto","count":1,"weight":0,"dead_end":false,"group":1,"treasure":"momiji_normal","fall":""},{"name":"FireOtakara","count":1,"weight":0,"dead_end":false,"group":0,"treasure":"momiji_normal","fall":""},{"name":"GasOtakara","count":1,"weight":0,"dead_end":false,"group":0,"treasure":"momiji_normal","fall":""},{"name":"ElecOtakara","count":1,"weight":0,"dead_end":false,"group":0,"treasure":"momiji_normal","fall":""},{"name":"WaterOtakara","count":1,"weight":0,"dead_end":false,"group":0,"treasure":"momiji_normal","fall":""},{"name":"RandPom","count":2,"weight":0,"dead_end":true,"group":0,"treasure":null,"fall":""}],"treasures":[{"name":"gold_medal","count":1,"weight":0},{"name":"silver_medal","count":1,"weight":0},{"name":"key","count":1,"weight":0},{"name":"kouseki_suisyou","count":1,"weight":0},{"name":"flask","count":1,"weight":0},{"name":"diamond_red","count":1,"weight":0},{"name":"diamond_red_l","count":1,"weight":0},{"name":"diamond_blue","count":1,"weight":0},{"name":"diamond_blue_l","count":1,"weight":0},{"name":"diamond_green_l","count":1,"weight":0},{"name":"toy_teala","count":1,"weight":0},{"name":"teala_dia_a","count":1,"weight":0},{"name":"teala_dia_b","count":1,"weight":0},{"name":"teala_dia_c","count":1,"weight":0},{"name":"teala_dia_d","count":1,"weight":0},{"name":"toy_ring_b_green","count":1,"weight":0},{"name":"toy_ring_a_blue","count":1,"weight":0},{"name":"toy_ring_b_red","count":1,"weight":0},{"name":"toy_ring_a_green","count":1,"weight":0},{"name":"toy_ring_a_red","count":1,"weight":0},{"name":"toy_ring_b_blue","count":1,"weight":0},{"name":"diamond_green","count":1,"weight":0}],"gates":[]}],"content":null}