{"sublevels":[{"name":"Sublevel 1","properties":{"unit":"all_units_tile.txt","max_rooms":7,"light":"normal_light_lv4.ini","music":"caveglass_00_0.cnd","skybox":"test","corridor":0.175,"caps":65,"timer":0,"geyser":false,"clogged":false,"echo":0,"plane":false,"seesaw":false,"version":1,"max_entities":null,"max_trasures":null,"max_gates":null},"entities":[{"name":"UjiA","count":1,"weight":0,"dead_end":false,"group":1,"treasure":"key","fall":""},{"name":"UjiB","count":20,"weight":0,"dead_end":false,"group":0,"treasure":null,"fall":""}],"treasures":[{"name":"halloween","count":1,"weight":0},{"name":"kumakibori","count":1,"weight":0},{"name":"saru_head","count":1,"weight":0},{"name":"bird_hane","count":1,"weight":0},{"name":"makigai","count":1,"weight":0},{"name":"akagai","count":1,"weight":0},{"name":"hotate","count":1,"weight":0},{"name":"g_futa_koiwai","count":1,"weight":0},{"name":"chess_king_black","count":1,"weight":0},{"name":"toy_ring_c_red","count":1,"weight":0},{"name":"bell_red","count":1,"weight":0},{"name":"bell_yellow","count":1,"weight":0},{"name":"toy_ring_c_green","count":1,"weight":0},{"name":"Xmas_item","count":1,"weight":0},{"name":"toy_ring_c_blue","count":1,"weight":0}],"gates":[{"word":"gate","health":2500,"weight":1},{"word":"gate","health":2500,"weight":1},{"word":"gate","health":2500,"weight":1},{"word":"gate","health":2500,"weight":1},{"word":"gate","health":2500,"weight":1},{"word":"gate","health":2500,"weight":1},{"word":"gate","health":2500,"weight":1},{"word":"gate","health":2500,"weight":1},{"word":"gate","health":2500,"weight":1},{"word":"gate","health":2500,"weight":1},{"word":"gate","health":2500,"weight":1},{"word":"gate","health":2500,"weight":1}]}],"content":null}