{"sublevels":[{"name":"Sublevel 1","properties":{"unit":"3_units_a_l_yuko_tile.txt","max_rooms":5,"light":"normal_light_lv0.ini","music":"cavesoil_00_2.cnd","skybox":"none","corridor":0.2,"caps":50,"timer":0,"geyser":false,"clogged":false,"echo":0,"plane":false,"seesaw":false,"version":1,"max_entities":null,"max_trasures":null,"max_gates":null},"entities":[{"name":"BlackMan","count":1,"weight":0,"dead_end":false,"group":0,"treasure":null,"fall":""}],"treasures":[{"name":"g_futa_nihonraku","count":1,"weight":0},{"name":"fue_wide","count":1,"weight":0},{"name":"toy_lady","count":1,"weight":0},{"name":"gas","count":1,"weight":0},{"name":"leaf_kare","count":1,"weight":0},{"name":"tatebue","count":1,"weight":0},{"name":"mojiban","count":1,"weight":0},{"name":"toy_cat","count":1,"weight":0},{"name":"channel","count":1,"weight":0},{"name":"fue_pullout","count":1,"weight":0},{"name":"key","count":1,"weight":0},{"name":"gear_silver","count":1,"weight":0}],"gates":[]},{"name":"Sublevel 2","properties":{"unit":"1_MAT_vs_drypool_tile.txt","max_rooms":5,"light":"normal_light_lv0.ini","music":"cavemetal_00_0.cnd","skybox":"none","corridor":0.2,"caps":50,"timer":0,"geyser":false,"clogged":false,"echo":0,"plane":false,"seesaw":false,"version":1,"max_entities":null,"max_trasures":null,"max_gates":null},"entities":[{"name":"BlackMan","count":1,"weight":0,"dead_end":false,"group":0,"treasure":null,"fall":""},{"name":"BlackMan","count":1,"weight":0,"dead_end":false,"group":1,"treasure":null,"fall":""}],"treasures":[{"name":"bell","count":1,"weight":0},{"name":"castanets","count":1,"weight":0},{"name":"bell_blue","count":1,"weight":0},{"name":"yoyo_red","count":1,"weight":0},{"name":"baum_kuchen","count":1,"weight":0},{"name":"flask","count":1,"weight":0},{"name":"bane","count":1,"weight":0},{"name":"badminton","count":1,"weight":0},{"name":"turi_uki","count":1,"weight":0},{"name":"kan_meidiya","count":1,"weight":0},{"name":"key","count":1,"weight":0},{"name":"baum_kuchen_s","count":1,"weight":0}],"gates":[]},{"name":"Sublevel 3","properties":{"unit":"3_units_north_ud_pool_tile.txt","max_rooms":5,"light":"normal_light_lv0.ini","music":"cavetile_00_0.cnd","skybox":"none","corridor":0.2,"caps":50,"timer":0,"geyser":false,"clogged":false,"echo":0,"plane":false,"seesaw":false,"version":1,"max_entities":null,"max_trasures":null,"max_gates":null},"entities":[{"name":"BlackMan","count":1,"weight":0,"dead_end":false,"group":0,"treasure":null,"fall":""}],"treasures":[{"name":"cookie_u_l","count":1,"weight":0},{"name":"cookie_m_l","count":1,"weight":0},{"name":"dia_b_red","count":1,"weight":0},{"name":"chess_king_black","count":1,"weight":0},{"name":"denchi_2_red","count":1,"weight":0},{"name":"denchi_3_red","count":1,"weight":0},{"name":"bell_yellow","count":1,"weight":0},{"name":"light_a","count":1,"weight":0},{"name":"dia_c_green","count":1,"weight":0},{"name":"toy_teala","count":1,"weight":0},{"name":"key","count":1,"weight":0},{"name":"compact","count":1,"weight":0}],"gates":[]},{"name":"Sublevel 4","properties":{"unit":"all_units_conc.txt","max_rooms":6,"light":"normal_light_lv0.ini","music":"caveconc_05_0.cnd","skybox":"none","corridor":0.2,"caps":50,"timer":0,"geyser":false,"clogged":false,"echo":0,"plane":false,"seesaw":false,"version":1,"max_entities":null,"max_trasures":null,"max_gates":null},"entities":[{"name":"BlackMan","count":1,"weight":0,"dead_end":false,"group":0,"treasure":null,"fall":""}],"treasures":[{"name":"kan_imuraya","count":1,"weight":0},{"name":"fire","count":1,"weight":0},{"name":"tape_red","count":1,"weight":0},{"name":"kinoko_tubu","count":1,"weight":0},{"name":"toy_ring_c_green","count":1,"weight":0},{"name":"otama","count":1,"weight":0},{"name":"halloween","count":1,"weight":0},{"name":"cookie_s_l","count":1,"weight":0},{"name":"key","count":1,"weight":0},{"name":"tel_dial","count":1,"weight":0},{"name":"momiji_kare","count":1,"weight":0}],"gates":[]},{"name":"Sublevel 5","properties":{"unit":"2_units_mid1_nor22_metal.txt","max_rooms":5,"light":"bluefog00.ini","music":"new_08_0.cnd","skybox":"test","corridor":0.2,"caps":50,"timer":0,"geyser":false,"clogged":false,"echo":0,"plane":false,"seesaw":false,"version":1,"max_entities":null,"max_trasures":null,"max_gates":null},"entities":[{"name":"BlackMan","count":1,"weight":0,"dead_end":false,"group":0,"treasure":null,"fall":""},{"name":"BlackMan","count":1,"weight":0,"dead_end":false,"group":1,"treasure":null,"fall":""}],"treasures":[{"name":"momiji_normal","count":1,"weight":0},{"name":"matu_bokkuri","count":1,"weight":0},{"name":"donutschoco","count":1,"weight":0},{"name":"kouseki_suisyou","count":1,"weight":0},{"name":"tape_blue","count":1,"weight":0},{"name":"denchi_3_black","count":1,"weight":0},{"name":"apple","count":1,"weight":0},{"name":"sensya","count":1,"weight":0},{"name":"chocolate","count":1,"weight":0},{"name":"leaf_normal","count":1,"weight":0},{"name":"bolt_l","count":1,"weight":0},{"name":"key","count":1,"weight":0},{"name":"j_block_white","count":1,"weight":0},{"name":"kan_b_silver","count":1,"weight":0},{"name":"sinkukan","count":1,"weight":0},{"name":"denchi_2_black","count":1,"weight":0},{"name":"j_block_blue","count":1,"weight":0},{"name":"makigai","count":1,"weight":0}],"gates":[]},{"name":"Sublevel 6","properties":{"unit":"1_MIYA_manh2_conc.txt","max_rooms":2,"light":"bluefog00.ini","music":"cavetile_00_0.cnd","skybox":"none","corridor":0.03,"caps":50,"timer":4,"geyser":true,"clogged":false,"echo":0,"plane":false,"seesaw":false,"version":1,"max_entities":null,"max_trasures":null,"max_gates":null},"entities":[{"name":"BlackMan","count":1,"weight":0,"dead_end":false,"group":0,"treasure":null,"fall":""},{"name":"Clover","count":1,"weight":0,"dead_end":false,"group":0,"treasure":null,"fall":""},{"name":"Clover","count":1,"weight":0,"dead_end":false,"group":0,"treasure":null,"fall":""},{"name":"Clover","count":1,"weight":0,"dead_end":false,"group":1,"treasure":null,"fall":""},{"name":"KareOoinu_l","count":1,"weight":0,"dead_end":false,"group":1,"treasure":null,"fall":""},{"name":"KareOoinu_l","count":1,"weight":0,"dead_end":false,"group":1,"treasure":null,"fall":""},{"name":"Nekojarashi","count":1,"weight":0,"dead_end":false,"group":1,"treasure":null,"fall":""},{"name":"Tanpopo","count":1,"weight":0,"dead_end":false,"group":0,"treasure":null,"fall":""},{"name":"HikariKinoko","count":1,"weight":0,"dead_end":false,"group":0,"treasure":null,"fall":""}],"treasures":[{"name":"key","count":1,"weight":0},{"name":"futa_a_gold","count":1,"weight":0},{"name":"flower_blue","count":1,"weight":0},{"name":"chess_queen_black","count":1,"weight":0},{"name":"chess_king_white","count":1,"weight":0},{"name":"g_futa_hirosima","count":1,"weight":0},{"name":"chocolate_l","count":1,"weight":0},{"name":"kan_kyokuyo","count":1,"weight":0},{"name":"g_futa_hiruzen","count":1,"weight":0},{"name":"cookie","count":1,"weight":0},{"name":"donutschoco_s","count":1,"weight":0},{"name":"dia_a_red","count":1,"weight":0},{"name":"bird_hane","count":1,"weight":0},{"name":"toy_dog","count":1,"weight":0},{"name":"chocowhite_l","count":1,"weight":0},{"name":"dia_c_blue","count":1,"weight":0},{"name":"diamond_blue_l","count":1,"weight":0},{"name":"donutsichigo","count":1,"weight":0}],"gates":[]}],"content":null}