{"sublevels":[{"name":"Sublevel 1","properties":{"unit":"1_MAT_manp_conc.txt","max_rooms":3,"light":"toy_light_lv0.ini","music":"cavetsumiki_00_0.cnd","skybox":"none","corridor":0.2,"caps":50,"timer":0,"geyser":false,"clogged":false,"echo":0,"plane":false,"seesaw":false,"version":1,"max_entities":null,"max_trasures":null,"max_gates":null},"entities":[{"name":"Kochappy","count":2,"weight":0,"dead_end":false,"group":0,"treasure":"apple_blue","fall":""},{"name":"Kochappy","count":3,"weight":0,"dead_end":false,"group":1,"treasure":"apple_blue","fall":""},{"name":"Chappy","count":1,"weight":0,"dead_end":false,"group":0,"treasure":"dia_b_green","fall":""},{"name":"YellowChappy","count":1,"weight":0,"dead_end":false,"group":1,"treasure":"dia_b_green","fall":""},{"name":"UjiB","count":2,"weight":0,"dead_end":false,"group":0,"treasure":null,"fall":""},{"name":"UjiB","count":1,"weight":0,"dead_end":false,"group":1,"treasure":null,"fall":""},{"name":"Sarai","count":1,"weight":0,"dead_end":false,"group":1,"treasure":null,"fall":""}],"treasures":[{"name":"donutschoco","count":1,"weight":0},{"name":"cookie_s","count":1,"weight":0},{"name":"key","count":1,"weight":0}],"gates":[]},{"name":"Sublevel 2","properties":{"unit":"1_MAT_manp_2_conc.txt","max_rooms":3,"light":"toy_light_lv0.ini","music":"caveconc_00_0.cnd","skybox":"none","corridor":0.2,"caps":50,"timer":0,"geyser":false,"clogged":false,"echo":0,"plane":false,"seesaw":false,"version":1,"max_entities":null,"max_trasures":null,"max_gates":null},"entities":[{"name":"Chappy","count":1,"weight":0,"dead_end":false,"group":0,"treasure":"dia_b_green","fall":""},{"name":"Chappy","count":1,"weight":0,"dead_end":false,"group":0,"treasure":"apple_blue","fall":""},{"name":"Chappy","count":1,"weight":0,"dead_end":false,"group":1,"treasure":"apple_blue","fall":""},{"name":"Kochappy","count":1,"weight":0,"dead_end":false,"group":0,"treasure":"apple_blue","fall":""},{"name":"Kochappy","count":1,"weight":0,"dead_end":false,"group":1,"treasure":"apple_blue","fall":""},{"name":"FireChappy","count":1,"weight":0,"dead_end":true,"group":0,"treasure":"dia_b_green","fall":""},{"name":"KumaKochappy","count":2,"weight":0,"dead_end":true,"group":0,"treasure":"apple_blue","fall":""},{"name":"YellowChappy","count":1,"weight":0,"dead_end":false,"group":0,"treasure":"dia_b_green","fall":""},{"name":"YellowChappy","count":1,"weight":0,"dead_end":false,"group":1,"treasure":"apple_blue","fall":""},{"name":"BlueChappy","count":1,"weight":0,"dead_end":false,"group":1,"treasure":"dia_b_green","fall":""}],"treasures":[{"name":"cookie_u","count":1,"weight":0},{"name":"donutschoco","count":1,"weight":0},{"name":"dia_a_red","count":1,"weight":0},{"name":"key","count":1,"weight":0}],"gates":[]},{"name":"Sublevel 3","properties":{"unit":"1_MAT_manp_conc.txt","max_rooms":3,"light":"toy_light_lv0.ini","music":"cavetile_00_0.cnd","skybox":"none","corridor":0.2,"caps":50,"timer":0,"geyser":false,"clogged":false,"echo":0,"plane":false,"seesaw":false,"version":1,"max_entities":null,"max_trasures":null,"max_gates":null},"entities":[{"name":"BlueChappy","count":1,"weight":0,"dead_end":false,"group":0,"treasure":"dia_b_green","fall":""},{"name":"BlueChappy","count":1,"weight":0,"dead_end":false,"group":1,"treasure":"dia_b_green","fall":""},{"name":"Chappy","count":1,"weight":0,"dead_end":false,"group":1,"treasure":"dia_b_green","fall":""},{"name":"Chappy","count":1,"weight":0,"dead_end":false,"group":0,"treasure":"apple_blue","fall":""},{"name":"KumaChappy","count":1,"weight":0,"dead_end":false,"group":0,"treasure":"dia_b_green","fall":""},{"name":"KumaKochappy","count":2,"weight":0,"dead_end":false,"group":1,"treasure":"apple_blue","fall":""},{"name":"KumaKochappy","count":2,"weight":0,"dead_end":false,"group":0,"treasure":"apple_blue","fall":""},{"name":"YellowChappy","count":2,"weight":0,"dead_end":false,"group":0,"treasure":"apple_blue","fall":""},{"name":"YellowChappy","count":2,"weight":0,"dead_end":false,"group":0,"treasure":"apple_blue","fall":""},{"name":"YellowChappy","count":2,"weight":0,"dead_end":false,"group":0,"treasure":"dia_b_green","fall":""},{"name":"Kochappy","count":1,"weight":0,"dead_end":false,"group":0,"treasure":"apple_blue","fall":""},{"name":"Kochappy","count":1,"weight":0,"dead_end":false,"group":1,"treasure":"apple_blue","fall":""},{"name":"BlueKochappy","count":1,"weight":0,"dead_end":false,"group":1,"treasure":"apple_blue","fall":""},{"name":"BlueKochappy","count":1,"weight":0,"dead_end":false,"group":0,"treasure":"apple_blue","fall":""},{"name":"SnakeCrow","count":1,"weight":0,"dead_end":true,"group":0,"treasure":"dia_b_green","fall":""}],"treasures":[{"name":"key","count":1,"weight":0},{"name":"kan_b_silver","count":1,"weight":0},{"name":"donutschoco","count":1,"weight":0},{"name":"leaf_yellow","count":1,"weight":0},{"name":"cookie_s","count":1,"weight":0},{"name":"leaf_kare","count":1,"weight":0},{"name":"dia_a_red","count":1,"weight":0},{"name":"cookie_u","count":1,"weight":0}],"gates":[]}],"content":null}