{"sublevels":[{"name":"Sublevel 1","properties":{"unit":"2_ABE_blk_cent2_tsuchi.txt","max_rooms":3,"light":"normal_light_lv0.ini","music":"cavesoil_00_0.cnd","skybox":"none","corridor":0.12,"caps":50,"timer":0,"geyser":false,"clogged":false,"echo":0,"plane":false,"seesaw":false,"version":1,"max_entities":null,"max_trasures":null,"max_gates":null},"entities":[{"name":"Chappy","count":2,"weight":0,"dead_end":false,"group":1,"treasure":"badminton","fall":""},{"name":"KumaKochappy","count":12,"weight":0,"dead_end":false,"group":0,"treasure":"donguri","fall":""},{"name":"ElecHiba","count":3,"weight":0,"dead_end":false,"group":5,"treasure":null,"fall":""},{"name":"Hiba","count":3,"weight":0,"dead_end":false,"group":5,"treasure":null,"fall":""},{"name":"Hiba","count":3,"weight":0,"dead_end":false,"group":1,"treasure":null,"fall":""},{"name":"Egg","count":2,"weight":0,"dead_end":true,"group":0,"treasure":null,"fall":""},{"name":"Hiba","count":3,"weight":0,"dead_end":false,"group":6,"treasure":null,"fall":""}],"treasures":[{"name":"key","count":1,"weight":0},{"name":"bell_blue","count":1,"weight":0},{"name":"cookie_s_l","count":1,"weight":0}],"gates":[]},{"name":"Sublevel 2","properties":{"unit":"2_MAT_a_m_conc.txt","max_rooms":4,"light":"normal_light_lv0.ini","music":"caveconc_00_0.cnd","skybox":"none","corridor":0.12,"caps":50,"timer":0,"geyser":false,"clogged":false,"echo":0,"plane":false,"seesaw":false,"version":1,"max_entities":null,"max_trasures":null,"max_gates":null},"entities":[{"name":"Hiba","count":3,"weight":0,"dead_end":false,"group":6,"treasure":null,"fall":""},{"name":"KumaKochappy","count":10,"weight":0,"dead_end":false,"group":0,"treasure":"donguri","fall":""},{"name":"UmiMushiBlind","count":1,"weight":0,"dead_end":false,"group":0,"treasure":"key","fall":""},{"name":"UmiMushiBlind","count":1,"weight":0,"dead_end":false,"group":1,"treasure":"doll","fall":""},{"name":"YellowChappy","count":1,"weight":0,"dead_end":false,"group":1,"treasure":"gear_silver","fall":""}],"treasures":[{"name":"wadou_kaichin","count":1,"weight":0},{"name":"toy_cat","count":1,"weight":0},{"name":"chess_king_white","count":1,"weight":0}],"gates":[{"word":"gate","health":1000,"weight":1},{"word":"gate","health":1000,"weight":1},{"word":"gate","health":1000,"weight":1}]},{"name":"Sublevel 3","properties":{"unit":"1_units_boss_tsuchi.txt","max_rooms":1,"light":"normal_light_lv0.ini","music":"cavesoil_10_0.cnd","skybox":"none","corridor":0.0,"caps":50,"timer":0,"geyser":false,"clogged":false,"echo":0,"plane":false,"seesaw":false,"version":1,"max_entities":null,"max_trasures":null,"max_gates":null},"entities":[{"name":"Queen","count":1,"weight":0,"dead_end":false,"group":0,"treasure":"key","fall":""}],"treasures":[],"gates":[]}],"content":null}