{"sublevels":[{"name":"Sublevel 1 - beetle","properties":{"unit":"4_MAT_nor3_nor4_ike2_blk1_tsuchi.txt","max_rooms":3,"light":"light.ini","music":"cavesoil_10_3.cnd","skybox":"hiroba","corridor":0.0,"caps":50,"timer":0,"geyser":false,"clogged":false,"echo":0,"plane":true,"seesaw":false,"version":1,"max_entities":null,"max_trasures":null,"max_gates":null},"entities":[{"name":"Kogane","count":1,"weight":0,"dead_end":false,"group":6,"treasure":"key","fall":""},{"name":"Kogane","count":30,"weight":0,"dead_end":false,"group":6,"treasure":"dia_a_green","fall":""},{"name":"Fart","count":10,"weight":0,"dead_end":false,"group":0,"treasure":"dia_a_green","fall":""},{"name":"Fart","count":10,"weight":0,"dead_end":false,"group":1,"treasure":"dia_a_green","fall":""},{"name":"Wealthy","count":10,"weight":0,"dead_end":false,"group":5,"treasure":"dia_a_green","fall":""},{"name":"Wealthy","count":10,"weight":0,"dead_end":false,"group":5,"treasure":"dia_a_green","fall":""},{"name":"Fart","count":10,"weight":0,"dead_end":false,"group":0,"treasure":"dia_a_green","fall":""},{"name":"Fart","count":10,"weight":0,"dead_end":false,"group":1,"treasure":"dia_a_green","fall":""},{"name":"Kogane","count":10,"weight":0,"dead_end":false,"group":1,"treasure":"dia_a_green","fall":""},{"name":"Kogane","count":10,"weight":0,"dead_end":true,"group":0,"treasure":"dia_a_green","fall":""},{"name":"Kogane","count":10,"weight":0,"dead_end":false,"group":8,"treasure":"dia_a_green","fall":""},{"name":"Kogane","count":10,"weight":0,"dead_end":false,"group":6,"treasure":"dia_a_green","fall":""},{"name":"Kogane","count":10,"weight":0,"dead_end":false,"group":0,"treasure":"dia_a_green","fall":""},{"name":"Kogane","count":10,"weight":0,"dead_end":false,"group":5,"treasure":"dia_a_green","fall":""}],"treasures":[{"name":"flower_red","count":1,"weight":0},{"name":"ichigo","count":1,"weight":0},{"name":"ichigo_l","count":1,"weight":0},{"name":"leaf_kare","count":1,"weight":0},{"name":"apple","count":1,"weight":0},{"name":"bane","count":1,"weight":0}],"gates":[{"word":"gate","health":251,"weight":1}]}],"content":null}