{"sublevels":[{"name":"Sublevel 1","properties":{"unit":"1_ABE_vshit67_toy.txt","max_rooms":2,"light":"forest_3_light.ini","music":"cavemetal_00_0.cnd","skybox":"flooring","corridor":0.12,"caps":100,"timer":0,"geyser":false,"clogged":false,"echo":0,"plane":true,"seesaw":false,"version":1,"max_entities":null,"max_trasures":null,"max_gates":null},"entities":[{"name":"BombOtakara","count":2,"weight":0,"dead_end":false,"group":0,"treasure":null,"fall":"$"},{"name":"BombOtakara","count":2,"weight":0,"dead_end":false,"group":0,"treasure":null,"fall":"$2"},{"name":"BombOtakara","count":2,"weight":0,"dead_end":false,"group":0,"treasure":null,"fall":"$3"},{"name":"BombOtakara","count":2,"weight":0,"dead_end":false,"group":0,"treasure":null,"fall":"$4"},{"name":"BombOtakara","count":2,"weight":0,"dead_end":false,"group":0,"treasure":null,"fall":"$5"},{"name":"Bomb","count":2,"weight":0,"dead_end":false,"group":5,"treasure":null,"fall":"$"},{"name":"Bomb","count":2,"weight":0,"dead_end":false,"group":5,"treasure":null,"fall":"$2"},{"name":"Bomb","count":2,"weight":0,"dead_end":false,"group":5,"treasure":null,"fall":"$3"},{"name":"Bomb","count":2,"weight":0,"dead_end":false,"group":5,"treasure":null,"fall":"$4"},{"name":"Bomb","count":2,"weight":0,"dead_end":false,"group":5,"treasure":null,"fall":"$5"},{"name":"Egg","count":5,"weight":0,"dead_end":false,"group":1,"treasure":null,"fall":"$"},{"name":"Rock","count":5,"weight":0,"dead_end":false,"group":0,"treasure":null,"fall":""},{"name":"BombOtakara","count":2,"weight":0,"dead_end":false,"group":0,"treasure":null,"fall":""},{"name":"Bomb","count":2,"weight":0,"dead_end":false,"group":5,"treasure":null,"fall":""}],"treasures":[{"name":"key","count":1,"weight":0},{"name":"channel","count":1,"weight":0},{"name":"bell_blue","count":1,"weight":0},{"name":"tel_dial","count":1,"weight":0},{"name":"sinkukan","count":1,"weight":0},{"name":"sinkukan_b","count":1,"weight":0},{"name":"sinkukan_c","count":1,"weight":0},{"name":"denchi_3_red","count":1,"weight":0},{"name":"denchi_2_black","count":1,"weight":0},{"name":"denchi_1_red","count":1,"weight":0},{"name":"denchi_3_black","count":1,"weight":0}],"gates":[{"word":"gate","health":1000,"weight":1},{"word":"gate","health":1000,"weight":1},{"word":"gate","health":1000,"weight":1},{"word":"gate","health":1000,"weight":1}]},{"name":"Sublevel 2","properties":{"unit":"1_NARI_hit6x6_toy.txt","max_rooms":3,"light":"forest_3_light.ini","music":"cavemetal_00_1.cnd","skybox":"hiroba","corridor":0.12,"caps":100,"timer":0,"geyser":false,"clogged":false,"echo":0,"plane":true,"seesaw":false,"version":1,"max_entities":null,"max_trasures":null,"max_gates":null},"entities":[{"name":"MiniHoudai","count":4,"weight":0,"dead_end":false,"group":0,"treasure":null,"fall":""},{"name":"Fkabuto","count":1,"weight":0,"dead_end":false,"group":1,"treasure":"key","fall":""},{"name":"Bomb","count":10,"weight":0,"dead_end":false,"group":5,"treasure":null,"fall":""},{"name":"DaiodoRed","count":5,"weight":0,"dead_end":false,"group":6,"treasure":null,"fall":""},{"name":"Demon","count":2,"weight":0,"dead_end":false,"group":1,"treasure":null,"fall":""}],"treasures":[{"name":"kinoko","count":1,"weight":0},{"name":"kinoko_doku","count":1,"weight":0},{"name":"kinoko_tubu","count":1,"weight":0},{"name":"gear","count":1,"weight":0},{"name":"gear_silver","count":1,"weight":0},{"name":"bolt","count":1,"weight":0},{"name":"bolt_l","count":1,"weight":0},{"name":"nut","count":1,"weight":0},{"name":"nut_l","count":1,"weight":0},{"name":"bane","count":1,"weight":0}],"gates":[]}],"content":null}