{"sublevels":[{"name":"Sublevel 1 - Sublevel 1","properties":{"unit":"4_MAT_sak2_cen1_blk1_nor4_tsuchi.txt","max_rooms":3,"light":"light.ini","music":"caveconc_00_0.cnd","skybox":"none","corridor":0.125,"caps":100,"timer":99999,"geyser":false,"clogged":false,"echo":0,"plane":false,"seesaw":false,"version":1,"max_entities":null,"max_trasures":null,"max_gates":null},"entities":[{"name":"FireOtakara","count":12,"weight":0,"dead_end":false,"group":0,"treasure":null,"fall":""},{"name":"ElecBug","count":13,"weight":0,"dead_end":false,"group":0,"treasure":null,"fall":""},{"name":"Chappy","count":3,"weight":0,"dead_end":true,"group":0,"treasure":null,"fall":""}],"treasures":[{"name":"leaf_normal","count":1,"weight":0}],"gates":[]},{"name":"Sublevel 2 - Sublevel 2","properties":{"unit":"1_MIYA_bunki_tile.txt","max_rooms":1,"light":"normal_light_lv0.ini","music":"cavesoil_05_2.cnd","skybox":"none","corridor":0.13,"caps":100,"timer":999999,"geyser":false,"clogged":true,"echo":0,"plane":false,"seesaw":false,"version":1,"max_entities":null,"max_trasures":null,"max_gates":null},"entities":[{"name":"Kabuto","count":6,"weight":0,"dead_end":false,"group":1,"treasure":null,"fall":""},{"name":"Damagumo","count":1,"weight":0,"dead_end":false,"group":1,"treasure":"kan_b_gold","fall":"$"},{"name":"Damagumo","count":1,"weight":0,"dead_end":false,"group":0,"treasure":"g_futa_titiyas","fall":"$"}],"treasures":[],"gates":[{"word":"gate","health":5000,"weight":1},{"word":"gate","health":5000,"weight":1},{"word":"gate","health":5000,"weight":1},{"word":"gate","health":5000,"weight":1}]},{"name":"Sublevel 3 - Sublevel 3","properties":{"unit":"1_MAT_tower2_toy.txt","max_rooms":3,"light":"normal_light_lv0.ini","music":"cavetsumiki_00_0.cnd","skybox":"flooring","corridor":0.125,"caps":100,"timer":99999,"geyser":false,"clogged":true,"echo":0,"plane":true,"seesaw":false,"version":1,"max_entities":null,"max_trasures":null,"max_gates":null},"entities":[{"name":"BlueChappy","count":4,"weight":0,"dead_end":false,"group":1,"treasure":null,"fall":""},{"name":"BlueKochappy","count":12,"weight":0,"dead_end":false,"group":1,"treasure":null,"fall":""},{"name":"GasOtakara","count":16,"weight":0,"dead_end":false,"group":0,"treasure":null,"fall":""},{"name":"Frog","count":4,"weight":0,"dead_end":false,"group":0,"treasure":null,"fall":""},{"name":"TamagoMushi","count":40,"weight":0,"dead_end":true,"group":0,"treasure":null,"fall":""},{"name":"Mar","count":1,"weight":0,"dead_end":true,"group":0,"treasure":"kan_nichiro","fall":"$"}],"treasures":[{"name":"ahiru_head","count":1,"weight":0},{"name":"sinjyu","count":1,"weight":0}],"gates":[{"word":"gate","health":5000,"weight":1},{"word":"gate","health":5000,"weight":1}]},{"name":"Sublevel 4 - Sublevel 4","properties":{"unit":"4_units_mid1_mid2_hit1_sak1_tsuchi.txt","max_rooms":4,"light":"normal_light_cha.ini","music":"caveconc_00_0.cnd","skybox":"none","corridor":0.14,"caps":100,"timer":999999,"geyser":false,"clogged":true,"echo":0,"plane":false,"seesaw":false,"version":1,"max_entities":null,"max_trasures":null,"max_gates":null},"entities":[{"name":"BombOtakara","count":16,"weight":0,"dead_end":false,"group":5,"treasure":null,"fall":"$"},{"name":"ElecOtakara","count":22,"weight":0,"dead_end":false,"group":0,"treasure":null,"fall":""},{"name":"Sarai","count":7,"weight":0,"dead_end":false,"group":0,"treasure":null,"fall":""},{"name":"Fuefuki","count":2,"weight":0,"dead_end":true,"group":0,"treasure":null,"fall":""},{"name":"Rkabuto","count":1,"weight":0,"dead_end":false,"group":1,"treasure":"tape_blue","fall":""},{"name":"FireOtakara","count":10,"weight":0,"dead_end":false,"group":1,"treasure":null,"fall":""},{"name":"Wealthy","count":1,"weight":0,"dead_end":true,"group":0,"treasure":"chocolate","fall":""}],"treasures":[],"gates":[]},{"name":"Sublevel 5 - Sublevel 5","properties":{"unit":"1_units_houdai_metal.txt","max_rooms":1,"light":"normal_light_lv0.ini","music":"","skybox":"none","corridor":0.13,"caps":100,"timer":99999,"geyser":false,"clogged":false,"echo":0,"plane":false,"seesaw":false,"version":1,"max_entities":null,"max_trasures":null,"max_gates":null},"entities":[{"name":"Houdai","count":1,"weight":0,"dead_end":false,"group":0,"treasure":"locket","fall":""},{"name":"FireOtakara","count":12,"weight":0,"dead_end":false,"group":1,"treasure":null,"fall":""}],"treasures":[],"gates":[]},{"name":"Sublevel 6 - Sublevel 6","properties":{"unit":"1_units_otakara_tile.txt","max_rooms":2,"light":"normal_light_lv0.ini","music":"caverelax.cnd","skybox":"none","corridor":0.135,"caps":100,"timer":999999,"geyser":true,"clogged":false,"echo":0,"plane":false,"seesaw":false,"version":1,"max_entities":null,"max_trasures":null,"max_gates":null},"entities":[{"name":"BlackPom","count":3,"weight":0,"dead_end":false,"group":1,"treasure":null,"fall":""},{"name":"YellowPom","count":3,"weight":0,"dead_end":false,"group":0,"treasure":null,"fall":""},{"name":"RandPom","count":2,"weight":0,"dead_end":false,"group":1,"treasure":null,"fall":""},{"name":"WhitePom","count":2,"weight":0,"dead_end":true,"group":0,"treasure":null,"fall":""},{"name":"RedPom","count":1,"weight":0,"dead_end":false,"group":6,"treasure":null,"fall":""},{"name":"Qurione","count":3,"weight":0,"dead_end":false,"group":5,"treasure":null,"fall":""}],"treasures":[],"gates":[]},{"name":"Sublevel 7 - Sublevel 7","properties":{"unit":"1_units_5x5a_kusachi.txt","max_rooms":4,"light":"bluefog00.ini","music":"caveglass_00_0.cnd","skybox":"hiroba","corridor":0.135,"caps":100,"timer":99999,"geyser":false,"clogged":true,"echo":0,"plane":false,"seesaw":false,"version":1,"max_entities":null,"max_trasures":null,"max_gates":null},"entities":[{"name":"ElecBug","count":18,"weight":0,"dead_end":false,"group":1,"treasure":null,"fall":""},{"name":"FireOtakara","count":18,"weight":0,"dead_end":false,"group":0,"treasure":null,"fall":""},{"name":"Tank","count":8,"weight":0,"dead_end":false,"group":1,"treasure":null,"fall":""},{"name":"MaroFrog","count":8,"weight":0,"dead_end":false,"group":0,"treasure":null,"fall":""},{"name":"Damagumo","count":1,"weight":0,"dead_end":true,"group":0,"treasure":"diamond_blue","fall":"$"}],"treasures":[],"gates":[]},{"name":"Sublevel 8 - Sublevel 8","properties":{"unit":"1_units_manh_boss_conc.txt","max_rooms":2,"light":"normal_light_lv0.ini","music":"","skybox":"none","corridor":0.125,"caps":100,"timer":99999,"geyser":false,"clogged":false,"echo":0,"plane":false,"seesaw":false,"version":1,"max_entities":null,"max_trasures":null,"max_gates":null},"entities":[{"name":"BigFoot","count":1,"weight":0,"dead_end":false,"group":0,"treasure":"key","fall":"$"},{"name":"Rkabuto","count":4,"weight":0,"dead_end":false,"group":1,"treasure":null,"fall":""}],"treasures":[],"gates":[{"word":"gate","health":500,"weight":1},{"word":"gate","health":500,"weight":1},{"word":"gate","health":500,"weight":1},{"word":"gate","health":500,"weight":1}]}],"content":null}