{"sublevels":[{"name":"Sublevel 1","properties":{"unit":"3_units_a_d_north_tile.txt","max_rooms":5,"light":"normal_light_lv0.ini","music":"new_02_0.cnd","skybox":"none","corridor":0.12,"caps":50,"timer":0,"geyser":false,"clogged":false,"echo":0,"plane":false,"seesaw":false,"version":1,"max_entities":null,"max_trasures":null,"max_gates":null},"entities":[{"name":"KumaChappy","count":1,"weight":0,"dead_end":false,"group":0,"treasure":"key","fall":"$3"},{"name":"KumaChappy","count":1,"weight":0,"dead_end":false,"group":1,"treasure":"compact_make","fall":"$3"},{"name":"KumaKochappy","count":7,"weight":0,"dead_end":false,"group":1,"treasure":"be_dama_blue","fall":""},{"name":"KumaKochappy","count":9,"weight":0,"dead_end":false,"group":0,"treasure":"be_dama_blue","fall":""},{"name":"KumaKochappy","count":2,"weight":0,"dead_end":true,"group":0,"treasure":"be_dama_blue","fall":""},{"name":"Rock","count":10,"weight":0,"dead_end":false,"group":5,"treasure":null,"fall":""}],"treasures":[{"name":"juji_key_fc","count":1,"weight":0},{"name":"light_a","count":1,"weight":0},{"name":"chess_queen_black","count":1,"weight":0},{"name":"toy_ring_a_red","count":1,"weight":0},{"name":"kan_b_gold","count":1,"weight":0}],"gates":[{"word":"gate","health":1000,"weight":1},{"word":"gate","health":1000,"weight":1}]},{"name":"Sublevel 2","properties":{"unit":"3_ABE_blk_uzu1_mid2_tsuchi.txt","max_rooms":3,"light":"normal_light_lv0.ini","music":"cavesoil_05_0.cnd","skybox":"none","corridor":0.12,"caps":50,"timer":0,"geyser":false,"clogged":false,"echo":0,"plane":false,"seesaw":false,"version":1,"max_entities":null,"max_trasures":null,"max_gates":null},"entities":[{"name":"GasHiba","count":6,"weight":0,"dead_end":false,"group":5,"treasure":null,"fall":""},{"name":"Hiba","count":6,"weight":0,"dead_end":false,"group":6,"treasure":null,"fall":""},{"name":"KingChappy","count":1,"weight":0,"dead_end":false,"group":0,"treasure":"baum_kuchen_s","fall":""},{"name":"KingChappy","count":1,"weight":0,"dead_end":false,"group":1,"treasure":"kan_nichiro","fall":""},{"name":"MiniHoudai","count":1,"weight":0,"dead_end":false,"group":1,"treasure":"key","fall":""},{"name":"PanModoki","count":2,"weight":0,"dead_end":false,"group":1,"treasure":"be_dama_blue_l","fall":""},{"name":"BombSarai","count":1,"weight":0,"dead_end":false,"group":0,"treasure":"apple","fall":"$"}],"treasures":[],"gates":[]},{"name":"Sublevel 3","properties":{"unit":"2_units_sara_sara2_toy.txt","max_rooms":2,"light":"normal_light_lv0.ini","music":"cavetsumiki_00_0.cnd","skybox":"tatami","corridor":0.12,"caps":50,"timer":0,"geyser":false,"clogged":false,"echo":0,"plane":true,"seesaw":false,"version":1,"max_entities":null,"max_trasures":null,"max_gates":null},"entities":[{"name":"LeafChappy","count":2,"weight":0,"dead_end":false,"group":0,"treasure":"toy_ring_b_green","fall":""},{"name":"BlueChappy","count":1,"weight":0,"dead_end":false,"group":8,"treasure":"suit_powerup","fall":""},{"name":"ElecHiba","count":4,"weight":0,"dead_end":false,"group":5,"treasure":null,"fall":""},{"name":"Bomb","count":3,"weight":0,"dead_end":false,"group":5,"treasure":null,"fall":"$"},{"name":"BigFoot","count":1,"weight":0,"dead_end":false,"group":0,"treasure":"key","fall":""},{"name":"Bomb","count":3,"weight":0,"dead_end":false,"group":0,"treasure":null,"fall":""},{"name":"BlueKochappy","count":16,"weight":0,"dead_end":false,"group":0,"treasure":"be_dama_yellow","fall":""}],"treasures":[{"name":"leaf_normal","count":1,"weight":0},{"name":"toy_ring_c_blue","count":1,"weight":0},{"name":"chess_king_black","count":1,"weight":0},{"name":"cookie_u_l","count":1,"weight":0}],"gates":[]}],"content":null}