{"sublevels":[{"name":"Sublevel 1","properties":{"unit":"3_ABE_5X5a_ike_big_kusachi.txt","max_rooms":3,"light":"vs_7_light.ini","music":"new_08_1.cnd","skybox":"hiroba","corridor":0.12,"caps":50,"timer":0,"geyser":false,"clogged":false,"echo":0,"plane":true,"seesaw":false,"version":1,"max_entities":null,"max_trasures":null,"max_gates":null},"entities":[{"name":"Kochappy","count":3,"weight":0,"dead_end":false,"group":0,"treasure":"flower_red","fall":""},{"name":"Kochappy","count":2,"weight":0,"dead_end":false,"group":0,"treasure":"flower_red","fall":""},{"name":"BlueKochappy","count":3,"weight":0,"dead_end":false,"group":1,"treasure":"flower_red","fall":""},{"name":"BlueKochappy","count":2,"weight":0,"dead_end":false,"group":1,"treasure":"flower_red","fall":""},{"name":"Egg","count":6,"weight":0,"dead_end":false,"group":1,"treasure":null,"fall":""},{"name":"Egg","count":6,"weight":0,"dead_end":false,"group":1,"treasure":null,"fall":""},{"name":"Egg","count":2,"weight":0,"dead_end":false,"group":1,"treasure":null,"fall":""},{"name":"Egg","count":2,"weight":0,"dead_end":false,"group":1,"treasure":null,"fall":""},{"name":"Ooinu_s","count":3,"weight":0,"dead_end":false,"group":6,"treasure":null,"fall":""},{"name":"Wakame_s","count":4,"weight":0,"dead_end":false,"group":6,"treasure":null,"fall":""},{"name":"Ooinu_l","count":5,"weight":0,"dead_end":false,"group":6,"treasure":null,"fall":""},{"name":"Magaret","count":3,"weight":0,"dead_end":false,"group":6,"treasure":null,"fall":""},{"name":"Clover","count":3,"weight":0,"dead_end":false,"group":6,"treasure":null,"fall":""},{"name":"Zenmai","count":3,"weight":0,"dead_end":false,"group":6,"treasure":null,"fall":""},{"name":"Wakame_l","count":3,"weight":0,"dead_end":false,"group":6,"treasure":null,"fall":""}],"treasures":[{"name":"key","count":1,"weight":0},{"name":"dia_a_green","count":1,"weight":0},{"name":"compact","count":1,"weight":0},{"name":"ichigo_l","count":1,"weight":0},{"name":"ichigo","count":1,"weight":0},{"name":"chess_queen_white","count":1,"weight":0}],"gates":[]},{"name":"Sublevel 2","properties":{"unit":"2_units_5x5a_big_tekiF_kusachi.txt","max_rooms":3,"light":"vs_8_light.ini","music":"caveconc_10_0.cnd","skybox":"hiroba","corridor":0.1,"caps":50,"timer":0,"geyser":true,"clogged":false,"echo":0,"plane":true,"seesaw":false,"version":1,"max_entities":null,"max_trasures":null,"max_gates":null},"entities":[{"name":"Clover","count":30,"weight":0,"dead_end":false,"group":6,"treasure":null,"fall":""},{"name":"Wakame_l","count":8,"weight":0,"dead_end":false,"group":6,"treasure":null,"fall":""},{"name":"KumaChappy","count":1,"weight":0,"dead_end":false,"group":8,"treasure":"key","fall":""},{"name":"BlueChappy","count":1,"weight":0,"dead_end":false,"group":1,"treasure":"baum_kuchen","fall":""},{"name":"BlueKochappy","count":6,"weight":0,"dead_end":false,"group":0,"treasure":"cookie_u","fall":""},{"name":"Egg","count":6,"weight":0,"dead_end":false,"group":0,"treasure":null,"fall":""}],"treasures":[{"name":"donutschoco","count":1,"weight":0},{"name":"baum_kuchen","count":1,"weight":0},{"name":"cookie_s","count":1,"weight":0},{"name":"chocolate","count":1,"weight":0},{"name":"baum_kuchen_s","count":1,"weight":0},{"name":"donutsichigo","count":1,"weight":0}],"gates":[]}],"content":null}