{"sublevels":[{"name":"Sublevel 1","properties":{"unit":"2_MAT_5x5_mid_kusachi.txt","max_rooms":4,"light":"kusachi_light_cha.ini","music":"caverelax.cnd","skybox":"hiroba","corridor":0.12,"caps":100,"timer":200,"geyser":false,"clogged":false,"echo":0,"plane":true,"seesaw":false,"version":1,"max_entities":null,"max_trasures":null,"max_gates":null},"entities":[{"name":"Wakame_l","count":20,"weight":0,"dead_end":false,"group":6,"treasure":null,"fall":""},{"name":"Ooinu_s","count":15,"weight":0,"dead_end":false,"group":6,"treasure":null,"fall":""},{"name":"Watage","count":10,"weight":0,"dead_end":false,"group":6,"treasure":null,"fall":""},{"name":"HikariKinoko","count":20,"weight":0,"dead_end":false,"group":6,"treasure":null,"fall":""},{"name":"Nekojarashi","count":20,"weight":0,"dead_end":false,"group":6,"treasure":null,"fall":""},{"name":"Clover","count":20,"weight":0,"dead_end":false,"group":6,"treasure":null,"fall":""},{"name":"Tukushi","count":20,"weight":0,"dead_end":false,"group":6,"treasure":null,"fall":""},{"name":"Tanpopo","count":20,"weight":0,"dead_end":false,"group":6,"treasure":null,"fall":""},{"name":"Magaret","count":20,"weight":0,"dead_end":false,"group":6,"treasure":null,"fall":""},{"name":"BlackMan","count":20,"weight":0,"dead_end":false,"group":0,"treasure":null,"fall":""},{"name":"BlackMan","count":5,"weight":0,"dead_end":false,"group":1,"treasure":null,"fall":""},{"name":"Qurione","count":5,"weight":0,"dead_end":false,"group":1,"treasure":null,"fall":""},{"name":"ShijimiChou","count":1,"weight":0,"dead_end":false,"group":1,"treasure":null,"fall":""}],"treasures":[{"name":"cookie","count":1,"weight":0},{"name":"key","count":1,"weight":0},{"name":"j_block_white","count":1,"weight":0},{"name":"j_block_yellow","count":1,"weight":0},{"name":"donutschoco","count":1,"weight":0},{"name":"donutsichigo_s","count":1,"weight":0},{"name":"j_block_red","count":1,"weight":0},{"name":"momiji_red","count":1,"weight":0},{"name":"kuri","count":1,"weight":0},{"name":"robot_head","count":1,"weight":0},{"name":"leaf_yellow","count":1,"weight":0},{"name":"donutsichigo","count":1,"weight":0},{"name":"donutswhite","count":1,"weight":0}],"gates":[{"word":"gate","health":1000,"weight":1},{"word":"gate","health":1000,"weight":1}]}],"content":null}