{"sublevels":[{"name":"Sublevel 1 - Entry","properties":{"unit":"1_ABE_vshit67_toy.txt","max_rooms":2,"light":"toy_light_lv0.ini","music":"caveconc_00_0.cnd","skybox":"flooring","corridor":0.9,"caps":100,"timer":0,"geyser":false,"clogged":false,"echo":0,"plane":true,"seesaw":false,"version":1,"max_entities":null,"max_trasures":null,"max_gates":null},"entities":[{"name":"WaterOtakara","count":2,"weight":0,"dead_end":false,"group":0,"treasure":null,"fall":"$"},{"name":"Fkabuto","count":1,"weight":0,"dead_end":false,"group":1,"treasure":"key","fall":""},{"name":"Chiyogami","count":10,"weight":0,"dead_end":false,"group":6,"treasure":null,"fall":""},{"name":"GasHiba","count":1,"weight":0,"dead_end":false,"group":5,"treasure":null,"fall":""}],"treasures":[],"gates":[]},{"name":"Sublevel 2 - Borb","properties":{"unit":"1_MIYA_mid_toy.txt","max_rooms":2,"light":"toy_light_lv1.ini","music":"caveconc_00_0.cnd","skybox":"flooring","corridor":0.9,"caps":100,"timer":0,"geyser":false,"clogged":false,"echo":0,"plane":true,"seesaw":false,"version":1,"max_entities":null,"max_trasures":null,"max_gates":null},"entities":[{"name":"GasHiba","count":1,"weight":0,"dead_end":false,"group":5,"treasure":null,"fall":""},{"name":"Chiyogami","count":10,"weight":0,"dead_end":false,"group":6,"treasure":null,"fall":""},{"name":"Kochappy","count":3,"weight":0,"dead_end":false,"group":0,"treasure":null,"fall":""},{"name":"Chappy","count":1,"weight":0,"dead_end":false,"group":1,"treasure":"key","fall":""}],"treasures":[],"gates":[]},{"name":"Sublevel 3 - Meep","properties":{"unit":"1_MIYA_mid_toy.txt","max_rooms":2,"light":"toy_light_lv2.ini","music":"caveconc_00_0.cnd","skybox":"flooring","corridor":0.9,"caps":100,"timer":0,"geyser":false,"clogged":false,"echo":0,"plane":true,"seesaw":false,"version":1,"max_entities":null,"max_trasures":null,"max_gates":null},"entities":[{"name":"Chiyogami","count":10,"weight":0,"dead_end":false,"group":6,"treasure":null,"fall":""},{"name":"GasHiba","count":1,"weight":0,"dead_end":false,"group":5,"treasure":null,"fall":""},{"name":"Jigumo","count":2,"weight":0,"dead_end":false,"group":0,"treasure":null,"fall":""},{"name":"Hana","count":1,"weight":0,"dead_end":false,"group":1,"treasure":"key","fall":""}],"treasures":[],"gates":[]},{"name":"Sublevel 4 - End","properties":{"unit":"1_MIYA_mid_toy.txt","max_rooms":2,"light":"toy_light_lv3.ini","music":"caveconc_00_0.cnd","skybox":"flooring","corridor":0.9,"caps":100,"timer":0,"geyser":true,"clogged":false,"echo":0,"plane":true,"seesaw":false,"version":1,"max_entities":null,"max_trasures":null,"max_gates":null},"entities":[{"name":"Chiyogami","count":10,"weight":0,"dead_end":false,"group":6,"treasure":null,"fall":""},{"name":"GasHiba","count":1,"weight":0,"dead_end":false,"group":5,"treasure":null,"fall":""},{"name":"MaroFrog","count":3,"weight":0,"dead_end":false,"group":0,"treasure":null,"fall":""},{"name":"UmiMushi","count":1,"weight":0,"dead_end":false,"group":1,"treasure":"key","fall":""}],"treasures":[],"gates":[]}],"content":null}