{"sublevels":[{"name":"Sublevel 1","properties":{"unit":"Picnic_1.txt","max_rooms":3,"light":"hiroba_toy_light_cha.ini","music":"new_08_0.cnd","skybox":"hiroba","corridor":0.19,"caps":50,"timer":0,"geyser":false,"clogged":false,"echo":0,"plane":true,"seesaw":false,"version":1,"max_entities":null,"max_trasures":null,"max_gates":null},"entities":[{"name":"Hana","count":1,"weight":0,"dead_end":false,"group":0,"treasure":"donguri","fall":""},{"name":"Hana","count":1,"weight":0,"dead_end":false,"group":0,"treasure":"donguri","fall":""},{"name":"Hana","count":1,"weight":0,"dead_end":false,"group":1,"treasure":"donguri","fall":""},{"name":"Hana","count":1,"weight":0,"dead_end":false,"group":1,"treasure":"donguri","fall":""},{"name":"PanHouse","count":90,"weight":0,"dead_end":false,"group":6,"treasure":null,"fall":""},{"name":"Magaret","count":100,"weight":0,"dead_end":false,"group":6,"treasure":null,"fall":""},{"name":"Egg","count":3,"weight":0,"dead_end":true,"group":0,"treasure":null,"fall":""},{"name":"UjiB","count":7,"weight":0,"dead_end":false,"group":0,"treasure":null,"fall":""},{"name":"UjiB","count":7,"weight":0,"dead_end":false,"group":0,"treasure":null,"fall":""},{"name":"UjiB","count":7,"weight":0,"dead_end":false,"group":1,"treasure":null,"fall":""},{"name":"BlueChappy","count":1,"weight":0,"dead_end":false,"group":8,"treasure":"key","fall":""},{"name":"ShijimiChou","count":1,"weight":0,"dead_end":false,"group":0,"treasure":null,"fall":""},{"name":"Tobi","count":3,"weight":0,"dead_end":false,"group":0,"treasure":null,"fall":""},{"name":"Tobi","count":3,"weight":0,"dead_end":false,"group":1,"treasure":null,"fall":""}],"treasures":[{"name":"medama_yaki","count":1,"weight":0},{"name":"cookie_u","count":1,"weight":0},{"name":"cookie_u","count":1,"weight":0},{"name":"cookie_u_l","count":1,"weight":0},{"name":"ichigo","count":1,"weight":0},{"name":"futa_a_silver","count":1,"weight":0},{"name":"flower_blue","count":1,"weight":0},{"name":"flower_blue","count":1,"weight":0},{"name":"flower_blue","count":1,"weight":0}],"gates":[]},{"name":"Sublevel 2","properties":{"unit":"picnic2.txt","max_rooms":6,"light":"vs_8_light.ini","music":"cavetsumiki_00_0.cnd","skybox":"hiroba","corridor":0.09,"caps":50,"timer":0,"geyser":false,"clogged":false,"echo":0,"plane":true,"seesaw":false,"version":1,"max_entities":null,"max_trasures":null,"max_gates":null},"entities":[{"name":"Armor","count":1,"weight":0,"dead_end":false,"group":1,"treasure":"ichigo","fall":""},{"name":"Armor","count":1,"weight":0,"dead_end":false,"group":1,"treasure":"ichigo","fall":""},{"name":"Hana","count":1,"weight":0,"dead_end":false,"group":5,"treasure":"dia_a_red","fall":"$2"},{"name":"Hana","count":1,"weight":0,"dead_end":false,"group":5,"treasure":"dia_a_red","fall":"$2"},{"name":"Hana","count":1,"weight":0,"dead_end":false,"group":5,"treasure":"dia_a_red","fall":"$2"},{"name":"Magaret","count":20,"weight":0,"dead_end":false,"group":6,"treasure":null,"fall":""},{"name":"PanHouse","count":20,"weight":0,"dead_end":false,"group":6,"treasure":null,"fall":""},{"name":"BlueChappy","count":1,"weight":0,"dead_end":false,"group":0,"treasure":"donutschoco","fall":""},{"name":"ShijimiChou","count":1,"weight":0,"dead_end":false,"group":0,"treasure":null,"fall":""},{"name":"ShijimiChou","count":1,"weight":0,"dead_end":false,"group":1,"treasure":null,"fall":""},{"name":"PanModoki","count":1,"weight":0,"dead_end":false,"group":0,"treasure":"cookie_s","fall":""},{"name":"PanModoki","count":1,"weight":0,"dead_end":false,"group":0,"treasure":"cookie_s","fall":""},{"name":"PanModoki","count":1,"weight":0,"dead_end":false,"group":0,"treasure":"cookie_s","fall":""},{"name":"PanModoki","count":1,"weight":0,"dead_end":false,"group":0,"treasure":"cookie_s","fall":""},{"name":"PanModoki","count":1,"weight":0,"dead_end":false,"group":0,"treasure":"cookie_s","fall":""},{"name":"PanModoki","count":1,"weight":0,"dead_end":false,"group":0,"treasure":"cookie_s","fall":""},{"name":"PanModoki","count":1,"weight":0,"dead_end":false,"group":0,"treasure":"cookie_s","fall":""},{"name":"PanModoki","count":1,"weight":0,"dead_end":false,"group":0,"treasure":"cookie_s","fall":""},{"name":"PanModoki","count":1,"weight":0,"dead_end":false,"group":1,"treasure":"chess_queen_white","fall":""},{"name":"PanModoki","count":1,"weight":0,"dead_end":false,"group":1,"treasure":"chess_queen_white","fall":""},{"name":"PanModoki","count":1,"weight":0,"dead_end":false,"group":1,"treasure":"chess_queen_white","fall":""},{"name":"PanModoki","count":1,"weight":9,"dead_end":false,"group":1,"treasure":"chess_queen_white","fall":""},{"name":"PanModoki","count":1,"weight":9,"dead_end":false,"group":1,"treasure":"chess_queen_white","fall":""},{"name":"ElecBug","count":3,"weight":9,"dead_end":false,"group":1,"treasure":"flower_red","fall":""},{"name":"ElecBug","count":3,"weight":9,"dead_end":false,"group":1,"treasure":"flower_red","fall":""},{"name":"FireChappy","count":1,"weight":0,"dead_end":false,"group":8,"treasure":"key","fall":""}],"treasures":[{"name":"medama_yaki","count":1,"weight":0},{"name":"medama_yaki","count":1,"weight":0},{"name":"apple_blue","count":1,"weight":0},{"name":"apple_blue","count":1,"weight":0},{"name":"apple_blue","count":1,"weight":0},{"name":"dia_b_green","count":1,"weight":0},{"name":"dia_b_green","count":1,"weight":0},{"name":"dia_b_green","count":1,"weight":0},{"name":"cookie_m_l","count":1,"weight":0},{"name":"cookie_m_l","count":1,"weight":0},{"name":"cookie_m_l","count":1,"weight":0},{"name":"chess_queen_white","count":1,"weight":0},{"name":"chess_queen_white","count":1,"weight":0},{"name":"chess_queen_white","count":1,"weight":0}],"gates":[{"word":"gate","health":100,"weight":1},{"word":"gate","health":100,"weight":1},{"word":"gate","health":100,"weight":1}]},{"name":"Sublevel 3","properties":{"unit":"3_units_small_mid_large_toy.txt","max_rooms":5,"light":"chikahimi_metal_light_lv4.ini","music":"new_02_0.cnd","skybox":"hiroba","corridor":0.015,"caps":50,"timer":0,"geyser":false,"clogged":false,"echo":0,"plane":true,"seesaw":false,"version":1,"max_entities":53,"max_trasures":null,"max_gates":null},"entities":[{"name":"OoPanModoki","count":1,"weight":0,"dead_end":false,"group":1,"treasure":"key","fall":""},{"name":"OoPanModoki","count":1,"weight":0,"dead_end":false,"group":0,"treasure":"ichigo","fall":""},{"name":"OoPanModoki","count":1,"weight":0,"dead_end":false,"group":0,"treasure":"kan_b_silver","fall":""},{"name":"PanHouse","count":38,"weight":0,"dead_end":false,"group":6,"treasure":null,"fall":""},{"name":"PanModoki","count":19,"weight":0,"dead_end":false,"group":6,"treasure":"chocoichigo","fall":""},{"name":"PanModoki","count":1,"weight":9,"dead_end":false,"group":0,"treasure":"chocowhite","fall":""},{"name":"PanModoki","count":1,"weight":9,"dead_end":false,"group":1,"treasure":"chocowhite","fall":""},{"name":"Magaret","count":10,"weight":0,"dead_end":false,"group":6,"treasure":null,"fall":""},{"name":"Tobi","count":3,"weight":0,"dead_end":false,"group":0,"treasure":null,"fall":""},{"name":"Tobi","count":3,"weight":0,"dead_end":false,"group":1,"treasure":null,"fall":""},{"name":"Tobi","count":3,"weight":0,"dead_end":false,"group":1,"treasure":null,"fall":""},{"name":"Tobi","count":3,"weight":0,"dead_end":false,"group":1,"treasure":null,"fall":""},{"name":"Tobi","count":3,"weight":0,"dead_end":false,"group":1,"treasure":null,"fall":""},{"name":"Tobi","count":3,"weight":0,"dead_end":false,"group":1,"treasure":null,"fall":""},{"name":"Tobi","count":4,"weight":0,"dead_end":false,"group":0,"treasure":null,"fall":""},{"name":"Tobi","count":4,"weight":0,"dead_end":false,"group":0,"treasure":null,"fall":""},{"name":"Tobi","count":4,"weight":0,"dead_end":false,"group":0,"treasure":null,"fall":""},{"name":"Tobi","count":4,"weight":0,"dead_end":false,"group":0,"treasure":null,"fall":""}],"treasures":[{"name":"baum_kuchen","count":1,"weight":0},{"name":"baum_kuchen","count":1,"weight":0},{"name":"baum_kuchen","count":1,"weight":0},{"name":"cookie_u","count":1,"weight":0},{"name":"cookie_u","count":1,"weight":0},{"name":"cookie_u","count":1,"weight":0},{"name":"cookie_u","count":1,"weight":0},{"name":"cookie","count":1,"weight":0},{"name":"cookie","count":1,"weight":0},{"name":"cookie","count":1,"weight":0},{"name":"cookie","count":1,"weight":0}],"gates":[]}],"content":null}