{"sublevels":[{"name":"Sublevel 1 - bruhborb","properties":{"unit":"3_units_cent_mid2_north_tsuchi.txt","max_rooms":4,"light":"sirohana_light_lv5.ini","music":"cavesoil_10_4.cnd","skybox":"none","corridor":0.0,"caps":80,"timer":0,"geyser":false,"clogged":true,"echo":0,"plane":false,"seesaw":false,"version":1,"max_entities":null,"max_trasures":null,"max_gates":null},"entities":[{"name":"Hanachirashi","count":2,"weight":0,"dead_end":false,"group":0,"treasure":null,"fall":""},{"name":"Hanachirashi","count":2,"weight":0,"dead_end":false,"group":1,"treasure":null,"fall":""},{"name":"OniKurage","count":1,"weight":0,"dead_end":false,"group":5,"treasure":null,"fall":""},{"name":"Chappy","count":10,"weight":0,"dead_end":false,"group":5,"treasure":null,"fall":"$4"},{"name":"Chappy","count":20,"weight":0,"dead_end":false,"group":6,"treasure":null,"fall":"$4"},{"name":"Kogane","count":1,"weight":0,"dead_end":false,"group":1,"treasure":null,"fall":""},{"name":"PanModoki","count":1,"weight":0,"dead_end":false,"group":0,"treasure":"cookie_s","fall":""},{"name":"Chappy","count":5,"weight":0,"dead_end":false,"group":0,"treasure":null,"fall":"$4"},{"name":"Damagumo","count":1,"weight":0,"dead_end":false,"group":1,"treasure":"key","fall":""},{"name":"Chappy","count":5,"weight":0,"dead_end":false,"group":1,"treasure":null,"fall":"$4"}],"treasures":[{"name":"gas","count":1,"weight":0}],"gates":[{"word":"gate","health":4000,"weight":1},{"word":"gate","health":4000,"weight":1}]},{"name":"Sublevel 2 - bouldbruh","properties":{"unit":"2_MAT_5x5_mid_kusachi.txt","max_rooms":3,"light":"tutorial_1_light.ini","music":"caveglass_10_0.cnd","skybox":"hiroba","corridor":0.0,"caps":90,"timer":0,"geyser":false,"clogged":false,"echo":0,"plane":true,"seesaw":false,"version":1,"max_entities":null,"max_trasures":null,"max_gates":null},"entities":[{"name":"Rock","count":40,"weight":0,"dead_end":false,"group":6,"treasure":null,"fall":"$"},{"name":"Fkabuto","count":10,"weight":0,"dead_end":false,"group":5,"treasure":null,"fall":""},{"name":"Rkabuto","count":1,"weight":0,"dead_end":false,"group":0,"treasure":"tape_blue","fall":""},{"name":"PanHouse","count":1,"weight":0,"dead_end":false,"group":1,"treasure":null,"fall":""},{"name":"Fart","count":1,"weight":0,"dead_end":false,"group":1,"treasure":"key","fall":""},{"name":"Egg","count":5,"weight":0,"dead_end":true,"group":0,"treasure":null,"fall":""},{"name":"MiniHoudai","count":9,"weight":0,"dead_end":true,"group":0,"treasure":null,"fall":"$2"},{"name":"SnakeWhole","count":1,"weight":0,"dead_end":false,"group":1,"treasure":null,"fall":""}],"treasures":[],"gates":[]},{"name":"Sublevel 3 - bruhboom","properties":{"unit":"4_units_a_b_c_d_conc.txt","max_rooms":4,"light":"vs_10_light.ini","music":"caveconc_00_0.cnd","skybox":"build","corridor":0.02,"caps":70,"timer":0,"geyser":false,"clogged":true,"echo":0,"plane":false,"seesaw":false,"version":1,"max_entities":null,"max_trasures":null,"max_gates":null},"entities":[{"name":"BombOtakara","count":30,"weight":0,"dead_end":false,"group":6,"treasure":null,"fall":""},{"name":"ElecOtakara","count":20,"weight":0,"dead_end":false,"group":5,"treasure":null,"fall":"$4"},{"name":"DangoMushi","count":1,"weight":0,"dead_end":false,"group":0,"treasure":"key","fall":""},{"name":"BombOtakara","count":10,"weight":0,"dead_end":false,"group":1,"treasure":null,"fall":"$2"},{"name":"BombOtakara","count":10,"weight":0,"dead_end":false,"group":0,"treasure":null,"fall":"$2"},{"name":"BlueChappy","count":10,"weight":0,"dead_end":true,"group":0,"treasure":null,"fall":"$"},{"name":"Bomb","count":1,"weight":0,"dead_end":false,"group":1,"treasure":null,"fall":""},{"name":"Bomb","count":1,"weight":0,"dead_end":false,"group":1,"treasure":null,"fall":""}],"treasures":[],"gates":[]},{"name":"Sublevel 4 - larvbruh","properties":{"unit":"1_units_large_toy.txt","max_rooms":1,"light":"suityu_light_lv1.ini","music":"cavetsumiki_00_0.cnd","skybox":"flooring","corridor":0.12,"caps":50,"timer":0,"geyser":false,"clogged":true,"echo":0,"plane":true,"seesaw":false,"version":1,"max_entities":null,"max_trasures":null,"max_gates":null},"entities":[{"name":"Queen","count":1,"weight":0,"dead_end":false,"group":5,"treasure":"yoyo_yellow","fall":""},{"name":"Baby","count":1,"weight":0,"dead_end":false,"group":5,"treasure":"key","fall":"$2"},{"name":"TamagoMushi","count":1,"weight":0,"dead_end":false,"group":5,"treasure":null,"fall":""},{"name":"TamagoMushi","count":1,"weight":0,"dead_end":false,"group":5,"treasure":null,"fall":""},{"name":"TamagoMushi","count":1,"weight":0,"dead_end":false,"group":5,"treasure":null,"fall":""},{"name":"Baby","count":10,"weight":0,"dead_end":false,"group":0,"treasure":null,"fall":""},{"name":"Baby","count":10,"weight":0,"dead_end":false,"group":1,"treasure":null,"fall":""},{"name":"Baby","count":10,"weight":0,"dead_end":false,"group":8,"treasure":null,"fall":""},{"name":"Demon","count":10,"weight":0,"dead_end":false,"group":6,"treasure":null,"fall":"$2"}],"treasures":[{"name":"doll","count":1,"weight":0},{"name":"doll","count":1,"weight":0}],"gates":[{"word":"gate","health":20000,"weight":1}]},{"name":"Sublevel 5 - bruhst floor","properties":{"unit":"4_units_a_d_e_h_conc.txt","max_rooms":3,"light":"metal_light_cha.ini","music":"caverelax.cnd","skybox":"none","corridor":0.0,"caps":50,"timer":100,"geyser":true,"clogged":false,"echo":0,"plane":false,"seesaw":false,"version":1,"max_entities":null,"max_trasures":null,"max_gates":null},"entities":[{"name":"RandPom","count":1,"weight":0,"dead_end":false,"group":1,"treasure":null,"fall":""},{"name":"RandPom","count":1,"weight":0,"dead_end":false,"group":1,"treasure":null,"fall":""},{"name":"KumaChappy","count":1,"weight":0,"dead_end":false,"group":5,"treasure":"momiji_normal","fall":"$2"},{"name":"ShijimiChou","count":1,"weight":0,"dead_end":false,"group":1,"treasure":null,"fall":""},{"name":"Egg","count":1,"weight":0,"dead_end":true,"group":0,"treasure":null,"fall":""},{"name":"Magaret","count":10,"weight":0,"dead_end":false,"group":6,"treasure":null,"fall":""},{"name":"Hana","count":1,"weight":0,"dead_end":false,"group":6,"treasure":null,"fall":""},{"name":"Magaret","count":10,"weight":0,"dead_end":false,"group":6,"treasure":null,"fall":""},{"name":"BlackMan","count":4,"weight":0,"dead_end":false,"group":0,"treasure":null,"fall":""},{"name":"BlackMan","count":4,"weight":0,"dead_end":false,"group":0,"treasure":null,"fall":""},{"name":"BlackMan","count":4,"weight":0,"dead_end":false,"group":0,"treasure":null,"fall":""},{"name":"Qurione","count":2,"weight":0,"dead_end":false,"group":1,"treasure":null,"fall":""},{"name":"Qurione","count":2,"weight":0,"dead_end":false,"group":1,"treasure":null,"fall":""}],"treasures":[{"name":"key","count":1,"weight":0}],"gates":[{"word":"gate","health":1,"weight":1},{"word":"gate","health":1,"weight":1},{"word":"gate","health":1,"weight":1},{"word":"gate","health":1,"weight":1},{"word":"gate","health":1,"weight":1}]},{"name":"Sublevel 6 - bruhddle","properties":{"unit":"1_units_ike4_tsuchi.txt","max_rooms":1,"light":"qchap_light.ini","music":"new_01_0.cnd","skybox":"none","corridor":0.12,"caps":50,"timer":0,"geyser":false,"clogged":true,"echo":0,"plane":false,"seesaw":false,"version":1,"max_entities":null,"max_trasures":null,"max_gates":null},"entities":[{"name":"BluePom","count":1,"weight":0,"dead_end":true,"group":0,"treasure":"key","fall":""},{"name":"SnakeCrow","count":1,"weight":0,"dead_end":false,"group":8,"treasure":null,"fall":""},{"name":"SnakeCrow","count":1,"weight":0,"dead_end":false,"group":8,"treasure":null,"fall":""},{"name":"Jigumo","count":1,"weight":0,"dead_end":false,"group":6,"treasure":null,"fall":""},{"name":"Jigumo","count":1,"weight":0,"dead_end":false,"group":6,"treasure":null,"fall":""},{"name":"Jigumo","count":1,"weight":0,"dead_end":false,"group":6,"treasure":null,"fall":""},{"name":"OniKurage","count":1,"weight":0,"dead_end":false,"group":1,"treasure":null,"fall":""},{"name":"Catfish","count":1,"weight":0,"dead_end":false,"group":0,"treasure":null,"fall":"$2"},{"name":"Catfish","count":1,"weight":0,"dead_end":false,"group":0,"treasure":null,"fall":"$2"},{"name":"Catfish","count":1,"weight":0,"dead_end":false,"group":0,"treasure":null,"fall":"$2"},{"name":"Catfish","count":1,"weight":0,"dead_end":false,"group":0,"treasure":null,"fall":"$2"},{"name":"Frog","count":5,"weight":0,"dead_end":false,"group":5,"treasure":null,"fall":"$2"},{"name":"MaroFrog","count":5,"weight":0,"dead_end":true,"group":0,"treasure":null,"fall":"$2"},{"name":"Kurage","count":1,"weight":0,"dead_end":true,"group":0,"treasure":null,"fall":""},{"name":"Kurage","count":1,"weight":0,"dead_end":true,"group":0,"treasure":null,"fall":""},{"name":"Tadpole","count":1,"weight":0,"dead_end":false,"group":1,"treasure":"key","fall":""},{"name":"Tadpole","count":10,"weight":0,"dead_end":false,"group":1,"treasure":null,"fall":""},{"name":"Tadpole","count":10,"weight":0,"dead_end":false,"group":0,"treasure":null,"fall":""},{"name":"Tadpole","count":10,"weight":0,"dead_end":false,"group":6,"treasure":null,"fall":""},{"name":"Tyre","count":1,"weight":0,"dead_end":true,"group":0,"treasure":null,"fall":""}],"treasures":[{"name":"diamond_blue_l","count":1,"weight":0}],"gates":[]},{"name":"Sublevel 7 - bruhbear","properties":{"unit":"1_MAT_hit224_cap_icap_metal.txt","max_rooms":15,"light":"sniper_light_lv0.ini","music":"cavemetal_05_2.cnd","skybox":"ice","corridor":0.0,"caps":10,"timer":0,"geyser":false,"clogged":true,"echo":0,"plane":true,"seesaw":false,"version":1,"max_entities":null,"max_trasures":null,"max_gates":null},"entities":[{"name":"KumaKochappy","count":20,"weight":0,"dead_end":false,"group":6,"treasure":null,"fall":""},{"name":"KumaKochappy","count":20,"weight":0,"dead_end":false,"group":5,"treasure":null,"fall":""},{"name":"KumaChappy","count":1,"weight":0,"dead_end":false,"group":1,"treasure":null,"fall":"$5"},{"name":"KumaChappy","count":1,"weight":0,"dead_end":false,"group":1,"treasure":null,"fall":"$5"},{"name":"KumaChappy","count":1,"weight":0,"dead_end":false,"group":1,"treasure":null,"fall":"$5"},{"name":"KumaChappy","count":1,"weight":0,"dead_end":false,"group":1,"treasure":null,"fall":"$5"},{"name":"KumaChappy","count":1,"weight":0,"dead_end":false,"group":0,"treasure":null,"fall":"$2"},{"name":"KumaChappy","count":1,"weight":0,"dead_end":false,"group":0,"treasure":null,"fall":"$2"},{"name":"KumaChappy","count":1,"weight":0,"dead_end":true,"group":0,"treasure":null,"fall":"$2"},{"name":"KumaChappy","count":1,"weight":0,"dead_end":true,"group":0,"treasure":null,"fall":"$2"},{"name":"KumaChappy","count":1,"weight":0,"dead_end":false,"group":0,"treasure":null,"fall":"$4"},{"name":"KumaChappy","count":1,"weight":0,"dead_end":false,"group":0,"treasure":null,"fall":"$4"},{"name":"KumaChappy","count":1,"weight":0,"dead_end":false,"group":1,"treasure":null,"fall":"$4"},{"name":"KumaChappy","count":1,"weight":0,"dead_end":false,"group":1,"treasure":null,"fall":"$4"}],"treasures":[{"name":"key","count":1,"weight":0}],"gates":[]},{"name":"Sublevel 8 - breadbruhg","properties":{"unit":"3_MAT_mid1_mid2_uzu1_snow.txt","max_rooms":4,"light":"toy_light_cha.ini","music":"new_00_0.cnd","skybox":"none","corridor":0.12,"caps":50,"timer":69,"geyser":true,"clogged":true,"echo":0,"plane":false,"seesaw":false,"version":1,"max_entities":null,"max_trasures":null,"max_gates":null},"entities":[{"name":"OoPanModoki","count":1,"weight":0,"dead_end":false,"group":1,"treasure":null,"fall":""},{"name":"OoPanModoki","count":1,"weight":0,"dead_end":false,"group":1,"treasure":null,"fall":""},{"name":"OoPanModoki","count":1,"weight":0,"dead_end":false,"group":1,"treasure":null,"fall":""},{"name":"PanModoki","count":4,"weight":0,"dead_end":false,"group":0,"treasure":null,"fall":""},{"name":"PanModoki","count":4,"weight":0,"dead_end":false,"group":0,"treasure":null,"fall":""},{"name":"PanModoki","count":1,"weight":0,"dead_end":false,"group":0,"treasure":"key","fall":""},{"name":"PanModoki","count":4,"weight":0,"dead_end":false,"group":0,"treasure":null,"fall":""},{"name":"PanModoki","count":4,"weight":0,"dead_end":false,"group":0,"treasure":null,"fall":""},{"name":"PanModoki","count":4,"weight":0,"dead_end":false,"group":0,"treasure":null,"fall":""},{"name":"MiniHoudai","count":20,"weight":0,"dead_end":false,"group":6,"treasure":null,"fall":"$4"},{"name":"FminiHoudai","count":20,"weight":0,"dead_end":false,"group":5,"treasure":null,"fall":"$4"}],"treasures":[{"name":"cookie_u","count":1,"weight":0},{"name":"cookie_u_l","count":1,"weight":0},{"name":"cookie","count":1,"weight":0},{"name":"cookie_m_l","count":1,"weight":0},{"name":"cookie_s_l","count":1,"weight":0},{"name":"chocolate","count":1,"weight":0},{"name":"chocolate_l","count":1,"weight":0},{"name":"chocoichigo","count":1,"weight":0},{"name":"chocowhite","count":1,"weight":0},{"name":"chocowhite_l","count":1,"weight":0},{"name":"donutschoco","count":1,"weight":0},{"name":"donutsichigo","count":1,"weight":0},{"name":"baum_kuchen","count":1,"weight":0},{"name":"baum_kuchen_s","count":1,"weight":0}],"gates":[]},{"name":"Sublevel 9 - bruhss fight","properties":{"unit":"1_units_tower_toy.txt","max_rooms":1,"light":"oootakara_light.ini","music":"cavemetal_05_2.cnd","skybox":"none","corridor":0.0,"caps":100,"timer":0,"geyser":false,"clogged":true,"echo":0,"plane":false,"seesaw":false,"version":1,"max_entities":null,"max_trasures":null,"max_gates":null},"entities":[{"name":"Houdai","count":1,"weight":0,"dead_end":false,"group":8,"treasure":"key","fall":""},{"name":"Mar","count":8,"weight":0,"dead_end":true,"group":0,"treasure":null,"fall":"$2"},{"name":"RandPom","count":1,"weight":0,"dead_end":true,"group":0,"treasure":null,"fall":""},{"name":"Kabuto","count":3,"weight":0,"dead_end":false,"group":1,"treasure":null,"fall":"$2"},{"name":"Kabuto","count":3,"weight":0,"dead_end":false,"group":1,"treasure":null,"fall":"$2"},{"name":"Demon","count":2,"weight":0,"dead_end":false,"group":0,"treasure":null,"fall":"$3"},{"name":"Demon","count":2,"weight":0,"dead_end":false,"group":0,"treasure":null,"fall":"$3"},{"name":"Fkabuto","count":1,"weight":0,"dead_end":false,"group":6,"treasure":null,"fall":""},{"name":"Mar","count":7,"weight":0,"dead_end":false,"group":6,"treasure":null,"fall":"$2"}],"treasures":[],"gates":[]},{"name":"Sublevel 10 - bruh momento grande","properties":{"unit":"all_units_tile.txt","max_rooms":6,"light":"forest_3_light.ini","music":"new_05_0.cnd","skybox":"none","corridor":0.0,"caps":50,"timer":0,"geyser":false,"clogged":false,"echo":0,"plane":false,"seesaw":false,"version":1,"max_entities":null,"max_trasures":null,"max_gates":null},"entities":[{"name":"Bomb","count":1,"weight":0,"dead_end":false,"group":1,"treasure":null,"fall":"$"},{"name":"Bomb","count":1,"weight":0,"dead_end":false,"group":1,"treasure":null,"fall":"$"},{"name":"Bomb","count":1,"weight":0,"dead_end":false,"group":1,"treasure":null,"fall":"$"},{"name":"Bomb","count":1,"weight":0,"dead_end":false,"group":1,"treasure":null,"fall":"$"},{"name":"Kochappy","count":1,"weight":0,"dead_end":false,"group":0,"treasure":"key","fall":""},{"name":"Rock","count":12,"weight":0,"dead_end":false,"group":5,"treasure":null,"fall":"$2"},{"name":"Rock","count":12,"weight":0,"dead_end":false,"group":6,"treasure":null,"fall":"$2"}],"treasures":[{"name":"ahiru_head","count":1,"weight":0},{"name":"ahiru_head","count":1,"weight":0},{"name":"ahiru_head","count":1,"weight":0},{"name":"ahiru_head","count":1,"weight":0},{"name":"ahiru_head","count":1,"weight":0},{"name":"ahiru_head","count":1,"weight":0},{"name":"ahiru_head","count":1,"weight":0},{"name":"ahiru_head","count":1,"weight":0},{"name":"ahiru_head","count":1,"weight":0}],"gates":[]},{"name":"Sublevel 11 - Final Bruh","properties":{"unit":"3_MAT_a_h_m_renga.txt","max_rooms":3,"light":"vs_6_light.ini","music":"new_06_0.cnd","skybox":"none","corridor":0.12,"caps":50,"timer":420,"geyser":false,"clogged":false,"echo":0,"plane":false,"seesaw":false,"version":1,"max_entities":null,"max_trasures":null,"max_gates":null},"entities":[{"name":"BigFoot","count":8,"weight":0,"dead_end":false,"group":5,"treasure":"key","fall":""},{"name":"KumaChappy","count":6,"weight":0,"dead_end":false,"group":1,"treasure":"key","fall":""},{"name":"LeafChappy","count":9,"weight":0,"dead_end":false,"group":0,"treasure":"key","fall":"$5"},{"name":"KumaChappy","count":6,"weight":0,"dead_end":false,"group":6,"treasure":"key","fall":""},{"name":"BlackMan","count":1,"weight":0,"dead_end":false,"group":1,"treasure":"key","fall":""}],"treasures":[{"name":"map01","count":1,"weight":0},{"name":"map01","count":1,"weight":0},{"name":"map01","count":1,"weight":0},{"name":"map02","count":1,"weight":0},{"name":"map02","count":1,"weight":0},{"name":"map02","count":1,"weight":0}],"gates":[]}],"content":null}