{"sublevels":[{"name":"Sublevel 1 - The Meeting","properties":{"unit":"3_ABE_5X5a_ike_mid_kusachi.txt","max_rooms":3,"light":"houdai_light.ini","music":"caveglass_00_0.cnd","skybox":"hiroba","corridor":0.01,"caps":50,"timer":0,"geyser":false,"clogged":false,"echo":0,"plane":true,"seesaw":false,"version":1,"max_entities":null,"max_trasures":null,"max_gates":null},"entities":[{"name":"Chappy","count":1,"weight":0,"dead_end":false,"group":0,"treasure":"key","fall":""},{"name":"Baby","count":1,"weight":0,"dead_end":false,"group":5,"treasure":"bird_hane","fall":"$"},{"name":"LeafChappy","count":1,"weight":0,"dead_end":false,"group":0,"treasure":"flower_blue","fall":""},{"name":"LeafChappy","count":1,"weight":0,"dead_end":false,"group":1,"treasure":"flower_blue","fall":""},{"name":"Baby","count":10,"weight":0,"dead_end":false,"group":6,"treasure":"bird_hane","fall":""},{"name":"Clover","count":10,"weight":0,"dead_end":false,"group":6,"treasure":null,"fall":""},{"name":"Ooinu_s","count":10,"weight":0,"dead_end":false,"group":6,"treasure":null,"fall":""}],"treasures":[{"name":"dia_a_green","count":1,"weight":0}],"gates":[]},{"name":"Sublevel 2 - Repeating","properties":{"unit":"3_ABE_5X5a_ike_mid_kusachi.txt","max_rooms":3,"light":"sniper_light_lv0.ini","music":"cavesoil_10_3.cnd","skybox":"hiroba","corridor":0.05,"caps":50,"timer":0,"geyser":false,"clogged":false,"echo":0,"plane":true,"seesaw":false,"version":1,"max_entities":null,"max_trasures":null,"max_gates":null},"entities":[{"name":"BlueChappy","count":1,"weight":0,"dead_end":false,"group":1,"treasure":"kinoko_tubu","fall":""},{"name":"BlueChappy","count":1,"weight":0,"dead_end":false,"group":0,"treasure":"kinoko_doku","fall":""},{"name":"Baby","count":10,"weight":0,"dead_end":false,"group":6,"treasure":"bird_hane","fall":""},{"name":"Ooinu_s","count":10,"weight":0,"dead_end":false,"group":6,"treasure":null,"fall":""},{"name":"Clover","count":10,"weight":0,"dead_end":false,"group":6,"treasure":null,"fall":""},{"name":"YellowChappy","count":1,"weight":0,"dead_end":false,"group":0,"treasure":"key","fall":""},{"name":"BlueChappy","count":1,"weight":0,"dead_end":false,"group":1,"treasure":"kinoko","fall":""},{"name":"Baby","count":2,"weight":0,"dead_end":false,"group":5,"treasure":"bird_hane","fall":"$4"}],"treasures":[{"name":"matu_bokkuri","count":1,"weight":0}],"gates":[]},{"name":"Sublevel 3 - Rest","properties":{"unit":"1_units_mid_kusachi.txt","max_rooms":2,"light":"vs_8_light.ini","music":"caverelax.cnd","skybox":"hiroba","corridor":0.0,"caps":50,"timer":0,"geyser":false,"clogged":false,"echo":0,"plane":true,"seesaw":false,"version":1,"max_entities":null,"max_trasures":null,"max_gates":null},"entities":[{"name":"BlackPom","count":2,"weight":0,"dead_end":false,"group":0,"treasure":null,"fall":""},{"name":"BlackPom","count":1,"weight":0,"dead_end":true,"group":0,"treasure":null,"fall":""},{"name":"Ooinu_s","count":10,"weight":0,"dead_end":false,"group":6,"treasure":null,"fall":""},{"name":"Clover","count":10,"weight":0,"dead_end":false,"group":6,"treasure":null,"fall":""},{"name":"BlackPom","count":2,"weight":0,"dead_end":false,"group":1,"treasure":null,"fall":""},{"name":"BlackPom","count":1,"weight":0,"dead_end":true,"group":0,"treasure":null,"fall":""},{"name":"Egg","count":3,"weight":0,"dead_end":false,"group":5,"treasure":null,"fall":""}],"treasures":[{"name":"key","count":1,"weight":0}],"gates":[]},{"name":"Sublevel 4 - Revenge","properties":{"unit":"all_units_kusachi.txt","max_rooms":3,"light":"jyoou_light_lv0.ini","music":"caveconc_05_0.cnd","skybox":"hiroba","corridor":0.0,"caps":50,"timer":0,"geyser":false,"clogged":false,"echo":0,"plane":true,"seesaw":false,"version":1,"max_entities":null,"max_trasures":null,"max_gates":null},"entities":[{"name":"KumaChappy","count":1,"weight":0,"dead_end":false,"group":0,"treasure":"key","fall":""},{"name":"YellowChappy","count":3,"weight":0,"dead_end":false,"group":0,"treasure":"medama_yaki","fall":""},{"name":"YellowChappy","count":2,"weight":0,"dead_end":false,"group":0,"treasure":"j_block_white","fall":""},{"name":"Chappy","count":2,"weight":0,"dead_end":false,"group":1,"treasure":"j_block_red","fall":""},{"name":"Chappy","count":4,"weight":0,"dead_end":false,"group":1,"treasure":"ichigo_l","fall":""},{"name":"Clover","count":10,"weight":0,"dead_end":false,"group":6,"treasure":null,"fall":""},{"name":"KareOoinu_s","count":10,"weight":0,"dead_end":false,"group":6,"treasure":null,"fall":""},{"name":"Baby","count":1,"weight":0,"dead_end":false,"group":5,"treasure":"bird_hane","fall":"$5"},{"name":"Baby","count":10,"weight":0,"dead_end":false,"group":6,"treasure":"bird_hane","fall":""},{"name":"Baby","count":2,"weight":0,"dead_end":false,"group":5,"treasure":"bird_hane","fall":"$"}],"treasures":[{"name":"flower_red","count":1,"weight":0}],"gates":[]}],"content":null}