{"sublevels":[{"name":"Sublevel 1 - The Intro","properties":{"unit":"3_units_f_k_pypes_conc.txt","max_rooms":3,"light":"sirohana_light_lv0.ini","music":"cavesoil_00_0.cnd","skybox":"none","corridor":0.1,"caps":50,"timer":0,"geyser":false,"clogged":false,"echo":0,"plane":false,"seesaw":false,"version":1,"max_entities":null,"max_trasures":null,"max_gates":null},"entities":[{"name":"ElecHiba","count":3,"weight":0,"dead_end":true,"group":0,"treasure":null,"fall":""},{"name":"Kurage","count":3,"weight":0,"dead_end":false,"group":0,"treasure":"milk_cap","fall":""},{"name":"Hana","count":3,"weight":0,"dead_end":false,"group":1,"treasure":"dia_a_red","fall":""},{"name":"PanModoki","count":10,"weight":0,"dead_end":false,"group":6,"treasure":"kan_maruha","fall":""},{"name":"Frog","count":10,"weight":0,"dead_end":false,"group":6,"treasure":"denchi_3_red","fall":"$4"}],"treasures":[{"name":"key","count":1,"weight":0},{"name":"watch","count":1,"weight":0},{"name":"denchi_1_black","count":1,"weight":0}],"gates":[]},{"name":"Sublevel 2","properties":{"unit":"1_ABE_mid1_metal.txt","max_rooms":1,"light":"sirohana_light_lv1.ini","music":"caveconc_00_0.cnd","skybox":"build","corridor":1.0,"caps":50,"timer":0,"geyser":false,"clogged":false,"echo":0,"plane":false,"seesaw":false,"version":1,"max_entities":null,"max_trasures":null,"max_gates":null},"entities":[{"name":"Damagumo","count":1,"weight":0,"dead_end":false,"group":0,"treasure":"key","fall":""},{"name":"Catfish","count":7,"weight":0,"dead_end":false,"group":1,"treasure":"diamond_blue_l","fall":""},{"name":"Chiyogami","count":30,"weight":0,"dead_end":false,"group":6,"treasure":null,"fall":""}],"treasures":[],"gates":[]},{"name":"Sublevel 3","properties":{"unit":"1_units_bunki_tile.txt","max_rooms":1,"light":"sirohana_light_lv2.ini","music":"caveconc_05_0.cnd","skybox":"none","corridor":0.3,"caps":50,"timer":0,"geyser":false,"clogged":false,"echo":0,"plane":false,"seesaw":true,"version":1,"max_entities":null,"max_trasures":null,"max_gates":null},"entities":[{"name":"Chiyogami","count":30,"weight":0,"dead_end":false,"group":6,"treasure":null,"fall":""},{"name":"Hanachirashi","count":3,"weight":0,"dead_end":false,"group":0,"treasure":null,"fall":""},{"name":"Hana","count":3,"weight":0,"dead_end":false,"group":1,"treasure":null,"fall":""},{"name":"Baby","count":1,"weight":0,"dead_end":true,"group":0,"treasure":null,"fall":"$"},{"name":"Baby","count":1,"weight":0,"dead_end":true,"group":0,"treasure":null,"fall":"$4"}],"treasures":[{"name":"key","count":1,"weight":0},{"name":"wadou_kaichin","count":1,"weight":0},{"name":"kan_b_silver","count":1,"weight":0}],"gates":[]},{"name":"Sublevel 4","properties":{"unit":"2_ABE_a_dry_tile.txt","max_rooms":4,"light":"normal_light_lv3.ini","music":"caveconc_10_0.cnd","skybox":"none","corridor":0.1,"caps":80,"timer":0,"geyser":false,"clogged":false,"echo":0,"plane":false,"seesaw":false,"version":1,"max_entities":null,"max_trasures":null,"max_gates":null},"entities":[{"name":"Baby","count":54,"weight":0,"dead_end":false,"group":0,"treasure":null,"fall":"$"},{"name":"ElecOtakara","count":2,"weight":0,"dead_end":false,"group":1,"treasure":null,"fall":"$4"}],"treasures":[{"name":"gold_medal","count":1,"weight":0},{"name":"key","count":1,"weight":0},{"name":"cookie","count":1,"weight":0}],"gates":[{"word":"gate","health":1000,"weight":1},{"word":"gate","health":1000,"weight":1},{"word":"gate","health":1000,"weight":1}]},{"name":"Sublevel 5","properties":{"unit":"3_MAT_d_g_m_renga.txt","max_rooms":3,"light":"sirohana_light_lv4.ini","music":"caveconc_05_0.cnd","skybox":"none","corridor":0.2,"caps":50,"timer":0,"geyser":false,"clogged":false,"echo":0,"plane":false,"seesaw":false,"version":1,"max_entities":null,"max_trasures":null,"max_gates":null},"entities":[{"name":"SnakeWhole","count":2,"weight":0,"dead_end":false,"group":0,"treasure":"j_block_white","fall":"$4"},{"name":"MiniHoudai","count":2,"weight":0,"dead_end":false,"group":1,"treasure":"bolt","fall":"$4"},{"name":"LeafChappy","count":1,"weight":0,"dead_end":false,"group":1,"treasure":"key","fall":""},{"name":"ShijimiChou","count":1,"weight":0,"dead_end":false,"group":0,"treasure":null,"fall":""},{"name":"ShijimiChou","count":1,"weight":0,"dead_end":false,"group":1,"treasure":null,"fall":""}],"treasures":[],"gates":[]},{"name":"Sublevel 6","properties":{"unit":"1_units_mid2_tsuchi.txt","max_rooms":2,"light":"sirohana_light_lv5.ini","music":"cavetile_00_0.cnd","skybox":"none","corridor":0.0,"caps":50,"timer":0,"geyser":false,"clogged":false,"echo":0,"plane":false,"seesaw":false,"version":1,"max_entities":null,"max_trasures":null,"max_gates":null},"entities":[{"name":"FireChappy","count":7,"weight":0,"dead_end":false,"group":0,"treasure":"doll","fall":""},{"name":"PanModoki","count":5,"weight":0,"dead_end":true,"group":0,"treasure":"gum_tape","fall":""},{"name":"Qurione","count":3,"weight":0,"dead_end":false,"group":1,"treasure":null,"fall":""}],"treasures":[{"name":"key","count":1,"weight":0}],"gates":[]},{"name":"Sublevel 7","properties":{"unit":"2_ABE_bunki_manp_tile.txt","max_rooms":2,"light":"sniper_light_lv0.ini","music":"new_08_0.cnd","skybox":"none","corridor":0.3,"caps":50,"timer":0,"geyser":false,"clogged":false,"echo":0,"plane":false,"seesaw":true,"version":1,"max_entities":null,"max_trasures":null,"max_gates":null},"entities":[{"name":"DangoMushi","count":3,"weight":0,"dead_end":false,"group":0,"treasure":"halloween","fall":""},{"name":"SnakeWhole","count":1,"weight":0,"dead_end":false,"group":1,"treasure":"key","fall":""},{"name":"SnakeWhole","count":1,"weight":0,"dead_end":false,"group":1,"treasure":"bey_goma","fall":""}],"treasures":[],"gates":[]}],"content":null}