{"sublevels":[{"name":"Sublevel 1","properties":{"unit":"4_SAM_hit1_hit2_hit4_ike2_tsuchi.txt","max_rooms":4,"light":"very_dark_light.ini","music":"cavesoil_10_3.cnd","skybox":"none","corridor":0.2,"caps":50,"timer":150,"geyser":false,"clogged":false,"echo":0,"plane":false,"seesaw":false,"version":1,"max_entities":11,"max_trasures":null,"max_gates":null},"entities":[{"name":"BlackMan","count":1,"weight":0,"dead_end":false,"group":0,"treasure":null,"fall":""},{"name":"FireChappy","count":1,"weight":0,"dead_end":false,"group":8,"treasure":"key","fall":""},{"name":"Catfish","count":3,"weight":0,"dead_end":false,"group":1,"treasure":"cookie","fall":""},{"name":"Catfish","count":3,"weight":0,"dead_end":false,"group":1,"treasure":"cookie","fall":""},{"name":"Catfish","count":3,"weight":0,"dead_end":false,"group":1,"treasure":"cookie","fall":""},{"name":"Zenmai","count":4,"weight":0,"dead_end":false,"group":6,"treasure":null,"fall":""},{"name":"Wakame_l","count":6,"weight":0,"dead_end":false,"group":6,"treasure":null,"fall":""}],"treasures":[{"name":"kinoko","count":1,"weight":0},{"name":"kinoko_tubu","count":1,"weight":0},{"name":"flower_blue","count":1,"weight":0},{"name":"chocoichigo_l","count":1,"weight":0}],"gates":[{"word":"gate","health":4000,"weight":1},{"word":"gate","health":4000,"weight":1},{"word":"gate","health":4000,"weight":1},{"word":"gate","health":4000,"weight":1},{"word":"gate","health":4000,"weight":1},{"word":"gate","health":4000,"weight":1}]},{"name":"Sublevel 2","properties":{"unit":"3_SAM_cent_mid1_uzutop_tsuchi.txt","max_rooms":3,"light":"very_dark_light.ini","music":"cavesoil_00_3.cnd","skybox":"none","corridor":0.1,"caps":50,"timer":150,"geyser":false,"clogged":false,"echo":0,"plane":false,"seesaw":false,"version":1,"max_entities":14,"max_trasures":null,"max_gates":null},"entities":[{"name":"BlackMan","count":1,"weight":0,"dead_end":false,"group":0,"treasure":null,"fall":""},{"name":"Hiba","count":5,"weight":0,"dead_end":false,"group":5,"treasure":null,"fall":""},{"name":"Hiba","count":1,"weight":0,"dead_end":false,"group":0,"treasure":null,"fall":""},{"name":"Hiba","count":1,"weight":0,"dead_end":false,"group":0,"treasure":null,"fall":""},{"name":"Hiba","count":1,"weight":0,"dead_end":false,"group":1,"treasure":null,"fall":""},{"name":"Hiba","count":1,"weight":0,"dead_end":false,"group":1,"treasure":null,"fall":""},{"name":"Catfish","count":2,"weight":0,"dead_end":false,"group":0,"treasure":"milk_cap","fall":""},{"name":"Catfish","count":2,"weight":0,"dead_end":false,"group":1,"treasure":"cookie","fall":""},{"name":"MaroFrog","count":1,"weight":0,"dead_end":false,"group":0,"treasure":"ichigo","fall":""},{"name":"MaroFrog","count":1,"weight":0,"dead_end":false,"group":1,"treasure":"dia_a_red","fall":""},{"name":"Zenmai","count":6,"weight":0,"dead_end":false,"group":6,"treasure":null,"fall":""},{"name":"KareOoinu_s","count":4,"weight":0,"dead_end":false,"group":6,"treasure":null,"fall":""}],"treasures":[{"name":"key","count":1,"weight":0}],"gates":[]},{"name":"Sublevel 3","properties":{"unit":"3_SAM_ike2_ike3_hit3_tsuchi.txt","max_rooms":3,"light":"very_dark_light.ini","music":"cavesoil_05_1.cnd","skybox":"none","corridor":0.4,"caps":50,"timer":150,"geyser":false,"clogged":false,"echo":0,"plane":false,"seesaw":false,"version":1,"max_entities":7,"max_trasures":null,"max_gates":null},"entities":[{"name":"Kabuto","count":1,"weight":0,"dead_end":false,"group":0,"treasure":"turi_uki","fall":""},{"name":"Tank","count":1,"weight":0,"dead_end":false,"group":1,"treasure":"cookie","fall":""},{"name":"MaroFrog","count":1,"weight":0,"dead_end":false,"group":1,"treasure":"key","fall":""},{"name":"BlackMan","count":1,"weight":0,"dead_end":false,"group":0,"treasure":null,"fall":""},{"name":"Tank","count":1,"weight":0,"dead_end":false,"group":1,"treasure":"donguri_l","fall":""},{"name":"Kabuto","count":1,"weight":0,"dead_end":false,"group":0,"treasure":"kan_iwate","fall":""},{"name":"Kabuto","count":1,"weight":0,"dead_end":false,"group":0,"treasure":"apple","fall":""},{"name":"KareOoinu_s","count":4,"weight":0,"dead_end":false,"group":6,"treasure":null,"fall":""},{"name":"Clover","count":4,"weight":0,"dead_end":false,"group":6,"treasure":null,"fall":""}],"treasures":[{"name":"kinoko","count":1,"weight":0},{"name":"kan_meidiya","count":1,"weight":0},{"name":"g_futa_kajiwara","count":1,"weight":0}],"gates":[{"word":"gate","health":4000,"weight":1}]},{"name":"Sublevel 4","properties":{"unit":"3_SAM_a_g_m_conc.txt","max_rooms":5,"light":"very_dark_light.ini","music":"caveconc_00_1.cnd","skybox":"none","corridor":0.5,"caps":100,"timer":30,"geyser":false,"clogged":false,"echo":0,"plane":false,"seesaw":false,"version":1,"max_entities":8,"max_trasures":null,"max_gates":null},"entities":[{"name":"BlackMan","count":1,"weight":0,"dead_end":false,"group":0,"treasure":null,"fall":""},{"name":"BlackMan","count":1,"weight":0,"dead_end":false,"group":0,"treasure":null,"fall":""},{"name":"BlackMan","count":1,"weight":0,"dead_end":false,"group":0,"treasure":null,"fall":""},{"name":"Egg","count":3,"weight":0,"dead_end":true,"group":0,"treasure":null,"fall":""},{"name":"WhitePom","count":2,"weight":0,"dead_end":true,"group":0,"treasure":null,"fall":""},{"name":"KareOoinu_l","count":3,"weight":0,"dead_end":false,"group":6,"treasure":null,"fall":""},{"name":"Tukushi","count":7,"weight":0,"dead_end":false,"group":6,"treasure":null,"fall":""}],"treasures":[{"name":"key","count":1,"weight":0},{"name":"dia_c_red","count":1,"weight":0},{"name":"chess_king_white","count":1,"weight":0},{"name":"cookie_m_l","count":1,"weight":0},{"name":"momiji_red","count":1,"weight":0},{"name":"chess_king_black","count":1,"weight":0}],"gates":[]}],"content":null}