{"sublevels":[{"name":"Sublevel 1","properties":{"unit":"3_units_h_k_pypes_conc.txt","max_rooms":3,"light":"normal_light_lv2.ini","music":"cavetile_00_0.cnd","skybox":"none","corridor":0.12,"caps":50,"timer":320,"geyser":false,"clogged":true,"echo":0,"plane":false,"seesaw":false,"version":1,"max_entities":null,"max_trasures":null,"max_gates":null},"entities":[{"name":"BlackMan","count":1,"weight":0,"dead_end":false,"group":1,"treasure":"flask","fall":""},{"name":"Chappy","count":1,"weight":0,"dead_end":false,"group":1,"treasure":"key","fall":""},{"name":"Hana","count":2,"weight":0,"dead_end":false,"group":6,"treasure":"gold_medal","fall":""},{"name":"Magaret","count":7,"weight":0,"dead_end":false,"group":6,"treasure":null,"fall":""},{"name":"Kochappy","count":2,"weight":0,"dead_end":false,"group":0,"treasure":"silver_medal","fall":""},{"name":"Kochappy","count":1,"weight":0,"dead_end":false,"group":0,"treasure":"silver_medal","fall":""},{"name":"Catfish","count":1,"weight":0,"dead_end":false,"group":1,"treasure":"silver_medal","fall":""},{"name":"BombOtakara","count":3,"weight":0,"dead_end":false,"group":8,"treasure":null,"fall":""}],"treasures":[{"name":"denchi_3_red","count":1,"weight":0},{"name":"kan_b_silver","count":1,"weight":0}],"gates":[{"word":"gate","health":4000,"weight":1}]},{"name":"Sublevel 2","properties":{"unit":"3_MAT_nor4_ike1_ike2_tsuchi.txt","max_rooms":3,"light":"normal_light_lv1.ini","music":"new_05_0.cnd","skybox":"none","corridor":0.12,"caps":50,"timer":320,"geyser":false,"clogged":false,"echo":0,"plane":false,"seesaw":false,"version":1,"max_entities":null,"max_trasures":null,"max_gates":null},"entities":[{"name":"FireChappy","count":1,"weight":0,"dead_end":false,"group":1,"treasure":"key","fall":""},{"name":"LeafChappy","count":1,"weight":0,"dead_end":false,"group":1,"treasure":"silver_medal","fall":""},{"name":"Catfish","count":3,"weight":0,"dead_end":false,"group":0,"treasure":"silver_medal","fall":""},{"name":"Hiba","count":5,"weight":0,"dead_end":false,"group":5,"treasure":null,"fall":""},{"name":"Wakame_s","count":4,"weight":0,"dead_end":false,"group":6,"treasure":null,"fall":""},{"name":"Wakame_l","count":4,"weight":0,"dead_end":false,"group":6,"treasure":null,"fall":""},{"name":"BlackMan","count":1,"weight":0,"dead_end":false,"group":1,"treasure":"gold_medal","fall":""}],"treasures":[{"name":"dia_c_blue","count":1,"weight":0},{"name":"flower_red","count":1,"weight":0}],"gates":[{"word":"gate","health":4000,"weight":1}]},{"name":"Sublevel 3","properties":{"unit":"1_units_ike4_tsuchi.txt","max_rooms":1,"light":"normal_light_lv4.ini","music":"new_05_0.cnd","skybox":"none","corridor":0.12,"caps":50,"timer":30,"geyser":true,"clogged":false,"echo":0,"plane":false,"seesaw":false,"version":1,"max_entities":null,"max_trasures":null,"max_gates":null},"entities":[{"name":"BlackMan","count":1,"weight":0,"dead_end":false,"group":8,"treasure":"key","fall":""},{"name":"BlackPom","count":3,"weight":0,"dead_end":false,"group":6,"treasure":null,"fall":""},{"name":"BlackPom","count":1,"weight":0,"dead_end":false,"group":6,"treasure":null,"fall":""},{"name":"Frog","count":1,"weight":0,"dead_end":false,"group":1,"treasure":"gold_medal","fall":""},{"name":"Miulin","count":1,"weight":0,"dead_end":false,"group":0,"treasure":"gold_medal","fall":""},{"name":"KumaKochappy","count":5,"weight":0,"dead_end":false,"group":0,"treasure":"gold_medal","fall":""},{"name":"Wakame_s","count":3,"weight":0,"dead_end":false,"group":0,"treasure":null,"fall":""},{"name":"Wakame_s","count":5,"weight":0,"dead_end":false,"group":6,"treasure":null,"fall":""},{"name":"UmiMushiBlind","count":1,"weight":0,"dead_end":false,"group":8,"treasure":"gold_medal","fall":""}],"treasures":[],"gates":[]}],"content":null}