{"sublevels":[{"name":"Sublevel 1 - Floral Garden","properties":{"unit":"1_MIYA_big_kusachi.txt","max_rooms":3,"light":"toy_light_cha.ini","music":"cavesoil_05_0.cnd","skybox":"hiroba","corridor":0.12,"caps":100,"timer":0,"geyser":false,"clogged":false,"echo":0,"plane":true,"seesaw":false,"version":1,"max_entities":null,"max_trasures":null,"max_gates":null},"entities":[{"name":"Sokkuri","count":1,"weight":0,"dead_end":false,"group":0,"treasure":"momiji_normal","fall":""},{"name":"Sokkuri","count":1,"weight":0,"dead_end":false,"group":1,"treasure":"flower_blue","fall":""},{"name":"Sokkuri","count":1,"weight":0,"dead_end":false,"group":1,"treasure":"matu_bokkuri","fall":""},{"name":"Ooinu_l","count":2,"weight":0,"dead_end":false,"group":6,"treasure":null,"fall":""},{"name":"Ooinu_s","count":5,"weight":0,"dead_end":false,"group":6,"treasure":null,"fall":""},{"name":"Wakame_s","count":10,"weight":0,"dead_end":false,"group":6,"treasure":null,"fall":""},{"name":"Wakame_l","count":4,"weight":0,"dead_end":false,"group":6,"treasure":null,"fall":""},{"name":"Clover","count":5,"weight":0,"dead_end":false,"group":6,"treasure":null,"fall":""},{"name":"Tanpopo","count":3,"weight":0,"dead_end":false,"group":6,"treasure":null,"fall":""},{"name":"Watage","count":2,"weight":0,"dead_end":false,"group":6,"treasure":null,"fall":""},{"name":"Magaret","count":8,"weight":0,"dead_end":false,"group":6,"treasure":null,"fall":""},{"name":"Hana","count":1,"weight":0,"dead_end":false,"group":0,"treasure":null,"fall":""},{"name":"Hana","count":2,"weight":0,"dead_end":false,"group":1,"treasure":null,"fall":""},{"name":"Sokkuri","count":5,"weight":0,"dead_end":false,"group":6,"treasure":null,"fall":""},{"name":"Sokkuri","count":2,"weight":0,"dead_end":false,"group":0,"treasure":null,"fall":""},{"name":"Sokkuri","count":2,"weight":0,"dead_end":false,"group":1,"treasure":null,"fall":""},{"name":"ShijimiChou","count":15,"weight":0,"dead_end":false,"group":6,"treasure":null,"fall":""},{"name":"Sokkuri","count":1,"weight":0,"dead_end":false,"group":0,"treasure":"key","fall":""},{"name":"Hana","count":2,"weight":0,"dead_end":false,"group":0,"treasure":null,"fall":""},{"name":"Hana","count":3,"weight":0,"dead_end":false,"group":1,"treasure":null,"fall":""},{"name":"Magaret","count":2,"weight":0,"dead_end":false,"group":0,"treasure":null,"fall":""},{"name":"Magaret","count":2,"weight":0,"dead_end":false,"group":0,"treasure":null,"fall":""},{"name":"Magaret","count":2,"weight":0,"dead_end":false,"group":1,"treasure":null,"fall":""},{"name":"Magaret","count":1,"weight":0,"dead_end":false,"group":1,"treasure":null,"fall":""},{"name":"Magaret","count":1,"weight":0,"dead_end":false,"group":1,"treasure":null,"fall":""},{"name":"Magaret","count":1,"weight":0,"dead_end":false,"group":0,"treasure":null,"fall":""}],"treasures":[],"gates":[{"word":"gate","health":1000,"weight":1}]},{"name":"Sublevel 2 - Electronic Empire","properties":{"unit":"1_ABE_vshit67_toy.txt","max_rooms":2,"light":"toy_light_cha.ini","music":"cavesoil_05_0.cnd","skybox":"flooring","corridor":0.12,"caps":100,"timer":0,"geyser":false,"clogged":false,"echo":0,"plane":true,"seesaw":false,"version":1,"max_entities":null,"max_trasures":null,"max_gates":null},"entities":[{"name":"ElecBug","count":2,"weight":0,"dead_end":false,"group":0,"treasure":null,"fall":""},{"name":"ElecBug","count":2,"weight":0,"dead_end":false,"group":0,"treasure":null,"fall":""},{"name":"ElecBug","count":2,"weight":0,"dead_end":false,"group":1,"treasure":null,"fall":""},{"name":"ElecOtakara","count":1,"weight":0,"dead_end":false,"group":1,"treasure":null,"fall":""},{"name":"ElecOtakara","count":1,"weight":0,"dead_end":false,"group":1,"treasure":null,"fall":""},{"name":"ElecOtakara","count":1,"weight":0,"dead_end":false,"group":0,"treasure":null,"fall":""},{"name":"ElecHiba","count":3,"weight":0,"dead_end":false,"group":5,"treasure":null,"fall":""},{"name":"Sarai","count":1,"weight":0,"dead_end":false,"group":1,"treasure":null,"fall":""},{"name":"Sarai","count":1,"weight":0,"dead_end":false,"group":0,"treasure":null,"fall":""},{"name":"Demon","count":1,"weight":0,"dead_end":false,"group":0,"treasure":null,"fall":""}],"treasures":[{"name":"donutsichigo_s","count":1,"weight":0},{"name":"denchi_3_red","count":1,"weight":0},{"name":"suit_powerup","count":1,"weight":0},{"name":"key","count":1,"weight":0}],"gates":[]},{"name":"Sublevel 3 - Balloon Bastion","properties":{"unit":"1_NARI_hit6x7_toy.txt","max_rooms":3,"light":"toy_light_cha.ini","music":"cavesoil_05_0.cnd","skybox":"flooring","corridor":0.12,"caps":50,"timer":0,"geyser":false,"clogged":false,"echo":0,"plane":true,"seesaw":false,"version":1,"max_entities":null,"max_trasures":null,"max_gates":null},"entities":[{"name":"Qurione","count":2,"weight":0,"dead_end":false,"group":0,"treasure":null,"fall":""},{"name":"Qurione","count":1,"weight":0,"dead_end":false,"group":1,"treasure":null,"fall":""},{"name":"Chiyogami","count":3,"weight":0,"dead_end":false,"group":6,"treasure":null,"fall":""},{"name":"Kurage","count":2,"weight":0,"dead_end":false,"group":0,"treasure":null,"fall":"$"},{"name":"Kurage","count":2,"weight":0,"dead_end":false,"group":1,"treasure":null,"fall":"$"},{"name":"Kurage","count":1,"weight":0,"dead_end":false,"group":0,"treasure":null,"fall":"$"},{"name":"Kurage","count":1,"weight":0,"dead_end":false,"group":1,"treasure":null,"fall":"$"},{"name":"Mar","count":1,"weight":0,"dead_end":false,"group":1,"treasure":"bird_hane","fall":"$"},{"name":"Hanachirashi","count":2,"weight":0,"dead_end":false,"group":0,"treasure":null,"fall":"$"},{"name":"Hanachirashi","count":1,"weight":0,"dead_end":false,"group":0,"treasure":null,"fall":"$"},{"name":"Hanachirashi","count":1,"weight":0,"dead_end":false,"group":0,"treasure":null,"fall":"$"},{"name":"BombSarai","count":2,"weight":0,"dead_end":false,"group":1,"treasure":null,"fall":"$"},{"name":"BombSarai","count":1,"weight":0,"dead_end":false,"group":1,"treasure":null,"fall":"$"},{"name":"BombSarai","count":1,"weight":0,"dead_end":false,"group":0,"treasure":null,"fall":"$"},{"name":"BombSarai","count":1,"weight":0,"dead_end":false,"group":0,"treasure":null,"fall":"$"},{"name":"OniKurage","count":1,"weight":0,"dead_end":false,"group":1,"treasure":"be_dama_blue_l","fall":"$"}],"treasures":[{"name":"be_dama_red","count":1,"weight":0},{"name":"be_dama_red_l","count":1,"weight":0},{"name":"be_dama_yellow_l","count":1,"weight":0},{"name":"be_dama_yellow","count":1,"weight":0},{"name":"be_dama_blue","count":1,"weight":0},{"name":"key","count":1,"weight":0}],"gates":[{"word":"gate","health":1000,"weight":1},{"word":"gate","health":2000,"weight":1}]},{"name":"Sublevel 4 - Musical Mansion","properties":{"unit":"1_MAT_tower2_toy.txt","max_rooms":3,"light":"toy_light_cha.ini","music":"cavesoil_05_0.cnd","skybox":"flooring","corridor":0.12,"caps":50,"timer":0,"geyser":false,"clogged":false,"echo":0,"plane":true,"seesaw":false,"version":1,"max_entities":null,"max_trasures":null,"max_gates":null},"entities":[{"name":"FminiHoudai","count":1,"weight":0,"dead_end":false,"group":8,"treasure":"compact","fall":""},{"name":"MiniHoudai","count":1,"weight":0,"dead_end":false,"group":0,"treasure":null,"fall":""},{"name":"Fuefuki","count":1,"weight":0,"dead_end":false,"group":0,"treasure":"whistle","fall":""},{"name":"Fuefuki","count":1,"weight":0,"dead_end":false,"group":1,"treasure":null,"fall":""},{"name":"BombOtakara","count":2,"weight":0,"dead_end":false,"group":1,"treasure":null,"fall":""},{"name":"BombOtakara","count":2,"weight":0,"dead_end":false,"group":5,"treasure":null,"fall":""},{"name":"Miulin","count":1,"weight":0,"dead_end":false,"group":1,"treasure":"castanets","fall":""},{"name":"Bomb","count":4,"weight":0,"dead_end":false,"group":5,"treasure":null,"fall":""},{"name":"Bomb","count":2,"weight":0,"dead_end":false,"group":5,"treasure":null,"fall":"$"},{"name":"Chiyogami","count":2,"weight":0,"dead_end":false,"group":5,"treasure":null,"fall":""},{"name":"BombOtakara","count":1,"weight":0,"dead_end":false,"group":5,"treasure":null,"fall":""},{"name":"BombOtakara","count":1,"weight":0,"dead_end":false,"group":5,"treasure":null,"fall":""},{"name":"BombOtakara","count":1,"weight":0,"dead_end":false,"group":5,"treasure":null,"fall":""}],"treasures":[{"name":"bell_red","count":1,"weight":0},{"name":"key","count":1,"weight":0}],"gates":[]},{"name":"Sublevel 5 - Rest","properties":{"unit":"2_units_small2_mid2_toy.txt","max_rooms":1,"light":"toy_light_cha.ini","music":"cavesoil_05_0.cnd","skybox":"flooring","corridor":0.12,"caps":50,"timer":0,"geyser":true,"clogged":false,"echo":0,"plane":true,"seesaw":false,"version":1,"max_entities":null,"max_trasures":null,"max_gates":null},"entities":[{"name":"BlackPom","count":1,"weight":0,"dead_end":false,"group":0,"treasure":null,"fall":""},{"name":"WhitePom","count":1,"weight":0,"dead_end":false,"group":0,"treasure":null,"fall":""},{"name":"RandPom","count":2,"weight":0,"dead_end":false,"group":1,"treasure":null,"fall":""},{"name":"Kogane","count":1,"weight":0,"dead_end":false,"group":0,"treasure":null,"fall":""},{"name":"Kogane","count":1,"weight":0,"dead_end":false,"group":1,"treasure":null,"fall":""},{"name":"Egg","count":3,"weight":0,"dead_end":false,"group":5,"treasure":null,"fall":""}],"treasures":[{"name":"key","count":1,"weight":0}],"gates":[]},{"name":"Sublevel 6 - Crushing Cavern","properties":{"unit":"2_units_sara_sara2_toy.txt","max_rooms":3,"light":"toy_light_cha.ini","music":"cavesoil_05_0.cnd","skybox":"flooring","corridor":0.12,"caps":50,"timer":0,"geyser":false,"clogged":false,"echo":0,"plane":true,"seesaw":false,"version":1,"max_entities":null,"max_trasures":null,"max_gates":null},"entities":[{"name":"Rkabuto","count":1,"weight":0,"dead_end":false,"group":1,"treasure":"kan","fall":""},{"name":"Frog","count":1,"weight":0,"dead_end":false,"group":1,"treasure":null,"fall":""},{"name":"Frog","count":1,"weight":0,"dead_end":false,"group":0,"treasure":null,"fall":""},{"name":"Fkabuto","count":2,"weight":0,"dead_end":false,"group":8,"treasure":null,"fall":""},{"name":"Fkabuto","count":1,"weight":0,"dead_end":false,"group":8,"treasure":null,"fall":""},{"name":"Frog","count":1,"weight":0,"dead_end":false,"group":0,"treasure":null,"fall":""},{"name":"Frog","count":1,"weight":0,"dead_end":false,"group":0,"treasure":null,"fall":""},{"name":"Frog","count":1,"weight":0,"dead_end":false,"group":1,"treasure":null,"fall":""},{"name":"MaroFrog","count":1,"weight":0,"dead_end":false,"group":1,"treasure":"dia_b_red","fall":""}],"treasures":[{"name":"bane_red","count":1,"weight":0},{"name":"key","count":1,"weight":0}],"gates":[]},{"name":"Sublevel 7 - The Forgotten Toy","properties":{"unit":"1_units_opan_toy.txt","max_rooms":1,"light":"toy_light_cha.ini","music":"cavesoil_05_0.cnd","skybox":"flooring","corridor":0.12,"caps":50,"timer":0,"geyser":true,"clogged":false,"echo":0,"plane":true,"seesaw":false,"version":1,"max_entities":null,"max_trasures":null,"max_gates":null},"entities":[{"name":"Houdai","count":1,"weight":0,"dead_end":false,"group":8,"treasure":"key","fall":""}],"treasures":[],"gates":[]}],"content":null}