{"sublevels":[{"name":"Sublevel 1 - Sublevel 1","properties":{"unit":"3_MAT_nor4_ike1_ike2_tsuchi.txt","max_rooms":3,"light":"normal_light_lv3.ini","music":"new_00_1.cnd","skybox":"none","corridor":0.13,"caps":100,"timer":999999,"geyser":false,"clogged":false,"echo":0,"plane":false,"seesaw":false,"version":1,"max_entities":null,"max_trasures":null,"max_gates":null},"entities":[{"name":"Chappy","count":4,"weight":0,"dead_end":false,"group":0,"treasure":null,"fall":""},{"name":"Armor","count":3,"weight":0,"dead_end":false,"group":1,"treasure":null,"fall":""},{"name":"FireOtakara","count":4,"weight":0,"dead_end":false,"group":1,"treasure":null,"fall":"$"},{"name":"Chappy","count":4,"weight":0,"dead_end":false,"group":1,"treasure":"fire_helmet","fall":"$"}],"treasures":[],"gates":[]},{"name":"Sublevel 2 - Sublevel 2","properties":{"unit":"1_units_opan_toy.txt","max_rooms":1,"light":"bluefog00.ini","music":"caverelax.cnd","skybox":"flooring","corridor":0.13,"caps":100,"timer":999999,"geyser":false,"clogged":false,"echo":0,"plane":true,"seesaw":false,"version":1,"max_entities":null,"max_trasures":null,"max_gates":null},"entities":[{"name":"WhitePom","count":4,"weight":0,"dead_end":false,"group":0,"treasure":null,"fall":""},{"name":"Egg","count":3,"weight":0,"dead_end":false,"group":1,"treasure":null,"fall":"$"},{"name":"UjiA","count":10,"weight":0,"dead_end":false,"group":1,"treasure":null,"fall":"$"}],"treasures":[{"name":"gum_tape","count":1,"weight":0}],"gates":[]},{"name":"Sublevel 3 - Sublevel 3","properties":{"unit":"all_units_kusachi.txt","max_rooms":4,"light":"jyoou_light_lv0.ini","music":"caveglass_10_0.cnd","skybox":"hiroba","corridor":0.145,"caps":100,"timer":999999,"geyser":false,"clogged":false,"echo":0,"plane":true,"seesaw":false,"version":1,"max_entities":null,"max_trasures":null,"max_gates":null},"entities":[{"name":"Hana","count":22,"weight":0,"dead_end":false,"group":0,"treasure":null,"fall":""},{"name":"PanModoki","count":3,"weight":0,"dead_end":false,"group":1,"treasure":null,"fall":""},{"name":"PanHouse","count":3,"weight":0,"dead_end":false,"group":1,"treasure":null,"fall":""},{"name":"GasHiba","count":16,"weight":0,"dead_end":false,"group":5,"treasure":null,"fall":""},{"name":"UjiB","count":25,"weight":0,"dead_end":false,"group":6,"treasure":null,"fall":""},{"name":"FireChappy","count":1,"weight":0,"dead_end":false,"group":1,"treasure":"diamond_red","fall":""}],"treasures":[{"name":"chocoichigo_l","count":1,"weight":0}],"gates":[]},{"name":"Sublevel 4 - Sublevel 4","properties":{"unit":"1_units_houdai_metal.txt","max_rooms":3,"light":"hiroba_toy_light_cha.ini","music":"cavesoil_10_1.cnd","skybox":"none","corridor":0.125,"caps":100,"timer":99999,"geyser":false,"clogged":false,"echo":0,"plane":false,"seesaw":false,"version":1,"max_entities":null,"max_trasures":null,"max_gates":null},"entities":[{"name":"FireChappy","count":2,"weight":0,"dead_end":false,"group":0,"treasure":null,"fall":""},{"name":"FireChappy","count":1,"weight":0,"dead_end":false,"group":0,"treasure":"kinoko_doku","fall":""},{"name":"Tank","count":11,"weight":0,"dead_end":false,"group":1,"treasure":null,"fall":""},{"name":"Tobi","count":21,"weight":0,"dead_end":false,"group":6,"treasure":null,"fall":""},{"name":"GasHiba","count":27,"weight":0,"dead_end":false,"group":6,"treasure":null,"fall":""},{"name":"BlueKochappy","count":12,"weight":0,"dead_end":false,"group":0,"treasure":null,"fall":""},{"name":"PanModoki","count":1,"weight":0,"dead_end":true,"group":0,"treasure":null,"fall":""},{"name":"PanHouse","count":1,"weight":0,"dead_end":true,"group":0,"treasure":null,"fall":""}],"treasures":[{"name":"g_futa_kajiwara","count":1,"weight":0},{"name":"chocoichigo_l","count":1,"weight":0}],"gates":[]},{"name":"Sublevel 5 - Sublevel 5","properties":{"unit":"1_units_DKumo_conc.txt","max_rooms":1,"light":"normal_light_lv0.ini","music":"caverelax.cnd","skybox":"none","corridor":0.13,"caps":100,"timer":99999,"geyser":true,"clogged":false,"echo":0,"plane":false,"seesaw":false,"version":1,"max_entities":null,"max_trasures":null,"max_gates":null},"entities":[{"name":"RandPom","count":2,"weight":0,"dead_end":false,"group":0,"treasure":null,"fall":""},{"name":"BlackPom","count":1,"weight":0,"dead_end":false,"group":1,"treasure":null,"fall":""},{"name":"WhitePom","count":1,"weight":0,"dead_end":false,"group":1,"treasure":null,"fall":""},{"name":"Qurione","count":4,"weight":0,"dead_end":false,"group":5,"treasure":null,"fall":""}],"treasures":[],"gates":[{"word":"gate","health":1000,"weight":1}]},{"name":"Sublevel 6 - Sublevel 6","properties":{"unit":"1_units_boss_tsuchi.txt","max_rooms":1,"light":"sirohana_light_lv4.ini","music":"","skybox":"none","corridor":0.125,"caps":100,"timer":999999,"geyser":false,"clogged":false,"echo":0,"plane":false,"seesaw":false,"version":1,"max_entities":null,"max_trasures":null,"max_gates":null},"entities":[{"name":"SnakeCrow","count":1,"weight":0,"dead_end":false,"group":0,"treasure":"radar_b","fall":""}],"treasures":[],"gates":[]}],"content":null}