{"sublevels":[{"name":"Sublevel 1 - Garden","properties":{"unit":"all_units_kusachi.txt","max_rooms":6,"light":"kusachi_light_cha.ini","music":"caveglass_00_0.cnd","skybox":"hiroba","corridor":0.0,"caps":100,"timer":0,"geyser":false,"clogged":false,"echo":0,"plane":true,"seesaw":false,"version":1,"max_entities":null,"max_trasures":null,"max_gates":null},"entities":[{"name":"Hana","count":6,"weight":0,"dead_end":false,"group":1,"treasure":"leaf_normal","fall":""},{"name":"Armor","count":6,"weight":0,"dead_end":false,"group":1,"treasure":"momiji_red","fall":""},{"name":"Jigumo","count":3,"weight":0,"dead_end":false,"group":1,"treasure":"g_futa_koiwai","fall":""},{"name":"UjiA","count":12,"weight":0,"dead_end":false,"group":0,"treasure":"bird_hane","fall":""},{"name":"UjiB","count":12,"weight":0,"dead_end":false,"group":0,"treasure":"momiji_normal","fall":""},{"name":"Tobi","count":6,"weight":0,"dead_end":false,"group":5,"treasure":"flower_blue","fall":""},{"name":"Watage","count":60,"weight":0,"dead_end":false,"group":6,"treasure":null,"fall":""},{"name":"Clover","count":180,"weight":0,"dead_end":false,"group":6,"treasure":null,"fall":""},{"name":"Ooinu_s","count":180,"weight":0,"dead_end":false,"group":6,"treasure":null,"fall":""},{"name":"Magaret","count":120,"weight":0,"dead_end":false,"group":6,"treasure":null,"fall":""}],"treasures":[{"name":"key","count":1,"weight":0},{"name":"dia_a_red","count":1,"weight":0},{"name":"flower_red","count":1,"weight":0},{"name":"apple","count":1,"weight":0},{"name":"kuri","count":1,"weight":0},{"name":"ichigo_l","count":1,"weight":0},{"name":"ichigo","count":1,"weight":0},{"name":"leaf_kare","count":1,"weight":0}],"gates":[]},{"name":"Sublevel 2 - Soil","properties":{"unit":"3_MAT_cent_mid1_mid2_tsuchi.txt","max_rooms":5,"light":"jyoou_light_lv2.ini","music":"cavesoil_05_0.cnd","skybox":"none","corridor":0.1,"caps":80,"timer":0,"geyser":false,"clogged":false,"echo":0,"plane":false,"seesaw":false,"version":1,"max_entities":null,"max_trasures":null,"max_gates":null},"entities":[{"name":"FireChappy","count":1,"weight":0,"dead_end":false,"group":1,"treasure":"key","fall":""},{"name":"Chappy","count":4,"weight":0,"dead_end":false,"group":1,"treasure":"be_dama_red_l","fall":""},{"name":"Hanachirashi","count":4,"weight":0,"dead_end":false,"group":1,"treasure":"j_block_yellow","fall":""},{"name":"Rkabuto","count":4,"weight":0,"dead_end":false,"group":1,"treasure":"j_block_red","fall":""},{"name":"Tank","count":2,"weight":0,"dead_end":false,"group":0,"treasure":"j_block_white","fall":""},{"name":"Kochappy","count":7,"weight":0,"dead_end":false,"group":0,"treasure":"be_dama_red","fall":""},{"name":"Tank","count":2,"weight":0,"dead_end":false,"group":0,"treasure":"j_block_white","fall":""},{"name":"Kochappy","count":7,"weight":0,"dead_end":false,"group":0,"treasure":"be_dama_red","fall":""},{"name":"Hiba","count":8,"weight":0,"dead_end":false,"group":5,"treasure":null,"fall":""},{"name":"Egg","count":5,"weight":0,"dead_end":true,"group":0,"treasure":null,"fall":"$"},{"name":"HikariKinoko","count":160,"weight":0,"dead_end":false,"group":6,"treasure":null,"fall":""}],"treasures":[{"name":"donutswhite","count":1,"weight":0},{"name":"juji_key_fc","count":1,"weight":0},{"name":"donutsichigo_s","count":1,"weight":0},{"name":"juji_key","count":1,"weight":0}],"gates":[]},{"name":"Sublevel 3 - Snow","properties":{"unit":"3_MAT_d_g_m_renga.txt","max_rooms":7,"light":"tutorial_1_light.ini","music":"new_00_1.cnd","skybox":"none","corridor":0.0,"caps":50,"timer":0,"geyser":false,"clogged":false,"echo":0,"plane":false,"seesaw":false,"version":1,"max_entities":null,"max_trasures":null,"max_gates":null},"entities":[{"name":"KumaChappy","count":1,"weight":0,"dead_end":false,"group":1,"treasure":"bell_red","fall":""},{"name":"YellowChappy","count":4,"weight":0,"dead_end":false,"group":1,"treasure":"be_dama_yellow_l","fall":""},{"name":"Demon","count":3,"weight":0,"dead_end":false,"group":1,"treasure":"flower_blue","fall":""},{"name":"KumaKochappy","count":3,"weight":0,"dead_end":false,"group":0,"treasure":"be_dama_blue","fall":""},{"name":"KumaKochappy","count":3,"weight":0,"dead_end":false,"group":0,"treasure":"be_dama_blue","fall":""},{"name":"YellowKochappy","count":4,"weight":0,"dead_end":false,"group":0,"treasure":"be_dama_yellow","fall":""},{"name":"YellowKochappy","count":3,"weight":0,"dead_end":false,"group":0,"treasure":"be_dama_yellow","fall":""},{"name":"YellowKochappy","count":3,"weight":0,"dead_end":false,"group":0,"treasure":"be_dama_yellow","fall":""},{"name":"ElecBug","count":6,"weight":0,"dead_end":false,"group":1,"treasure":"wadou_kaichin","fall":""},{"name":"ElecBug","count":3,"weight":0,"dead_end":false,"group":0,"treasure":"wadou_kaichin","fall":""},{"name":"ElecBug","count":3,"weight":0,"dead_end":false,"group":0,"treasure":"wadou_kaichin","fall":""},{"name":"GasHiba","count":3,"weight":0,"dead_end":false,"group":1,"treasure":null,"fall":""},{"name":"ElecHiba","count":3,"weight":0,"dead_end":false,"group":5,"treasure":null,"fall":""},{"name":"Clover","count":60,"weight":0,"dead_end":false,"group":6,"treasure":null,"fall":""},{"name":"Zenmai","count":120,"weight":0,"dead_end":false,"group":6,"treasure":null,"fall":""},{"name":"KareOoinu_s","count":60,"weight":0,"dead_end":false,"group":6,"treasure":null,"fall":""},{"name":"KareOoinu_l","count":30,"weight":0,"dead_end":false,"group":6,"treasure":null,"fall":""}],"treasures":[{"name":"key","count":1,"weight":0},{"name":"chess_king_black","count":1,"weight":0},{"name":"toy_ring_c_red","count":1,"weight":0},{"name":"bell_yellow","count":1,"weight":0},{"name":"toy_ring_c_green","count":1,"weight":0},{"name":"Xmas_item","count":1,"weight":0},{"name":"toy_ring_c_blue","count":1,"weight":0}],"gates":[]},{"name":"Sublevel 4 - Toy","properties":{"unit":"3_units_small2_small_mid_toy.txt","max_rooms":4,"light":"toy_light_cha.ini","music":"new_08_1.cnd","skybox":"flooring","corridor":0.0,"caps":50,"timer":0,"geyser":false,"clogged":false,"echo":0,"plane":true,"seesaw":false,"version":1,"max_entities":null,"max_trasures":null,"max_gates":null},"entities":[{"name":"OoPanModoki","count":1,"weight":0,"dead_end":false,"group":8,"treasure":"key","fall":""},{"name":"PanModoki","count":1,"weight":0,"dead_end":false,"group":1,"treasure":"apple_blue","fall":""},{"name":"PanModoki","count":1,"weight":0,"dead_end":false,"group":1,"treasure":"chess_queen_white","fall":""},{"name":"Mar","count":1,"weight":0,"dead_end":false,"group":1,"treasure":"badminton","fall":""},{"name":"WaterOtakara","count":3,"weight":0,"dead_end":false,"group":0,"treasure":"be_dama_blue","fall":""},{"name":"ElecOtakara","count":3,"weight":0,"dead_end":false,"group":0,"treasure":"be_dama_yellow","fall":""},{"name":"BlueChappy","count":2,"weight":0,"dead_end":false,"group":1,"treasure":"chess_queen_black","fall":""},{"name":"YellowChappy","count":2,"weight":0,"dead_end":false,"group":1,"treasure":"chess_king_white","fall":""},{"name":"ElecBug","count":4,"weight":0,"dead_end":false,"group":0,"treasure":"chocolate","fall":""},{"name":"ElecBug","count":4,"weight":0,"dead_end":false,"group":0,"treasure":"chocoichigo","fall":""},{"name":"ElecBug","count":4,"weight":0,"dead_end":false,"group":0,"treasure":"chocowhite","fall":""},{"name":"BlueKochappy","count":3,"weight":0,"dead_end":false,"group":0,"treasure":"cookie_u","fall":""},{"name":"BlueKochappy","count":3,"weight":0,"dead_end":false,"group":0,"treasure":"cookie_u","fall":""},{"name":"YellowKochappy","count":3,"weight":0,"dead_end":false,"group":0,"treasure":"cookie_s","fall":""},{"name":"YellowKochappy","count":3,"weight":0,"dead_end":false,"group":0,"treasure":"cookie_s","fall":""},{"name":"Egg","count":5,"weight":0,"dead_end":true,"group":0,"treasure":null,"fall":"$"}],"treasures":[{"name":"dia_b_green","count":1,"weight":0},{"name":"medama_yaki","count":1,"weight":0},{"name":"futa_a_silver","count":1,"weight":0},{"name":"chocolate_l","count":1,"weight":0},{"name":"chocowhite_l","count":1,"weight":0}],"gates":[]},{"name":"Sublevel 5 - Metal","properties":{"unit":"2_MAT_h224_h443_tekiF_metal.txt","max_rooms":10,"light":"metal_light_lv0.ini","music":"cavemetal_00_0.cnd","skybox":"test","corridor":0.1,"caps":100,"timer":0,"geyser":false,"clogged":false,"echo":0,"plane":false,"seesaw":false,"version":1,"max_entities":null,"max_trasures":null,"max_gates":null},"entities":[{"name":"Kabuto","count":1,"weight":0,"dead_end":false,"group":8,"treasure":"nut_l","fall":"$2"},{"name":"Fkabuto","count":2,"weight":0,"dead_end":false,"group":8,"treasure":"bane","fall":""},{"name":"Fuefuki","count":1,"weight":0,"dead_end":false,"group":1,"treasure":"whistle","fall":""},{"name":"Kabuto","count":3,"weight":0,"dead_end":false,"group":1,"treasure":"sinkukan_b","fall":""},{"name":"Tank","count":3,"weight":0,"dead_end":false,"group":1,"treasure":"sinkukan_c","fall":""},{"name":"Wtank","count":3,"weight":0,"dead_end":false,"group":1,"treasure":"sinkukan","fall":""},{"name":"BombSarai","count":3,"weight":0,"dead_end":false,"group":1,"treasure":"bolt","fall":""},{"name":"BombSarai","count":3,"weight":0,"dead_end":false,"group":1,"treasure":"bolt","fall":"$2"},{"name":"GasHiba","count":3,"weight":0,"dead_end":false,"group":5,"treasure":null,"fall":""},{"name":"ElecHiba","count":3,"weight":0,"dead_end":false,"group":5,"treasure":null,"fall":""},{"name":"Bomb","count":4,"weight":0,"dead_end":false,"group":1,"treasure":null,"fall":""},{"name":"Bomb","count":4,"weight":0,"dead_end":false,"group":1,"treasure":null,"fall":"$"},{"name":"DaiodoGreen","count":120,"weight":0,"dead_end":false,"group":6,"treasure":null,"fall":""},{"name":"DaiodoRed","count":120,"weight":0,"dead_end":false,"group":6,"treasure":null,"fall":""}],"treasures":[{"name":"key","count":1,"weight":0},{"name":"gear_silver","count":1,"weight":0},{"name":"gear","count":1,"weight":0},{"name":"bolt_l","count":1,"weight":0},{"name":"nut","count":1,"weight":0}],"gates":[]},{"name":"Sublevel 6 - Conc","properties":{"unit":"3_MAT_d_i_m_conc.txt","max_rooms":5,"light":"yakushima_3_16x17r_light.ini","music":"new_07_0.cnd","skybox":"none","corridor":0.0,"caps":100,"timer":0,"geyser":false,"clogged":false,"echo":0,"plane":false,"seesaw":false,"version":1,"max_entities":null,"max_trasures":null,"max_gates":null},"entities":[{"name":"SnakeCrow","count":1,"weight":0,"dead_end":false,"group":8,"treasure":"key","fall":""},{"name":"Sarai","count":2,"weight":0,"dead_end":false,"group":1,"treasure":"momiji_normal","fall":""},{"name":"Sarai","count":2,"weight":0,"dead_end":false,"group":1,"treasure":"flower_blue","fall":""},{"name":"Frog","count":3,"weight":0,"dead_end":false,"group":1,"treasure":"kouseki_suisyou","fall":""},{"name":"Mar","count":1,"weight":0,"dead_end":false,"group":1,"treasure":"kumakibori","fall":"$"},{"name":"Hanachirashi","count":1,"weight":0,"dead_end":false,"group":1,"treasure":"diamond_red","fall":""},{"name":"Hanachirashi","count":1,"weight":0,"dead_end":false,"group":1,"treasure":"diamond_blue_l","fall":""},{"name":"Armor","count":1,"weight":0,"dead_end":false,"group":0,"treasure":"dia_c_blue","fall":""},{"name":"Armor","count":1,"weight":0,"dead_end":false,"group":0,"treasure":"dia_c_blue","fall":""},{"name":"Armor","count":1,"weight":0,"dead_end":false,"group":0,"treasure":"dia_c_blue","fall":""},{"name":"Armor","count":1,"weight":0,"dead_end":false,"group":0,"treasure":"dia_c_blue","fall":""},{"name":"Miulin","count":1,"weight":0,"dead_end":false,"group":0,"treasure":"haniwa","fall":""},{"name":"Miulin","count":1,"weight":0,"dead_end":false,"group":0,"treasure":"haniwa","fall":""},{"name":"Miulin","count":1,"weight":0,"dead_end":false,"group":0,"treasure":"haniwa","fall":""},{"name":"Wakame_l","count":30,"weight":0,"dead_end":false,"group":6,"treasure":null,"fall":""},{"name":"Wakame_s","count":90,"weight":0,"dead_end":false,"group":6,"treasure":null,"fall":""},{"name":"Clover","count":90,"weight":0,"dead_end":false,"group":6,"treasure":null,"fall":""},{"name":"Egg","count":5,"weight":0,"dead_end":true,"group":0,"treasure":null,"fall":"$"}],"treasures":[{"name":"bane_yellow","count":1,"weight":0},{"name":"matu_bokkuri","count":1,"weight":0},{"name":"donguri","count":1,"weight":0},{"name":"donguri_l","count":1,"weight":0}],"gates":[]},{"name":"Sublevel 7 - Tile","properties":{"unit":"3_units_pool_nor_ujikou_tile.txt","max_rooms":3,"light":"suityu_light_lv0.ini","music":"new_02_0.cnd","skybox":"none","corridor":0.0,"caps":100,"timer":0,"geyser":false,"clogged":false,"echo":0,"plane":false,"seesaw":false,"version":1,"max_entities":null,"max_trasures":null,"max_gates":null},"entities":[{"name":"UmiMushiBlind","count":1,"weight":0,"dead_end":false,"group":8,"treasure":"key","fall":""},{"name":"UmiMushiBlind","count":1,"weight":0,"dead_end":false,"group":8,"treasure":"compact_make","fall":""},{"name":"MaroFrog","count":3,"weight":0,"dead_end":false,"group":1,"treasure":"turi_uki","fall":""},{"name":"Kurage","count":3,"weight":0,"dead_end":false,"group":1,"treasure":"ahiru","fall":""},{"name":"Jigumo","count":3,"weight":0,"dead_end":false,"group":1,"treasure":"kan","fall":""},{"name":"OniKurage","count":1,"weight":0,"dead_end":false,"group":1,"treasure":"bane_blue","fall":""},{"name":"Catfish","count":2,"weight":0,"dead_end":false,"group":0,"treasure":"locket","fall":""},{"name":"Catfish","count":2,"weight":0,"dead_end":false,"group":0,"treasure":"dia_b_red","fall":""},{"name":"Catfish","count":2,"weight":0,"dead_end":false,"group":0,"treasure":"toy_gentle","fall":""},{"name":"Catfish","count":2,"weight":0,"dead_end":false,"group":0,"treasure":"creap","fall":""},{"name":"Catfish","count":2,"weight":0,"dead_end":false,"group":0,"treasure":"bane_red","fall":""}],"treasures":[{"name":"toy_dog","count":1,"weight":0},{"name":"kan_b_gold","count":1,"weight":0},{"name":"dia_a_blue","count":1,"weight":0}],"gates":[]}],"content":null}