{"sublevels":[{"name":"Sublevel 1","properties":{"unit":"1_MIYA_big_kusachi.txt","max_rooms":2,"light":"jyoou_light_lv0.ini","music":"caveglass_00_0.cnd","skybox":"hiroba","corridor":0.12,"caps":100,"timer":0,"geyser":false,"clogged":false,"echo":0,"plane":true,"seesaw":false,"version":1,"max_entities":null,"max_trasures":null,"max_gates":null},"entities":[{"name":"Magaret","count":50,"weight":0,"dead_end":false,"group":6,"treasure":null,"fall":""},{"name":"Hana","count":1,"weight":0,"dead_end":false,"group":0,"treasure":"key","fall":""},{"name":"Hana","count":4,"weight":0,"dead_end":false,"group":0,"treasure":null,"fall":""},{"name":"Sokkuri","count":10,"weight":0,"dead_end":false,"group":1,"treasure":null,"fall":""},{"name":"ShijimiChou","count":2,"weight":0,"dead_end":false,"group":1,"treasure":null,"fall":""},{"name":"Egg","count":2,"weight":0,"dead_end":false,"group":1,"treasure":null,"fall":""}],"treasures":[{"name":"kinoko_tubu","count":5,"weight":0},{"name":"flower_red","count":1,"weight":0},{"name":"ichigo","count":1,"weight":0},{"name":"ichigo_l","count":1,"weight":0},{"name":"kuri","count":1,"weight":0},{"name":"dia_a_red","count":1,"weight":0},{"name":"leaf_yellow","count":1,"weight":0},{"name":"leaf_normal","count":1,"weight":0},{"name":"donguri","count":1,"weight":0},{"name":"donguri_l","count":1,"weight":0}],"gates":[{"word":"gate","health":1000,"weight":1},{"word":"gate","health":1000,"weight":1}]},{"name":"Sublevel 2","properties":{"unit":"1_units_5x5a_kusachi.txt","max_rooms":1,"light":"hiroba_light.ini","music":"caveglass_10_0.cnd","skybox":"hiroba","corridor":0.12,"caps":100,"timer":0,"geyser":false,"clogged":false,"echo":0,"plane":true,"seesaw":false,"version":1,"max_entities":null,"max_trasures":null,"max_gates":null},"entities":[{"name":"SnakeWhole","count":1,"weight":0,"dead_end":false,"group":0,"treasure":"key","fall":""},{"name":"SnakeCrow","count":2,"weight":0,"dead_end":false,"group":1,"treasure":"momiji_red","fall":""},{"name":"HikariKinoko","count":20,"weight":0,"dead_end":false,"group":6,"treasure":null,"fall":""}],"treasures":[{"name":"ichigo","count":5,"weight":0},{"name":"matu_bokkuri","count":1,"weight":0}],"gates":[]}],"content":null}