{"sublevels":[{"name":"Sublevel 1 - Sublevel 1","properties":{"unit":"3_ABE_sak1_sak2_hit1_tsuchi.txt","max_rooms":3,"light":"normal_light_lv0.ini","music":"new_05_0.cnd","skybox":"none","corridor":0.13,"caps":100,"timer":999999,"geyser":false,"clogged":false,"echo":0,"plane":false,"seesaw":false,"version":1,"max_entities":null,"max_trasures":null,"max_gates":null},"entities":[{"name":"Chappy","count":4,"weight":0,"dead_end":false,"group":0,"treasure":null,"fall":""},{"name":"BlueChappy","count":1,"weight":0,"dead_end":false,"group":1,"treasure":null,"fall":""},{"name":"BlueChappy","count":1,"weight":0,"dead_end":false,"group":1,"treasure":"diamond_green_l","fall":""},{"name":"YellowChappy","count":3,"weight":0,"dead_end":true,"group":0,"treasure":null,"fall":""},{"name":"Kochappy","count":4,"weight":0,"dead_end":false,"group":0,"treasure":null,"fall":""},{"name":"BlueKochappy","count":4,"weight":0,"dead_end":false,"group":1,"treasure":null,"fall":""},{"name":"YellowKochappy","count":3,"weight":0,"dead_end":true,"group":0,"treasure":null,"fall":""},{"name":"Hiba","count":7,"weight":0,"dead_end":false,"group":5,"treasure":null,"fall":""}],"treasures":[],"gates":[]},{"name":"Sublevel 2 - Sublevel 2","properties":{"unit":"4_units_mid1_blk1_sak2_uzu1_tsuchi.txt","max_rooms":5,"light":"hiroba_light.ini","music":"new_05_0.cnd","skybox":"none","corridor":0.125,"caps":100,"timer":99999,"geyser":false,"clogged":true,"echo":0,"plane":false,"seesaw":false,"version":1,"max_entities":null,"max_trasures":null,"max_gates":null},"entities":[{"name":"Bomb","count":10,"weight":0,"dead_end":true,"group":0,"treasure":null,"fall":"$2"},{"name":"ElecHiba","count":9,"weight":0,"dead_end":false,"group":5,"treasure":null,"fall":""},{"name":"FireOtakara","count":12,"weight":0,"dead_end":false,"group":1,"treasure":null,"fall":""},{"name":"Chappy","count":1,"weight":0,"dead_end":false,"group":0,"treasure":"diamond_blue_l","fall":"$"},{"name":"Chappy","count":2,"weight":0,"dead_end":false,"group":1,"treasure":null,"fall":""},{"name":"BlackPom","count":1,"weight":0,"dead_end":true,"group":0,"treasure":null,"fall":""},{"name":"Sokkuri","count":8,"weight":0,"dead_end":false,"group":6,"treasure":null,"fall":""},{"name":"Watage","count":9,"weight":0,"dead_end":false,"group":6,"treasure":null,"fall":""},{"name":"Kochappy","count":7,"weight":0,"dead_end":false,"group":6,"treasure":null,"fall":""}],"treasures":[],"gates":[]},{"name":"Sublevel 3 - Sublevel 3","properties":{"unit":"2_units_sara_sara2_toy.txt","max_rooms":3,"light":"kumomei_light_cha.ini","music":"new_05_0.cnd","skybox":"flooring","corridor":0.145,"caps":100,"timer":999999,"geyser":false,"clogged":false,"echo":0,"plane":true,"seesaw":false,"version":1,"max_entities":null,"max_trasures":null,"max_gates":null},"entities":[{"name":"KumaChappy","count":1,"weight":0,"dead_end":true,"group":0,"treasure":"makigai","fall":""},{"name":"KumaKochappy","count":3,"weight":0,"dead_end":true,"group":0,"treasure":null,"fall":""},{"name":"BlueChappy","count":3,"weight":0,"dead_end":false,"group":1,"treasure":null,"fall":""},{"name":"Chappy","count":12,"weight":0,"dead_end":false,"group":0,"treasure":null,"fall":""},{"name":"Kochappy","count":20,"weight":0,"dead_end":false,"group":0,"treasure":null,"fall":""},{"name":"Hanachirashi","count":3,"weight":0,"dead_end":false,"group":6,"treasure":null,"fall":"$"},{"name":"BlueKochappy","count":4,"weight":0,"dead_end":false,"group":1,"treasure":null,"fall":"$"}],"treasures":[],"gates":[]},{"name":"Sublevel 4 - Sublevel 4","properties":{"unit":"1_ABE_manp_boss_conc.txt","max_rooms":4,"light":"metal_light_lv0.ini","music":"cavesoil_05_0.cnd","skybox":"none","corridor":0.125,"caps":100,"timer":99999,"geyser":false,"clogged":true,"echo":0,"plane":false,"seesaw":false,"version":1,"max_entities":null,"max_trasures":null,"max_gates":null},"entities":[{"name":"KingChappy","count":1,"weight":0,"dead_end":false,"group":0,"treasure":"kouseki_suisyou","fall":""},{"name":"FireChappy","count":1,"weight":0,"dead_end":false,"group":1,"treasure":"wadou_kaichin","fall":""},{"name":"FireChappy","count":3,"weight":0,"dead_end":false,"group":1,"treasure":null,"fall":""},{"name":"YellowChappy","count":5,"weight":0,"dead_end":true,"group":0,"treasure":null,"fall":""},{"name":"Hiba","count":22,"weight":0,"dead_end":false,"group":5,"treasure":null,"fall":""},{"name":"ElecBug","count":12,"weight":0,"dead_end":false,"group":6,"treasure":null,"fall":""},{"name":"RedPom","count":1,"weight":0,"dead_end":true,"group":0,"treasure":null,"fall":""}],"treasures":[],"gates":[{"word":"gate","health":1000,"weight":1},{"word":"gate","health":1000,"weight":1},{"word":"gate","health":1000,"weight":1},{"word":"gate","health":1000,"weight":1},{"word":"gate","health":1000,"weight":1},{"word":"gate","health":1000,"weight":1},{"word":"gate","health":1000,"weight":1},{"word":"gate","health":1000,"weight":1},{"word":"gate","health":1000,"weight":1}]},{"name":"Sublevel 5 - Sublevel 5","properties":{"unit":"2_ABE_bunki_manp_tile.txt","max_rooms":2,"light":"bluefog00.ini","music":"caverelax.cnd","skybox":"none","corridor":0.125,"caps":100,"timer":99999,"geyser":true,"clogged":false,"echo":0,"plane":false,"seesaw":false,"version":1,"max_entities":null,"max_trasures":null,"max_gates":null},"entities":[{"name":"RandPom","count":2,"weight":0,"dead_end":false,"group":0,"treasure":null,"fall":""},{"name":"BlackPom","count":3,"weight":0,"dead_end":false,"group":1,"treasure":null,"fall":""},{"name":"YellowPom","count":3,"weight":0,"dead_end":true,"group":0,"treasure":null,"fall":""},{"name":"WhitePom","count":3,"weight":0,"dead_end":false,"group":6,"treasure":null,"fall":""},{"name":"UjiA","count":12,"weight":0,"dead_end":false,"group":5,"treasure":null,"fall":""},{"name":"Qurione","count":3,"weight":0,"dead_end":true,"group":0,"treasure":null,"fall":""},{"name":"LeafChappy","count":3,"weight":0,"dead_end":false,"group":1,"treasure":null,"fall":""}],"treasures":[],"gates":[]},{"name":"Sublevel 6 - Sublevel 6","properties":{"unit":"1_units_torigoya_kusachi.txt","max_rooms":1,"light":"suityu_light_lv1.ini","music":"caveconc_00_1.cnd","skybox":"none","corridor":0.13,"caps":100,"timer":999999,"geyser":false,"clogged":false,"echo":0,"plane":false,"seesaw":false,"version":1,"max_entities":null,"max_trasures":null,"max_gates":null},"entities":[{"name":"KingChappy","count":1,"weight":0,"dead_end":false,"group":0,"treasure":"dia_a_green","fall":""},{"name":"FireChappy","count":1,"weight":0,"dead_end":false,"group":1,"treasure":"dia_a_red","fall":""},{"name":"Jigumo","count":1,"weight":0,"dead_end":false,"group":5,"treasure":null,"fall":""}],"treasures":[],"gates":[]},{"name":"Sublevel 7 - Sublevel 7","properties":{"unit":"2_ABE_hit1_hit3_tsuchi.txt","max_rooms":5,"light":"normal_light_lv0.ini","music":"new_05_0.cnd","skybox":"none","corridor":0.145,"caps":100,"timer":999999,"geyser":false,"clogged":true,"echo":0,"plane":false,"seesaw":false,"version":1,"max_entities":null,"max_trasures":null,"max_gates":null},"entities":[{"name":"Chappy","count":13,"weight":0,"dead_end":false,"group":0,"treasure":null,"fall":""},{"name":"KumaChappy","count":1,"weight":0,"dead_end":true,"group":0,"treasure":"saru_head","fall":""},{"name":"KingChappy","count":1,"weight":0,"dead_end":false,"group":1,"treasure":"diamond_red_l","fall":""},{"name":"KumaKochappy","count":15,"weight":0,"dead_end":false,"group":5,"treasure":null,"fall":""},{"name":"BlueChappy","count":8,"weight":0,"dead_end":false,"group":1,"treasure":null,"fall":""},{"name":"YellowChappy","count":8,"weight":0,"dead_end":true,"group":0,"treasure":null,"fall":""},{"name":"BlueKochappy","count":14,"weight":0,"dead_end":false,"group":1,"treasure":null,"fall":""},{"name":"YellowKochappy","count":17,"weight":0,"dead_end":false,"group":6,"treasure":null,"fall":""},{"name":"OniKurage","count":2,"weight":0,"dead_end":false,"group":1,"treasure":null,"fall":"$"}],"treasures":[{"name":"be_dama_yellow_l","count":1,"weight":0},{"name":"be_dama_yellow_l","count":1,"weight":0}],"gates":[{"word":"gate","health":3000,"weight":1},{"word":"gate","health":3000,"weight":1},{"word":"gate","health":3000,"weight":1},{"word":"gate","health":3000,"weight":1},{"word":"gate","health":3000,"weight":1},{"word":"gate","health":3000,"weight":1}]},{"name":"Sublevel 8 - Sublevel 8","properties":{"unit":"3_units_f_m_bomb_conc.txt","max_rooms":3,"light":"normal_light_lv0.ini","music":"cavemetal_10_0.cnd","skybox":"none","corridor":0.13,"caps":100,"timer":9999,"geyser":false,"clogged":false,"echo":0,"plane":false,"seesaw":false,"version":1,"max_entities":null,"max_trasures":null,"max_gates":null},"entities":[{"name":"KumaChappy","count":1,"weight":0,"dead_end":false,"group":0,"treasure":"haniwa","fall":""},{"name":"KumaChappy","count":3,"weight":0,"dead_end":false,"group":0,"treasure":null,"fall":""},{"name":"KumaKochappy","count":12,"weight":0,"dead_end":false,"group":0,"treasure":null,"fall":""},{"name":"Rock","count":20,"weight":0,"dead_end":false,"group":5,"treasure":null,"fall":"$"},{"name":"Hiba","count":10,"weight":0,"dead_end":false,"group":5,"treasure":null,"fall":""},{"name":"ElecHiba","count":10,"weight":0,"dead_end":true,"group":0,"treasure":null,"fall":""}],"treasures":[],"gates":[{"word":"gate","health":13500,"weight":1}]},{"name":"Sublevel 9 - Sublevel 9","properties":{"unit":"2_units_small2_mid2_toy.txt","max_rooms":4,"light":"bluefog00.ini","music":"","skybox":"flooring","corridor":0.135,"caps":100,"timer":999999,"geyser":false,"clogged":false,"echo":0,"plane":true,"seesaw":false,"version":1,"max_entities":null,"max_trasures":null,"max_gates":null},"entities":[{"name":"KingChappy","count":4,"weight":0,"dead_end":false,"group":0,"treasure":null,"fall":""},{"name":"KingChappy","count":1,"weight":0,"dead_end":false,"group":1,"treasure":"suit_fire","fall":""},{"name":"KingChappy","count":2,"weight":0,"dead_end":false,"group":1,"treasure":null,"fall":""},{"name":"KingChappy","count":5,"weight":0,"dead_end":true,"group":0,"treasure":null,"fall":""},{"name":"KingChappy","count":2,"weight":0,"dead_end":false,"group":5,"treasure":null,"fall":""}],"treasures":[],"gates":[]}],"content":null}