{"sublevels":[{"name":"Sublevel 1","properties":{"unit":"all_units_tile.txt","max_rooms":7,"light":"normal_light_lv0.ini","music":"cavetile_00_0.cnd","skybox":"build","corridor":0.165,"caps":65,"timer":0,"geyser":false,"clogged":false,"echo":0,"plane":false,"seesaw":false,"version":1,"max_entities":null,"max_trasures":null,"max_gates":null},"entities":[{"name":"Chappy","count":10,"weight":0,"dead_end":false,"group":1,"treasure":null,"fall":""},{"name":"BlueChappy","count":5,"weight":0,"dead_end":false,"group":1,"treasure":null,"fall":""},{"name":"Kochappy","count":15,"weight":0,"dead_end":false,"group":0,"treasure":null,"fall":""},{"name":"Kochappy","count":2,"weight":0,"dead_end":false,"group":0,"treasure":"toy_teala","fall":""},{"name":"FireChappy","count":1,"weight":0,"dead_end":false,"group":1,"treasure":"teala_dia_a","fall":""},{"name":"Chappy","count":2,"weight":0,"dead_end":false,"group":1,"treasure":"teala_dia_b","fall":""},{"name":"KumaKochappy","count":5,"weight":0,"dead_end":false,"group":0,"treasure":"teala_dia_c","fall":""},{"name":"KumaKochappy","count":10,"weight":0,"dead_end":false,"group":0,"treasure":null,"fall":""},{"name":"YellowChappy","count":5,"weight":0,"dead_end":false,"group":0,"treasure":null,"fall":""},{"name":"YellowChappy","count":2,"weight":0,"dead_end":false,"group":1,"treasure":"teala_dia_d","fall":"$"},{"name":"KingChappy","count":5,"weight":0,"dead_end":false,"group":1,"treasure":null,"fall":"$"},{"name":"KingChappy","count":1,"weight":0,"dead_end":false,"group":1,"treasure":"toy_ring_a_red","fall":"$"},{"name":"KingChappy","count":1,"weight":0,"dead_end":false,"group":0,"treasure":null,"fall":"$3"},{"name":"KingChappy","count":5,"weight":0,"dead_end":false,"group":0,"treasure":null,"fall":""},{"name":"Queen","count":1,"weight":0,"dead_end":true,"group":0,"treasure":"toy_ring_b_green","fall":""},{"name":"Queen","count":5,"weight":0,"dead_end":true,"group":0,"treasure":null,"fall":""}],"treasures":[{"name":"toy_ring_a_blue","count":4,"weight":0},{"name":"toy_ring_b_red","count":5,"weight":0},{"name":"toy_ring_a_green","count":5,"weight":0},{"name":"toy_ring_b_blue","count":2,"weight":0},{"name":"key","count":1,"weight":0}],"gates":[{"word":"gate","health":2000,"weight":1},{"word":"gate","health":2000,"weight":1},{"word":"gate","health":2000,"weight":1},{"word":"gate","health":2000,"weight":1},{"word":"gate","health":2500,"weight":1},{"word":"gate","health":2500,"weight":1},{"word":"gate","health":2500,"weight":1}]}],"content":null}