{"sublevels":[{"name":"Sublevel 1 - Metal1","properties":{"unit":"1_ABE_ari_metal.txt","max_rooms":2,"light":"metal_light_lv0.ini","music":"cavemetal_00_0.cnd","skybox":"build","corridor":0.08,"caps":50,"timer":0,"geyser":false,"clogged":false,"echo":0,"plane":false,"seesaw":false,"version":1,"max_entities":null,"max_trasures":null,"max_gates":null},"entities":[{"name":"BombSarai","count":1,"weight":0,"dead_end":false,"group":0,"treasure":"key","fall":""},{"name":"BombSarai","count":1,"weight":0,"dead_end":false,"group":0,"treasure":"chess_queen_white","fall":""},{"name":"Sarai","count":2,"weight":0,"dead_end":false,"group":1,"treasure":"ichigo","fall":""},{"name":"Demon","count":1,"weight":0,"dead_end":false,"group":1,"treasure":"kan_b_gold","fall":""}],"treasures":[{"name":"dia_a_red","count":1,"weight":0},{"name":"be_dama_blue_l","count":1,"weight":0},{"name":"be_dama_yellow_l","count":1,"weight":0},{"name":"be_dama_red_l","count":1,"weight":0},{"name":"flower_red","count":1,"weight":0}],"gates":[]},{"name":"Sublevel 2 - Metal2","properties":{"unit":"2_units_mid1_nor22_metal.txt","max_rooms":4,"light":"metal_light_lv0.ini","music":"cavemetal_10_0.cnd","skybox":"build","corridor":0.05,"caps":50,"timer":0,"geyser":false,"clogged":false,"echo":0,"plane":false,"seesaw":false,"version":1,"max_entities":null,"max_trasures":null,"max_gates":null},"entities":[{"name":"Rkabuto","count":1,"weight":0,"dead_end":false,"group":0,"treasure":"key","fall":""},{"name":"WaterOtakara","count":2,"weight":0,"dead_end":false,"group":1,"treasure":"denchi_3_red","fall":""},{"name":"FireOtakara","count":2,"weight":0,"dead_end":false,"group":1,"treasure":"denchi_3_red","fall":""},{"name":"Kurage","count":1,"weight":0,"dead_end":false,"group":1,"treasure":"chess_queen_white","fall":""},{"name":"Rkabuto","count":1,"weight":0,"dead_end":false,"group":0,"treasure":"compact","fall":""}],"treasures":[{"name":"badminton","count":1,"weight":0},{"name":"fire_helmet","count":1,"weight":0},{"name":"fue_wide","count":1,"weight":0},{"name":"dia_a_blue","count":1,"weight":0}],"gates":[]}],"content":null}