{"sublevels":[{"name":"Sublevel 1","properties":{"unit":"1_units_nobo_metal.txt","max_rooms":1,"light":"vs_7_light.ini","music":"cavemetal_05_3.cnd","skybox":"ice","corridor":0.12,"caps":50,"timer":0,"geyser":true,"clogged":false,"echo":0,"plane":false,"seesaw":false,"version":1,"max_entities":null,"max_trasures":null,"max_gates":null},"entities":[{"name":"Kochappy","count":4,"weight":0,"dead_end":false,"group":1,"treasure":"be_dama_red","fall":""},{"name":"YellowKochappy","count":4,"weight":0,"dead_end":false,"group":1,"treasure":"be_dama_yellow","fall":""},{"name":"BlueKochappy","count":4,"weight":0,"dead_end":false,"group":1,"treasure":"be_dama_blue","fall":""},{"name":"LeafChappy","count":1,"weight":0,"dead_end":false,"group":0,"treasure":"key","fall":""},{"name":"Qurione","count":1,"weight":0,"dead_end":false,"group":0,"treasure":null,"fall":""},{"name":"Qurione","count":1,"weight":0,"dead_end":false,"group":0,"treasure":null,"fall":""},{"name":"Qurione","count":1,"weight":0,"dead_end":false,"group":0,"treasure":null,"fall":""},{"name":"Wakame_l","count":33,"weight":0,"dead_end":false,"group":6,"treasure":null,"fall":""}],"treasures":[{"name":"be_dama_blue_l","count":1,"weight":0},{"name":"be_dama_yellow_l","count":1,"weight":0},{"name":"be_dama_red_l","count":1,"weight":0}],"gates":[]}],"content":null}