{"sublevels":[{"name":"Sublevel 1","properties":{"unit":"1_NARI_4x4b_conc.txt","max_rooms":5,"light":"houdai_light.ini","music":"cavetile_00_0.cnd","skybox":"none","corridor":0.3,"caps":50,"timer":300,"geyser":false,"clogged":true,"echo":0,"plane":false,"seesaw":false,"version":1,"max_entities":51,"max_trasures":null,"max_gates":null},"entities":[{"name":"BlackMan","count":1,"weight":0,"dead_end":false,"group":0,"treasure":null,"fall":""},{"name":"BlackMan","count":1,"weight":0,"dead_end":false,"group":1,"treasure":null,"fall":""},{"name":"MaroFrog","count":1,"weight":0,"dead_end":false,"group":8,"treasure":null,"fall":""},{"name":"Bomb","count":8,"weight":0,"dead_end":false,"group":5,"treasure":null,"fall":"$"},{"name":"BombSarai","count":1,"weight":0,"dead_end":false,"group":0,"treasure":"key","fall":""},{"name":"MaroFrog","count":7,"weight":0,"dead_end":false,"group":1,"treasure":null,"fall":""},{"name":"BombOtakara","count":8,"weight":0,"dead_end":false,"group":5,"treasure":null,"fall":"$"},{"name":"BombSarai","count":2,"weight":0,"dead_end":false,"group":0,"treasure":null,"fall":""},{"name":"Wakame_l","count":60,"weight":0,"dead_end":false,"group":6,"treasure":null,"fall":""},{"name":"Chappy","count":1,"weight":0,"dead_end":false,"group":1,"treasure":null,"fall":""},{"name":"Bomb","count":10,"weight":0,"dead_end":false,"group":5,"treasure":null,"fall":"$"},{"name":"Frog","count":5,"weight":0,"dead_end":false,"group":0,"treasure":null,"fall":""}],"treasures":[{"name":"donutschoco_s","count":1,"weight":0},{"name":"flower_red","count":1,"weight":0}],"gates":[{"word":"gate","health":5000,"weight":1},{"word":"gate","health":5000,"weight":1},{"word":"gate","health":5000,"weight":1}]},{"name":"Sublevel 2","properties":{"unit":"5_units_pype_conc.txt","max_rooms":4,"light":"houdai_light.ini","music":"cavetile_00_0.cnd","skybox":"none","corridor":0.01,"caps":50,"timer":300,"geyser":false,"clogged":true,"echo":0,"plane":false,"seesaw":false,"version":1,"max_entities":null,"max_trasures":null,"max_gates":null},"entities":[{"name":"YellowChappy","count":1,"weight":0,"dead_end":false,"group":0,"treasure":null,"fall":""},{"name":"BlackMan","count":1,"weight":0,"dead_end":false,"group":0,"treasure":null,"fall":""},{"name":"BlackMan","count":1,"weight":0,"dead_end":false,"group":1,"treasure":null,"fall":""},{"name":"Wealthy","count":1,"weight":0,"dead_end":false,"group":0,"treasure":"key","fall":""},{"name":"PanModoki","count":1,"weight":0,"dead_end":false,"group":1,"treasure":null,"fall":""},{"name":"KingChappy","count":1,"weight":0,"dead_end":false,"group":1,"treasure":"be_dama_blue_l","fall":""},{"name":"KingChappy","count":1,"weight":0,"dead_end":false,"group":1,"treasure":"be_dama_yellow_l","fall":""},{"name":"Kurage","count":1,"weight":0,"dead_end":false,"group":0,"treasure":null,"fall":""},{"name":"Kurage","count":1,"weight":0,"dead_end":false,"group":1,"treasure":null,"fall":""},{"name":"Egg","count":2,"weight":0,"dead_end":true,"group":0,"treasure":null,"fall":""},{"name":"ElecBug","count":5,"weight":0,"dead_end":false,"group":1,"treasure":null,"fall":""},{"name":"ElecBug","count":5,"weight":0,"dead_end":false,"group":0,"treasure":null,"fall":""},{"name":"DaiodoGreen","count":10,"weight":0,"dead_end":false,"group":6,"treasure":null,"fall":""}],"treasures":[],"gates":[{"word":"gate","health":1000,"weight":1}]},{"name":"Sublevel 3","properties":{"unit":"Plantated_Shower.txt","max_rooms":3,"light":"houdai_light.ini","music":"cavetile_00_0.cnd","skybox":"none","corridor":0.12,"caps":50,"timer":300,"geyser":false,"clogged":true,"echo":0,"plane":false,"seesaw":false,"version":1,"max_entities":59,"max_trasures":null,"max_gates":null},"entities":[{"name":"BlackMan","count":1,"weight":0,"dead_end":false,"group":0,"treasure":null,"fall":""},{"name":"BlackMan","count":1,"weight":0,"dead_end":false,"group":1,"treasure":null,"fall":""},{"name":"KareOoinu_s","count":11,"weight":0,"dead_end":false,"group":6,"treasure":null,"fall":""},{"name":"Ooinu_l","count":6,"weight":0,"dead_end":false,"group":6,"treasure":null,"fall":""},{"name":"Clover","count":3,"weight":0,"dead_end":false,"group":6,"treasure":null,"fall":""},{"name":"Fkabuto","count":3,"weight":0,"dead_end":false,"group":0,"treasure":null,"fall":""},{"name":"Fkabuto","count":2,"weight":0,"dead_end":false,"group":1,"treasure":null,"fall":""},{"name":"Rkabuto","count":1,"weight":0,"dead_end":false,"group":1,"treasure":"key","fall":""},{"name":"BlueChappy","count":1,"weight":0,"dead_end":false,"group":0,"treasure":null,"fall":""},{"name":"Rkabuto","count":1,"weight":0,"dead_end":false,"group":0,"treasure":"gum_tape","fall":""},{"name":"Bomb","count":10,"weight":0,"dead_end":false,"group":5,"treasure":null,"fall":"$4"},{"name":"Tank","count":1,"weight":0,"dead_end":false,"group":0,"treasure":null,"fall":""},{"name":"Tank","count":1,"weight":0,"dead_end":false,"group":0,"treasure":null,"fall":""},{"name":"Tank","count":1,"weight":0,"dead_end":false,"group":0,"treasure":null,"fall":""},{"name":"Tank","count":2,"weight":0,"dead_end":false,"group":1,"treasure":null,"fall":""},{"name":"Tank","count":2,"weight":0,"dead_end":false,"group":1,"treasure":null,"fall":""},{"name":"Catfish","count":6,"weight":0,"dead_end":false,"group":1,"treasure":null,"fall":""},{"name":"Catfish","count":6,"weight":0,"dead_end":false,"group":0,"treasure":null,"fall":""}],"treasures":[{"name":"creap","count":1,"weight":0},{"name":"kan_b_silver","count":1,"weight":0},{"name":"flower_blue","count":1,"weight":0}],"gates":[{"word":"gate","health":1000,"weight":1}]},{"name":"Sublevel 4","properties":{"unit":"3_units_pool_nor_ujikou_tile.txt","max_rooms":4,"light":"houdai_light.ini","music":"cavetile_00_0.cnd","skybox":"none","corridor":0.075,"caps":50,"timer":300,"geyser":false,"clogged":false,"echo":0,"plane":false,"seesaw":false,"version":1,"max_entities":40,"max_trasures":null,"max_gates":null},"entities":[{"name":"BlackMan","count":1,"weight":0,"dead_end":false,"group":0,"treasure":null,"fall":""},{"name":"BlackMan","count":1,"weight":0,"dead_end":false,"group":1,"treasure":null,"fall":""},{"name":"OniKurage","count":3,"weight":0,"dead_end":false,"group":0,"treasure":null,"fall":""},{"name":"OniKurage","count":1,"weight":0,"dead_end":false,"group":1,"treasure":null,"fall":""},{"name":"ElecOtakara","count":5,"weight":0,"dead_end":false,"group":1,"treasure":null,"fall":""},{"name":"ElecOtakara","count":6,"weight":0,"dead_end":false,"group":0,"treasure":null,"fall":""},{"name":"Clover","count":18,"weight":0,"dead_end":false,"group":6,"treasure":null,"fall":""},{"name":"FireChappy","count":1,"weight":0,"dead_end":false,"group":0,"treasure":null,"fall":""},{"name":"Damagumo","count":1,"weight":0,"dead_end":false,"group":1,"treasure":"key","fall":""},{"name":"YellowPom","count":2,"weight":0,"dead_end":true,"group":0,"treasure":null,"fall":""},{"name":"Miulin","count":1,"weight":0,"dead_end":true,"group":0,"treasure":null,"fall":""}],"treasures":[{"name":"kinoko","count":1,"weight":0},{"name":"gum_tape_s","count":1,"weight":0}],"gates":[{"word":"gate","health":1100,"weight":1},{"word":"gate","health":1100,"weight":1}]},{"name":"Sublevel 5","properties":{"unit":"1_units_purple_snow.txt","max_rooms":1,"light":"forest_2_siro_light.ini","music":"caverelax.cnd","skybox":"none","corridor":0.12,"caps":50,"timer":0,"geyser":false,"clogged":false,"echo":0,"plane":false,"seesaw":false,"version":1,"max_entities":2,"max_trasures":null,"max_gates":null},"entities":[{"name":"RandPom","count":2,"weight":0,"dead_end":false,"group":1,"treasure":null,"fall":""}],"treasures":[{"name":"key","count":1,"weight":0}],"gates":[]},{"name":"Sublevel 6","properties":{"unit":"Buried_Bath.txt","max_rooms":5,"light":"houdai_light.ini","music":"cavetile_00_0.cnd","skybox":"none","corridor":0.09,"caps":50,"timer":300,"geyser":false,"clogged":true,"echo":0,"plane":false,"seesaw":false,"version":1,"max_entities":32,"max_trasures":null,"max_gates":null},"entities":[{"name":"ElecHiba","count":5,"weight":0,"dead_end":false,"group":5,"treasure":null,"fall":""},{"name":"UmiMushiBlind","count":2,"weight":0,"dead_end":false,"group":0,"treasure":null,"fall":""},{"name":"UmiMushiBlind","count":2,"weight":0,"dead_end":false,"group":1,"treasure":null,"fall":""},{"name":"BlackMan","count":1,"weight":0,"dead_end":false,"group":1,"treasure":null,"fall":""},{"name":"BlackMan","count":1,"weight":0,"dead_end":false,"group":0,"treasure":null,"fall":""},{"name":"FireOtakara","count":5,"weight":0,"dead_end":false,"group":0,"treasure":null,"fall":""},{"name":"FireOtakara","count":5,"weight":0,"dead_end":false,"group":1,"treasure":null,"fall":""},{"name":"Tobi","count":10,"weight":0,"dead_end":false,"group":1,"treasure":null,"fall":""},{"name":"Hanachirashi","count":1,"weight":0,"dead_end":false,"group":0,"treasure":"key","fall":""}],"treasures":[],"gates":[]},{"name":"Sublevel 7","properties":{"unit":"units_test_tsuchi_conc.txt","max_rooms":4,"light":"muraon_light_lv4.ini","music":"cavetile_00_0.cnd","skybox":"none","corridor":0.05,"caps":50,"timer":300,"geyser":false,"clogged":true,"echo":0,"plane":false,"seesaw":false,"version":1,"max_entities":null,"max_trasures":null,"max_gates":null},"entities":[{"name":"BlackMan","count":1,"weight":0,"dead_end":false,"group":0,"treasure":null,"fall":""},{"name":"BlackMan","count":1,"weight":0,"dead_end":false,"group":1,"treasure":null,"fall":""},{"name":"HikariKinoko","count":10,"weight":0,"dead_end":false,"group":6,"treasure":null,"fall":""},{"name":"Clover","count":3,"weight":0,"dead_end":false,"group":6,"treasure":null,"fall":""},{"name":"KumaChappy","count":1,"weight":0,"dead_end":false,"group":0,"treasure":"radar_b","fall":""},{"name":"Rock","count":7,"weight":0,"dead_end":false,"group":5,"treasure":null,"fall":""},{"name":"Sarai","count":2,"weight":0,"dead_end":false,"group":0,"treasure":null,"fall":""},{"name":"Sarai","count":1,"weight":0,"dead_end":false,"group":1,"treasure":null,"fall":""},{"name":"KumaKochappy","count":4,"weight":0,"dead_end":false,"group":1,"treasure":null,"fall":"$"},{"name":"KumaKochappy","count":4,"weight":0,"dead_end":false,"group":0,"treasure":null,"fall":"$"},{"name":"Demon","count":1,"weight":0,"dead_end":false,"group":1,"treasure":"key","fall":""},{"name":"WaterOtakara","count":4,"weight":0,"dead_end":false,"group":1,"treasure":null,"fall":""},{"name":"WaterOtakara","count":3,"weight":0,"dead_end":false,"group":0,"treasure":null,"fall":""},{"name":"Wtank","count":2,"weight":0,"dead_end":false,"group":0,"treasure":null,"fall":""},{"name":"Wtank","count":2,"weight":0,"dead_end":false,"group":1,"treasure":null,"fall":""},{"name":"Egg","count":2,"weight":0,"dead_end":true,"group":0,"treasure":null,"fall":""}],"treasures":[{"name":"denchi_1_black","count":1,"weight":0},{"name":"kan_imuraya","count":1,"weight":0}],"gates":[{"word":"gate","health":2000,"weight":1},{"word":"gate","health":2000,"weight":1},{"word":"gate","health":1500,"weight":1}]},{"name":"Sublevel 8","properties":{"unit":"2_units_blk1_nor4_tsuchi.txt","max_rooms":5,"light":"muraon_light_lv4.ini","music":"cavetile_00_0.cnd","skybox":"none","corridor":0.095,"caps":50,"timer":300,"geyser":false,"clogged":true,"echo":0,"plane":false,"seesaw":false,"version":1,"max_entities":null,"max_trasures":null,"max_gates":null},"entities":[{"name":"BlackMan","count":1,"weight":0,"dead_end":false,"group":0,"treasure":null,"fall":""},{"name":"BlackMan","count":1,"weight":0,"dead_end":false,"group":1,"treasure":null,"fall":""},{"name":"Mar","count":1,"weight":0,"dead_end":false,"group":1,"treasure":"key","fall":""},{"name":"Jigumo","count":1,"weight":0,"dead_end":false,"group":1,"treasure":"be_dama_yellow","fall":""},{"name":"Jigumo","count":1,"weight":0,"dead_end":false,"group":0,"treasure":"be_dama_yellow","fall":""},{"name":"Armor","count":2,"weight":0,"dead_end":false,"group":0,"treasure":null,"fall":""},{"name":"Armor","count":2,"weight":0,"dead_end":false,"group":1,"treasure":null,"fall":""},{"name":"Hiba","count":8,"weight":0,"dead_end":false,"group":5,"treasure":null,"fall":""},{"name":"Wakame_l","count":8,"weight":0,"dead_end":false,"group":6,"treasure":null,"fall":""},{"name":"Wakame_s","count":8,"weight":0,"dead_end":false,"group":6,"treasure":null,"fall":""},{"name":"Hanachirashi","count":1,"weight":0,"dead_end":false,"group":0,"treasure":null,"fall":""},{"name":"Hanachirashi","count":1,"weight":0,"dead_end":false,"group":1,"treasure":null,"fall":""},{"name":"Frog","count":2,"weight":0,"dead_end":false,"group":1,"treasure":null,"fall":""},{"name":"Frog","count":2,"weight":0,"dead_end":false,"group":0,"treasure":null,"fall":""}],"treasures":[{"name":"futa_a_gold","count":1,"weight":0},{"name":"chess_queen_white","count":1,"weight":0}],"gates":[{"word":"gate","health":3000,"weight":1},{"word":"gate","health":1700,"weight":1},{"word":"gate","health":1700,"weight":1},{"word":"gate","health":1700,"weight":1}]},{"name":"Sublevel 9 - Dweevil","properties":{"unit":"3_units_d_f_ujikou_tile.txt","max_rooms":7,"light":"muraon_light_lv4.ini","music":"cavetile_00_0.cnd","skybox":"none","corridor":0.0,"caps":50,"timer":300,"geyser":false,"clogged":true,"echo":0,"plane":false,"seesaw":false,"version":1,"max_entities":null,"max_trasures":null,"max_gates":null},"entities":[{"name":"SnakeCrow","count":1,"weight":0,"dead_end":false,"group":1,"treasure":"key","fall":""},{"name":"SnakeCrow","count":1,"weight":0,"dead_end":false,"group":1,"treasure":"chocowhite_l","fall":""},{"name":"BlackMan","count":1,"weight":0,"dead_end":false,"group":1,"treasure":null,"fall":""},{"name":"BlackMan","count":1,"weight":0,"dead_end":false,"group":0,"treasure":null,"fall":""},{"name":"GasOtakara","count":3,"weight":0,"dead_end":false,"group":0,"treasure":null,"fall":""},{"name":"WaterOtakara","count":6,"weight":0,"dead_end":false,"group":0,"treasure":null,"fall":""},{"name":"FireOtakara","count":6,"weight":0,"dead_end":false,"group":0,"treasure":null,"fall":""},{"name":"ElecOtakara","count":6,"weight":0,"dead_end":false,"group":0,"treasure":null,"fall":""},{"name":"BombOtakara","count":3,"weight":0,"dead_end":false,"group":5,"treasure":null,"fall":"$2"},{"name":"BombOtakara","count":3,"weight":0,"dead_end":false,"group":5,"treasure":null,"fall":"$3"},{"name":"BombOtakara","count":3,"weight":0,"dead_end":false,"group":5,"treasure":null,"fall":"$4"},{"name":"Kabuto","count":3,"weight":0,"dead_end":false,"group":0,"treasure":null,"fall":""},{"name":"Kabuto","count":2,"weight":0,"dead_end":false,"group":1,"treasure":null,"fall":""}],"treasures":[],"gates":[{"word":"gate","health":2000,"weight":1},{"word":"gate","health":2000,"weight":1},{"word":"gate","health":2000,"weight":1},{"word":"gate","health":2000,"weight":1}]},{"name":"Sublevel 10 - Boss","properties":{"unit":"3_units_north_ud_pool_tile.txt","max_rooms":5,"light":"muraon_light_lv4.ini","music":"cavetile_00_0.cnd","skybox":"none","corridor":0.0,"caps":50,"timer":55,"geyser":false,"clogged":false,"echo":0,"plane":false,"seesaw":false,"version":1,"max_entities":null,"max_trasures":null,"max_gates":null},"entities":[{"name":"BlackMan","count":1,"weight":0,"dead_end":false,"group":0,"treasure":"doll","fall":""},{"name":"BlackMan","count":1,"weight":0,"dead_end":false,"group":0,"treasure":"key","fall":""},{"name":"KareOoinu_l","count":10,"weight":0,"dead_end":false,"group":6,"treasure":null,"fall":""},{"name":"BlackPom","count":2,"weight":1,"dead_end":true,"group":0,"treasure":null,"fall":""},{"name":"Egg","count":1,"weight":0,"dead_end":true,"group":0,"treasure":null,"fall":""}],"treasures":[],"gates":[{"word":"gate","health":1000,"weight":1},{"word":"gate","health":1000,"weight":1},{"word":"gate","health":1000,"weight":1},{"word":"gate","health":1000,"weight":1}]}],"content":null}