{"sublevels":[{"name":"Sublevel 1 - Main Floor","properties":{"unit":"1_MAT_manp_conc.txt","max_rooms":10,"light":"metal_light_lv0.ini","music":"cavemetal_00_1.cnd","skybox":"none","corridor":0.12,"caps":50,"timer":0,"geyser":false,"clogged":false,"echo":0,"plane":false,"seesaw":false,"version":1,"max_entities":null,"max_trasures":null,"max_gates":null},"entities":[{"name":"Baby","count":1,"weight":0,"dead_end":false,"group":0,"treasure":"key","fall":""},{"name":"Egg","count":1,"weight":0,"dead_end":false,"group":1,"treasure":"flask","fall":""},{"name":"Baby","count":49,"weight":0,"dead_end":false,"group":0,"treasure":null,"fall":""},{"name":"Baby","count":50,"weight":0,"dead_end":false,"group":0,"treasure":null,"fall":"$3"},{"name":"Baby","count":100,"weight":0,"dead_end":false,"group":6,"treasure":null,"fall":"$3"},{"name":"Baby","count":100,"weight":0,"dead_end":false,"group":6,"treasure":null,"fall":""},{"name":"Baby","count":700,"weight":0,"dead_end":false,"group":6,"treasure":null,"fall":""},{"name":"Egg","count":199,"weight":0,"dead_end":false,"group":1,"treasure":null,"fall":""}],"treasures":[],"gates":[]}],"content":null}