{"sublevels":[{"name":"Sublevel 1 - North Clock Town","properties":{"unit":"1_MIYA_big_kusachi.txt","max_rooms":1,"light":"houdai_light.ini","music":"new_04_0.cnd","skybox":"hiroba","corridor":0.0,"caps":5,"timer":0,"geyser":false,"clogged":false,"echo":0,"plane":true,"seesaw":false,"version":1,"max_entities":null,"max_trasures":null,"max_gates":null},"entities":[{"name":"ElecOtakara","count":1,"weight":0,"dead_end":false,"group":0,"treasure":"gas","fall":"$4"},{"name":"BombSarai","count":1,"weight":0,"dead_end":false,"group":1,"treasure":"watch","fall":""},{"name":"Sokkuri","count":1,"weight":0,"dead_end":false,"group":0,"treasure":"teala_dia_b","fall":""},{"name":"Wealthy","count":1,"weight":0,"dead_end":false,"group":0,"treasure":"be_dama_red","fall":"$"},{"name":"Sokkuri","count":2,"weight":0,"dead_end":false,"group":0,"treasure":null,"fall":""},{"name":"Egg","count":1,"weight":0,"dead_end":false,"group":1,"treasure":null,"fall":"$4"},{"name":"Clover","count":4,"weight":0,"dead_end":false,"group":0,"treasure":null,"fall":""},{"name":"Clover","count":6,"weight":0,"dead_end":false,"group":6,"treasure":null,"fall":""}],"treasures":[{"name":"key","count":1,"weight":0},{"name":"bane_blue","count":1,"weight":0},{"name":"diamond_red","count":1,"weight":0},{"name":"dia_a_green","count":1,"weight":0},{"name":"flower_blue","count":1,"weight":0}],"gates":[]},{"name":"Sublevel 2 - Goron Shrine","properties":{"unit":"3_ABE_sak1_sak2_hit1_tsuchi.txt","max_rooms":2,"light":"light.ini","music":"caveconc_10_0.cnd","skybox":"none","corridor":0.0,"caps":100,"timer":0,"geyser":false,"clogged":false,"echo":0,"plane":false,"seesaw":false,"version":1,"max_entities":null,"max_trasures":null,"max_gates":null},"entities":[{"name":"DaiodoRed","count":7,"weight":0,"dead_end":false,"group":6,"treasure":null,"fall":""},{"name":"Sarai","count":1,"weight":0,"dead_end":false,"group":0,"treasure":"j_block_red","fall":""},{"name":"OoPanModoki","count":2,"weight":0,"dead_end":false,"group":1,"treasure":"kan_b_silver","fall":""},{"name":"PanModoki","count":1,"weight":0,"dead_end":false,"group":8,"treasure":"futa_a_gold","fall":""},{"name":"Bomb","count":2,"weight":0,"dead_end":true,"group":0,"treasure":null,"fall":""},{"name":"PanModoki","count":1,"weight":0,"dead_end":true,"group":0,"treasure":"futa_a_gold","fall":""}],"treasures":[{"name":"key","count":1,"weight":0},{"name":"bell","count":1,"weight":0},{"name":"gear","count":1,"weight":0},{"name":"bird_hane","count":1,"weight":0}],"gates":[]},{"name":"Sublevel 3 - Darmani's Grave","properties":{"unit":"1_MAT_north_boss_tsuchi.txt","max_rooms":1,"light":"muraon_light_lv1.ini","music":"caverelax.cnd","skybox":"none","corridor":0.0,"caps":1,"timer":0,"geyser":false,"clogged":false,"echo":0,"plane":false,"seesaw":false,"version":1,"max_entities":null,"max_trasures":null,"max_gates":null},"entities":[{"name":"BlackPom","count":2,"weight":0,"dead_end":false,"group":6,"treasure":null,"fall":""},{"name":"Egg","count":1,"weight":0,"dead_end":false,"group":5,"treasure":null,"fall":"$5"},{"name":"HikariKinoko","count":6,"weight":0,"dead_end":false,"group":6,"treasure":null,"fall":""}],"treasures":[{"name":"key","count":1,"weight":0},{"name":"kouseki_suisyou","count":1,"weight":0},{"name":"kouseki_suisyou","count":1,"weight":0}],"gates":[]},{"name":"Sublevel 4 - Snowhead F1","properties":{"unit":"3_MAT_hit34_sak2_uzu1_snow.txt","max_rooms":3,"light":"normal_light_cha.ini","music":"cavemetal_00_0.cnd","skybox":"none","corridor":0.1,"caps":50,"timer":0,"geyser":false,"clogged":false,"echo":0,"plane":false,"seesaw":true,"version":1,"max_entities":null,"max_trasures":null,"max_gates":null},"entities":[{"name":"YellowKochappy","count":2,"weight":0,"dead_end":false,"group":1,"treasure":"dia_b_red","fall":"$"},{"name":"Wtank","count":3,"weight":0,"dead_end":false,"group":1,"treasure":"kouseki_suisyou","fall":""},{"name":"Hiba","count":3,"weight":0,"dead_end":false,"group":5,"treasure":null,"fall":""},{"name":"DaiodoRed","count":8,"weight":0,"dead_end":false,"group":6,"treasure":null,"fall":""}],"treasures":[{"name":"tatebue","count":1,"weight":0},{"name":"key","count":1,"weight":0},{"name":"gum_tape","count":1,"weight":0}],"gates":[]},{"name":"Sublevel 5 - Snowhead B1","properties":{"unit":"3_units_cent_mid2_north_tsuchi.txt","max_rooms":2,"light":"normal_light_lv0.ini","music":"cavemetal_00_0.cnd","skybox":"none","corridor":0.13,"caps":6,"timer":0,"geyser":false,"clogged":false,"echo":0,"plane":false,"seesaw":false,"version":1,"max_entities":null,"max_trasures":null,"max_gates":null},"entities":[{"name":"Hiba","count":6,"weight":0,"dead_end":false,"group":5,"treasure":null,"fall":""},{"name":"UjiB","count":3,"weight":0,"dead_end":false,"group":0,"treasure":null,"fall":""},{"name":"KareOoinu_s","count":5,"weight":0,"dead_end":false,"group":6,"treasure":null,"fall":""},{"name":"RedPom","count":3,"weight":0,"dead_end":false,"group":1,"treasure":null,"fall":""},{"name":"Hiba","count":4,"weight":0,"dead_end":false,"group":0,"treasure":null,"fall":""},{"name":"Hiba","count":4,"weight":0,"dead_end":false,"group":1,"treasure":null,"fall":""}],"treasures":[{"name":"key","count":1,"weight":0},{"name":"yoyo_red","count":1,"weight":0},{"name":"tape_red","count":1,"weight":0},{"name":"toy_ring_c_blue","count":1,"weight":0},{"name":"be_dama_red_l","count":1,"weight":0}],"gates":[{"word":"gate","health":2500,"weight":1},{"word":"gate","health":2500,"weight":1}]},{"name":"Sublevel 6 - Snowhead F2","properties":{"unit":"3_MAT_a_h_m_renga.txt","max_rooms":2,"light":"normal_light_cha.ini","music":"cavemetal_00_0.cnd","skybox":"none","corridor":0.08,"caps":50,"timer":0,"geyser":false,"clogged":false,"echo":0,"plane":false,"seesaw":false,"version":1,"max_entities":null,"max_trasures":null,"max_gates":null},"entities":[{"name":"SnakeCrow","count":1,"weight":0,"dead_end":false,"group":1,"treasure":"key","fall":""},{"name":"RedPom","count":1,"weight":0,"dead_end":true,"group":0,"treasure":null,"fall":""},{"name":"BombOtakara","count":1,"weight":0,"dead_end":false,"group":0,"treasure":null,"fall":""},{"name":"Wtank","count":1,"weight":0,"dead_end":false,"group":0,"treasure":"kouseki_suisyou","fall":""},{"name":"Qurione","count":1,"weight":0,"dead_end":false,"group":8,"treasure":null,"fall":""},{"name":"Hiba","count":3,"weight":0,"dead_end":false,"group":5,"treasure":null,"fall":""},{"name":"Rock","count":3,"weight":0,"dead_end":false,"group":5,"treasure":null,"fall":""},{"name":"DaiodoRed","count":2,"weight":0,"dead_end":false,"group":6,"treasure":null,"fall":""},{"name":"Hiba","count":3,"weight":0,"dead_end":false,"group":0,"treasure":null,"fall":""},{"name":"Egg","count":1,"weight":0,"dead_end":true,"group":0,"treasure":null,"fall":"$"}],"treasures":[{"name":"gum_tape","count":1,"weight":0},{"name":"g_futa_kyosin","count":1,"weight":0},{"name":"denchi_1_black","count":1,"weight":0}],"gates":[]},{"name":"Sublevel 7 - Snowhead F3","properties":{"unit":"3_MAT_d_g_m_renga.txt","max_rooms":2,"light":"normal_light_cha.ini","music":"cavemetal_00_0.cnd","skybox":"none","corridor":0.0,"caps":50,"timer":0,"geyser":false,"clogged":false,"echo":0,"plane":false,"seesaw":true,"version":1,"max_entities":null,"max_trasures":null,"max_gates":null},"entities":[{"name":"SnakeCrow","count":1,"weight":0,"dead_end":false,"group":1,"treasure":"key","fall":""},{"name":"UmiMushiBlind","count":1,"weight":0,"dead_end":false,"group":0,"treasure":"chocowhite","fall":""},{"name":"Tank","count":2,"weight":0,"dead_end":false,"group":1,"treasure":"g_futa_hirosima","fall":""},{"name":"Qurione","count":1,"weight":0,"dead_end":false,"group":0,"treasure":null,"fall":""},{"name":"DaiodoRed","count":2,"weight":0,"dead_end":false,"group":6,"treasure":null,"fall":""}],"treasures":[{"name":"diamond_red_l","count":1,"weight":0},{"name":"chocowhite_l","count":1,"weight":0},{"name":"toy_ring_a_blue","count":1,"weight":0},{"name":"gum_tape","count":1,"weight":0}],"gates":[]},{"name":"Sublevel 8 - Snowhead Goht","properties":{"unit":"1_units_queen_b_tsuchi.txt","max_rooms":1,"light":"normal_light_cha.ini","music":"cavemetal_00_0.cnd","skybox":"none","corridor":0.0,"caps":0,"timer":15,"geyser":false,"clogged":false,"echo":0,"plane":false,"seesaw":false,"version":1,"max_entities":null,"max_trasures":null,"max_gates":null},"entities":[{"name":"BlackMan","count":1,"weight":0,"dead_end":false,"group":1,"treasure":"key","fall":""},{"name":"Egg","count":4,"weight":0,"dead_end":false,"group":0,"treasure":null,"fall":""},{"name":"Rock","count":3,"weight":0,"dead_end":false,"group":0,"treasure":null,"fall":""}],"treasures":[],"gates":[]}],"content":null}