{"sublevels":[{"name":"Sublevel 1","properties":{"unit":"1_units_a_conc.txt","max_rooms":3,"light":"normal_light_lv4.ini","music":"caveconc_00_0.cnd","skybox":"none","corridor":0.05,"caps":50,"timer":0,"geyser":false,"clogged":false,"echo":0,"plane":false,"seesaw":false,"version":1,"max_entities":15,"max_trasures":null,"max_gates":null},"entities":[{"name":"Chappy","count":2,"weight":0,"dead_end":false,"group":0,"treasure":null,"fall":""},{"name":"Kochappy","count":5,"weight":0,"dead_end":false,"group":0,"treasure":null,"fall":"$"},{"name":"Kochappy","count":5,"weight":0,"dead_end":false,"group":1,"treasure":null,"fall":"$"},{"name":"KingChappy","count":1,"weight":0,"dead_end":false,"group":0,"treasure":"key","fall":""},{"name":"Catfish","count":4,"weight":0,"dead_end":false,"group":6,"treasure":null,"fall":""},{"name":"Hiba","count":4,"weight":0,"dead_end":false,"group":5,"treasure":null,"fall":""},{"name":"BlueChappy","count":1,"weight":0,"dead_end":false,"group":5,"treasure":null,"fall":""},{"name":"YellowChappy","count":1,"weight":0,"dead_end":false,"group":5,"treasure":null,"fall":""}],"treasures":[],"gates":[]},{"name":"Sublevel 2","properties":{"unit":"1_units_queen_b_tsuchi.txt","max_rooms":1,"light":"yakushima_2_light.ini","music":"","skybox":"none","corridor":0.05,"caps":50,"timer":0,"geyser":false,"clogged":false,"echo":0,"plane":false,"seesaw":false,"version":1,"max_entities":3,"max_trasures":null,"max_gates":null},"entities":[{"name":"Queen","count":1,"weight":0,"dead_end":false,"group":1,"treasure":"key","fall":""},{"name":"BombSarai","count":2,"weight":0,"dead_end":false,"group":0,"treasure":null,"fall":""}],"treasures":[],"gates":[]},{"name":"Sublevel 3","properties":{"unit":"1_MAT_manq_conc.txt","max_rooms":1,"light":"toy_light_lv4.ini","music":"caveconc_00_0.cnd","skybox":"none","corridor":0.05,"caps":50,"timer":0,"geyser":false,"clogged":false,"echo":0,"plane":false,"seesaw":false,"version":1,"max_entities":28,"max_trasures":null,"max_gates":null},"entities":[{"name":"ElecBug","count":3,"weight":0,"dead_end":false,"group":0,"treasure":null,"fall":""},{"name":"ElecBug","count":3,"weight":0,"dead_end":false,"group":1,"treasure":null,"fall":""},{"name":"ElecBug","count":3,"weight":0,"dead_end":false,"group":6,"treasure":null,"fall":""},{"name":"ElecBug","count":3,"weight":0,"dead_end":false,"group":5,"treasure":null,"fall":""},{"name":"ElecBug","count":3,"weight":0,"dead_end":true,"group":0,"treasure":null,"fall":""},{"name":"ElecBug","count":3,"weight":0,"dead_end":false,"group":0,"treasure":null,"fall":""},{"name":"ElecBug","count":3,"weight":0,"dead_end":false,"group":1,"treasure":null,"fall":""},{"name":"ElecBug","count":3,"weight":0,"dead_end":false,"group":6,"treasure":null,"fall":""},{"name":"ElecBug","count":3,"weight":0,"dead_end":false,"group":1,"treasure":null,"fall":""}],"treasures":[{"name":"key","count":1,"weight":0}],"gates":[]},{"name":"Sublevel 4","properties":{"unit":"1_MIYA_bunki_tile.txt","max_rooms":1,"light":"oootakara_light.ini","music":"","skybox":"none","corridor":0.05,"caps":50,"timer":0,"geyser":false,"clogged":false,"echo":0,"plane":false,"seesaw":false,"version":1,"max_entities":6,"max_trasures":null,"max_gates":null},"entities":[{"name":"UmiMushi","count":1,"weight":0,"dead_end":false,"group":6,"treasure":"key","fall":""},{"name":"KumaChappy","count":1,"weight":0,"dead_end":false,"group":0,"treasure":null,"fall":""},{"name":"Mar","count":2,"weight":0,"dead_end":false,"group":1,"treasure":null,"fall":""},{"name":"BombSarai","count":2,"weight":0,"dead_end":false,"group":1,"treasure":null,"fall":""}],"treasures":[],"gates":[]},{"name":"Sublevel 5","properties":{"unit":"1_units_ike4_tsuchi.txt","max_rooms":1,"light":"sirohana_light_lv2.ini","music":"new_01_0.cnd","skybox":"none","corridor":0.05,"caps":50,"timer":0,"geyser":false,"clogged":false,"echo":0,"plane":false,"seesaw":false,"version":1,"max_entities":8,"max_trasures":null,"max_gates":null},"entities":[{"name":"LeafChappy","count":1,"weight":0,"dead_end":false,"group":0,"treasure":null,"fall":""},{"name":"ElecHiba","count":2,"weight":0,"dead_end":false,"group":1,"treasure":null,"fall":""},{"name":"ElecHiba","count":2,"weight":0,"dead_end":false,"group":0,"treasure":null,"fall":""},{"name":"MaroFrog","count":1,"weight":0,"dead_end":false,"group":0,"treasure":null,"fall":""},{"name":"BlueChappy","count":1,"weight":0,"dead_end":false,"group":0,"treasure":null,"fall":""},{"name":"Frog","count":1,"weight":0,"dead_end":true,"group":0,"treasure":"key","fall":""},{"name":"OniKurage","count":2,"weight":0,"dead_end":false,"group":6,"treasure":null,"fall":""},{"name":"Tank","count":2,"weight":0,"dead_end":false,"group":5,"treasure":null,"fall":""},{"name":"Frog","count":2,"weight":0,"dead_end":true,"group":0,"treasure":null,"fall":""}],"treasures":[],"gates":[]},{"name":"Sublevel 6","properties":{"unit":"1_units_king_tsuchi.txt","max_rooms":1,"light":"vs_2_light.ini","music":"caveconc_00_0.cnd","skybox":"none","corridor":0.05,"caps":50,"timer":0,"geyser":false,"clogged":false,"echo":0,"plane":false,"seesaw":false,"version":1,"max_entities":10,"max_trasures":null,"max_gates":null},"entities":[{"name":"MiniHoudai","count":1,"weight":0,"dead_end":false,"group":0,"treasure":"key","fall":""},{"name":"ElecOtakara","count":3,"weight":0,"dead_end":false,"group":1,"treasure":null,"fall":""},{"name":"FireOtakara","count":3,"weight":0,"dead_end":false,"group":0,"treasure":null,"fall":""},{"name":"BombOtakara","count":1,"weight":0,"dead_end":false,"group":0,"treasure":null,"fall":"$"},{"name":"BombOtakara","count":1,"weight":0,"dead_end":false,"group":1,"treasure":null,"fall":"$"},{"name":"RandPom","count":1,"weight":0,"dead_end":true,"group":0,"treasure":null,"fall":""},{"name":"Sarai","count":2,"weight":0,"dead_end":false,"group":6,"treasure":null,"fall":""},{"name":"Damagumo","count":1,"weight":0,"dead_end":false,"group":1,"treasure":null,"fall":""}],"treasures":[],"gates":[]},{"name":"Sublevel 7","properties":{"unit":"1_units_snake_tsuchi.txt","max_rooms":1,"light":"suityu_light_lv0.ini","music":"","skybox":"none","corridor":0.05,"caps":50,"timer":0,"geyser":false,"clogged":false,"echo":0,"plane":false,"seesaw":false,"version":1,"max_entities":3,"max_trasures":null,"max_gates":null},"entities":[{"name":"SnakeWhole","count":1,"weight":0,"dead_end":false,"group":1,"treasure":"key","fall":""},{"name":"Kabuto","count":2,"weight":0,"dead_end":false,"group":0,"treasure":null,"fall":""}],"treasures":[],"gates":[]}],"content":null}