{"sublevels":[{"name":"Sublevel 1","properties":{"unit":"4_units_mid1_mid2_hit1_sak1_tsuchi.txt","max_rooms":5,"light":"hiroba_toy_light_cha.ini","music":"new_08_1.cnd","skybox":"tatami","corridor":0.1,"caps":100,"timer":0,"geyser":true,"clogged":false,"echo":0,"plane":false,"seesaw":false,"version":1,"max_entities":null,"max_trasures":null,"max_gates":null},"entities":[{"name":"Fkabuto","count":5,"weight":0,"dead_end":false,"group":1,"treasure":null,"fall":""},{"name":"UjiA","count":10,"weight":0,"dead_end":false,"group":0,"treasure":null,"fall":""},{"name":"YellowKochappy","count":7,"weight":0,"dead_end":false,"group":1,"treasure":null,"fall":""},{"name":"KumaChappy","count":1,"weight":0,"dead_end":false,"group":0,"treasure":"key","fall":""},{"name":"Tadpole","count":10,"weight":0,"dead_end":false,"group":0,"treasure":"loozy","fall":""}],"treasures":[{"name":"baum_kuchen_s","count":1,"weight":0},{"name":"chocowhite","count":2,"weight":0},{"name":"chocolate","count":1,"weight":0},{"name":"chocowhite_l","count":1,"weight":0}],"gates":[]}],"content":null}