{"sublevels":[{"name":"Sublevel 1 - Redborb","properties":{"unit":"all_units_kusachi.txt","max_rooms":2,"light":"jyoou_light_lv1.ini","music":"caveglass_00_0.cnd","skybox":"hiroba","corridor":0.025,"caps":50,"timer":0,"geyser":true,"clogged":false,"echo":0,"plane":true,"seesaw":false,"version":1,"max_entities":null,"max_trasures":null,"max_gates":null},"entities":[{"name":"FireChappy","count":1,"weight":0,"dead_end":false,"group":0,"treasure":"key","fall":""},{"name":"Kochappy","count":2,"weight":0,"dead_end":false,"group":0,"treasure":"be_dama_red","fall":""},{"name":"Kochappy","count":2,"weight":0,"dead_end":false,"group":0,"treasure":"be_dama_red","fall":""},{"name":"Kochappy","count":2,"weight":0,"dead_end":false,"group":0,"treasure":"be_dama_red","fall":""},{"name":"Chappy","count":1,"weight":0,"dead_end":false,"group":0,"treasure":"apple","fall":""},{"name":"Chappy","count":1,"weight":0,"dead_end":false,"group":0,"treasure":"apple","fall":""},{"name":"Chappy","count":1,"weight":0,"dead_end":false,"group":0,"treasure":"apple","fall":""},{"name":"Chappy","count":1,"weight":0,"dead_end":false,"group":0,"treasure":"apple","fall":""}],"treasures":[{"name":"j_block_red","count":2,"weight":0},{"name":"apple","count":1,"weight":0}],"gates":[{"word":"gate","health":6000,"weight":1}]},{"name":"Sublevel 2 - Waterborb","properties":{"unit":"all_units_tile.txt","max_rooms":3,"light":"key_light_lv1.ini","music":"new_02_0.cnd","skybox":"none","corridor":0.01,"caps":50,"timer":0,"geyser":true,"clogged":false,"echo":0,"plane":false,"seesaw":false,"version":1,"max_entities":null,"max_trasures":null,"max_gates":null},"entities":[{"name":"Kurage","count":1,"weight":0,"dead_end":false,"group":0,"treasure":"key","fall":""},{"name":"Catfish","count":2,"weight":0,"dead_end":false,"group":0,"treasure":"be_dama_blue","fall":""},{"name":"Catfish","count":2,"weight":0,"dead_end":false,"group":0,"treasure":"be_dama_blue","fall":""},{"name":"Catfish","count":2,"weight":0,"dead_end":false,"group":0,"treasure":"be_dama_blue","fall":""},{"name":"Catfish","count":2,"weight":0,"dead_end":false,"group":0,"treasure":"be_dama_blue","fall":""},{"name":"Catfish","count":2,"weight":0,"dead_end":false,"group":0,"treasure":"be_dama_blue","fall":""},{"name":"Catfish","count":2,"weight":0,"dead_end":false,"group":0,"treasure":"be_dama_blue","fall":""},{"name":"Kurage","count":1,"weight":0,"dead_end":false,"group":0,"treasure":"be_dama_blue_l","fall":""},{"name":"Kurage","count":1,"weight":0,"dead_end":false,"group":0,"treasure":"be_dama_blue_l","fall":""},{"name":"Wtank","count":4,"weight":0,"dead_end":false,"group":1,"treasure":"j_block_blue","fall":""}],"treasures":[],"gates":[]},{"name":"Sublevel 3 - Snowborb","properties":{"unit":"all_units_snow.txt","max_rooms":3,"light":"sirohana_light_lv2.ini","music":"new_00_1.cnd","skybox":"none","corridor":0.003,"caps":50,"timer":0,"geyser":true,"clogged":false,"echo":0,"plane":false,"seesaw":false,"version":1,"max_entities":null,"max_trasures":null,"max_gates":null},"entities":[{"name":"Mar","count":1,"weight":0,"dead_end":false,"group":1,"treasure":"key","fall":""},{"name":"Wakame_s","count":40,"weight":0,"dead_end":false,"group":6,"treasure":null,"fall":""},{"name":"YellowChappy","count":2,"weight":0,"dead_end":false,"group":1,"treasure":"milk_cap","fall":""},{"name":"Mar","count":1,"weight":0,"dead_end":false,"group":0,"treasure":"kumakibori","fall":""},{"name":"YellowKochappy","count":12,"weight":0,"dead_end":false,"group":1,"treasure":"cookie","fall":""}],"treasures":[{"name":"kan_meidiya","count":2,"weight":0}],"gates":[{"word":"gate","health":2000,"weight":1},{"word":"gate","health":2000,"weight":1}]},{"name":"Sublevel 4 - Illusionborb","properties":{"unit":"all_units_toy.txt","max_rooms":2,"light":"toy_light_lv4.ini","music":"new_03_0.cnd","skybox":"tatami","corridor":0.0,"caps":0,"timer":0,"geyser":true,"clogged":false,"echo":0,"plane":true,"seesaw":false,"version":1,"max_entities":null,"max_trasures":null,"max_gates":null},"entities":[{"name":"MiniHoudai","count":1,"weight":0,"dead_end":false,"group":1,"treasure":"key","fall":""},{"name":"PanModoki","count":5,"weight":0,"dead_end":false,"group":1,"treasure":"be_dama_yellow_l","fall":""},{"name":"Chiyogami","count":10,"weight":0,"dead_end":false,"group":6,"treasure":null,"fall":""},{"name":"Bomb","count":60,"weight":0,"dead_end":false,"group":6,"treasure":null,"fall":""},{"name":"Jigumo","count":2,"weight":0,"dead_end":false,"group":1,"treasure":"chess_queen_black","fall":""},{"name":"MaroFrog","count":2,"weight":0,"dead_end":false,"group":1,"treasure":"chess_king_white","fall":""},{"name":"LeafChappy","count":2,"weight":0,"dead_end":false,"group":0,"treasure":"donutschoco","fall":""}],"treasures":[{"name":"flower_blue","count":8,"weight":0},{"name":"momiji_normal","count":8,"weight":0},{"name":"dia_b_blue","count":8,"weight":0}],"gates":[]},{"name":"Sublevel 5 - Orangeborb","properties":{"unit":"all_units_conc.txt","max_rooms":3,"light":"vs_2_light.ini","music":"new_01_0.cnd","skybox":"none","corridor":0.025,"caps":50,"timer":0,"geyser":true,"clogged":false,"echo":0,"plane":false,"seesaw":false,"version":1,"max_entities":null,"max_trasures":null,"max_gates":null},"entities":[{"name":"Hanachirashi","count":1,"weight":0,"dead_end":false,"group":1,"treasure":"key","fall":""},{"name":"BlueChappy","count":4,"weight":0,"dead_end":false,"group":1,"treasure":"halloween","fall":""},{"name":"BlueKochappy","count":80,"weight":0,"dead_end":false,"group":6,"treasure":"ahiru_head","fall":"$"},{"name":"Hanachirashi","count":1,"weight":0,"dead_end":false,"group":1,"treasure":"sensya","fall":""},{"name":"ElecHiba","count":6,"weight":0,"dead_end":false,"group":1,"treasure":null,"fall":""},{"name":"HikariKinoko","count":20,"weight":0,"dead_end":false,"group":6,"treasure":null,"fall":""}],"treasures":[{"name":"compact_make","count":2,"weight":0},{"name":"chocowhite","count":2,"weight":0},{"name":"baum_kuchen_s","count":1,"weight":0},{"name":"gas","count":1,"weight":0}],"gates":[]},{"name":"Sublevel 6 - Babyborb","properties":{"unit":"all_units_renga.txt","max_rooms":2,"light":"sniper_light_lv0.ini","music":"new_06_0.cnd","skybox":"none","corridor":0.1,"caps":50,"timer":0,"geyser":true,"clogged":false,"echo":0,"plane":false,"seesaw":false,"version":1,"max_entities":null,"max_trasures":null,"max_gates":null},"entities":[{"name":"Kochappy","count":1,"weight":0,"dead_end":false,"group":0,"treasure":"key","fall":""},{"name":"Baby","count":100,"weight":0,"dead_end":false,"group":6,"treasure":"momiji_normal","fall":"$"},{"name":"Baby","count":100,"weight":0,"dead_end":false,"group":6,"treasure":"dia_b_blue","fall":"$"},{"name":"Baby","count":100,"weight":0,"dead_end":false,"group":6,"treasure":"flower_blue","fall":"$"}],"treasures":[],"gates":[]},{"name":"Sublevel 7 - Kumaborb","properties":{"unit":"all_units_metal.txt","max_rooms":4,"light":"metal_light_lv2.ini","music":"cavemetal_10_0.cnd","skybox":"build","corridor":0.0,"caps":0,"timer":0,"geyser":true,"clogged":false,"echo":0,"plane":false,"seesaw":false,"version":1,"max_entities":null,"max_trasures":null,"max_gates":null},"entities":[{"name":"KumaChappy","count":1,"weight":0,"dead_end":false,"group":0,"treasure":"key","fall":""},{"name":"DaiodoRed","count":2,"weight":0,"dead_end":false,"group":0,"treasure":null,"fall":""},{"name":"DaiodoGreen","count":4,"weight":0,"dead_end":false,"group":0,"treasure":null,"fall":""},{"name":"KumaChappy","count":2,"weight":0,"dead_end":false,"group":0,"treasure":"diamond_green_l","fall":""},{"name":"KumaKochappy","count":3,"weight":0,"dead_end":false,"group":0,"treasure":"bolt","fall":""},{"name":"KumaKochappy","count":3,"weight":0,"dead_end":false,"group":0,"treasure":"bolt","fall":""},{"name":"KumaKochappy","count":3,"weight":0,"dead_end":false,"group":0,"treasure":"bolt","fall":""},{"name":"Bomb","count":30,"weight":0,"dead_end":false,"group":6,"treasure":null,"fall":"$"},{"name":"KumaChappy","count":1,"weight":0,"dead_end":false,"group":0,"treasure":"diamond_green_l","fall":"$"},{"name":"BlackPom","count":3,"weight":0,"dead_end":true,"group":0,"treasure":null,"fall":""},{"name":"Egg","count":3,"weight":0,"dead_end":true,"group":0,"treasure":null,"fall":""}],"treasures":[],"gates":[]},{"name":"Sublevel 8 - Foodborb","properties":{"unit":"all_units_water_tsuchi.txt","max_rooms":2,"light":"qchap_light.ini","music":"caveglass_10_0.cnd","skybox":"none","corridor":0.2,"caps":50,"timer":0,"geyser":true,"clogged":false,"echo":0,"plane":false,"seesaw":false,"version":1,"max_entities":null,"max_trasures":null,"max_gates":null},"entities":[{"name":"Egg","count":5,"weight":0,"dead_end":true,"group":0,"treasure":null,"fall":""},{"name":"BlackPom","count":3,"weight":0,"dead_end":true,"group":0,"treasure":null,"fall":""},{"name":"LeafChappy","count":8,"weight":0,"dead_end":false,"group":0,"treasure":"donutschoco","fall":""}],"treasures":[{"name":"key","count":1,"weight":0}],"gates":[]},{"name":"Sublevel 9 - Kingborb","properties":{"unit":"2_units_Oashi_d_conc.txt","max_rooms":2,"light":"oootakara_light.ini","music":"cavesoil_05_0.cnd","skybox":"none","corridor":0.05,"caps":50,"timer":0,"geyser":true,"clogged":false,"echo":0,"plane":false,"seesaw":false,"version":1,"max_entities":null,"max_trasures":null,"max_gates":null},"entities":[{"name":"KingChappy","count":3,"weight":0,"dead_end":false,"group":1,"treasure":"gold_medal","fall":""},{"name":"ElecHiba","count":6,"weight":0,"dead_end":false,"group":1,"treasure":null,"fall":""},{"name":"GasHiba","count":6,"weight":0,"dead_end":false,"group":1,"treasure":null,"fall":""},{"name":"Bomb","count":12,"weight":0,"dead_end":false,"group":1,"treasure":null,"fall":"$"},{"name":"Wakame_s","count":200,"weight":0,"dead_end":false,"group":6,"treasure":null,"fall":""},{"name":"Wakame_l","count":200,"weight":0,"dead_end":false,"group":6,"treasure":null,"fall":""},{"name":"Clover","count":200,"weight":0,"dead_end":false,"group":6,"treasure":null,"fall":""}],"treasures":[{"name":"key","count":1,"weight":0}],"gates":[]},{"name":"Sublevel 10 - Megaborb","properties":{"unit":"all_units.txt","max_rooms":5,"light":"king_light.ini","music":"new_03_0.cnd","skybox":"none","corridor":0.0,"caps":50,"timer":0,"geyser":true,"clogged":false,"echo":0,"plane":false,"seesaw":false,"version":1,"max_entities":null,"max_trasures":null,"max_gates":null},"entities":[{"name":"KingChappy","count":1,"weight":0,"dead_end":false,"group":0,"treasure":"key","fall":""},{"name":"KumaChappy","count":1,"weight":0,"dead_end":false,"group":0,"treasure":"elec","fall":""},{"name":"MiniHoudai","count":1,"weight":0,"dead_end":false,"group":0,"treasure":"gas","fall":""},{"name":"KingChappy","count":1,"weight":0,"dead_end":false,"group":0,"treasure":"water","fall":""},{"name":"FireChappy","count":1,"weight":0,"dead_end":false,"group":0,"treasure":"fire","fall":""},{"name":"OoPanModoki","count":1,"weight":0,"dead_end":false,"group":0,"treasure":"doll","fall":""},{"name":"HikariKinoko","count":40,"weight":0,"dead_end":false,"group":6,"treasure":null,"fall":""},{"name":"YellowChappy","count":1,"weight":0,"dead_end":false,"group":0,"treasure":"apple","fall":""},{"name":"BlueChappy","count":1,"weight":0,"dead_end":false,"group":0,"treasure":"sensya","fall":""},{"name":"Chappy","count":1,"weight":0,"dead_end":false,"group":0,"treasure":"matu_bokkuri","fall":""},{"name":"PanModoki","count":2,"weight":0,"dead_end":false,"group":1,"treasure":"chocoichigo","fall":""},{"name":"LeafChappy","count":2,"weight":0,"dead_end":false,"group":1,"treasure":"momiji_kare","fall":""},{"name":"Baby","count":5,"weight":0,"dead_end":false,"group":1,"treasure":"flower_blue","fall":""},{"name":"KumaKochappy","count":2,"weight":0,"dead_end":false,"group":0,"treasure":"denchi_3_red","fall":""},{"name":"BlueKochappy","count":2,"weight":0,"dead_end":false,"group":0,"treasure":"chocowhite","fall":""},{"name":"Kochappy","count":2,"weight":0,"dead_end":false,"group":0,"treasure":"j_block_yellow","fall":""},{"name":"YellowKochappy","count":2,"weight":0,"dead_end":false,"group":0,"treasure":"denchi_2_black","fall":""},{"name":"BlackPom","count":3,"weight":0,"dead_end":true,"group":0,"treasure":null,"fall":""},{"name":"Egg","count":3,"weight":0,"dead_end":true,"group":0,"treasure":null,"fall":""}],"treasures":[{"name":"donutsichigo_s","count":1,"weight":0},{"name":"donutswhite","count":1,"weight":0},{"name":"robot_head","count":1,"weight":0}],"gates":[{"word":"gate","health":10000,"weight":1},{"word":"gate","health":10000,"weight":1},{"word":"gate","health":10000,"weight":1},{"word":"gate","health":10000,"weight":1},{"word":"gate","health":10000,"weight":1}]}],"content":null}