{"sublevels":[{"name":"Sublevel 1 - Dweevil","properties":{"unit":"1_ABE_mid1_metal.txt","max_rooms":2,"light":"toy_light_lv4.ini","music":"cavemetal_10_4.cnd","skybox":"build","corridor":0.15,"caps":50,"timer":0,"geyser":false,"clogged":true,"echo":0,"plane":false,"seesaw":false,"version":1,"max_entities":null,"max_trasures":null,"max_gates":null},"entities":[{"name":"Bomb","count":1,"weight":0,"dead_end":false,"group":8,"treasure":null,"fall":""},{"name":"WaterOtakara","count":1,"weight":0,"dead_end":false,"group":1,"treasure":"key","fall":""},{"name":"ElecHiba","count":6,"weight":0,"dead_end":false,"group":5,"treasure":null,"fall":""},{"name":"WaterOtakara","count":1,"weight":0,"dead_end":false,"group":1,"treasure":null,"fall":""},{"name":"HikariKinoko","count":5,"weight":0,"dead_end":false,"group":1,"treasure":null,"fall":""},{"name":"WaterOtakara","count":2,"weight":0,"dead_end":false,"group":0,"treasure":null,"fall":""},{"name":"WaterOtakara","count":3,"weight":0,"dead_end":false,"group":0,"treasure":null,"fall":""},{"name":"DaiodoRed","count":4,"weight":0,"dead_end":false,"group":6,"treasure":null,"fall":""}],"treasures":[],"gates":[{"word":"gate","health":500,"weight":1}]},{"name":"Sublevel 2 - Shearwig spam","properties":{"unit":"1_MIYA_big_kusachi.txt","max_rooms":1,"light":"vs_7_light.ini","music":"cavesoil_05_1.cnd","skybox":"hiroba","corridor":0.12,"caps":50,"timer":0,"geyser":false,"clogged":true,"echo":0,"plane":true,"seesaw":false,"version":1,"max_entities":null,"max_trasures":null,"max_gates":null},"entities":[{"name":"Tobi","count":6,"weight":0,"dead_end":false,"group":0,"treasure":"key","fall":""},{"name":"Tobi","count":38,"weight":0,"dead_end":false,"group":0,"treasure":null,"fall":""},{"name":"Bomb","count":1,"weight":0,"dead_end":false,"group":6,"treasure":null,"fall":""},{"name":"Magaret","count":4,"weight":0,"dead_end":false,"group":6,"treasure":null,"fall":""},{"name":"Watage","count":2,"weight":0,"dead_end":false,"group":1,"treasure":null,"fall":""},{"name":"Wakame_l","count":1,"weight":0,"dead_end":false,"group":1,"treasure":null,"fall":""}],"treasures":[],"gates":[]},{"name":"Sublevel 3 - Bulbmin Den","properties":{"unit":"1_MAT_manp_conc.txt","max_rooms":1,"light":"normal_light_lv0.ini","music":"caveconc_00_0.cnd","skybox":"none","corridor":0.12,"caps":50,"timer":0,"geyser":false,"clogged":false,"echo":0,"plane":false,"seesaw":false,"version":1,"max_entities":null,"max_trasures":null,"max_gates":null},"entities":[{"name":"LeafChappy","count":1,"weight":0,"dead_end":false,"group":1,"treasure":"key","fall":""},{"name":"LeafChappy","count":12,"weight":0,"dead_end":false,"group":1,"treasure":null,"fall":""},{"name":"Nekojarashi","count":1,"weight":0,"dead_end":false,"group":0,"treasure":null,"fall":""},{"name":"Nekojarashi","count":1,"weight":0,"dead_end":false,"group":0,"treasure":null,"fall":""},{"name":"Nekojarashi","count":1,"weight":0,"dead_end":false,"group":0,"treasure":null,"fall":""},{"name":"Zenmai","count":1,"weight":0,"dead_end":false,"group":0,"treasure":null,"fall":""},{"name":"Bomb","count":1,"weight":0,"dead_end":false,"group":6,"treasure":null,"fall":""}],"treasures":[],"gates":[{"word":"gate","health":200,"weight":1},{"word":"gate","health":200,"weight":1},{"word":"gate","health":200,"weight":1},{"word":"gate","health":200,"weight":1},{"word":"gate","health":620,"weight":1}]},{"name":"Sublevel 4 - Chase the beetle!","properties":{"unit":"1_MIYA_manh2_conc.txt","max_rooms":1,"light":"normal_light_lv0.ini","music":"caveconc_00_0.cnd","skybox":"none","corridor":0.12,"caps":50,"timer":0,"geyser":false,"clogged":true,"echo":0,"plane":false,"seesaw":false,"version":1,"max_entities":null,"max_trasures":null,"max_gates":null},"entities":[{"name":"Bomb","count":1,"weight":0,"dead_end":false,"group":5,"treasure":null,"fall":""},{"name":"Wealthy","count":1,"weight":0,"dead_end":false,"group":1,"treasure":"key","fall":""},{"name":"ElecHiba","count":40,"weight":0,"dead_end":false,"group":0,"treasure":null,"fall":""},{"name":"UjiB","count":15,"weight":0,"dead_end":false,"group":0,"treasure":null,"fall":""}],"treasures":[],"gates":[]},{"name":"Sublevel 5 - WollyBread","properties":{"unit":"1_ABE_king_tsuchi.txt","max_rooms":1,"light":"normal_light_lv0.ini","music":"cavesoil_00_3.cnd","skybox":"none","corridor":0.12,"caps":50,"timer":0,"geyser":false,"clogged":true,"echo":0,"plane":false,"seesaw":false,"version":1,"max_entities":null,"max_trasures":null,"max_gates":null},"entities":[{"name":"Bomb","count":1,"weight":0,"dead_end":false,"group":5,"treasure":null,"fall":""},{"name":"PanModoki","count":1,"weight":0,"dead_end":false,"group":0,"treasure":"key","fall":""},{"name":"MaroFrog","count":1,"weight":0,"dead_end":false,"group":0,"treasure":null,"fall":""},{"name":"MaroFrog","count":1,"weight":0,"dead_end":false,"group":0,"treasure":null,"fall":""},{"name":"MaroFrog","count":9,"weight":0,"dead_end":false,"group":1,"treasure":null,"fall":""},{"name":"Kogane","count":1,"weight":0,"dead_end":false,"group":6,"treasure":null,"fall":""},{"name":"Zenmai","count":4,"weight":0,"dead_end":false,"group":6,"treasure":null,"fall":""},{"name":"Nekojarashi","count":1,"weight":0,"dead_end":false,"group":6,"treasure":null,"fall":""},{"name":"MaroFrog","count":1,"weight":0,"dead_end":false,"group":6,"treasure":null,"fall":""}],"treasures":[],"gates":[]},{"name":"Sublevel 6 - Speedy Marsh","properties":{"unit":"1_units_ike4_tsuchi.txt","max_rooms":1,"light":"normal_light_lv2.ini","music":"new_08_0.cnd","skybox":"none","corridor":0.12,"caps":50,"timer":0,"geyser":false,"clogged":true,"echo":0,"plane":false,"seesaw":false,"version":1,"max_entities":null,"max_trasures":null,"max_gates":null},"entities":[{"name":"Bomb","count":1,"weight":0,"dead_end":false,"group":5,"treasure":null,"fall":""},{"name":"Sokkuri","count":1,"weight":0,"dead_end":false,"group":0,"treasure":"key","fall":""},{"name":"Sokkuri","count":2,"weight":0,"dead_end":false,"group":1,"treasure":null,"fall":""},{"name":"Rock","count":5,"weight":0,"dead_end":false,"group":0,"treasure":null,"fall":"$"},{"name":"Rock","count":25,"weight":0,"dead_end":false,"group":0,"treasure":null,"fall":""},{"name":"Rock","count":15,"weight":0,"dead_end":false,"group":1,"treasure":null,"fall":""},{"name":"Zenmai","count":3,"weight":0,"dead_end":false,"group":6,"treasure":null,"fall":""},{"name":"Tukushi","count":2,"weight":0,"dead_end":false,"group":6,"treasure":null,"fall":""},{"name":"Rock","count":40,"weight":0,"dead_end":false,"group":6,"treasure":null,"fall":"$"}],"treasures":[],"gates":[]},{"name":"Sublevel 7 - Evil Demon","properties":{"unit":"1_units_houdai2_metal.txt","max_rooms":1,"light":"normal_light_lv4.ini","music":"caveconc_00_0.cnd","skybox":"ice","corridor":0.12,"caps":50,"timer":0,"geyser":false,"clogged":true,"echo":0,"plane":false,"seesaw":false,"version":1,"max_entities":null,"max_trasures":null,"max_gates":null},"entities":[{"name":"FireOtakara","count":1,"weight":0,"dead_end":false,"group":1,"treasure":"key","fall":""},{"name":"Demon","count":2,"weight":0,"dead_end":false,"group":0,"treasure":null,"fall":""},{"name":"Demon","count":2,"weight":0,"dead_end":false,"group":0,"treasure":null,"fall":""},{"name":"Demon","count":5,"weight":0,"dead_end":false,"group":5,"treasure":null,"fall":""},{"name":"Bomb","count":1,"weight":0,"dead_end":true,"group":0,"treasure":null,"fall":""},{"name":"DaiodoGreen","count":3,"weight":0,"dead_end":true,"group":0,"treasure":null,"fall":""}],"treasures":[],"gates":[{"word":"gate","health":350,"weight":1},{"word":"gate","health":350,"weight":1},{"word":"gate","health":350,"weight":1}]},{"name":"Sublevel 8 - Speedrun Crawbster","properties":{"unit":"1_units_dangomushi_tile.txt","max_rooms":1,"light":"sirohana_light_lv0.ini","music":"","skybox":"ice","corridor":0.12,"caps":50,"timer":0,"geyser":false,"clogged":false,"echo":0,"plane":false,"seesaw":false,"version":1,"max_entities":null,"max_trasures":null,"max_gates":null},"entities":[{"name":"DangoMushi","count":1,"weight":0,"dead_end":false,"group":1,"treasure":"key","fall":""},{"name":"Tank","count":4,"weight":0,"dead_end":false,"group":8,"treasure":null,"fall":""},{"name":"Kogane","count":1,"weight":0,"dead_end":false,"group":6,"treasure":null,"fall":""},{"name":"Bomb","count":1,"weight":0,"dead_end":false,"group":0,"treasure":null,"fall":""}],"treasures":[],"gates":[]}],"content":null}