{"sublevels":[{"name":"Sublevel 1","properties":{"unit":"2_ABE_blk_hit3_tsuchi.txt","max_rooms":2,"light":"muraon_light_lv1.ini","music":"cavesoil_05_2.cnd","skybox":"none","corridor":0.0,"caps":50,"timer":0,"geyser":false,"clogged":false,"echo":0,"plane":false,"seesaw":false,"version":1,"max_entities":null,"max_trasures":null,"max_gates":null},"entities":[{"name":"GasHiba","count":4,"weight":0,"dead_end":false,"group":5,"treasure":null,"fall":""},{"name":"Kochappy","count":1,"weight":0,"dead_end":false,"group":0,"treasure":"milk_cap","fall":""},{"name":"Kochappy","count":1,"weight":0,"dead_end":false,"group":0,"treasure":null,"fall":""},{"name":"Kochappy","count":1,"weight":0,"dead_end":false,"group":0,"treasure":null,"fall":""},{"name":"Kochappy","count":3,"weight":0,"dead_end":false,"group":1,"treasure":null,"fall":""},{"name":"Armor","count":1,"weight":0,"dead_end":false,"group":0,"treasure":"key","fall":""},{"name":"Clover","count":10,"weight":0,"dead_end":false,"group":6,"treasure":null,"fall":""}],"treasures":[{"name":"donutschoco","count":1,"weight":0},{"name":"chocoichigo","count":1,"weight":0},{"name":"toy_ring_c_red","count":1,"weight":0}],"gates":[]},{"name":"Sublevel 2","properties":{"unit":"1_MAT_danh_conc.txt","max_rooms":2,"light":"muraon_light_lv3.ini","music":"caveconc_00_1.cnd","skybox":"none","corridor":0.14,"caps":50,"timer":0,"geyser":false,"clogged":false,"echo":0,"plane":false,"seesaw":false,"version":1,"max_entities":null,"max_trasures":null,"max_gates":null},"entities":[{"name":"Clover","count":7,"weight":0,"dead_end":false,"group":6,"treasure":null,"fall":""},{"name":"HikariKinoko","count":7,"weight":0,"dead_end":false,"group":6,"treasure":null,"fall":""},{"name":"KumaKochappy","count":1,"weight":0,"dead_end":false,"group":1,"treasure":"key","fall":""},{"name":"GasOtakara","count":2,"weight":0,"dead_end":false,"group":1,"treasure":null,"fall":""},{"name":"GasHiba","count":3,"weight":0,"dead_end":false,"group":5,"treasure":null,"fall":""},{"name":"KumaKochappy","count":4,"weight":0,"dead_end":false,"group":1,"treasure":null,"fall":""},{"name":"Tank","count":1,"weight":0,"dead_end":false,"group":0,"treasure":null,"fall":""},{"name":"Tank","count":1,"weight":0,"dead_end":false,"group":0,"treasure":"chocowhite_l","fall":""},{"name":"Egg","count":1,"weight":0,"dead_end":false,"group":0,"treasure":null,"fall":""},{"name":"Egg","count":1,"weight":0,"dead_end":false,"group":0,"treasure":null,"fall":""}],"treasures":[{"name":"castanets","count":1,"weight":0},{"name":"kan_kyokuyo","count":1,"weight":0},{"name":"toy_ring_a_blue","count":1,"weight":0}],"gates":[]},{"name":"Sublevel 3","properties":{"unit":"1_units_queen_b_tsuchi.txt","max_rooms":1,"light":"jyoou_light_lv6.ini","music":"cavesoil_00_2.cnd","skybox":"none","corridor":0.12,"caps":50,"timer":0,"geyser":true,"clogged":false,"echo":0,"plane":false,"seesaw":false,"version":1,"max_entities":null,"max_trasures":null,"max_gates":null},"entities":[{"name":"FminiHoudai","count":1,"weight":0,"dead_end":false,"group":1,"treasure":"key","fall":""},{"name":"Tobi","count":1,"weight":0,"dead_end":false,"group":0,"treasure":"be_dama_red","fall":""},{"name":"Tobi","count":1,"weight":0,"dead_end":false,"group":0,"treasure":"be_dama_red","fall":""},{"name":"Tobi","count":1,"weight":0,"dead_end":false,"group":0,"treasure":"be_dama_red","fall":""},{"name":"KumaKochappy","count":1,"weight":0,"dead_end":false,"group":0,"treasure":null,"fall":""},{"name":"KumaKochappy","count":1,"weight":0,"dead_end":false,"group":0,"treasure":null,"fall":""},{"name":"KumaKochappy","count":1,"weight":0,"dead_end":false,"group":0,"treasure":null,"fall":""},{"name":"KumaKochappy","count":1,"weight":0,"dead_end":false,"group":0,"treasure":null,"fall":""},{"name":"KumaKochappy","count":1,"weight":0,"dead_end":false,"group":0,"treasure":null,"fall":""},{"name":"KumaKochappy","count":1,"weight":0,"dead_end":false,"group":0,"treasure":null,"fall":""},{"name":"KumaKochappy","count":1,"weight":0,"dead_end":false,"group":0,"treasure":null,"fall":""}],"treasures":[],"gates":[]}],"content":null}