{"sublevels":[{"name":"Sublevel 1 - Candy Collecting","properties":{"unit":"3_ABE_5X5a_ike_big_kusachi.txt","max_rooms":3,"light":"kusachi_light_cha.ini","music":"caveglass_10_0.cnd","skybox":"hiroba","corridor":0.005,"caps":25,"timer":0,"geyser":false,"clogged":false,"echo":0,"plane":true,"seesaw":false,"version":1,"max_entities":null,"max_trasures":null,"max_gates":null},"entities":[{"name":"Miulin","count":1,"weight":0,"dead_end":false,"group":0,"treasure":"key","fall":""},{"name":"Tanpopo","count":10,"weight":0,"dead_end":false,"group":6,"treasure":null,"fall":""},{"name":"Clover","count":1,"weight":0,"dead_end":false,"group":0,"treasure":null,"fall":""},{"name":"Kurage","count":1,"weight":0,"dead_end":false,"group":0,"treasure":"cookie_s_l","fall":""},{"name":"Qurione","count":3,"weight":0,"dead_end":false,"group":0,"treasure":null,"fall":""},{"name":"UjiA","count":5,"weight":0,"dead_end":false,"group":0,"treasure":null,"fall":""},{"name":"Sokkuri","count":2,"weight":0,"dead_end":false,"group":0,"treasure":"momiji_normal","fall":""},{"name":"PanModoki","count":1,"weight":0,"dead_end":false,"group":0,"treasure":"chocoichigo","fall":""},{"name":"Hana","count":1,"weight":0,"dead_end":false,"group":0,"treasure":"cookie_s_l","fall":""},{"name":"Hana","count":1,"weight":0,"dead_end":false,"group":0,"treasure":"donutschoco","fall":""},{"name":"Hana","count":1,"weight":0,"dead_end":false,"group":0,"treasure":"chocolate","fall":""},{"name":"ShijimiChou","count":2,"weight":0,"dead_end":true,"group":0,"treasure":null,"fall":""},{"name":"ShijimiChou","count":30,"weight":0,"dead_end":false,"group":6,"treasure":null,"fall":""},{"name":"Armor","count":1,"weight":0,"dead_end":false,"group":0,"treasure":"ichigo","fall":""},{"name":"Sarai","count":1,"weight":0,"dead_end":false,"group":0,"treasure":"flower_red","fall":""},{"name":"Magaret","count":10,"weight":0,"dead_end":false,"group":6,"treasure":"flower_red","fall":""},{"name":"Kurage","count":1,"weight":0,"dead_end":false,"group":0,"treasure":"futa_a_silver","fall":""}],"treasures":[{"name":"donutsichigo","count":1,"weight":0},{"name":"chocowhite_l","count":1,"weight":0},{"name":"cookie_m_l","count":1,"weight":0},{"name":"chess_queen_white","count":1,"weight":0},{"name":"cookie_s","count":1,"weight":0},{"name":"chocolate_l","count":1,"weight":0},{"name":"chocowhite","count":1,"weight":0},{"name":"cookie_u_l","count":1,"weight":0},{"name":"cookie_u","count":1,"weight":0},{"name":"baum_kuchen","count":1,"weight":0},{"name":"baum_kuchen_s","count":1,"weight":0},{"name":"ichigo_l","count":1,"weight":0}],"gates":[]},{"name":"Sublevel 2 - Looking at Decorations","properties":{"unit":"1_units_big2_kusachi.txt","max_rooms":1,"light":"houdai_light.ini","music":"new_00_1.cnd","skybox":"hiroba","corridor":0.005,"caps":25,"timer":0,"geyser":false,"clogged":false,"echo":0,"plane":true,"seesaw":false,"version":1,"max_entities":null,"max_trasures":null,"max_gates":null},"entities":[{"name":"Miulin","count":1,"weight":0,"dead_end":true,"group":0,"treasure":"key","fall":""},{"name":"KareOoinu_s","count":10,"weight":0,"dead_end":false,"group":6,"treasure":null,"fall":""},{"name":"KareOoinu_l","count":30,"weight":0,"dead_end":false,"group":6,"treasure":null,"fall":""},{"name":"Watage","count":10,"weight":0,"dead_end":false,"group":6,"treasure":null,"fall":""}],"treasures":[],"gates":[{"word":"gate","health":2000,"weight":1},{"word":"gate","health":2000,"weight":1},{"word":"gate","health":2000,"weight":1},{"word":"gate","health":2000,"weight":1},{"word":"gate","health":2000,"weight":1}]},{"name":"Sublevel 3 - Gathering Fun Toys","properties":{"unit":"3_ABE_5X5a_ike_big_kusachi.txt","max_rooms":4,"light":"forest_3_light.ini","music":"cavemetal_10_0.cnd","skybox":"none","corridor":0.005,"caps":25,"timer":0,"geyser":false,"clogged":false,"echo":0,"plane":true,"seesaw":false,"version":1,"max_entities":null,"max_trasures":null,"max_gates":null},"entities":[{"name":"Miulin","count":1,"weight":0,"dead_end":false,"group":0,"treasure":"key","fall":""},{"name":"Rkabuto","count":1,"weight":0,"dead_end":false,"group":0,"treasure":"haniwa","fall":""},{"name":"Rkabuto","count":1,"weight":0,"dead_end":false,"group":0,"treasure":"toy_cat","fall":""},{"name":"BlueKochappy","count":4,"weight":0,"dead_end":false,"group":0,"treasure":null,"fall":""},{"name":"BlueChappy","count":1,"weight":0,"dead_end":false,"group":0,"treasure":"bane_blue","fall":""},{"name":"Fuefuki","count":1,"weight":0,"dead_end":false,"group":0,"treasure":"g_futa_koiwai","fall":""},{"name":"Kabuto","count":1,"weight":0,"dead_end":false,"group":0,"treasure":"doll","fall":""},{"name":"Hiba","count":8,"weight":0,"dead_end":false,"group":5,"treasure":null,"fall":""},{"name":"FireOtakara","count":1,"weight":0,"dead_end":false,"group":5,"treasure":null,"fall":"$4"},{"name":"FireOtakara","count":1,"weight":0,"dead_end":false,"group":5,"treasure":null,"fall":"$4"},{"name":"FireOtakara","count":1,"weight":0,"dead_end":false,"group":5,"treasure":null,"fall":"$4"},{"name":"FireOtakara","count":1,"weight":0,"dead_end":false,"group":5,"treasure":null,"fall":"$4"},{"name":"Fart","count":1,"weight":0,"dead_end":false,"group":5,"treasure":null,"fall":""},{"name":"Fart","count":1,"weight":0,"dead_end":false,"group":5,"treasure":null,"fall":""},{"name":"FireOtakara","count":1,"weight":0,"dead_end":false,"group":0,"treasure":null,"fall":"$4"},{"name":"FireOtakara","count":1,"weight":0,"dead_end":false,"group":0,"treasure":null,"fall":"$4"},{"name":"FireOtakara","count":1,"weight":0,"dead_end":false,"group":0,"treasure":null,"fall":"$4"},{"name":"FireOtakara","count":1,"weight":0,"dead_end":false,"group":0,"treasure":null,"fall":"$4"},{"name":"FireOtakara","count":1,"weight":0,"dead_end":false,"group":5,"treasure":null,"fall":"$4"},{"name":"FireOtakara","count":1,"weight":0,"dead_end":false,"group":5,"treasure":null,"fall":"$4"},{"name":"Bomb","count":40,"weight":0,"dead_end":false,"group":6,"treasure":null,"fall":""},{"name":"Demon","count":1,"weight":0,"dead_end":false,"group":0,"treasure":null,"fall":"$3"}],"treasures":[{"name":"saru_head","count":1,"weight":0}],"gates":[]},{"name":"Sublevel 4 - More Yummy Food","properties":{"unit":"1_MIYA_big_kusachi.txt","max_rooms":2,"light":"forest_3_light.ini","music":"new_00_1.cnd","skybox":"none","corridor":0.1,"caps":25,"timer":0,"geyser":false,"clogged":false,"echo":0,"plane":true,"seesaw":false,"version":1,"max_entities":null,"max_trasures":null,"max_gates":null},"entities":[{"name":"DangoMushi","count":1,"weight":0,"dead_end":false,"group":0,"treasure":"key","fall":""},{"name":"RandPom","count":1,"weight":0,"dead_end":true,"group":0,"treasure":null,"fall":""},{"name":"RandPom","count":1,"weight":0,"dead_end":true,"group":0,"treasure":null,"fall":""},{"name":"DaiodoRed","count":60,"weight":0,"dead_end":false,"group":6,"treasure":null,"fall":""},{"name":"Rock","count":2,"weight":0,"dead_end":false,"group":5,"treasure":null,"fall":""},{"name":"Rock","count":4,"weight":0,"dead_end":false,"group":5,"treasure":null,"fall":"$"},{"name":"Rock","count":2,"weight":0,"dead_end":false,"group":5,"treasure":null,"fall":""},{"name":"Rock","count":3,"weight":0,"dead_end":false,"group":0,"treasure":null,"fall":""},{"name":"RandPom","count":1,"weight":0,"dead_end":false,"group":0,"treasure":null,"fall":"$"},{"name":"RandPom","count":1,"weight":0,"dead_end":false,"group":0,"treasure":null,"fall":"$"},{"name":"Rock","count":3,"weight":0,"dead_end":false,"group":0,"treasure":null,"fall":"$2"},{"name":"Miulin","count":1,"weight":0,"dead_end":false,"group":0,"treasure":"halloween","fall":""},{"name":"RandPom","count":1,"weight":0,"dead_end":false,"group":0,"treasure":null,"fall":"$"},{"name":"Rock","count":1,"weight":0,"dead_end":false,"group":0,"treasure":null,"fall":"$2"}],"treasures":[],"gates":[]}],"content":null}