{"sublevels":[{"name":"Sublevel 1","properties":{"unit":"1_NARI_4x4b_conc.txt","max_rooms":4,"light":"normal_light_lv0.ini","music":"caveconc_10_0.cnd","skybox":"none","corridor":0.1,"caps":50,"timer":0,"geyser":false,"clogged":false,"echo":0,"plane":false,"seesaw":false,"version":1,"max_entities":null,"max_trasures":null,"max_gates":null},"entities":[{"name":"OniKurage","count":3,"weight":0,"dead_end":false,"group":0,"treasure":"milk_cap","fall":""},{"name":"OniKurage","count":2,"weight":0,"dead_end":false,"group":1,"treasure":"milk_cap","fall":""},{"name":"Tank","count":1,"weight":0,"dead_end":true,"group":0,"treasure":"key","fall":""},{"name":"Bomb","count":5,"weight":0,"dead_end":false,"group":5,"treasure":null,"fall":""}],"treasures":[{"name":"dia_a_red","count":1,"weight":0},{"name":"ichigo_l","count":1,"weight":0},{"name":"badminton","count":1,"weight":0},{"name":"donutschoco_s","count":1,"weight":0}],"gates":[{"word":"gate","health":1200,"weight":1},{"word":"gate","health":1200,"weight":1}]},{"name":"Sublevel 2","properties":{"unit":"3_ABE_b_f_g_conc.txt","max_rooms":3,"light":"normal_light_lv0.ini","music":"caveconc_05_0.cnd","skybox":"none","corridor":0.01,"caps":50,"timer":0,"geyser":false,"clogged":false,"echo":0,"plane":false,"seesaw":false,"version":1,"max_entities":null,"max_trasures":null,"max_gates":null},"entities":[{"name":"Bomb","count":7,"weight":0,"dead_end":false,"group":5,"treasure":null,"fall":""},{"name":"Bomb","count":7,"weight":0,"dead_end":false,"group":1,"treasure":null,"fall":""},{"name":"BombSarai","count":1,"weight":0,"dead_end":false,"group":0,"treasure":"key","fall":""},{"name":"BombSarai","count":3,"weight":0,"dead_end":false,"group":0,"treasure":"cookie_s_l","fall":""},{"name":"BombOtakara","count":2,"weight":0,"dead_end":false,"group":0,"treasure":"cookie_s_l","fall":"$"}],"treasures":[{"name":"bane","count":1,"weight":0},{"name":"cookie_s","count":1,"weight":0},{"name":"diamond_green_l","count":1,"weight":0},{"name":"leaf_kare","count":1,"weight":0},{"name":"chocolate_l","count":1,"weight":0}],"gates":[]}],"content":null}