{"sublevels":[{"name":"Sublevel 1","properties":{"unit":"1_MAT_vs_drypool_tile.txt","max_rooms":3,"light":"kumomei_light_cha.ini","music":"cavemetal_05_3.cnd","skybox":"ice","corridor":0.35,"caps":50,"timer":0,"geyser":false,"clogged":false,"echo":0,"plane":false,"seesaw":false,"version":1,"max_entities":null,"max_trasures":null,"max_gates":null},"entities":[{"name":"Rkabuto","count":1,"weight":0,"dead_end":false,"group":0,"treasure":"badminton","fall":""},{"name":"Rkabuto","count":1,"weight":0,"dead_end":false,"group":5,"treasure":"badminton","fall":""},{"name":"Clover","count":20,"weight":0,"dead_end":false,"group":6,"treasure":null,"fall":""},{"name":"YellowKochappy","count":1,"weight":0,"dead_end":false,"group":5,"treasure":"donguri_l","fall":""},{"name":"YellowKochappy","count":1,"weight":0,"dead_end":false,"group":5,"treasure":"donguri_l","fall":""},{"name":"YellowKochappy","count":1,"weight":0,"dead_end":false,"group":5,"treasure":"donguri_l","fall":""},{"name":"YellowKochappy","count":2,"weight":0,"dead_end":false,"group":0,"treasure":"be_dama_blue","fall":""},{"name":"ShijimiChou","count":1,"weight":0,"dead_end":true,"group":0,"treasure":null,"fall":""}],"treasures":[{"name":"key","count":1,"weight":0},{"name":"cookie_u","count":1,"weight":0}],"gates":[]},{"name":"Sublevel 2","properties":{"unit":"2_units_north_ud_tile.txt","max_rooms":3,"light":"kumomei_light_cha.ini","music":"cavemetal_05_4.cnd","skybox":"ice","corridor":0.4,"caps":50,"timer":0,"geyser":false,"clogged":false,"echo":0,"plane":false,"seesaw":false,"version":1,"max_entities":null,"max_trasures":null,"max_gates":null},"entities":[{"name":"Hanachirashi","count":1,"weight":0,"dead_end":false,"group":0,"treasure":"momiji_normal","fall":""},{"name":"Hanachirashi","count":1,"weight":0,"dead_end":false,"group":0,"treasure":"momiji_normal","fall":""},{"name":"Sokkuri","count":4,"weight":0,"dead_end":false,"group":0,"treasure":"creap","fall":""},{"name":"Armor","count":1,"weight":0,"dead_end":false,"group":5,"treasure":"fire_helmet","fall":""},{"name":"Wakame_s","count":20,"weight":0,"dead_end":false,"group":6,"treasure":null,"fall":""},{"name":"Wakame_s","count":1,"weight":0,"dead_end":false,"group":0,"treasure":null,"fall":""},{"name":"BlueKochappy","count":1,"weight":0,"dead_end":false,"group":5,"treasure":"dia_b_blue","fall":"$2"},{"name":"BlueKochappy","count":1,"weight":0,"dead_end":false,"group":5,"treasure":"dia_b_blue","fall":"$2"},{"name":"BlueKochappy","count":1,"weight":0,"dead_end":false,"group":5,"treasure":"dia_b_blue","fall":"$2"},{"name":"BlueKochappy","count":1,"weight":0,"dead_end":false,"group":5,"treasure":"dia_b_blue","fall":"$2"}],"treasures":[{"name":"chess_king_black","count":1,"weight":0},{"name":"toy_ring_b_green","count":1,"weight":0},{"name":"suit_powerup","count":1,"weight":0},{"name":"chocolate","count":1,"weight":0},{"name":"key","count":1,"weight":0},{"name":"kinoko_doku","count":1,"weight":0},{"name":"wadou_kaichin","count":1,"weight":0},{"name":"futa_a_gold","count":1,"weight":0}],"gates":[]},{"name":"Sublevel 3","properties":{"unit":"2_units_north_pool_tile.txt","max_rooms":3,"light":"kumomei_light_cha.ini","music":"cavemetal_05_1.cnd","skybox":"none","corridor":0.3,"caps":14,"timer":0,"geyser":true,"clogged":false,"echo":0,"plane":false,"seesaw":false,"version":1,"max_entities":null,"max_trasures":null,"max_gates":null},"entities":[{"name":"Ooinu_s","count":10,"weight":0,"dead_end":false,"group":6,"treasure":null,"fall":""},{"name":"Wakame_l","count":10,"weight":0,"dead_end":false,"group":6,"treasure":null,"fall":""},{"name":"Wakame_l","count":10,"weight":0,"dead_end":false,"group":6,"treasure":null,"fall":""},{"name":"Kochappy","count":1,"weight":0,"dead_end":false,"group":0,"treasure":"milk_cap","fall":""},{"name":"Kochappy","count":1,"weight":0,"dead_end":false,"group":0,"treasure":"milk_cap","fall":""},{"name":"Kochappy","count":1,"weight":0,"dead_end":false,"group":0,"treasure":"milk_cap","fall":""},{"name":"Mar","count":1,"weight":0,"dead_end":false,"group":5,"treasure":"key","fall":""},{"name":"Hana","count":1,"weight":0,"dead_end":false,"group":5,"treasure":"nut","fall":""},{"name":"Hana","count":1,"weight":0,"dead_end":false,"group":5,"treasure":"nut","fall":""},{"name":"Hana","count":1,"weight":0,"dead_end":false,"group":5,"treasure":"nut","fall":""},{"name":"Chappy","count":1,"weight":0,"dead_end":false,"group":0,"treasure":"donutschoco_s","fall":""},{"name":"Jigumo","count":1,"weight":0,"dead_end":true,"group":0,"treasure":"dia_c_red","fall":""}],"treasures":[],"gates":[]}],"content":null}