{"sublevels":[{"name":"Sublevel 1 - start","properties":{"unit":"3_units_f_k_pypes_conc.txt","max_rooms":3,"light":"suityu_light_lv1.ini","music":"caveglass_00_0.cnd","skybox":"none","corridor":0.0,"caps":0,"timer":0,"geyser":false,"clogged":true,"echo":0,"plane":false,"seesaw":false,"version":1,"max_entities":10,"max_trasures":null,"max_gates":null},"entities":[{"name":"PanModoki","count":4,"weight":0,"dead_end":false,"group":0,"treasure":null,"fall":""},{"name":"PanHouse","count":4,"weight":0,"dead_end":false,"group":0,"treasure":null,"fall":""},{"name":"LeafChappy","count":1,"weight":0,"dead_end":false,"group":0,"treasure":null,"fall":""},{"name":"OoPanModoki","count":1,"weight":0,"dead_end":false,"group":0,"treasure":"key","fall":""},{"name":"Zenmai","count":9,"weight":0,"dead_end":false,"group":0,"treasure":null,"fall":""}],"treasures":[{"name":"cookie_s","count":1,"weight":0},{"name":"baum_kuchen","count":1,"weight":0},{"name":"donutschoco","count":1,"weight":0}],"gates":[{"word":"gate","health":1000,"weight":1},{"word":"gate","health":4000,"weight":1}]},{"name":"Sublevel 2","properties":{"unit":"all_units_toy.txt","max_rooms":22,"light":"suityu_light_lv2.ini","music":"Inkstrike Shuffle.cnd","skybox":"flooring","corridor":1.0,"caps":50,"timer":0,"geyser":false,"clogged":true,"echo":0,"plane":true,"seesaw":false,"version":1,"max_entities":50,"max_trasures":null,"max_gates":null},"entities":[{"name":"Rkabuto","count":5,"weight":0,"dead_end":false,"group":0,"treasure":null,"fall":""},{"name":"MiniHoudai","count":5,"weight":0,"dead_end":false,"group":0,"treasure":null,"fall":""},{"name":"BombOtakara","count":8,"weight":0,"dead_end":false,"group":0,"treasure":null,"fall":"$4"}],"treasures":[],"gates":[]},{"name":"Sublevel 3","properties":{"unit":"vs_2_snow.txt","max_rooms":4,"light":"tutorial_1_light.ini","music":"caverelax.cnd","skybox":"none","corridor":0.12,"caps":5,"timer":0,"geyser":false,"clogged":true,"echo":0,"plane":false,"seesaw":false,"version":1,"max_entities":10,"max_trasures":null,"max_gates":null},"entities":[{"name":"ShijimiChou","count":8,"weight":0,"dead_end":false,"group":0,"treasure":null,"fall":""},{"name":"Egg","count":5,"weight":0,"dead_end":false,"group":0,"treasure":null,"fall":""},{"name":"WhitePom","count":1,"weight":0,"dead_end":false,"group":0,"treasure":null,"fall":""},{"name":"BlackPom","count":1,"weight":0,"dead_end":false,"group":0,"treasure":null,"fall":""},{"name":"BluePom","count":1,"weight":0,"dead_end":false,"group":0,"treasure":null,"fall":""},{"name":"YellowPom","count":1,"weight":0,"dead_end":false,"group":0,"treasure":null,"fall":""},{"name":"RedPom","count":1,"weight":0,"dead_end":false,"group":0,"treasure":null,"fall":""},{"name":"Kogane","count":1,"weight":0,"dead_end":false,"group":0,"treasure":null,"fall":""},{"name":"Wealthy","count":1,"weight":0,"dead_end":false,"group":0,"treasure":null,"fall":""},{"name":"Miulin","count":1,"weight":0,"dead_end":false,"group":0,"treasure":null,"fall":""},{"name":"Chiyogami","count":4,"weight":0,"dead_end":false,"group":0,"treasure":null,"fall":""},{"name":"Qurione","count":2,"weight":0,"dead_end":false,"group":0,"treasure":null,"fall":""},{"name":"LeafChappy","count":1,"weight":0,"dead_end":false,"group":0,"treasure":"key","fall":""}],"treasures":[{"name":"donutschoco","count":1,"weight":0},{"name":"be_dama_yellow_l","count":1,"weight":0},{"name":"diamond_red_l","count":1,"weight":0},{"name":"toy_ring_b_green","count":1,"weight":0},{"name":"g_futa_kyosin","count":1,"weight":0}],"gates":[{"word":"gate","health":50,"weight":1},{"word":"gate","health":50,"weight":1},{"word":"gate","health":50,"weight":1},{"word":"gate","health":50,"weight":1}]},{"name":"Sublevel 4","properties":{"unit":"1_MAT_vs_drypool_tile.txt","max_rooms":3,"light":"normal_light_lv0.ini","music":"cavemetal_10_3.cnd","skybox":"none","corridor":0.12,"caps":50,"timer":0,"geyser":false,"clogged":true,"echo":0,"plane":false,"seesaw":false,"version":1,"max_entities":25,"max_trasures":null,"max_gates":null},"entities":[{"name":"Tadpole","count":5,"weight":0,"dead_end":false,"group":0,"treasure":null,"fall":"$"},{"name":"Egg","count":5,"weight":0,"dead_end":false,"group":0,"treasure":null,"fall":"$"},{"name":"PanModoki","count":5,"weight":0,"dead_end":false,"group":0,"treasure":null,"fall":"$"},{"name":"PanHouse","count":5,"weight":0,"dead_end":false,"group":0,"treasure":null,"fall":"$"},{"name":"OoPanModoki","count":1,"weight":0,"dead_end":false,"group":0,"treasure":"key","fall":"$"},{"name":"Chappy","count":1,"weight":0,"dead_end":false,"group":0,"treasure":null,"fall":""},{"name":"YellowChappy","count":1,"weight":0,"dead_end":false,"group":0,"treasure":null,"fall":""},{"name":"FireChappy","count":1,"weight":0,"dead_end":false,"group":0,"treasure":null,"fall":""},{"name":"BlueChappy","count":1,"weight":0,"dead_end":false,"group":0,"treasure":null,"fall":""},{"name":"KumaChappy","count":1,"weight":0,"dead_end":false,"group":0,"treasure":null,"fall":""},{"name":"Baby","count":10,"weight":0,"dead_end":false,"group":0,"treasure":null,"fall":""},{"name":"KumaKochappy","count":4,"weight":0,"dead_end":false,"group":0,"treasure":null,"fall":""},{"name":"BlueKochappy","count":4,"weight":0,"dead_end":false,"group":0,"treasure":null,"fall":""},{"name":"Kochappy","count":4,"weight":0,"dead_end":false,"group":0,"treasure":null,"fall":""},{"name":"YellowKochappy","count":4,"weight":0,"dead_end":false,"group":0,"treasure":null,"fall":""},{"name":"UjiA","count":2,"weight":0,"dead_end":false,"group":0,"treasure":null,"fall":""},{"name":"Tobi","count":1,"weight":0,"dead_end":false,"group":0,"treasure":null,"fall":""},{"name":"UjiB","count":1,"weight":0,"dead_end":false,"group":0,"treasure":null,"fall":""}],"treasures":[],"gates":[]},{"name":"Sublevel 5 - fin","properties":{"unit":"all_units_conc.txt","max_rooms":2,"light":"tutorial_1_light.ini","music":"Inkstrike Shuffle.cnd","skybox":"none","corridor":0.0,"caps":0,"timer":0,"geyser":true,"clogged":true,"echo":0,"plane":false,"seesaw":false,"version":1,"max_entities":1,"max_trasures":null,"max_gates":null},"entities":[{"name":"Chiyogami","count":1,"weight":0,"dead_end":false,"group":1,"treasure":null,"fall":""},{"name":"BlackMan","count":1,"weight":0,"dead_end":false,"group":6,"treasure":"key","fall":"$"},{"name":"LeafChappy","count":1,"weight":0,"dead_end":false,"group":0,"treasure":null,"fall":""},{"name":"GasHiba","count":1,"weight":0,"dead_end":false,"group":0,"treasure":null,"fall":""},{"name":"Hiba","count":1,"weight":0,"dead_end":false,"group":0,"treasure":null,"fall":""},{"name":"ElecHiba","count":1,"weight":0,"dead_end":false,"group":0,"treasure":null,"fall":""}],"treasures":[{"name":"g_futa_kyosin","count":1,"weight":0},{"name":"chess_king_white","count":1,"weight":0},{"name":"chocowhite_l","count":1,"weight":0},{"name":"map01","count":1,"weight":0},{"name":"toy_dog","count":1,"weight":0},{"name":"ahiru_head","count":1,"weight":0}],"gates":[{"word":"gate","health":50,"weight":1}]}],"content":null}