{"sublevels":[{"name":"Sublevel 1 - small","properties":{"unit":"5_units_mid1_ari1_hit5_hit3_cent_metal.txt","max_rooms":4,"light":"vs_10_light.ini","music":"cavemetal_00_0.cnd","skybox":"test","corridor":0.2,"caps":50,"timer":0,"geyser":false,"clogged":false,"echo":0,"plane":false,"seesaw":false,"version":1,"max_entities":null,"max_trasures":null,"max_gates":null},"entities":[{"name":"UjiA","count":8,"weight":0,"dead_end":false,"group":0,"treasure":"dia_a_red","fall":"$2"},{"name":"UjiB","count":8,"weight":0,"dead_end":false,"group":0,"treasure":null,"fall":"$2"},{"name":"Mar","count":1,"weight":0,"dead_end":false,"group":1,"treasure":"ichigo","fall":""},{"name":"ElecBug","count":3,"weight":0,"dead_end":false,"group":1,"treasure":null,"fall":""},{"name":"ElecHiba","count":1,"weight":0,"dead_end":false,"group":5,"treasure":null,"fall":""},{"name":"RandPom","count":1,"weight":0,"dead_end":true,"group":0,"treasure":null,"fall":""},{"name":"DaiodoRed","count":60,"weight":0,"dead_end":false,"group":6,"treasure":null,"fall":""},{"name":"Egg","count":3,"weight":0,"dead_end":true,"group":0,"treasure":null,"fall":"$"},{"name":"Hanachirashi","count":1,"weight":0,"dead_end":false,"group":0,"treasure":null,"fall":""},{"name":"BombSarai","count":1,"weight":0,"dead_end":false,"group":0,"treasure":null,"fall":""}],"treasures":[{"name":"donguri","count":1,"weight":0},{"name":"haniwa","count":1,"weight":0},{"name":"key","count":1,"weight":0}],"gates":[{"word":"gate","health":100,"weight":1}]},{"name":"Sublevel 2 - l a r g e","properties":{"unit":"1_units_nobo2_metal.txt","max_rooms":2,"light":"normal_light_lv1.ini","music":"cavemetal_10_0.cnd","skybox":"test","corridor":0.2,"caps":50,"timer":0,"geyser":false,"clogged":false,"echo":0,"plane":false,"seesaw":false,"version":1,"max_entities":null,"max_trasures":null,"max_gates":null},"entities":[{"name":"BombSarai","count":3,"weight":0,"dead_end":false,"group":0,"treasure":null,"fall":""},{"name":"UjiB","count":9,"weight":0,"dead_end":false,"group":0,"treasure":null,"fall":"$"},{"name":"PanModoki","count":2,"weight":0,"dead_end":false,"group":0,"treasure":"key","fall":""},{"name":"RedPom","count":2,"weight":0,"dead_end":false,"group":0,"treasure":null,"fall":""},{"name":"MiniHoudai","count":1,"weight":0,"dead_end":false,"group":1,"treasure":"locket","fall":""},{"name":"BlueKochappy","count":4,"weight":0,"dead_end":false,"group":1,"treasure":null,"fall":""},{"name":"ElecHiba","count":2,"weight":0,"dead_end":false,"group":5,"treasure":null,"fall":""},{"name":"DaiodoRed","count":20,"weight":0,"dead_end":false,"group":6,"treasure":null,"fall":""},{"name":"DaiodoGreen","count":20,"weight":0,"dead_end":false,"group":6,"treasure":null,"fall":""},{"name":"UjiA","count":7,"weight":0,"dead_end":false,"group":1,"treasure":null,"fall":"$2"},{"name":"BombOtakara","count":4,"weight":0,"dead_end":true,"group":0,"treasure":null,"fall":"$2"},{"name":"Egg","count":4,"weight":0,"dead_end":true,"group":0,"treasure":null,"fall":""},{"name":"TamagoMushi","count":1,"weight":0,"dead_end":true,"group":0,"treasure":null,"fall":""},{"name":"Baby","count":1,"weight":0,"dead_end":false,"group":0,"treasure":"toy_ring_b_blue","fall":"$"},{"name":"MiniHoudai","count":1,"weight":0,"dead_end":false,"group":0,"treasure":null,"fall":""},{"name":"ElecHiba","count":6,"weight":0,"dead_end":false,"group":5,"treasure":null,"fall":""}],"treasures":[{"name":"cookie_s","count":1,"weight":0},{"name":"sinkukan","count":1,"weight":0},{"name":"chess_king_white","count":1,"weight":0}],"gates":[]},{"name":"Sublevel 3 - u","properties":{"unit":"1_ABE_ari_metal.txt","max_rooms":3,"light":"hiroba_light.ini","music":"cavemetal_10_0.cnd","skybox":"test","corridor":0.2,"caps":50,"timer":0,"geyser":false,"clogged":false,"echo":0,"plane":false,"seesaw":false,"version":1,"max_entities":null,"max_trasures":null,"max_gates":null},"entities":[{"name":"Chappy","count":2,"weight":0,"dead_end":false,"group":0,"treasure":"bey_goma","fall":""},{"name":"Egg","count":4,"weight":0,"dead_end":true,"group":0,"treasure":"bey_goma","fall":""},{"name":"BombSarai","count":3,"weight":0,"dead_end":false,"group":1,"treasure":null,"fall":""},{"name":"DaiodoGreen","count":30,"weight":0,"dead_end":false,"group":6,"treasure":null,"fall":""},{"name":"DaiodoRed","count":30,"weight":0,"dead_end":false,"group":6,"treasure":null,"fall":""},{"name":"RedPom","count":3,"weight":0,"dead_end":false,"group":5,"treasure":null,"fall":""},{"name":"UjiB","count":5,"weight":0,"dead_end":false,"group":1,"treasure":null,"fall":"$"},{"name":"BombOtakara","count":9,"weight":0,"dead_end":false,"group":1,"treasure":null,"fall":"$2"},{"name":"MiniHoudai","count":1,"weight":0,"dead_end":false,"group":0,"treasure":"key","fall":""},{"name":"ElecHiba","count":5,"weight":0,"dead_end":false,"group":5,"treasure":null,"fall":""},{"name":"TamagoMushi","count":1,"weight":0,"dead_end":true,"group":0,"treasure":null,"fall":""}],"treasures":[{"name":"fire_helmet","count":1,"weight":0},{"name":"leaf_yellow","count":1,"weight":0},{"name":"chocoichigo","count":1,"weight":0}],"gates":[]}],"content":null}