{"sublevels":[{"name":"Sublevel 1","properties":{"unit":"1_DEFT_blizzard_unique.txt","max_rooms":1,"light":"fog_light.ini","music":"new_00_0.cnd","skybox":"none","corridor":0.0,"caps":50,"timer":0,"geyser":false,"clogged":false,"echo":0,"plane":false,"seesaw":false,"version":1,"max_entities":null,"max_trasures":null,"max_gates":null},"entities":[{"name":"Kabuto","count":2,"weight":0,"dead_end":false,"group":1,"treasure":"kuri","fall":""},{"name":"YellowChappy","count":1,"weight":0,"dead_end":false,"group":1,"treasure":"dia_a_red","fall":""},{"name":"YellowChappy","count":1,"weight":0,"dead_end":false,"group":1,"treasure":"leaf_kare","fall":""},{"name":"Armor","count":1,"weight":0,"dead_end":false,"group":1,"treasure":"donguri_l","fall":""},{"name":"YellowKochappy","count":3,"weight":0,"dead_end":false,"group":1,"treasure":"be_dama_blue","fall":""},{"name":"Kurage","count":1,"weight":0,"dead_end":false,"group":1,"treasure":"diamond_red","fall":""},{"name":"Catfish","count":2,"weight":0,"dead_end":false,"group":0,"treasure":"diamond_green","fall":""},{"name":"Frog","count":2,"weight":0,"dead_end":false,"group":0,"treasure":"teala_dia_b","fall":""},{"name":"Tadpole","count":3,"weight":0,"dead_end":false,"group":0,"treasure":"flower_blue","fall":""},{"name":"Hanachirashi","count":1,"weight":0,"dead_end":false,"group":0,"treasure":"chocolate_l","fall":""},{"name":"BigFoot","count":1,"weight":0,"dead_end":false,"group":8,"treasure":"key","fall":""},{"name":"KareOoinu_l","count":2,"weight":0,"dead_end":false,"group":6,"treasure":null,"fall":""},{"name":"Clover","count":2,"weight":0,"dead_end":false,"group":6,"treasure":null,"fall":""}],"treasures":[{"name":"bell_yellow","count":1,"weight":0},{"name":"sensya","count":1,"weight":0},{"name":"apple","count":1,"weight":0},{"name":"bolt_l","count":1,"weight":0}],"gates":[]}],"content":null}