{"sublevels":[{"name":"Sublevel 1","properties":{"unit":"1_DEFT_canyon.txt","max_rooms":1,"light":"kumomei_light_cha.ini","music":"cavesoil_05_0.cnd","skybox":"none","corridor":0.0,"caps":50,"timer":0,"geyser":false,"clogged":false,"echo":0,"plane":false,"seesaw":false,"version":1,"max_entities":52,"max_trasures":null,"max_gates":null},"entities":[{"name":"Hiba","count":5,"weight":0,"dead_end":false,"group":8,"treasure":null,"fall":""},{"name":"Rock","count":7,"weight":0,"dead_end":false,"group":8,"treasure":null,"fall":""},{"name":"Catfish","count":3,"weight":0,"dead_end":false,"group":1,"treasure":"turi_uki","fall":""},{"name":"Tadpole","count":4,"weight":0,"dead_end":false,"group":1,"treasure":"flower_blue","fall":""},{"name":"Frog","count":2,"weight":0,"dead_end":false,"group":1,"treasure":"diamond_green","fall":""},{"name":"Hana","count":1,"weight":0,"dead_end":false,"group":6,"treasure":"be_dama_blue_l","fall":""},{"name":"Hana","count":1,"weight":0,"dead_end":false,"group":6,"treasure":"be_dama_yellow_l","fall":""},{"name":"Hana","count":1,"weight":0,"dead_end":false,"group":6,"treasure":"be_dama_red_l","fall":""},{"name":"FireChappy","count":1,"weight":0,"dead_end":false,"group":6,"treasure":"key","fall":""},{"name":"Magaret","count":4,"weight":0,"dead_end":false,"group":6,"treasure":null,"fall":""},{"name":"Nekojarashi","count":1,"weight":0,"dead_end":false,"group":6,"treasure":null,"fall":""},{"name":"Tobi","count":6,"weight":0,"dead_end":false,"group":0,"treasure":"be_dama_blue","fall":""},{"name":"Kabuto","count":1,"weight":0,"dead_end":false,"group":0,"treasure":"diamond_red","fall":""},{"name":"Kabuto","count":1,"weight":0,"dead_end":false,"group":0,"treasure":"diamond_red","fall":""},{"name":"Rkabuto","count":1,"weight":0,"dead_end":false,"group":0,"treasure":"diamond_blue_l","fall":""},{"name":"BlueChappy","count":1,"weight":0,"dead_end":false,"group":6,"treasure":"silver_medal","fall":""},{"name":"Rock","count":6,"weight":0,"dead_end":false,"group":8,"treasure":null,"fall":""},{"name":"Hiba","count":6,"weight":0,"dead_end":false,"group":8,"treasure":null,"fall":""}],"treasures":[{"name":"radar_b","count":1,"weight":0},{"name":"dashboots","count":1,"weight":0},{"name":"compact","count":1,"weight":0},{"name":"otama","count":1,"weight":0},{"name":"g_futa_hirosima","count":1,"weight":0}],"gates":[]}],"content":null}