{"sublevels":[{"name":"Sublevel 1","properties":{"unit":"3_units_a_d_north_tile.txt","max_rooms":3,"light":"suityu_light_lv0.ini","music":"cavetile_00_0.cnd","skybox":"none","corridor":0.075,"caps":50,"timer":0,"geyser":false,"clogged":true,"echo":0,"plane":false,"seesaw":false,"version":1,"max_entities":null,"max_trasures":null,"max_gates":null},"entities":[{"name":"Tank","count":2,"weight":0,"dead_end":false,"group":0,"treasure":"yoyo_blue","fall":""},{"name":"Wtank","count":2,"weight":0,"dead_end":false,"group":0,"treasure":"apple_blue","fall":""},{"name":"MaroFrog","count":1,"weight":0,"dead_end":false,"group":1,"treasure":"key","fall":""},{"name":"MaroFrog","count":1,"weight":0,"dead_end":false,"group":1,"treasure":"otama","fall":""},{"name":"MaroFrog","count":1,"weight":0,"dead_end":true,"group":0,"treasure":"denchi_2_red","fall":"$"},{"name":"ElecHiba","count":3,"weight":0,"dead_end":false,"group":5,"treasure":null,"fall":""},{"name":"Rock","count":3,"weight":0,"dead_end":false,"group":5,"treasure":null,"fall":"$"},{"name":"WhitePom","count":1,"weight":0,"dead_end":true,"group":0,"treasure":null,"fall":""},{"name":"Egg","count":2,"weight":0,"dead_end":true,"group":0,"treasure":null,"fall":""},{"name":"BombOtakara","count":1,"weight":0,"dead_end":true,"group":0,"treasure":null,"fall":"$"},{"name":"BombOtakara","count":1,"weight":0,"dead_end":false,"group":0,"treasure":null,"fall":"$"},{"name":"Tadpole","count":3,"weight":0,"dead_end":false,"group":0,"treasure":null,"fall":"$"},{"name":"Tadpole","count":3,"weight":0,"dead_end":false,"group":1,"treasure":null,"fall":"$"},{"name":"Tadpole","count":7,"weight":0,"dead_end":false,"group":6,"treasure":null,"fall":"$"}],"treasures":[],"gates":[]},{"name":"Sublevel 2","properties":{"unit":"2_units_ud_dry_tile.txt","max_rooms":3,"light":"suityu_light_lv1.ini","music":"new_02_0.cnd","skybox":"none","corridor":0.075,"caps":50,"timer":0,"geyser":false,"clogged":false,"echo":0,"plane":false,"seesaw":false,"version":1,"max_entities":null,"max_trasures":null,"max_gates":null},"entities":[{"name":"Kurage","count":2,"weight":0,"dead_end":false,"group":0,"treasure":null,"fall":""},{"name":"OniKurage","count":1,"weight":0,"dead_end":false,"group":0,"treasure":"toy_dog","fall":""},{"name":"BlueChappy","count":1,"weight":0,"dead_end":false,"group":0,"treasure":"denchi_2_black","fall":""},{"name":"Rock","count":3,"weight":0,"dead_end":false,"group":5,"treasure":null,"fall":""},{"name":"GasHiba","count":5,"weight":0,"dead_end":false,"group":5,"treasure":null,"fall":""},{"name":"BlueKochappy","count":7,"weight":0,"dead_end":false,"group":1,"treasure":"flower_red","fall":""},{"name":"Egg","count":3,"weight":0,"dead_end":true,"group":0,"treasure":null,"fall":""},{"name":"BlueChappy","count":1,"weight":0,"dead_end":false,"group":0,"treasure":"key","fall":""}],"treasures":[],"gates":[{"word":"gate","health":5000,"weight":1},{"word":"gate","health":5000,"weight":1}]},{"name":"Sublevel 3","properties":{"unit":"3_units_d_f_ujikou_tile.txt","max_rooms":3,"light":"sirohana_light_lv2.ini","music":"new_02_0.cnd","skybox":"none","corridor":0.075,"caps":50,"timer":0,"geyser":false,"clogged":false,"echo":0,"plane":false,"seesaw":false,"version":1,"max_entities":null,"max_trasures":null,"max_gates":null},"entities":[{"name":"BlackPom","count":1,"weight":0,"dead_end":true,"group":0,"treasure":null,"fall":""},{"name":"Hiba","count":3,"weight":0,"dead_end":false,"group":5,"treasure":null,"fall":""},{"name":"ElecHiba","count":3,"weight":0,"dead_end":false,"group":5,"treasure":null,"fall":""},{"name":"Tank","count":2,"weight":0,"dead_end":false,"group":1,"treasure":"juji_key_fc","fall":""},{"name":"Wtank","count":2,"weight":0,"dead_end":false,"group":1,"treasure":"donutschoco_s","fall":""},{"name":"Egg","count":2,"weight":0,"dead_end":true,"group":0,"treasure":null,"fall":""},{"name":"GasOtakara","count":1,"weight":0,"dead_end":true,"group":0,"treasure":null,"fall":"$"},{"name":"FireOtakara","count":1,"weight":0,"dead_end":true,"group":0,"treasure":null,"fall":"$"},{"name":"WaterOtakara","count":1,"weight":0,"dead_end":true,"group":0,"treasure":null,"fall":"$"},{"name":"ElecOtakara","count":1,"weight":0,"dead_end":true,"group":0,"treasure":null,"fall":"$"},{"name":"OniKurage","count":1,"weight":0,"dead_end":false,"group":0,"treasure":"toy_lady","fall":""},{"name":"Kurage","count":1,"weight":0,"dead_end":false,"group":0,"treasure":"key","fall":""},{"name":"MaroFrog","count":2,"weight":0,"dead_end":false,"group":1,"treasure":"tape_blue","fall":""},{"name":"BlueKochappy","count":5,"weight":0,"dead_end":false,"group":1,"treasure":"flower_blue","fall":""},{"name":"Hanachirashi","count":1,"weight":0,"dead_end":false,"group":0,"treasure":"bey_goma","fall":""},{"name":"Hanachirashi","count":1,"weight":0,"dead_end":false,"group":0,"treasure":"bey_goma","fall":""}],"treasures":[{"name":"kan_iwate","count":1,"weight":0}],"gates":[{"word":"gate","health":5000,"weight":1},{"word":"gate","health":5000,"weight":1},{"word":"gate","health":5000,"weight":1}]},{"name":"Sublevel 4","properties":{"unit":"1_unit_16x17r_conc.txt","max_rooms":1,"light":"yakushima_3_16x17r_light.ini","music":"caverelax.cnd","skybox":"none","corridor":0.08,"caps":50,"timer":0,"geyser":false,"clogged":false,"echo":0,"plane":false,"seesaw":false,"version":1,"max_entities":null,"max_trasures":null,"max_gates":null},"entities":[{"name":"ShijimiChou","count":2,"weight":0,"dead_end":false,"group":1,"treasure":null,"fall":""},{"name":"Hana","count":1,"weight":0,"dead_end":false,"group":1,"treasure":"key","fall":""},{"name":"KareOoinu_s","count":6,"weight":0,"dead_end":false,"group":6,"treasure":null,"fall":""},{"name":"Clover","count":7,"weight":0,"dead_end":false,"group":6,"treasure":null,"fall":""},{"name":"Zenmai","count":4,"weight":0,"dead_end":false,"group":6,"treasure":null,"fall":""},{"name":"Ooinu_s","count":3,"weight":0,"dead_end":false,"group":6,"treasure":null,"fall":""},{"name":"RandPom","count":1,"weight":0,"dead_end":false,"group":0,"treasure":null,"fall":""},{"name":"RandPom","count":1,"weight":0,"dead_end":false,"group":0,"treasure":null,"fall":""}],"treasures":[{"name":"momiji_normal","count":1,"weight":0}],"gates":[]},{"name":"Sublevel 5","properties":{"unit":"4_units_a_d_f_l_tile.txt","max_rooms":4,"light":"normal_light_lv0.ini","music":"new_02_0.cnd","skybox":"none","corridor":0.075,"caps":50,"timer":0,"geyser":false,"clogged":false,"echo":0,"plane":false,"seesaw":false,"version":1,"max_entities":null,"max_trasures":null,"max_gates":null},"entities":[{"name":"OniKurage","count":1,"weight":0,"dead_end":false,"group":0,"treasure":"key","fall":""},{"name":"OniKurage","count":1,"weight":0,"dead_end":false,"group":0,"treasure":"compact_make","fall":""},{"name":"Jigumo","count":2,"weight":0,"dead_end":false,"group":1,"treasure":"g_futa_kajiwara","fall":""},{"name":"Catfish","count":4,"weight":0,"dead_end":false,"group":1,"treasure":"be_dama_blue_l","fall":""},{"name":"MaroFrog","count":2,"weight":0,"dead_end":false,"group":0,"treasure":"be_dama_yellow_l","fall":""},{"name":"Frog","count":2,"weight":0,"dead_end":false,"group":1,"treasure":"be_dama_red_l","fall":"$"},{"name":"Hiba","count":2,"weight":0,"dead_end":false,"group":5,"treasure":null,"fall":""},{"name":"ElecHiba","count":2,"weight":0,"dead_end":false,"group":5,"treasure":null,"fall":""},{"name":"GasHiba","count":2,"weight":0,"dead_end":false,"group":5,"treasure":null,"fall":""},{"name":"Egg","count":2,"weight":0,"dead_end":true,"group":0,"treasure":null,"fall":""}],"treasures":[{"name":"hotate","count":1,"weight":0}],"gates":[{"word":"gate","health":5000,"weight":1},{"word":"gate","health":5000,"weight":1},{"word":"gate","health":5000,"weight":1}]},{"name":"Sublevel 6","properties":{"unit":"3_units_a_l_yuko_tile.txt","max_rooms":3,"light":"suityu_light_lv2.ini","music":"new_02_0.cnd","skybox":"none","corridor":0.075,"caps":50,"timer":0,"geyser":false,"clogged":false,"echo":0,"plane":false,"seesaw":false,"version":1,"max_entities":null,"max_trasures":null,"max_gates":null},"entities":[{"name":"ElecOtakara","count":4,"weight":0,"dead_end":true,"group":0,"treasure":"flower_blue","fall":"$2"},{"name":"Fuefuki","count":1,"weight":0,"dead_end":false,"group":0,"treasure":"key","fall":""},{"name":"BlueChappy","count":2,"weight":0,"dead_end":false,"group":0,"treasure":"kan_b_silver","fall":""},{"name":"Fart","count":1,"weight":0,"dead_end":true,"group":0,"treasure":null,"fall":""},{"name":"BombOtakara","count":2,"weight":0,"dead_end":false,"group":1,"treasure":null,"fall":"$2"},{"name":"WhitePom","count":1,"weight":0,"dead_end":true,"group":0,"treasure":null,"fall":""},{"name":"BlueKochappy","count":7,"weight":0,"dead_end":false,"group":1,"treasure":"tape_yellow","fall":""},{"name":"GasOtakara","count":2,"weight":0,"dead_end":false,"group":0,"treasure":null,"fall":"$4"},{"name":"WaterOtakara","count":2,"weight":0,"dead_end":false,"group":0,"treasure":null,"fall":"$4"}],"treasures":[{"name":"dia_a_blue","count":1,"weight":0}],"gates":[{"word":"gate","health":5000,"weight":1},{"word":"gate","health":5000,"weight":1},{"word":"gate","health":5000,"weight":1}]},{"name":"Sublevel 7","properties":{"unit":"4_units_north_ud_pool_dry_tile.txt","max_rooms":4,"light":"suityu_light_lv4.ini","music":"cavetile_00_0.cnd","skybox":"none","corridor":0.075,"caps":50,"timer":0,"geyser":false,"clogged":true,"echo":0,"plane":false,"seesaw":false,"version":1,"max_entities":null,"max_trasures":null,"max_gates":null},"entities":[{"name":"KumaChappy","count":1,"weight":0,"dead_end":false,"group":0,"treasure":"key","fall":"$3"},{"name":"KumaKochappy","count":15,"weight":0,"dead_end":false,"group":0,"treasure":"g_futa_titiyas","fall":""},{"name":"Jigumo","count":1,"weight":0,"dead_end":false,"group":1,"treasure":"g_futa_kitaama","fall":""},{"name":"Jigumo","count":1,"weight":0,"dead_end":false,"group":1,"treasure":"milk_cap","fall":""},{"name":"BombOtakara","count":5,"weight":0,"dead_end":false,"group":1,"treasure":null,"fall":"$"}],"treasures":[{"name":"dia_a_red","count":1,"weight":0}],"gates":[]},{"name":"Sublevel 8","properties":{"unit":"1_units_a_tile.txt","max_rooms":2,"light":"suityu_light_lv4.ini","music":"cavetile_00_0.cnd","skybox":"none","corridor":0.7,"caps":50,"timer":0,"geyser":false,"clogged":false,"echo":0,"plane":false,"seesaw":false,"version":1,"max_entities":null,"max_trasures":null,"max_gates":null},"entities":[{"name":"UmiMushi","count":1,"weight":0,"dead_end":false,"group":0,"treasure":"key","fall":""},{"name":"UmiMushi","count":1,"weight":0,"dead_end":false,"group":1,"treasure":"ahiru","fall":""}],"treasures":[],"gates":[{"word":"gate","health":1,"weight":1},{"word":"gate","health":1,"weight":1},{"word":"gate","health":1,"weight":1},{"word":"gate","health":1,"weight":1},{"word":"gate","health":1,"weight":1},{"word":"gate","health":1,"weight":1},{"word":"gate","health":1,"weight":1},{"word":"gate","health":1,"weight":1},{"word":"gate","health":1,"weight":1},{"word":"gate","health":1,"weight":1},{"word":"gate","health":1,"weight":1},{"word":"gate","health":1,"weight":1},{"word":"gate","health":1,"weight":1},{"word":"gate","health":1,"weight":1},{"word":"gate","health":1,"weight":1},{"word":"gate","health":1,"weight":1},{"word":"gate","health":1,"weight":1},{"word":"gate","health":1,"weight":1},{"word":"gate","health":1,"weight":1},{"word":"gate","health":1,"weight":1},{"word":"gate","health":1,"weight":1},{"word":"gate","health":1,"weight":1},{"word":"gate","health":1,"weight":1},{"word":"gate","health":1,"weight":1},{"word":"gate","health":1,"weight":1},{"word":"gate","health":1,"weight":1},{"word":"gate","health":1,"weight":1},{"word":"gate","health":1,"weight":1},{"word":"gate","health":1,"weight":1},{"word":"gate","health":1,"weight":1},{"word":"gate","health":1,"weight":1},{"word":"gate","health":1,"weight":1},{"word":"gate","health":1,"weight":1},{"word":"gate","health":1,"weight":1},{"word":"gate","health":1,"weight":1},{"word":"gate","health":1,"weight":1},{"word":"gate","health":1,"weight":1},{"word":"gate","health":1,"weight":1},{"word":"gate","health":1,"weight":1},{"word":"gate","health":1,"weight":1},{"word":"gate","health":1,"weight":1},{"word":"gate","health":1,"weight":1}]}],"content":null}