{"sublevels":[{"name":"Sublevel 1 - Sublevel 1","properties":{"unit":"1_MAT_cent2_tsuchi.txt","max_rooms":3,"light":"normal_light_lv0.ini","music":"new_00_0.cnd","skybox":"none","corridor":0.125,"caps":100,"timer":99999,"geyser":false,"clogged":false,"echo":0,"plane":false,"seesaw":false,"version":1,"max_entities":null,"max_trasures":null,"max_gates":null},"entities":[{"name":"Kochappy","count":5,"weight":0,"dead_end":false,"group":0,"treasure":null,"fall":""},{"name":"UjiA","count":8,"weight":0,"dead_end":false,"group":1,"treasure":null,"fall":""},{"name":"Baby","count":1,"weight":0,"dead_end":false,"group":5,"treasure":null,"fall":"$"},{"name":"Kogane","count":1,"weight":0,"dead_end":false,"group":8,"treasure":null,"fall":""},{"name":"Miulin","count":1,"weight":0,"dead_end":false,"group":6,"treasure":null,"fall":""}],"treasures":[{"name":"dia_a_red","count":1,"weight":0}],"gates":[]},{"name":"Sublevel 2 - Sublevel 2","properties":{"unit":"1_ABE_mid1_tsuchi.txt","max_rooms":1,"light":"normal_light_lv0.ini","music":"new_00_0.cnd","skybox":"none","corridor":0.13,"caps":100,"timer":99999,"geyser":false,"clogged":false,"echo":0,"plane":false,"seesaw":false,"version":1,"max_entities":null,"max_trasures":null,"max_gates":null},"entities":[{"name":"BlackPom","count":4,"weight":0,"dead_end":true,"group":0,"treasure":null,"fall":""},{"name":"Egg","count":6,"weight":0,"dead_end":false,"group":0,"treasure":null,"fall":"$"}],"treasures":[{"name":"map01","count":1,"weight":0}],"gates":[]}],"content":null}