{"sublevels":[{"name":"Sublevel 1","properties":{"unit":"2_SAM_mid2_hit235_metal.txt","max_rooms":2,"light":"metal_light_cha.ini","music":"cavemetal_00_3.cnd","skybox":"build","corridor":0.0,"caps":50,"timer":0,"geyser":false,"clogged":false,"echo":0,"plane":false,"seesaw":false,"version":1,"max_entities":null,"max_trasures":null,"max_gates":null},"entities":[{"name":"BlueChappy","count":1,"weight":0,"dead_end":false,"group":1,"treasure":"key","fall":""},{"name":"BlueChappy","count":1,"weight":0,"dead_end":false,"group":1,"treasure":"bell_blue","fall":""},{"name":"BlueKochappy","count":2,"weight":0,"dead_end":false,"group":0,"treasure":"be_dama_red","fall":""},{"name":"BlueKochappy","count":2,"weight":0,"dead_end":false,"group":0,"treasure":"be_dama_red","fall":""},{"name":"DaiodoGreen","count":4,"weight":0,"dead_end":false,"group":6,"treasure":null,"fall":""},{"name":"DaiodoRed","count":2,"weight":0,"dead_end":false,"group":6,"treasure":null,"fall":""}],"treasures":[{"name":"wadou_kaichin","count":1,"weight":0},{"name":"mojiban","count":1,"weight":0},{"name":"bolt_l","count":1,"weight":0}],"gates":[]},{"name":"Sublevel 2","properties":{"unit":"2_SAM_ari1_hit447_metal.txt","max_rooms":2,"light":"metal_light_cha.ini","music":"cavemetal_10_1.cnd","skybox":"build","corridor":0.0,"caps":50,"timer":0,"geyser":false,"clogged":false,"echo":0,"plane":false,"seesaw":false,"version":1,"max_entities":null,"max_trasures":null,"max_gates":null},"entities":[{"name":"DaiodoRed","count":3,"weight":0,"dead_end":false,"group":6,"treasure":null,"fall":""},{"name":"BombSarai","count":1,"weight":0,"dead_end":false,"group":0,"treasure":"diamond_blue_l","fall":""},{"name":"BombSarai","count":1,"weight":0,"dead_end":false,"group":0,"treasure":"diamond_blue_l","fall":""},{"name":"BombSarai","count":1,"weight":0,"dead_end":false,"group":0,"treasure":"diamond_blue_l","fall":""},{"name":"ElecBug","count":3,"weight":0,"dead_end":false,"group":1,"treasure":"j_block_yellow","fall":""},{"name":"KumaChappy","count":1,"weight":0,"dead_end":false,"group":1,"treasure":"key","fall":""},{"name":"KumaChappy","count":1,"weight":0,"dead_end":false,"group":1,"treasure":"sinkukan_b","fall":""},{"name":"ElecBug","count":2,"weight":0,"dead_end":false,"group":1,"treasure":"j_block_green","fall":""}],"treasures":[{"name":"nut","count":1,"weight":0},{"name":"gum_tape_s","count":1,"weight":0},{"name":"denchi_3_black","count":1,"weight":0}],"gates":[]},{"name":"Sublevel 3","properties":{"unit":"1_units_houdai_metal.txt","max_rooms":1,"light":"metal_light_cha.ini","music":"cavemetal_10_3.cnd","skybox":"build","corridor":0.2,"caps":50,"timer":0,"geyser":false,"clogged":false,"echo":0,"plane":false,"seesaw":false,"version":1,"max_entities":null,"max_trasures":null,"max_gates":null},"entities":[{"name":"MiniHoudai","count":1,"weight":0,"dead_end":false,"group":1,"treasure":"key","fall":""},{"name":"KumaChappy","count":1,"weight":0,"dead_end":false,"group":0,"treasure":"sinkukan","fall":""},{"name":"KumaChappy","count":1,"weight":0,"dead_end":false,"group":0,"treasure":"sinkukan_b","fall":""},{"name":"KumaChappy","count":1,"weight":0,"dead_end":false,"group":0,"treasure":"sinkukan_c","fall":""},{"name":"KumaKochappy","count":1,"weight":0,"dead_end":false,"group":0,"treasure":"be_dama_blue","fall":""},{"name":"KumaKochappy","count":1,"weight":0,"dead_end":false,"group":0,"treasure":"be_dama_blue","fall":""},{"name":"KumaKochappy","count":1,"weight":0,"dead_end":false,"group":0,"treasure":"be_dama_blue","fall":""},{"name":"DaiodoGreen","count":4,"weight":0,"dead_end":false,"group":6,"treasure":null,"fall":""}],"treasures":[{"name":"dia_a_blue","count":1,"weight":0}],"gates":[]},{"name":"Sublevel 4","properties":{"unit":"3_SAM_hit22_hit34_tower_metal.txt","max_rooms":5,"light":"metal_light_cha.ini","music":"cavemetal_05_0.cnd","skybox":"build","corridor":0.28,"caps":50,"timer":0,"geyser":false,"clogged":false,"echo":0,"plane":false,"seesaw":false,"version":1,"max_entities":null,"max_trasures":null,"max_gates":null},"entities":[{"name":"DaiodoRed","count":4,"weight":0,"dead_end":false,"group":6,"treasure":null,"fall":""},{"name":"Kabuto","count":1,"weight":0,"dead_end":false,"group":5,"treasure":"chess_queen_black","fall":""},{"name":"Kabuto","count":1,"weight":0,"dead_end":false,"group":5,"treasure":"chess_king_white","fall":""},{"name":"MaroFrog","count":1,"weight":0,"dead_end":false,"group":0,"treasure":"dia_c_blue","fall":""},{"name":"MaroFrog","count":1,"weight":0,"dead_end":false,"group":0,"treasure":"dia_c_blue","fall":""},{"name":"MaroFrog","count":1,"weight":0,"dead_end":false,"group":1,"treasure":"light_a","fall":""},{"name":"FminiHoudai","count":1,"weight":0,"dead_end":false,"group":8,"treasure":"key","fall":""}],"treasures":[],"gates":[]},{"name":"Sublevel 5","properties":{"unit":"1_units_nobo_metal.txt","max_rooms":1,"light":"metal_light_cha.ini","music":"cavemetal_10_4.cnd","skybox":"build","corridor":0.0,"caps":50,"timer":0,"geyser":false,"clogged":false,"echo":0,"plane":false,"seesaw":false,"version":1,"max_entities":null,"max_trasures":null,"max_gates":null},"entities":[{"name":"Houdai","count":1,"weight":0,"dead_end":false,"group":1,"treasure":"key","fall":""},{"name":"DaiodoGreen","count":4,"weight":0,"dead_end":false,"group":6,"treasure":null,"fall":""},{"name":"DaiodoRed","count":3,"weight":0,"dead_end":false,"group":6,"treasure":null,"fall":""}],"treasures":[],"gates":[]}],"content":null}