{"sublevels":[{"name":"Sublevel 1","properties":{"unit":"1_units_nobo_metal.txt","max_rooms":2,"light":"metal_light_cha.ini","music":"cavemetal_00_0.cnd","skybox":"build","corridor":0.12,"caps":50,"timer":0,"geyser":false,"clogged":false,"echo":0,"plane":false,"seesaw":false,"version":1,"max_entities":null,"max_trasures":null,"max_gates":null},"entities":[{"name":"Rkabuto","count":1,"weight":0,"dead_end":false,"group":1,"treasure":"dia_a_blue","fall":""},{"name":"Tank","count":1,"weight":0,"dead_end":false,"group":0,"treasure":"key","fall":""},{"name":"RedPom","count":2,"weight":0,"dead_end":true,"group":0,"treasure":null,"fall":""},{"name":"Sarai","count":1,"weight":0,"dead_end":false,"group":0,"treasure":"gold_medal","fall":""},{"name":"Hanachirashi","count":1,"weight":0,"dead_end":false,"group":1,"treasure":"gold_medal","fall":""},{"name":"Hiba","count":4,"weight":0,"dead_end":false,"group":6,"treasure":null,"fall":""},{"name":"Hiba","count":6,"weight":0,"dead_end":false,"group":5,"treasure":null,"fall":""}],"treasures":[{"name":"dia_a_red","count":1,"weight":0}],"gates":[]},{"name":"Sublevel 2","properties":{"unit":"3_MAT_hit2_hit3_blk1_snow.txt","max_rooms":2,"light":"normal_light_lv4.ini","music":"new_00_0.cnd","skybox":"none","corridor":0.12,"caps":50,"timer":0,"geyser":false,"clogged":true,"echo":0,"plane":false,"seesaw":false,"version":1,"max_entities":null,"max_trasures":null,"max_gates":null},"entities":[{"name":"Jigumo","count":2,"weight":0,"dead_end":false,"group":1,"treasure":null,"fall":""},{"name":"Ooinu_l","count":2,"weight":0,"dead_end":true,"group":0,"treasure":null,"fall":""},{"name":"Wakame_s","count":4,"weight":0,"dead_end":false,"group":6,"treasure":null,"fall":""},{"name":"Wakame_l","count":2,"weight":0,"dead_end":false,"group":6,"treasure":null,"fall":""},{"name":"KumaChappy","count":1,"weight":0,"dead_end":false,"group":1,"treasure":"key","fall":""},{"name":"Fkabuto","count":1,"weight":0,"dead_end":true,"group":0,"treasure":"gold_medal","fall":""},{"name":"FireChappy","count":1,"weight":0,"dead_end":false,"group":1,"treasure":"gold_medal","fall":""},{"name":"Sarai","count":2,"weight":0,"dead_end":false,"group":0,"treasure":"gold_medal","fall":""}],"treasures":[{"name":"tape_blue","count":1,"weight":0},{"name":"bell_yellow","count":1,"weight":0}],"gates":[{"word":"gate","health":4500,"weight":1},{"word":"gate","health":4500,"weight":1}]},{"name":"Sublevel 3","properties":{"unit":"1_units_queen_b_tsuchi.txt","max_rooms":1,"light":"qchap_light.ini","music":"new_00_0.cnd","skybox":"none","corridor":0.12,"caps":50,"timer":0,"geyser":true,"clogged":false,"echo":0,"plane":false,"seesaw":false,"version":1,"max_entities":null,"max_trasures":null,"max_gates":null},"entities":[{"name":"FireOtakara","count":2,"weight":0,"dead_end":false,"group":0,"treasure":"gold_medal","fall":""},{"name":"GasOtakara","count":2,"weight":0,"dead_end":false,"group":0,"treasure":"gold_medal","fall":""},{"name":"ElecOtakara","count":2,"weight":0,"dead_end":false,"group":0,"treasure":"gold_medal","fall":""},{"name":"WaterOtakara","count":2,"weight":0,"dead_end":false,"group":0,"treasure":"gold_medal","fall":""},{"name":"BigFoot","count":1,"weight":0,"dead_end":false,"group":1,"treasure":"key","fall":""}],"treasures":[],"gates":[]}],"content":null}