{"sublevels":[{"name":"Sublevel 1 - Final Sublevel","properties":{"unit":"2_ABE_a_dry_tile.txt","max_rooms":8,"light":"normal_light_lv0.ini","music":"caverelax.cnd","skybox":"none","corridor":0.085,"caps":0,"timer":0,"geyser":false,"clogged":false,"echo":0,"plane":true,"seesaw":false,"version":1,"max_entities":null,"max_trasures":null,"max_gates":null},"entities":[{"name":"BigTreasure","count":1,"weight":0,"dead_end":false,"group":1,"treasure":"key","fall":""}],"treasures":[],"gates":[{"word":"gate","health":10000,"weight":1},{"word":"gate","health":1000,"weight":1}]}],"content":null}