{"sublevels":[{"name":"Sublevel 1 - Sublevel 1","properties":{"unit":"vs_9_tsuchi.txt","max_rooms":4,"light":"normal_light_cha.ini","music":"new_07_0.cnd","skybox":"none","corridor":0.125,"caps":100,"timer":99999,"geyser":false,"clogged":false,"echo":0,"plane":false,"seesaw":false,"version":1,"max_entities":null,"max_trasures":null,"max_gates":null},"entities":[{"name":"UjiB","count":13,"weight":0,"dead_end":false,"group":1,"treasure":null,"fall":""},{"name":"SnakeCrow","count":1,"weight":0,"dead_end":false,"group":0,"treasure":"be_dama_blue_l","fall":""},{"name":"SnakeCrow","count":1,"weight":0,"dead_end":false,"group":0,"treasure":null,"fall":""},{"name":"Tobi","count":16,"weight":0,"dead_end":false,"group":6,"treasure":null,"fall":""},{"name":"Sarai","count":6,"weight":0,"dead_end":false,"group":5,"treasure":null,"fall":""},{"name":"Frog","count":6,"weight":0,"dead_end":false,"group":1,"treasure":null,"fall":""}],"treasures":[{"name":"bird_hane","count":1,"weight":0}],"gates":[]},{"name":"Sublevel 2 - Sublevel 2","properties":{"unit":"1_units_nobo2_metal.txt","max_rooms":1,"light":"normal_light_cha.ini","music":"new_05_0.cnd","skybox":"none","corridor":0.125,"caps":100,"timer":99999,"geyser":false,"clogged":true,"echo":0,"plane":false,"seesaw":false,"version":1,"max_entities":null,"max_trasures":null,"max_gates":null},"entities":[{"name":"BlueKochappy","count":30,"weight":0,"dead_end":false,"group":0,"treasure":null,"fall":""},{"name":"GasHiba","count":15,"weight":0,"dead_end":false,"group":1,"treasure":null,"fall":""},{"name":"Bomb","count":7,"weight":0,"dead_end":false,"group":5,"treasure":null,"fall":""}],"treasures":[{"name":"ichigo_l","count":1,"weight":0}],"gates":[]},{"name":"Sublevel 3 - Sublevel 3","properties":{"unit":"1_ABE_ari_metal.txt","max_rooms":4,"light":"light.ini","music":"new_05_0.cnd","skybox":"none","corridor":0.15,"caps":100,"timer":99999,"geyser":false,"clogged":true,"echo":0,"plane":false,"seesaw":false,"version":1,"max_entities":null,"max_trasures":null,"max_gates":null},"entities":[{"name":"SnakeCrow","count":1,"weight":0,"dead_end":false,"group":0,"treasure":"futa_a_silver","fall":""},{"name":"SnakeCrow","count":2,"weight":0,"dead_end":false,"group":0,"treasure":null,"fall":""},{"name":"WaterOtakara","count":15,"weight":0,"dead_end":false,"group":1,"treasure":null,"fall":""},{"name":"Kochappy","count":2,"weight":0,"dead_end":false,"group":1,"treasure":null,"fall":""},{"name":"Rkabuto","count":4,"weight":0,"dead_end":true,"group":0,"treasure":null,"fall":""},{"name":"MaroFrog","count":6,"weight":0,"dead_end":false,"group":5,"treasure":null,"fall":"$2"},{"name":"Hiba","count":16,"weight":0,"dead_end":false,"group":5,"treasure":null,"fall":""}],"treasures":[{"name":"apple_blue","count":1,"weight":0}],"gates":[]},{"name":"Sublevel 4 - Sublevel 4","properties":{"unit":"1_MIYA_mid_toy.txt","max_rooms":3,"light":"bluefog00.ini","music":"new_06_0.cnd","skybox":"flooring","corridor":0.125,"caps":100,"timer":999999,"geyser":false,"clogged":false,"echo":0,"plane":true,"seesaw":false,"version":1,"max_entities":null,"max_trasures":null,"max_gates":null},"entities":[{"name":"ElecHiba","count":10,"weight":0,"dead_end":false,"group":5,"treasure":null,"fall":""},{"name":"ElecBug","count":17,"weight":0,"dead_end":false,"group":0,"treasure":null,"fall":""},{"name":"SnakeWhole","count":1,"weight":0,"dead_end":false,"group":1,"treasure":"uji_jisyaku","fall":""},{"name":"SnakeCrow","count":2,"weight":0,"dead_end":true,"group":0,"treasure":"flower_red","fall":""},{"name":"Jigumo","count":3,"weight":0,"dead_end":false,"group":1,"treasure":null,"fall":""}],"treasures":[{"name":"be_dama_red_l","count":1,"weight":0}],"gates":[]},{"name":"Sublevel 5 - Sublevel 5","properties":{"unit":"1_units_houdai2_metal.txt","max_rooms":4,"light":"tutorial_1_light.ini","music":"new_00_0.cnd","skybox":"none","corridor":0.12,"caps":50,"timer":0,"geyser":false,"clogged":true,"echo":0,"plane":false,"seesaw":false,"version":1,"max_entities":null,"max_trasures":null,"max_gates":null},"entities":[{"name":"GasOtakara","count":24,"weight":0,"dead_end":false,"group":0,"treasure":null,"fall":""},{"name":"FireOtakara","count":24,"weight":0,"dead_end":false,"group":1,"treasure":null,"fall":""},{"name":"SnakeCrow","count":2,"weight":0,"dead_end":false,"group":1,"treasure":"be_dama_blue_l","fall":""},{"name":"SnakeCrow","count":2,"weight":0,"dead_end":false,"group":0,"treasure":"whistle","fall":""},{"name":"Tank","count":14,"weight":0,"dead_end":false,"group":6,"treasure":null,"fall":""},{"name":"Wtank","count":14,"weight":0,"dead_end":false,"group":5,"treasure":null,"fall":""}],"treasures":[{"name":"saru_head","count":1,"weight":0}],"gates":[]},{"name":"Sublevel 6 - Sublevel 6","properties":{"unit":"2_MAT_tak22_nor22_tile.txt","max_rooms":3,"light":"toy_light_cha.ini","music":"caverelax.cnd","skybox":"none","corridor":0.125,"caps":100,"timer":99999,"geyser":true,"clogged":false,"echo":0,"plane":false,"seesaw":false,"version":1,"max_entities":null,"max_trasures":null,"max_gates":null},"entities":[{"name":"RandPom","count":3,"weight":0,"dead_end":false,"group":0,"treasure":null,"fall":""},{"name":"BlackPom","count":2,"weight":0,"dead_end":false,"group":1,"treasure":null,"fall":""},{"name":"WhitePom","count":2,"weight":0,"dead_end":false,"group":1,"treasure":null,"fall":""},{"name":"Egg","count":7,"weight":0,"dead_end":true,"group":0,"treasure":null,"fall":"$"},{"name":"YellowPom","count":1,"weight":0,"dead_end":false,"group":6,"treasure":null,"fall":""},{"name":"BluePom","count":1,"weight":0,"dead_end":false,"group":6,"treasure":null,"fall":""},{"name":"RedPom","count":1,"weight":0,"dead_end":false,"group":6,"treasure":null,"fall":""}],"treasures":[{"name":"apple","count":1,"weight":0}],"gates":[]},{"name":"Sublevel 7 - Sublevel 7","properties":{"unit":"3_ABE_hit3_ike1_blk1.txt","max_rooms":5,"light":"light.ini","music":"new_05_0.cnd","skybox":"none","corridor":0.13,"caps":100,"timer":999999,"geyser":false,"clogged":false,"echo":0,"plane":false,"seesaw":false,"version":1,"max_entities":null,"max_trasures":null,"max_gates":null},"entities":[{"name":"ElecHiba","count":18,"weight":0,"dead_end":false,"group":5,"treasure":null,"fall":""},{"name":"Fuefuki","count":2,"weight":0,"dead_end":false,"group":1,"treasure":null,"fall":""},{"name":"SnakeCrow","count":1,"weight":0,"dead_end":false,"group":1,"treasure":"bey_goma","fall":""},{"name":"SnakeCrow","count":2,"weight":0,"dead_end":false,"group":1,"treasure":null,"fall":""},{"name":"Catfish","count":12,"weight":0,"dead_end":false,"group":6,"treasure":null,"fall":""},{"name":"GasHiba","count":10,"weight":0,"dead_end":false,"group":0,"treasure":null,"fall":""},{"name":"Armor","count":8,"weight":0,"dead_end":false,"group":0,"treasure":null,"fall":""}],"treasures":[],"gates":[]},{"name":"Sublevel 8 - Sublevel 8","properties":{"unit":"3_MAT_hit47_hit66_hit67_toy.txt","max_rooms":4,"light":"bluefog00.ini","music":"new_01_0.cnd","skybox":"flooring","corridor":0.12,"caps":50,"timer":0,"geyser":false,"clogged":false,"echo":0,"plane":true,"seesaw":false,"version":1,"max_entities":null,"max_trasures":null,"max_gates":null},"entities":[{"name":"Fkabuto","count":8,"weight":0,"dead_end":true,"group":0,"treasure":null,"fall":""},{"name":"PanModoki","count":1,"weight":0,"dead_end":false,"group":1,"treasure":null,"fall":""},{"name":"PanHouse","count":1,"weight":0,"dead_end":false,"group":1,"treasure":null,"fall":""},{"name":"Hiba","count":13,"weight":0,"dead_end":false,"group":5,"treasure":null,"fall":""},{"name":"Tobi","count":16,"weight":0,"dead_end":false,"group":0,"treasure":null,"fall":""},{"name":"SnakeCrow","count":1,"weight":0,"dead_end":false,"group":0,"treasure":"flower_blue","fall":""},{"name":"ElecBug","count":16,"weight":0,"dead_end":false,"group":1,"treasure":null,"fall":""},{"name":"BombOtakara","count":5,"weight":0,"dead_end":false,"group":6,"treasure":null,"fall":"$2"},{"name":"SnakeCrow","count":1,"weight":0,"dead_end":false,"group":1,"treasure":"chess_queen_white","fall":""}],"treasures":[{"name":"g_futa_kyodo","count":1,"weight":0}],"gates":[]},{"name":"Sublevel 9 - Sublevel 9","properties":{"unit":"1_MAT_danh_conc.txt","max_rooms":3,"light":"light.ini","music":"caverelax.cnd","skybox":"none","corridor":0.12,"caps":100,"timer":99999,"geyser":true,"clogged":false,"echo":0,"plane":false,"seesaw":false,"version":1,"max_entities":null,"max_trasures":null,"max_gates":null},"entities":[{"name":"RandPom","count":2,"weight":0,"dead_end":false,"group":1,"treasure":null,"fall":""},{"name":"BlackPom","count":2,"weight":0,"dead_end":false,"group":0,"treasure":null,"fall":""},{"name":"RedPom","count":1,"weight":0,"dead_end":true,"group":0,"treasure":null,"fall":""},{"name":"YellowPom","count":1,"weight":0,"dead_end":true,"group":0,"treasure":null,"fall":""},{"name":"WhitePom","count":1,"weight":0,"dead_end":true,"group":0,"treasure":null,"fall":""}],"treasures":[],"gates":[{"word":"gate","health":1000,"weight":1},{"word":"gate","health":1000,"weight":1},{"word":"gate","health":1000,"weight":1}]},{"name":"Sublevel 10 - Sublevel 10","properties":{"unit":"1_units_opan_toy.txt","max_rooms":1,"light":"normal_light_cha.ini","music":"","skybox":"flooring","corridor":0.15,"caps":100,"timer":99999,"geyser":false,"clogged":false,"echo":0,"plane":true,"seesaw":false,"version":1,"max_entities":null,"max_trasures":null,"max_gates":null},"entities":[{"name":"SnakeWhole","count":1,"weight":0,"dead_end":false,"group":0,"treasure":"suit_powerup","fall":""},{"name":"SnakeCrow","count":3,"weight":0,"dead_end":false,"group":1,"treasure":null,"fall":""},{"name":"Hanachirashi","count":1,"weight":0,"dead_end":false,"group":5,"treasure":null,"fall":"$"}],"treasures":[],"gates":[]}],"content":null}