{"sublevels":[{"name":"Sublevel 1","properties":{"unit":"2_units_north_pool_tile.txt","max_rooms":8,"light":"normal_light_lv3.ini","music":"caveconc_00_0.cnd","skybox":"none","corridor":0.0,"caps":80,"timer":5,"geyser":false,"clogged":false,"echo":0,"plane":false,"seesaw":false,"version":1,"max_entities":51,"max_trasures":null,"max_gates":null},"entities":[{"name":"Catfish","count":8,"weight":0,"dead_end":false,"group":5,"treasure":null,"fall":""},{"name":"FireOtakara","count":5,"weight":0,"dead_end":false,"group":5,"treasure":null,"fall":""},{"name":"OniKurage","count":4,"weight":0,"dead_end":false,"group":0,"treasure":null,"fall":""},{"name":"Hanachirashi","count":5,"weight":0,"dead_end":false,"group":0,"treasure":null,"fall":""},{"name":"MaroFrog","count":5,"weight":0,"dead_end":false,"group":1,"treasure":null,"fall":""},{"name":"Jigumo","count":2,"weight":0,"dead_end":false,"group":0,"treasure":null,"fall":""},{"name":"Jigumo","count":2,"weight":0,"dead_end":false,"group":1,"treasure":null,"fall":""},{"name":"Rock","count":10,"weight":0,"dead_end":false,"group":5,"treasure":null,"fall":""},{"name":"Hiba","count":10,"weight":0,"dead_end":false,"group":5,"treasure":null,"fall":""}],"treasures":[],"gates":[]},{"name":"Sublevel 2","properties":{"unit":"1_MAT_ike_kusachi.txt","max_rooms":7,"light":"normal_light_lv3.ini","music":"caveconc_00_0.cnd","skybox":"hiroba","corridor":0.0,"caps":70,"timer":0,"geyser":false,"clogged":false,"echo":0,"plane":false,"seesaw":true,"version":1,"max_entities":64,"max_trasures":null,"max_gates":null},"entities":[{"name":"SnakeCrow","count":1,"weight":0,"dead_end":false,"group":1,"treasure":null,"fall":""},{"name":"Armor","count":8,"weight":0,"dead_end":false,"group":5,"treasure":null,"fall":""},{"name":"Sarai","count":4,"weight":0,"dead_end":false,"group":1,"treasure":null,"fall":""},{"name":"Kochappy","count":10,"weight":0,"dead_end":false,"group":5,"treasure":null,"fall":""},{"name":"Chappy","count":5,"weight":0,"dead_end":false,"group":0,"treasure":null,"fall":""},{"name":"Hana","count":10,"weight":0,"dead_end":false,"group":5,"treasure":null,"fall":""},{"name":"Frog","count":6,"weight":0,"dead_end":false,"group":0,"treasure":null,"fall":""},{"name":"ElecHiba","count":10,"weight":0,"dead_end":false,"group":5,"treasure":null,"fall":""},{"name":"Hiba","count":10,"weight":0,"dead_end":false,"group":5,"treasure":null,"fall":""}],"treasures":[{"name":"momiji_red","count":1,"weight":0},{"name":"leaf_yellow","count":1,"weight":0}],"gates":[]},{"name":"Sublevel 3","properties":{"unit":"3_units_f_g_m_conc.txt","max_rooms":6,"light":"sniper_light_lv0.ini","music":"","skybox":"none","corridor":0.0,"caps":60,"timer":0,"geyser":false,"clogged":false,"echo":0,"plane":false,"seesaw":true,"version":1,"max_entities":39,"max_trasures":null,"max_gates":null},"entities":[{"name":"UmiMushi","count":1,"weight":0,"dead_end":false,"group":1,"treasure":null,"fall":""},{"name":"UmiMushiBlind","count":3,"weight":0,"dead_end":false,"group":5,"treasure":null,"fall":""},{"name":"Rock","count":10,"weight":0,"dead_end":false,"group":5,"treasure":null,"fall":""},{"name":"WaterOtakara","count":6,"weight":0,"dead_end":false,"group":1,"treasure":null,"fall":""},{"name":"Mar","count":5,"weight":0,"dead_end":false,"group":0,"treasure":null,"fall":""},{"name":"BlueChappy","count":2,"weight":0,"dead_end":false,"group":1,"treasure":null,"fall":""},{"name":"BlueKochappy","count":8,"weight":0,"dead_end":false,"group":5,"treasure":null,"fall":""},{"name":"Rkabuto","count":4,"weight":0,"dead_end":false,"group":0,"treasure":null,"fall":""}],"treasures":[{"name":"creap","count":1,"weight":0}],"gates":[]},{"name":"Sublevel 4","properties":{"unit":"3_units_f_g_m_conc.txt","max_rooms":1,"light":"sniper_light_lv0.ini","music":"caverelax.cnd","skybox":"none","corridor":0.0,"caps":100,"timer":5,"geyser":true,"clogged":false,"echo":0,"plane":false,"seesaw":true,"version":1,"max_entities":5,"max_trasures":null,"max_gates":null},"entities":[{"name":"BlackMan","count":5,"weight":0,"dead_end":false,"group":1,"treasure":null,"fall":""}],"treasures":[],"gates":[]},{"name":"Sublevel 5","properties":{"unit":"2_units_hit47_hit67_toy.txt","max_rooms":10,"light":"normal_light_lv4.ini","music":"caveconc_00_0.cnd","skybox":"flooring","corridor":0.2,"caps":100,"timer":0,"geyser":false,"clogged":false,"echo":0,"plane":false,"seesaw":true,"version":1,"max_entities":26,"max_trasures":null,"max_gates":null},"entities":[{"name":"OoPanModoki","count":4,"weight":0,"dead_end":false,"group":1,"treasure":null,"fall":""},{"name":"SnakeWhole","count":1,"weight":0,"dead_end":false,"group":1,"treasure":null,"fall":""},{"name":"Kumakochappy","count":20,"weight":0,"dead_end":false,"group":5,"treasure":null,"fall":""},{"name":"KumaChappy","count":1,"weight":0,"dead_end":false,"group":0,"treasure":null,"fall":""},{"name":"MiniHoudai","count":2,"weight":0,"dead_end":false,"group":1,"treasure":null,"fall":""},{"name":"ElecBug","count":10,"weight":0,"dead_end":false,"group":1,"treasure":null,"fall":""},{"name":"Demon","count":6,"weight":0,"dead_end":false,"group":0,"treasure":null,"fall":""},{"name":"FireChappy","count":5,"weight":0,"dead_end":false,"group":1,"treasure":null,"fall":""},{"name":"GasOtakara","count":10,"weight":0,"dead_end":false,"group":5,"treasure":null,"fall":""},{"name":"Wtank","count":5,"weight":0,"dead_end":false,"group":0,"treasure":null,"fall":""}],"treasures":[{"name":"kinoko_tubu","count":1,"weight":0}],"gates":[]},{"name":"Sublevel 6","properties":{"unit":"E3_units_tsuchi.txt","max_rooms":6,"light":"normal_light_lv4.ini","music":"caveconc_00_0.cnd","skybox":"none","corridor":0.0,"caps":60,"timer":0,"geyser":false,"clogged":false,"echo":0,"plane":false,"seesaw":true,"version":1,"max_entities":36,"max_trasures":null,"max_gates":null},"entities":[{"name":"Houdai","count":1,"weight":0,"dead_end":false,"group":1,"treasure":null,"fall":""},{"name":"BombSarai","count":3,"weight":0,"dead_end":false,"group":1,"treasure":null,"fall":""},{"name":"YellowChappy","count":4,"weight":0,"dead_end":false,"group":5,"treasure":null,"fall":""},{"name":"BlueChappy","count":4,"weight":0,"dead_end":false,"group":5,"treasure":null,"fall":""},{"name":"Chappy","count":4,"weight":0,"dead_end":false,"group":5,"treasure":null,"fall":""},{"name":"Rock","count":10,"weight":0,"dead_end":false,"group":5,"treasure":null,"fall":""},{"name":"ElecHiba","count":10,"weight":0,"dead_end":false,"group":5,"treasure":null,"fall":""}],"treasures":[{"name":"denchi_3_black","count":1,"weight":0}],"gates":[]},{"name":"Sublevel 7","properties":{"unit":"5_units_mid2_cent_hit4_hit5_nor2_metal.txt","max_rooms":7,"light":"normal_light_lv4.ini","music":"caveconc_00_0.cnd","skybox":"test","corridor":0.1,"caps":70,"timer":0,"geyser":false,"clogged":false,"echo":0,"plane":false,"seesaw":true,"version":1,"max_entities":47,"max_trasures":null,"max_gates":null},"entities":[{"name":"Tank","count":5,"weight":0,"dead_end":false,"group":1,"treasure":null,"fall":""},{"name":"Demon","count":4,"weight":0,"dead_end":false,"group":0,"treasure":null,"fall":""},{"name":"ElecBug","count":10,"weight":0,"dead_end":false,"group":1,"treasure":null,"fall":""},{"name":"FireChappy","count":3,"weight":0,"dead_end":false,"group":0,"treasure":null,"fall":""},{"name":"Kurage","count":10,"weight":0,"dead_end":false,"group":5,"treasure":null,"fall":""},{"name":"Kabuto","count":5,"weight":0,"dead_end":false,"group":1,"treasure":null,"fall":""},{"name":"BombOtakara","count":10,"weight":0,"dead_end":false,"group":5,"treasure":null,"fall":""}],"treasures":[],"gates":[]},{"name":"Sublevel 8","properties":{"unit":"4_MAT_c_d_k_n_conc.txt","max_rooms":7,"light":"normal_light_lv1.ini","music":"caveconc_00_0.cnd","skybox":"none","corridor":0.0,"caps":100,"timer":0,"geyser":false,"clogged":false,"echo":0,"plane":false,"seesaw":true,"version":1,"max_entities":23,"max_trasures":null,"max_gates":null},"entities":[{"name":"DangoMushi","count":3,"weight":0,"dead_end":false,"group":0,"treasure":null,"fall":""},{"name":"Jigumo","count":20,"weight":0,"dead_end":false,"group":5,"treasure":null,"fall":""}],"treasures":[],"gates":[]},{"name":"Sublevel 9","properties":{"unit":"4_ABE_a_b_e_m_conc.txt","max_rooms":1,"light":"normal_light_lv1.ini","music":"caveconc_00_0.cnd","skybox":"none","corridor":0.0,"caps":10,"timer":0,"geyser":false,"clogged":false,"echo":0,"plane":false,"seesaw":true,"version":1,"max_entities":3,"max_trasures":null,"max_gates":null},"entities":[{"name":"LeafChappy","count":2,"weight":0,"dead_end":false,"group":5,"treasure":null,"fall":""},{"name":"RandPop","count":1,"weight":0,"dead_end":false,"group":0,"treasure":null,"fall":""}],"treasures":[],"gates":[]},{"name":"Sublevel 10","properties":{"unit":"4_ABE_a_b_e_m_conc.txt","max_rooms":10,"light":"normal_light_lv1.ini","music":"caveconc_00_0.cnd","skybox":"none","corridor":0.0,"caps":100,"timer":0,"geyser":false,"clogged":false,"echo":0,"plane":false,"seesaw":true,"version":1,"max_entities":17,"max_trasures":null,"max_gates":null},"entities":[{"name":"KingChappy","count":10,"weight":0,"dead_end":false,"group":5,"treasure":null,"fall":""},{"name":"KumaChappy","count":5,"weight":0,"dead_end":false,"group":0,"treasure":null,"fall":""},{"name":"KumaKochappy","count":50,"weight":0,"dead_end":false,"group":1,"treasure":null,"fall":""},{"name":"Rock","count":50,"weight":0,"dead_end":false,"group":5,"treasure":null,"fall":""}],"treasures":[],"gates":[]}],"content":null}