{"sublevels":[{"name":"Sublevel 1","properties":{"unit":"3_units_small2_small_mid_toy.txt","max_rooms":3,"light":"sirohana_light_lv2.ini","music":"caveglass_10_0.cnd","skybox":"hiroba","corridor":0.12,"caps":50,"timer":0,"geyser":true,"clogged":false,"echo":0,"plane":true,"seesaw":false,"version":1,"max_entities":null,"max_trasures":null,"max_gates":null},"entities":[{"name":"Kochappy","count":6,"weight":0,"dead_end":false,"group":1,"treasure":"flower_red","fall":""},{"name":"PanModoki","count":1,"weight":0,"dead_end":false,"group":0,"treasure":"cookie_s_l","fall":""},{"name":"PanModoki","count":1,"weight":0,"dead_end":false,"group":0,"treasure":"cookie_s_l","fall":""},{"name":"PanModoki","count":1,"weight":0,"dead_end":false,"group":0,"treasure":"key","fall":""},{"name":"Armor","count":1,"weight":0,"dead_end":false,"group":0,"treasure":"leaf_kare","fall":""},{"name":"Armor","count":1,"weight":0,"dead_end":false,"group":0,"treasure":"leaf_kare","fall":""}],"treasures":[{"name":"donutschoco","count":1,"weight":0},{"name":"dia_a_red","count":1,"weight":0},{"name":"apple","count":1,"weight":0},{"name":"momiji_kare","count":1,"weight":0}],"gates":[]}],"content":null}