{"sublevels":[{"name":"Sublevel 1 - git","properties":{"unit":"3_MAT_d_g_m_renga.txt","max_rooms":5,"light":"tutorial_1_light.ini","music":"new_00_1.cnd","skybox":"none","corridor":0.1,"caps":50,"timer":0,"geyser":false,"clogged":false,"echo":0,"plane":false,"seesaw":false,"version":1,"max_entities":null,"max_trasures":null,"max_gates":null},"entities":[{"name":"Chappy","count":1,"weight":0,"dead_end":false,"group":0,"treasure":null,"fall":""},{"name":"KumaChappy","count":2,"weight":0,"dead_end":false,"group":1,"treasure":null,"fall":""},{"name":"Clover","count":10,"weight":0,"dead_end":false,"group":6,"treasure":null,"fall":""},{"name":"SnakeCrow","count":1,"weight":0,"dead_end":false,"group":0,"treasure":null,"fall":""},{"name":"KumaKochappy","count":6,"weight":0,"dead_end":false,"group":0,"treasure":null,"fall":""},{"name":"ElecHiba","count":3,"weight":0,"dead_end":false,"group":5,"treasure":null,"fall":""},{"name":"Hiba","count":2,"weight":0,"dead_end":false,"group":5,"treasure":null,"fall":""},{"name":"BombOtakara","count":3,"weight":0,"dead_end":true,"group":0,"treasure":null,"fall":""}],"treasures":[{"name":"key","count":1,"weight":0},{"name":"locket","count":1,"weight":0},{"name":"bell_blue","count":1,"weight":0},{"name":"saru_head","count":1,"weight":0}],"gates":[{"word":"gate","health":2000,"weight":1}]},{"name":"Sublevel 2 - hole of spiders","properties":{"unit":"1_MIYA_manh2_conc.txt","max_rooms":2,"light":"bluefog00.ini","music":"cavemetal_05_4.cnd","skybox":"none","corridor":0.1,"caps":50,"timer":0,"geyser":false,"clogged":false,"echo":0,"plane":false,"seesaw":false,"version":1,"max_entities":null,"max_trasures":null,"max_gates":null},"entities":[{"name":"Damagumo","count":2,"weight":0,"dead_end":false,"group":0,"treasure":null,"fall":""},{"name":"BigFoot","count":2,"weight":0,"dead_end":false,"group":1,"treasure":null,"fall":""},{"name":"Houdai","count":2,"weight":0,"dead_end":false,"group":0,"treasure":null,"fall":""},{"name":"BigTreasure","count":2,"weight":0,"dead_end":false,"group":1,"treasure":"fire","fall":""},{"name":"GasOtakara","count":2,"weight":0,"dead_end":false,"group":1,"treasure":"kan_kyokuyo","fall":""},{"name":"FireOtakara","count":2,"weight":0,"dead_end":false,"group":0,"treasure":"kinoko_tubu","fall":""}],"treasures":[{"name":"key","count":1,"weight":0}],"gates":[{"word":"gate","health":4000,"weight":1}]},{"name":"Sublevel 3 - lllllll","properties":{"unit":"1_units_5x5a_kusachi.txt","max_rooms":1,"light":"normal_light_lv0.ini","music":"caverelax.cnd","skybox":"hiroba","corridor":0.1,"caps":50,"timer":0,"geyser":false,"clogged":false,"echo":0,"plane":true,"seesaw":false,"version":1,"max_entities":null,"max_trasures":null,"max_gates":null},"entities":[{"name":"BigTreasure","count":1,"weight":0,"dead_end":false,"group":0,"treasure":null,"fall":""}],"treasures":[{"name":"key","count":1,"weight":0}],"gates":[]}],"content":null}