{"sublevels":[{"name":"Sublevel 1","properties":{"unit":"1_MAT_hit224_cap_icap_metal.txt","max_rooms":7,"light":"metal_light_cha.ini","music":"cavemetal_05_4.cnd","skybox":"test","corridor":0.3,"caps":100,"timer":0,"geyser":false,"clogged":true,"echo":0,"plane":false,"seesaw":false,"version":1,"max_entities":null,"max_trasures":null,"max_gates":null},"entities":[{"name":"Kurage","count":2,"weight":0,"dead_end":false,"group":0,"treasure":null,"fall":""},{"name":"OniKurage","count":1,"weight":0,"dead_end":false,"group":0,"treasure":null,"fall":""},{"name":"Mar","count":4,"weight":0,"dead_end":false,"group":0,"treasure":null,"fall":""},{"name":"UmiMushiBlind","count":2,"weight":0,"dead_end":false,"group":1,"treasure":null,"fall":""},{"name":"ElecHiba","count":20,"weight":0,"dead_end":false,"group":5,"treasure":null,"fall":""},{"name":"BombOtakara","count":1,"weight":0,"dead_end":false,"group":1,"treasure":null,"fall":""},{"name":"ShijimiChou","count":1,"weight":0,"dead_end":true,"group":0,"treasure":null,"fall":""}],"treasures":[{"name":"key","count":1,"weight":0}],"gates":[]},{"name":"Sublevel 2","properties":{"unit":"1_ABE_mid1_metal.txt","max_rooms":3,"light":"metal_light_cha.ini","music":"cavemetal_05_2.cnd","skybox":"test","corridor":0.5,"caps":100,"timer":0,"geyser":false,"clogged":false,"echo":0,"plane":false,"seesaw":false,"version":1,"max_entities":null,"max_trasures":null,"max_gates":null},"entities":[{"name":"Mar","count":5,"weight":0,"dead_end":false,"group":5,"treasure":null,"fall":""},{"name":"Demon","count":5,"weight":0,"dead_end":false,"group":5,"treasure":null,"fall":""},{"name":"Fuefuki","count":5,"weight":0,"dead_end":false,"group":0,"treasure":null,"fall":""}],"treasures":[{"name":"key","count":1,"weight":0},{"name":"flower_blue","count":1,"weight":0},{"name":"dia_b_blue","count":1,"weight":0},{"name":"dia_b_red","count":1,"weight":0},{"name":"flower_red","count":1,"weight":0},{"name":"cookie_u","count":1,"weight":0},{"name":"be_dama_red","count":1,"weight":0},{"name":"be_dama_yellow","count":1,"weight":0},{"name":"be_dama_blue","count":1,"weight":0},{"name":"donguri","count":1,"weight":0},{"name":"cookie_s","count":1,"weight":0},{"name":"bane_red","count":1,"weight":0},{"name":"kan_b_gold","count":1,"weight":0},{"name":"ahiru_head","count":1,"weight":0}],"gates":[]},{"name":"Sublevel 3","properties":{"unit":"1_units_houdai2_metal.txt","max_rooms":1,"light":"metal_light_cha.ini","music":"cavemetal_05_2.cnd","skybox":"test","corridor":0.12,"caps":100,"timer":0,"geyser":false,"clogged":false,"echo":0,"plane":false,"seesaw":false,"version":1,"max_entities":null,"max_trasures":null,"max_gates":null},"entities":[{"name":"UmiMushi","count":1,"weight":0,"dead_end":false,"group":1,"treasure":"key","fall":""},{"name":"Fuefuki","count":5,"weight":0,"dead_end":false,"group":0,"treasure":null,"fall":""},{"name":"ElecHiba","count":10,"weight":0,"dead_end":false,"group":5,"treasure":null,"fall":""},{"name":"DaiodoRed","count":5,"weight":0,"dead_end":false,"group":6,"treasure":null,"fall":""},{"name":"DaiodoGreen","count":5,"weight":0,"dead_end":false,"group":6,"treasure":null,"fall":""}],"treasures":[{"name":"bell_blue","count":1,"weight":0},{"name":"kan_b_silver","count":1,"weight":0},{"name":"ahiru","count":1,"weight":0},{"name":"radar_a","count":1,"weight":0},{"name":"channel","count":1,"weight":0}],"gates":[]}],"content":null}