{"sublevels":[{"name":"Sublevel 1","properties":{"unit":"1_NARI_hit6x6_toy.txt","max_rooms":7,"light":"toy_light_cha.ini","music":"caveconc_05_0.cnd","skybox":"flooring","corridor":0.12,"caps":100,"timer":0,"geyser":false,"clogged":false,"echo":0,"plane":true,"seesaw":false,"version":1,"max_entities":null,"max_trasures":null,"max_gates":null},"entities":[{"name":"ElecHiba","count":3,"weight":0,"dead_end":false,"group":5,"treasure":null,"fall":""},{"name":"PanModoki","count":1,"weight":0,"dead_end":false,"group":0,"treasure":null,"fall":""},{"name":"ElecOtakara","count":1,"weight":0,"dead_end":false,"group":1,"treasure":"gas","fall":"$"},{"name":"ElecBug","count":5,"weight":0,"dead_end":false,"group":0,"treasure":null,"fall":""},{"name":"ElecBug","count":1,"weight":0,"dead_end":false,"group":0,"treasure":"diamond_green_l","fall":""},{"name":"Kochappy","count":1,"weight":0,"dead_end":false,"group":0,"treasure":"key","fall":""}],"treasures":[{"name":"turi_uki","count":1,"weight":0},{"name":"matu_bokkuri","count":1,"weight":0}],"gates":[{"word":"gate","health":750,"weight":1}]},{"name":"Sublevel 2","properties":{"unit":"1_MIYA_mid_toy.txt","max_rooms":7,"light":"qchap_light.ini","music":"cavesoil_00_1.cnd","skybox":"flooring","corridor":0.12,"caps":100,"timer":0,"geyser":false,"clogged":false,"echo":0,"plane":true,"seesaw":false,"version":1,"max_entities":null,"max_trasures":null,"max_gates":null},"entities":[{"name":"Kochappy","count":1,"weight":0,"dead_end":false,"group":0,"treasure":"kan_maruha","fall":""},{"name":"Kochappy","count":9,"weight":0,"dead_end":false,"group":0,"treasure":null,"fall":""},{"name":"ElecOtakara","count":2,"weight":0,"dead_end":false,"group":1,"treasure":null,"fall":"$"},{"name":"ElecOtakara","count":1,"weight":0,"dead_end":false,"group":1,"treasure":"donutsichigo","fall":"$"},{"name":"MaroFrog","count":1,"weight":0,"dead_end":false,"group":0,"treasure":"toy_dog","fall":""},{"name":"MaroFrog","count":1,"weight":0,"dead_end":false,"group":1,"treasure":"kinoko_doku","fall":"$4"},{"name":"ElecHiba","count":15,"weight":0,"dead_end":false,"group":5,"treasure":null,"fall":""}],"treasures":[{"name":"key","count":1,"weight":0},{"name":"diamond_blue_l","count":1,"weight":0},{"name":"kinoko","count":1,"weight":0}],"gates":[{"word":"gate","health":250,"weight":1},{"word":"gate","health":100000,"weight":1}]},{"name":"Sublevel 3","properties":{"unit":"1_ABE_ari_metal.txt","max_rooms":1,"light":"normal_light_lv0.ini","music":"caveconc_00_0.cnd","skybox":"none","corridor":0.2,"caps":50,"timer":0,"geyser":false,"clogged":false,"echo":0,"plane":false,"seesaw":false,"version":1,"max_entities":null,"max_trasures":null,"max_gates":null},"entities":[{"name":"ElecHiba","count":10,"weight":0,"dead_end":false,"group":5,"treasure":null,"fall":""},{"name":"GasHiba","count":1,"weight":0,"dead_end":false,"group":5,"treasure":null,"fall":""},{"name":"BombSarai","count":1,"weight":0,"dead_end":false,"group":0,"treasure":"kan_maruha","fall":""},{"name":"OniKurage","count":1,"weight":0,"dead_end":false,"group":1,"treasure":"kan_b_silver","fall":""},{"name":"ElecOtakara","count":5,"weight":0,"dead_end":false,"group":1,"treasure":null,"fall":"$"},{"name":"ElecOtakara","count":2,"weight":0,"dead_end":false,"group":0,"treasure":null,"fall":"$4"},{"name":"ElecOtakara","count":1,"weight":0,"dead_end":false,"group":0,"treasure":"key","fall":"$4"}],"treasures":[{"name":"dia_a_red","count":1,"weight":0},{"name":"whistle","count":1,"weight":0},{"name":"flask","count":1,"weight":0},{"name":"kumakibori","count":1,"weight":0}],"gates":[{"word":"gate","health":500,"weight":1},{"word":"gate","health":500,"weight":1},{"word":"gate","health":700,"weight":1}]},{"name":"Sublevel 4","properties":{"unit":"1_MAT_tower2_toy.txt","max_rooms":7,"light":"vs_8_light.ini","music":"cavesoil_10_3.cnd","skybox":"flooring","corridor":0.12,"caps":100,"timer":0,"geyser":false,"clogged":false,"echo":0,"plane":true,"seesaw":false,"version":1,"max_entities":null,"max_trasures":null,"max_gates":null},"entities":[{"name":"DangoMushi","count":1,"weight":0,"dead_end":false,"group":0,"treasure":"key","fall":""}],"treasures":[],"gates":[{"word":"gate","health":1000,"weight":1},{"word":"gate","health":1000,"weight":1},{"word":"gate","health":1000,"weight":1},{"word":"gate","health":1000,"weight":1}]}],"content":null}