{"sublevels":[{"name":"Sublevel 1","properties":{"unit":"2_MAT_a_b_conc.txt","max_rooms":3,"light":"normal_light_lv0.ini","music":"caveconc_00_0.cnd","skybox":"none","corridor":0.01,"caps":50,"timer":0,"geyser":false,"clogged":false,"echo":0,"plane":false,"seesaw":false,"version":1,"max_entities":null,"max_trasures":null,"max_gates":null},"entities":[{"name":"ElecBug","count":9,"weight":0,"dead_end":false,"group":0,"treasure":"donguri","fall":""},{"name":"Kurage","count":2,"weight":0,"dead_end":false,"group":1,"treasure":"ichigo_l","fall":""},{"name":"Kurage","count":1,"weight":0,"dead_end":false,"group":1,"treasure":"key","fall":""},{"name":"BombOtakara","count":4,"weight":0,"dead_end":false,"group":5,"treasure":null,"fall":"$"},{"name":"Egg","count":1,"weight":0,"dead_end":true,"group":0,"treasure":null,"fall":""}],"treasures":[{"name":"badminton","count":1,"weight":0},{"name":"g_futa_kyosin","count":1,"weight":0},{"name":"toy_cat","count":1,"weight":0}],"gates":[]},{"name":"Sublevel 2","properties":{"unit":"1_NARI_hit6x6_toy.txt","max_rooms":1,"light":"toy_light_lv0.ini","music":"cavetsumiki_00_0.cnd","skybox":"flooring","corridor":0.0,"caps":50,"timer":0,"geyser":false,"clogged":false,"echo":0,"plane":true,"seesaw":false,"version":1,"max_entities":null,"max_trasures":null,"max_gates":null},"entities":[{"name":"UmiMushi","count":1,"weight":0,"dead_end":false,"group":1,"treasure":"key","fall":""}],"treasures":[{"name":"dia_c_red","count":1,"weight":0},{"name":"futa_a_silver","count":1,"weight":0},{"name":"kan_maruha","count":1,"weight":0}],"gates":[]},{"name":"Sublevel 3","properties":{"unit":"2_NARI_hit4x7_small_toy.txt","max_rooms":3,"light":"normal_light_lv0.ini","music":"cavetsumiki_00_0.cnd","skybox":"tatami","corridor":0.0,"caps":50,"timer":0,"geyser":false,"clogged":false,"echo":0,"plane":true,"seesaw":false,"version":1,"max_entities":null,"max_trasures":null,"max_gates":null},"entities":[{"name":"Mar","count":1,"weight":0,"dead_end":false,"group":0,"treasure":"key","fall":""},{"name":"Miulin","count":3,"weight":0,"dead_end":false,"group":0,"treasure":"bell_yellow","fall":""},{"name":"Kochappy","count":10,"weight":0,"dead_end":false,"group":1,"treasure":"flower_blue","fall":""}],"treasures":[{"name":"radar_a","count":1,"weight":0},{"name":"diamond_green","count":1,"weight":0},{"name":"toy_ring_a_red","count":1,"weight":0}],"gates":[]},{"name":"Sublevel 4","properties":{"unit":"1_ABE_vshit67_toy.txt","max_rooms":2,"light":"jyoou_light_lv1.ini","music":"caveglass_00_0.cnd","skybox":"hiroba","corridor":0.12,"caps":50,"timer":0,"geyser":false,"clogged":false,"echo":0,"plane":true,"seesaw":false,"version":1,"max_entities":null,"max_trasures":null,"max_gates":null},"entities":[{"name":"SnakeWhole","count":1,"weight":0,"dead_end":false,"group":1,"treasure":"key","fall":""},{"name":"Kochappy","count":5,"weight":0,"dead_end":false,"group":0,"treasure":"flower_blue","fall":""}],"treasures":[{"name":"milk_cap","count":1,"weight":0},{"name":"g_futa_nihonraku","count":1,"weight":0},{"name":"fire_helmet","count":1,"weight":0},{"name":"toy_lady","count":1,"weight":0},{"name":"dia_c_blue","count":1,"weight":0}],"gates":[]}],"content":null}