{"sublevels":[{"name":"Sublevel 1","properties":{"unit":"1_units_north_snow.txt","max_rooms":2,"light":"qchap_light.ini","music":"new_00_0.cnd","skybox":"none","corridor":0.12,"caps":50,"timer":0,"geyser":false,"clogged":true,"echo":0,"plane":false,"seesaw":false,"version":1,"max_entities":null,"max_trasures":null,"max_gates":null},"entities":[{"name":"YellowChappy","count":1,"weight":0,"dead_end":false,"group":0,"treasure":"tape_yellow","fall":"$"},{"name":"YellowKochappy","count":8,"weight":0,"dead_end":false,"group":6,"treasure":null,"fall":""},{"name":"TamagoMushi","count":1,"weight":0,"dead_end":false,"group":0,"treasure":null,"fall":""},{"name":"YellowChappy","count":2,"weight":0,"dead_end":false,"group":1,"treasure":null,"fall":""},{"name":"YellowKochappy","count":1,"weight":0,"dead_end":false,"group":6,"treasure":"key","fall":"$"}],"treasures":[],"gates":[{"word":"gate","health":5000,"weight":1}]},{"name":"Sublevel 2","properties":{"unit":"2_units_mid2_north_snow.txt","max_rooms":4,"light":"qchap_light.ini","music":"new_00_0.cnd","skybox":"none","corridor":0.12,"caps":50,"timer":0,"geyser":false,"clogged":true,"echo":0,"plane":false,"seesaw":false,"version":1,"max_entities":null,"max_trasures":null,"max_gates":null},"entities":[{"name":"YellowChappy","count":6,"weight":0,"dead_end":false,"group":0,"treasure":null,"fall":""},{"name":"YellowKochappy","count":15,"weight":0,"dead_end":false,"group":0,"treasure":null,"fall":"$"},{"name":"Queen","count":1,"weight":0,"dead_end":false,"group":0,"treasure":"dia_a_red","fall":""},{"name":"Demon","count":5,"weight":0,"dead_end":false,"group":5,"treasure":null,"fall":"$"},{"name":"FireChappy","count":1,"weight":0,"dead_end":false,"group":0,"treasure":"key","fall":"$"},{"name":"Rock","count":17,"weight":0,"dead_end":false,"group":1,"treasure":null,"fall":"$"}],"treasures":[],"gates":[{"word":"gate","health":5000,"weight":1},{"word":"gate","health":5000,"weight":1},{"word":"gate","health":5000,"weight":1},{"word":"gate","health":5000,"weight":1}]},{"name":"Sublevel 3","properties":{"unit":"1_units_purple_snow.txt","max_rooms":1,"light":"qchap_light.ini","music":"new_00_1.cnd","skybox":"none","corridor":0.12,"caps":50,"timer":0,"geyser":true,"clogged":false,"echo":0,"plane":false,"seesaw":false,"version":1,"max_entities":null,"max_trasures":null,"max_gates":null},"entities":[{"name":"YellowChappy","count":1,"weight":0,"dead_end":false,"group":6,"treasure":"map01","fall":""},{"name":"YellowChappy","count":1,"weight":0,"dead_end":false,"group":6,"treasure":null,"fall":""},{"name":"YellowChappy","count":1,"weight":0,"dead_end":false,"group":6,"treasure":null,"fall":""},{"name":"YellowChappy","count":1,"weight":0,"dead_end":false,"group":6,"treasure":null,"fall":""},{"name":"YellowChappy","count":1,"weight":0,"dead_end":false,"group":6,"treasure":null,"fall":""},{"name":"BlackPom","count":2,"weight":0,"dead_end":false,"group":6,"treasure":null,"fall":""},{"name":"BigFoot","count":1,"weight":0,"dead_end":false,"group":8,"treasure":"key","fall":""},{"name":"Hanachirashi","count":1,"weight":0,"dead_end":false,"group":0,"treasure":null,"fall":""},{"name":"YellowKochappy","count":20,"weight":0,"dead_end":false,"group":0,"treasure":null,"fall":""}],"treasures":[],"gates":[]}],"content":null}