{"sublevels":[{"name":"Sublevel 1 - Fiery","properties":{"unit":"2_ABE_blk_hit3_tsuchi.txt","max_rooms":4,"light":"normal_light_lv0.ini","music":"cavesoil_00_0.cnd","skybox":"none","corridor":0.12,"caps":50,"timer":0,"geyser":false,"clogged":true,"echo":0,"plane":false,"seesaw":false,"version":1,"max_entities":null,"max_trasures":null,"max_gates":null},"entities":[{"name":"Hiba","count":10,"weight":0,"dead_end":false,"group":5,"treasure":null,"fall":""},{"name":"Tukushi","count":5,"weight":0,"dead_end":false,"group":6,"treasure":null,"fall":""},{"name":"Magaret","count":5,"weight":0,"dead_end":false,"group":6,"treasure":null,"fall":""},{"name":"Zenmai","count":5,"weight":0,"dead_end":false,"group":6,"treasure":null,"fall":""},{"name":"Tank","count":2,"weight":0,"dead_end":false,"group":0,"treasure":null,"fall":""},{"name":"Tank","count":1,"weight":0,"dead_end":false,"group":1,"treasure":"j_block_red","fall":""},{"name":"Chappy","count":1,"weight":0,"dead_end":false,"group":0,"treasure":"key","fall":"$"},{"name":"FireOtakara","count":1,"weight":0,"dead_end":false,"group":0,"treasure":null,"fall":"$"},{"name":"FireOtakara","count":1,"weight":0,"dead_end":false,"group":0,"treasure":null,"fall":"$"},{"name":"FireOtakara","count":1,"weight":0,"dead_end":false,"group":1,"treasure":null,"fall":"$"},{"name":"FireOtakara","count":1,"weight":0,"dead_end":false,"group":1,"treasure":null,"fall":"$"},{"name":"RedPom","count":1,"weight":0,"dead_end":false,"group":0,"treasure":null,"fall":""},{"name":"RedPom","count":1,"weight":0,"dead_end":false,"group":0,"treasure":null,"fall":""},{"name":"RedPom","count":1,"weight":0,"dead_end":false,"group":0,"treasure":null,"fall":""},{"name":"RedPom","count":1,"weight":0,"dead_end":false,"group":1,"treasure":null,"fall":""},{"name":"RedPom","count":1,"weight":0,"dead_end":false,"group":1,"treasure":null,"fall":""}],"treasures":[{"name":"dia_b_blue","count":1,"weight":0},{"name":"fire","count":1,"weight":0},{"name":"suit_fire","count":1,"weight":0},{"name":"be_dama_red_l","count":3,"weight":0}],"gates":[{"word":"gate","health":2000,"weight":1},{"word":"gate","health":2000,"weight":1},{"word":"gate","health":2000,"weight":1},{"word":"gate","health":1000,"weight":1},{"word":"gate","health":1000,"weight":1},{"word":"gate","health":1000,"weight":1}]},{"name":"Sublevel 2 - Anode","properties":{"unit":"1_MAT_tower2_toy.txt","max_rooms":4,"light":"jyoou_light_lv0.ini","music":"new_08_0.cnd","skybox":"flooring","corridor":0.15,"caps":65,"timer":0,"geyser":false,"clogged":false,"echo":0,"plane":true,"seesaw":false,"version":1,"max_entities":null,"max_trasures":null,"max_gates":null},"entities":[{"name":"ElecOtakara","count":1,"weight":0,"dead_end":false,"group":0,"treasure":null,"fall":"$"},{"name":"ElecOtakara","count":1,"weight":0,"dead_end":false,"group":0,"treasure":null,"fall":"$"},{"name":"ElecOtakara","count":1,"weight":0,"dead_end":false,"group":0,"treasure":null,"fall":"$"},{"name":"ElecOtakara","count":1,"weight":0,"dead_end":false,"group":1,"treasure":null,"fall":"$"},{"name":"ElecOtakara","count":1,"weight":0,"dead_end":false,"group":1,"treasure":null,"fall":"$"},{"name":"ElecOtakara","count":1,"weight":0,"dead_end":false,"group":1,"treasure":null,"fall":"$"},{"name":"ElecBug","count":3,"weight":0,"dead_end":false,"group":0,"treasure":null,"fall":""},{"name":"ElecBug","count":3,"weight":0,"dead_end":false,"group":1,"treasure":null,"fall":""},{"name":"ElecHiba","count":1,"weight":0,"dead_end":false,"group":5,"treasure":null,"fall":""},{"name":"ElecHiba","count":1,"weight":0,"dead_end":false,"group":5,"treasure":null,"fall":""},{"name":"ElecHiba","count":1,"weight":0,"dead_end":false,"group":5,"treasure":null,"fall":""},{"name":"ElecHiba","count":1,"weight":0,"dead_end":false,"group":5,"treasure":null,"fall":""},{"name":"ElecHiba","count":1,"weight":0,"dead_end":false,"group":5,"treasure":null,"fall":""},{"name":"ElecHiba","count":1,"weight":0,"dead_end":false,"group":5,"treasure":null,"fall":""},{"name":"ElecHiba","count":1,"weight":0,"dead_end":false,"group":5,"treasure":null,"fall":""},{"name":"DaiodoRed","count":5,"weight":0,"dead_end":false,"group":6,"treasure":null,"fall":""},{"name":"DaiodoGreen","count":5,"weight":0,"dead_end":false,"group":6,"treasure":null,"fall":""},{"name":"Chiyogami","count":3,"weight":0,"dead_end":false,"group":6,"treasure":null,"fall":""},{"name":"Frog","count":1,"weight":0,"dead_end":false,"group":0,"treasure":"key","fall":"$"},{"name":"YellowPom","count":1,"weight":0,"dead_end":false,"group":1,"treasure":null,"fall":""},{"name":"YellowPom","count":1,"weight":0,"dead_end":false,"group":1,"treasure":null,"fall":""},{"name":"YellowPom","count":1,"weight":0,"dead_end":false,"group":1,"treasure":null,"fall":""},{"name":"YellowPom","count":1,"weight":0,"dead_end":false,"group":0,"treasure":null,"fall":""},{"name":"YellowPom","count":1,"weight":0,"dead_end":false,"group":0,"treasure":null,"fall":""},{"name":"ElecBug","count":5,"weight":0,"dead_end":false,"group":0,"treasure":null,"fall":""},{"name":"ElecBug","count":5,"weight":0,"dead_end":false,"group":0,"treasure":null,"fall":""},{"name":"ElecBug","count":5,"weight":0,"dead_end":false,"group":1,"treasure":null,"fall":""},{"name":"ElecBug","count":5,"weight":0,"dead_end":false,"group":1,"treasure":null,"fall":""}],"treasures":[{"name":"be_dama_yellow","count":1,"weight":0},{"name":"j_block_yellow","count":1,"weight":0},{"name":"ahiru_head","count":1,"weight":0},{"name":"be_dama_yellow_l","count":1,"weight":0},{"name":"denchi_3_red","count":1,"weight":0},{"name":"denchi_1_red","count":1,"weight":0}],"gates":[{"word":"gate","health":1500,"weight":1},{"word":"gate","health":1500,"weight":1},{"word":"gate","health":1500,"weight":1},{"word":"gate","health":2500,"weight":1},{"word":"gate","health":2500,"weight":1},{"word":"gate","health":2500,"weight":1}]},{"name":"Sublevel 3 - Watery","properties":{"unit":"2_units_north_pool_tile.txt","max_rooms":5,"light":"metal_light_cha.ini","music":"new_02_0.cnd","skybox":"none","corridor":0.17,"caps":60,"timer":0,"geyser":false,"clogged":true,"echo":0,"plane":false,"seesaw":false,"version":1,"max_entities":null,"max_trasures":null,"max_gates":null},"entities":[{"name":"Catfish","count":1,"weight":0,"dead_end":false,"group":0,"treasure":null,"fall":""},{"name":"Catfish","count":1,"weight":0,"dead_end":false,"group":1,"treasure":null,"fall":""},{"name":"Catfish","count":1,"weight":0,"dead_end":false,"group":0,"treasure":null,"fall":""},{"name":"WaterOtakara","count":1,"weight":0,"dead_end":false,"group":0,"treasure":null,"fall":"$"},{"name":"WaterOtakara","count":1,"weight":0,"dead_end":false,"group":1,"treasure":null,"fall":"$"},{"name":"WaterOtakara","count":1,"weight":0,"dead_end":false,"group":0,"treasure":"j_block_blue","fall":"$"},{"name":"Wtank","count":2,"weight":0,"dead_end":false,"group":0,"treasure":null,"fall":""},{"name":"Wtank","count":2,"weight":0,"dead_end":false,"group":1,"treasure":null,"fall":""},{"name":"UmiMushiBlind","count":1,"weight":0,"dead_end":false,"group":0,"treasure":"key","fall":"$"},{"name":"BluePom","count":1,"weight":0,"dead_end":false,"group":0,"treasure":null,"fall":""},{"name":"BluePom","count":1,"weight":0,"dead_end":false,"group":0,"treasure":null,"fall":""},{"name":"BluePom","count":1,"weight":0,"dead_end":false,"group":0,"treasure":null,"fall":""},{"name":"BluePom","count":1,"weight":0,"dead_end":false,"group":1,"treasure":null,"fall":""},{"name":"BluePom","count":1,"weight":0,"dead_end":false,"group":1,"treasure":null,"fall":""},{"name":"Wakame_l","count":5,"weight":0,"dead_end":false,"group":6,"treasure":null,"fall":""},{"name":"Wakame_s","count":5,"weight":0,"dead_end":false,"group":6,"treasure":null,"fall":""}],"treasures":[{"name":"turi_uki","count":1,"weight":0},{"name":"be_dama_blue","count":1,"weight":0},{"name":"be_dama_blue_l","count":1,"weight":0},{"name":"toy_ring_a_blue","count":1,"weight":0},{"name":"teala_dia_c","count":1,"weight":0}],"gates":[{"word":"gate","health":2500,"weight":1},{"word":"gate","health":2500,"weight":1},{"word":"gate","health":2500,"weight":1},{"word":"gate","health":3000,"weight":1},{"word":"gate","health":3000,"weight":1}]},{"name":"Sublevel 4 - Rest","properties":{"unit":"1_ABE_mid1_boss_tsuchi.txt","max_rooms":1,"light":"hiroba_toy_light_cha.ini","music":"caverelax.cnd","skybox":"none","corridor":0.12,"caps":50,"timer":0,"geyser":false,"clogged":false,"echo":0,"plane":false,"seesaw":false,"version":1,"max_entities":null,"max_trasures":null,"max_gates":null},"entities":[{"name":"RandPom","count":2,"weight":0,"dead_end":false,"group":0,"treasure":null,"fall":""},{"name":"RandPom","count":2,"weight":0,"dead_end":false,"group":1,"treasure":null,"fall":""},{"name":"RandPom","count":1,"weight":0,"dead_end":false,"group":0,"treasure":null,"fall":""},{"name":"ShijimiChou","count":1,"weight":0,"dead_end":false,"group":0,"treasure":null,"fall":""},{"name":"Kogane","count":1,"weight":0,"dead_end":false,"group":0,"treasure":null,"fall":""},{"name":"Kogane","count":1,"weight":0,"dead_end":false,"group":1,"treasure":null,"fall":""},{"name":"Ooinu_l","count":5,"weight":0,"dead_end":false,"group":6,"treasure":null,"fall":""},{"name":"Ooinu_s","count":5,"weight":0,"dead_end":false,"group":6,"treasure":null,"fall":""},{"name":"Tanpopo","count":5,"weight":0,"dead_end":false,"group":6,"treasure":null,"fall":""},{"name":"Clover","count":5,"weight":0,"dead_end":false,"group":6,"treasure":null,"fall":""}],"treasures":[{"name":"key","count":1,"weight":0}],"gates":[]},{"name":"Sublevel 5 - Gassy","properties":{"unit":"2_units_mid2_north_metal.txt","max_rooms":3,"light":"metal_light_lv4.ini","music":"cavemetal_05_4.cnd","skybox":"build","corridor":0.12,"caps":50,"timer":0,"geyser":false,"clogged":false,"echo":0,"plane":false,"seesaw":false,"version":1,"max_entities":null,"max_trasures":null,"max_gates":null},"entities":[{"name":"WhitePom","count":2,"weight":0,"dead_end":false,"group":0,"treasure":null,"fall":""},{"name":"WhitePom","count":2,"weight":0,"dead_end":false,"group":1,"treasure":null,"fall":""},{"name":"WhitePom","count":1,"weight":0,"dead_end":false,"group":0,"treasure":null,"fall":""},{"name":"WhitePom","count":1,"weight":0,"dead_end":false,"group":1,"treasure":null,"fall":""},{"name":"GasHiba","count":10,"weight":0,"dead_end":false,"group":5,"treasure":null,"fall":""},{"name":"Egg","count":5,"weight":0,"dead_end":false,"group":5,"treasure":null,"fall":"$"},{"name":"GasOtakara","count":2,"weight":0,"dead_end":false,"group":0,"treasure":null,"fall":"$"},{"name":"GasOtakara","count":2,"weight":0,"dead_end":false,"group":1,"treasure":null,"fall":"$"},{"name":"BlueKochappy","count":3,"weight":0,"dead_end":false,"group":0,"treasure":null,"fall":""},{"name":"BlueKochappy","count":3,"weight":0,"dead_end":false,"group":1,"treasure":null,"fall":""},{"name":"Fuefuki","count":1,"weight":0,"dead_end":false,"group":0,"treasure":null,"fall":""},{"name":"Fart","count":1,"weight":0,"dead_end":false,"group":0,"treasure":"key","fall":""},{"name":"HikariKinoko","count":10,"weight":0,"dead_end":false,"group":6,"treasure":"key","fall":""}],"treasures":[{"name":"j_block_white","count":1,"weight":0},{"name":"gas","count":1,"weight":0},{"name":"radar_a","count":1,"weight":0},{"name":"diamond_blue","count":1,"weight":0},{"name":"flower_blue","count":1,"weight":0},{"name":"light_a","count":1,"weight":0}],"gates":[{"word":"gate","health":3000,"weight":1},{"word":"gate","health":3000,"weight":1},{"word":"gate","health":3000,"weight":1},{"word":"gate","health":3000,"weight":1},{"word":"gate","health":3000,"weight":1}]},{"name":"Sublevel 6 - Heavy","properties":{"unit":"1_MIYA_big_kusachi.txt","max_rooms":4,"light":"kumomei_light_cha.ini","music":"caveglass_00_0.cnd","skybox":"hiroba","corridor":0.2,"caps":65,"timer":0,"geyser":false,"clogged":true,"echo":0,"plane":false,"seesaw":false,"version":1,"max_entities":null,"max_trasures":null,"max_gates":null},"entities":[{"name":"BlackPom","count":1,"weight":0,"dead_end":false,"group":0,"treasure":null,"fall":""},{"name":"BlackPom","count":1,"weight":0,"dead_end":false,"group":0,"treasure":null,"fall":""},{"name":"BlackPom","count":1,"weight":0,"dead_end":false,"group":0,"treasure":null,"fall":""},{"name":"BlackPom","count":1,"weight":0,"dead_end":false,"group":1,"treasure":null,"fall":""},{"name":"BlackPom","count":1,"weight":0,"dead_end":false,"group":1,"treasure":null,"fall":""},{"name":"Kabuto","count":1,"weight":0,"dead_end":false,"group":0,"treasure":null,"fall":""},{"name":"Kabuto","count":1,"weight":0,"dead_end":false,"group":0,"treasure":null,"fall":""},{"name":"Kabuto","count":1,"weight":0,"dead_end":false,"group":1,"treasure":null,"fall":""},{"name":"Kabuto","count":1,"weight":0,"dead_end":false,"group":1,"treasure":null,"fall":""},{"name":"Rkabuto","count":1,"weight":0,"dead_end":false,"group":0,"treasure":"key","fall":""},{"name":"Rock","count":10,"weight":0,"dead_end":false,"group":5,"treasure":null,"fall":""},{"name":"Hana","count":3,"weight":0,"dead_end":false,"group":6,"treasure":null,"fall":""},{"name":"Ooinu_s","count":5,"weight":0,"dead_end":false,"group":6,"treasure":null,"fall":""},{"name":"Ooinu_l","count":5,"weight":0,"dead_end":false,"group":6,"treasure":null,"fall":""},{"name":"Magaret","count":10,"weight":0,"dead_end":false,"group":6,"treasure":null,"fall":""}],"treasures":[{"name":"locket","count":1,"weight":0},{"name":"g_futa_kitaama","count":1,"weight":0},{"name":"dia_b_green","count":1,"weight":0},{"name":"creap","count":1,"weight":0},{"name":"kinoko_tubu","count":1,"weight":0}],"gates":[]},{"name":"Sublevel 7 - Rest 2","properties":{"unit":"1_ABE_mid1_boss_tsuchi.txt","max_rooms":1,"light":"hiroba_toy_light_cha.ini","music":"caverelax.cnd","skybox":"none","corridor":0.12,"caps":50,"timer":0,"geyser":false,"clogged":false,"echo":0,"plane":false,"seesaw":false,"version":1,"max_entities":null,"max_trasures":null,"max_gates":null},"entities":[{"name":"RandPom","count":2,"weight":0,"dead_end":false,"group":0,"treasure":null,"fall":""},{"name":"RandPom","count":2,"weight":0,"dead_end":false,"group":1,"treasure":null,"fall":""},{"name":"RandPom","count":1,"weight":0,"dead_end":false,"group":0,"treasure":null,"fall":""},{"name":"ShijimiChou","count":1,"weight":0,"dead_end":false,"group":0,"treasure":null,"fall":""},{"name":"Kogane","count":1,"weight":0,"dead_end":false,"group":0,"treasure":null,"fall":""},{"name":"Kogane","count":1,"weight":0,"dead_end":false,"group":1,"treasure":null,"fall":""},{"name":"Ooinu_l","count":5,"weight":0,"dead_end":false,"group":6,"treasure":null,"fall":""},{"name":"Ooinu_s","count":5,"weight":0,"dead_end":false,"group":6,"treasure":null,"fall":""},{"name":"Tanpopo","count":5,"weight":0,"dead_end":false,"group":6,"treasure":null,"fall":""},{"name":"Clover","count":5,"weight":0,"dead_end":false,"group":6,"treasure":null,"fall":""}],"treasures":[{"name":"key","count":1,"weight":0}],"gates":[{"word":"gate","health":3000,"weight":1},{"word":"gate","health":3000,"weight":1},{"word":"gate","health":3000,"weight":1}]},{"name":"Sublevel 8 - Boss","properties":{"unit":"1_units_otakara_tile.txt","max_rooms":1,"light":"yakushima_3_16x17r_light.ini","music":"new_03_0.cnd","skybox":"none","corridor":0.12,"caps":50,"timer":0,"geyser":true,"clogged":false,"echo":0,"plane":false,"seesaw":false,"version":1,"max_entities":null,"max_trasures":null,"max_gates":null},"entities":[{"name":"OoPanModoki","count":1,"weight":0,"dead_end":false,"group":0,"treasure":"key","fall":"$"}],"treasures":[],"gates":[]}],"content":null}