{"sublevels":[{"name":"Sublevel 1","properties":{"unit":"1_units_cent3_tsuchi.txt","max_rooms":3,"light":"suityu_light_lv4.ini","music":"cavetsumiki_00_0.cnd","skybox":"none","corridor":0.0,"caps":50,"timer":0,"geyser":false,"clogged":false,"echo":0,"plane":false,"seesaw":false,"version":1,"max_entities":null,"max_trasures":null,"max_gates":null},"entities":[{"name":"BlueKochappy","count":15,"weight":0,"dead_end":false,"group":1,"treasure":null,"fall":""},{"name":"Fart","count":2,"weight":0,"dead_end":false,"group":5,"treasure":null,"fall":""},{"name":"Wakame_s","count":3,"weight":0,"dead_end":false,"group":6,"treasure":null,"fall":""},{"name":"HikariKinoko","count":7,"weight":0,"dead_end":false,"group":6,"treasure":null,"fall":""},{"name":"Tukushi","count":10,"weight":0,"dead_end":false,"group":6,"treasure":null,"fall":""}],"treasures":[{"name":"key","count":1,"weight":0},{"name":"chess_queen_white","count":1,"weight":0},{"name":"diamond_blue_l","count":1,"weight":0},{"name":"watch","count":1,"weight":0}],"gates":[]},{"name":"Sublevel 2","properties":{"unit":"2_ABE_blk_hit3_tsuchi.txt","max_rooms":3,"light":"suityu_light_lv3.ini","music":"caveconc_05_0.cnd","skybox":"none","corridor":0.12,"caps":50,"timer":0,"geyser":false,"clogged":false,"echo":0,"plane":false,"seesaw":false,"version":1,"max_entities":null,"max_trasures":null,"max_gates":null},"entities":[{"name":"Hana","count":1,"weight":0,"dead_end":false,"group":5,"treasure":"key","fall":""},{"name":"BlueKochappy","count":5,"weight":0,"dead_end":false,"group":1,"treasure":null,"fall":""},{"name":"Hana","count":1,"weight":0,"dead_end":false,"group":0,"treasure":null,"fall":""},{"name":"ElecOtakara","count":1,"weight":0,"dead_end":false,"group":0,"treasure":null,"fall":""},{"name":"ElecOtakara","count":1,"weight":0,"dead_end":false,"group":0,"treasure":null,"fall":""},{"name":"Tank","count":1,"weight":0,"dead_end":false,"group":1,"treasure":null,"fall":""},{"name":"Magaret","count":6,"weight":0,"dead_end":false,"group":6,"treasure":null,"fall":""},{"name":"Magaret","count":8,"weight":0,"dead_end":false,"group":5,"treasure":null,"fall":""},{"name":"HikariKinoko","count":3,"weight":0,"dead_end":false,"group":6,"treasure":null,"fall":""},{"name":"Zenmai","count":7,"weight":0,"dead_end":false,"group":6,"treasure":null,"fall":""}],"treasures":[{"name":"toy_cat","count":1,"weight":0},{"name":"chocowhite_l","count":1,"weight":0},{"name":"chess_king_white","count":1,"weight":0}],"gates":[{"word":"gate","health":1000,"weight":1},{"word":"gate","health":1000,"weight":1}]},{"name":"Sublevel 3","properties":{"unit":"2_MAT_hit3_nor4_tsuchi.txt","max_rooms":4,"light":"suityu_light_lv4.ini","music":"cavesoil_05_0.cnd","skybox":"none","corridor":0.12,"caps":50,"timer":0,"geyser":true,"clogged":false,"echo":0,"plane":false,"seesaw":false,"version":1,"max_entities":null,"max_trasures":null,"max_gates":null},"entities":[{"name":"KumaChappy","count":1,"weight":0,"dead_end":false,"group":0,"treasure":"key","fall":""},{"name":"Armor","count":1,"weight":0,"dead_end":false,"group":0,"treasure":null,"fall":""},{"name":"Armor","count":1,"weight":0,"dead_end":false,"group":0,"treasure":null,"fall":""},{"name":"Clover","count":7,"weight":0,"dead_end":false,"group":6,"treasure":null,"fall":""},{"name":"KareOoinu_s","count":4,"weight":0,"dead_end":false,"group":6,"treasure":null,"fall":""},{"name":"Ooinu_s","count":4,"weight":0,"dead_end":false,"group":6,"treasure":null,"fall":""},{"name":"HikariKinoko","count":5,"weight":0,"dead_end":false,"group":6,"treasure":null,"fall":""},{"name":"Egg","count":1,"weight":0,"dead_end":true,"group":0,"treasure":null,"fall":""},{"name":"Egg","count":1,"weight":0,"dead_end":false,"group":0,"treasure":null,"fall":""},{"name":"Tobi","count":5,"weight":0,"dead_end":false,"group":1,"treasure":null,"fall":""},{"name":"BlueKochappy","count":5,"weight":0,"dead_end":false,"group":1,"treasure":null,"fall":""}],"treasures":[{"name":"chess_queen_black","count":1,"weight":0},{"name":"diamond_green","count":1,"weight":0},{"name":"fue_pullout","count":1,"weight":0},{"name":"denchi_3_red","count":1,"weight":0}],"gates":[]}],"content":null}