{"sublevels":[{"name":"Sublevel 1 - made by:","properties":{"unit":"1_units_cent_tsuchi.txt","max_rooms":2,"light":"sirohana_light_lv2.ini","music":"caveconc_00_0.cnd","skybox":"none","corridor":0.1,"caps":50,"timer":0,"geyser":false,"clogged":false,"echo":0,"plane":false,"seesaw":false,"version":1,"max_entities":10,"max_trasures":null,"max_gates":null},"entities":[{"name":"WaterOtakara","count":1,"weight":0,"dead_end":false,"group":0,"treasure":"key","fall":""},{"name":"UjiA","count":2,"weight":0,"dead_end":false,"group":0,"treasure":"be_dama_blue","fall":""},{"name":"UjiA","count":2,"weight":0,"dead_end":false,"group":0,"treasure":"be_dama_red","fall":""},{"name":"UjiA","count":2,"weight":0,"dead_end":false,"group":0,"treasure":"be_dama_yellow","fall":""},{"name":"FireOtakara","count":3,"weight":0,"dead_end":false,"group":5,"treasure":"wadou_kaichin","fall":""}],"treasures":[{"name":"juji_key_fc","count":1,"weight":0}],"gates":[]},{"name":"Sublevel 2 - pikko","properties":{"unit":"1_ABE_mid1_tsuchi.txt","max_rooms":1,"light":"suityu_light_lv3.ini","music":"caveconc_00_0.cnd","skybox":"none","corridor":0.2,"caps":50,"timer":0,"geyser":false,"clogged":false,"echo":0,"plane":false,"seesaw":false,"version":1,"max_entities":7,"max_trasures":null,"max_gates":null},"entities":[{"name":"Wealthy","count":1,"weight":0,"dead_end":false,"group":0,"treasure":"key","fall":""},{"name":"Kabuto","count":1,"weight":0,"dead_end":false,"group":0,"treasure":"leaf_kare","fall":""},{"name":"Hanachirashi","count":2,"weight":0,"dead_end":false,"group":0,"treasure":"g_futa_daisen","fall":""},{"name":"Egg","count":3,"weight":0,"dead_end":true,"group":0,"treasure":null,"fall":""}],"treasures":[],"gates":[]},{"name":"Sublevel 3 - 2018","properties":{"unit":"1_MAT_manp_conc.txt","max_rooms":1,"light":"normal_light_lv0.ini","music":"caveconc_00_0.cnd","skybox":"none","corridor":0.2,"caps":50,"timer":0,"geyser":false,"clogged":false,"echo":0,"plane":false,"seesaw":false,"version":1,"max_entities":11,"max_trasures":null,"max_gates":null},"entities":[{"name":"Sokkuri","count":6,"weight":0,"dead_end":false,"group":1,"treasure":null,"fall":""},{"name":"Kurage","count":1,"weight":0,"dead_end":false,"group":0,"treasure":"kan_b_gold","fall":""},{"name":"BlueChappy","count":1,"weight":0,"dead_end":false,"group":0,"treasure":"fue_a","fall":""},{"name":"Fart","count":1,"weight":0,"dead_end":false,"group":1,"treasure":null,"fall":""},{"name":"BlackPom","count":2,"weight":0,"dead_end":true,"group":0,"treasure":null,"fall":""}],"treasures":[{"name":"key","count":1,"weight":0}],"gates":[]},{"name":"Sublevel 4 - version 2.0","properties":{"unit":"1_NARI_4x4b_conc.txt","max_rooms":3,"light":"normal_light_lv3.ini","music":"caveconc_00_0.cnd","skybox":"none","corridor":0.4,"caps":50,"timer":0,"geyser":false,"clogged":true,"echo":0,"plane":false,"seesaw":false,"version":1,"max_entities":18,"max_trasures":null,"max_gates":null},"entities":[{"name":"Tanpopo","count":4,"weight":0,"dead_end":false,"group":5,"treasure":null,"fall":""},{"name":"GasHiba","count":5,"weight":0,"dead_end":false,"group":5,"treasure":null,"fall":""},{"name":"Catfish","count":1,"weight":0,"dead_end":false,"group":0,"treasure":null,"fall":""},{"name":"KumaKochappy","count":3,"weight":0,"dead_end":false,"group":1,"treasure":"flower_blue","fall":""},{"name":"KumaKochappy","count":4,"weight":0,"dead_end":false,"group":0,"treasure":"flower_red","fall":""},{"name":"KumaChappy","count":1,"weight":0,"dead_end":false,"group":0,"treasure":"key","fall":""}],"treasures":[{"name":"kumakibori","count":1,"weight":0},{"name":"turi_uki","count":1,"weight":0}],"gates":[]},{"name":"Sublevel 5 - https://imgur.com/9NZ04K0","properties":{"unit":"1_MAT_north_tsuchi.txt","max_rooms":4,"light":"yakushima_3_16x17r_light.ini","music":"caveconc_00_0.cnd","skybox":"none","corridor":0.3,"caps":100,"timer":0,"geyser":true,"clogged":false,"echo":0,"plane":false,"seesaw":false,"version":1,"max_entities":10,"max_trasures":null,"max_gates":null},"entities":[{"name":"OoPanModoki","count":1,"weight":0,"dead_end":false,"group":0,"treasure":"key","fall":""},{"name":"Bomb","count":3,"weight":0,"dead_end":false,"group":0,"treasure":null,"fall":""},{"name":"Bomb","count":5,"weight":0,"dead_end":false,"group":1,"treasure":null,"fall":"$"},{"name":"Clover","count":2,"weight":0,"dead_end":false,"group":6,"treasure":null,"fall":""},{"name":"KareOoinu_l","count":2,"weight":0,"dead_end":false,"group":6,"treasure":null,"fall":""},{"name":"Ooinu_s","count":2,"weight":0,"dead_end":false,"group":6,"treasure":null,"fall":""},{"name":"MiniHoudai","count":1,"weight":0,"dead_end":false,"group":0,"treasure":"robot_head","fall":""}],"treasures":[{"name":"momiji_normal","count":1,"weight":0},{"name":"bell_yellow","count":1,"weight":0}],"gates":[]}],"content":null}