{"sublevels":[{"name":"Sublevel 1 - Bears","properties":{"unit":"4_units_a_g_l_m_conc.txt","max_rooms":5,"light":"sirohana_light_lv5.ini","music":"new_01_0.cnd","skybox":"none","corridor":0.257,"caps":100,"timer":0,"geyser":false,"clogged":false,"echo":0,"plane":false,"seesaw":false,"version":1,"max_entities":null,"max_trasures":null,"max_gates":null},"entities":[{"name":"KumaChappy","count":1,"weight":0,"dead_end":false,"group":8,"treasure":"haniwa","fall":""},{"name":"GasOtakara","count":1,"weight":0,"dead_end":false,"group":1,"treasure":"teala_dia_d","fall":""},{"name":"Catfish","count":2,"weight":0,"dead_end":false,"group":1,"treasure":null,"fall":""},{"name":"Qurione","count":1,"weight":0,"dead_end":false,"group":5,"treasure":null,"fall":""},{"name":"Catfish","count":1,"weight":0,"dead_end":true,"group":0,"treasure":null,"fall":""},{"name":"GasOtakara","count":1,"weight":0,"dead_end":false,"group":0,"treasure":"toy_ring_a_blue","fall":""},{"name":"Chappy","count":1,"weight":0,"dead_end":false,"group":0,"treasure":"toy_ring_b_green","fall":""},{"name":"KumaChappy","count":1,"weight":0,"dead_end":false,"group":0,"treasure":"key","fall":""},{"name":"Qurione","count":1,"weight":0,"dead_end":true,"group":0,"treasure":null,"fall":""},{"name":"Qurione","count":1,"weight":0,"dead_end":false,"group":6,"treasure":null,"fall":""},{"name":"MaroFrog","count":1,"weight":0,"dead_end":false,"group":1,"treasure":"j_block_blue","fall":""},{"name":"Catfish","count":1,"weight":0,"dead_end":false,"group":0,"treasure":"be_dama_blue","fall":""},{"name":"YellowChappy","count":1,"weight":0,"dead_end":false,"group":1,"treasure":"be_dama_blue_l","fall":""},{"name":"Kurage","count":1,"weight":0,"dead_end":false,"group":1,"treasure":"teala_dia_b","fall":""},{"name":"Qurione","count":1,"weight":0,"dead_end":true,"group":0,"treasure":null,"fall":""},{"name":"DaiodoGreen","count":1,"weight":0,"dead_end":false,"group":6,"treasure":null,"fall":""},{"name":"DaiodoGreen","count":1,"weight":0,"dead_end":false,"group":6,"treasure":null,"fall":""},{"name":"HikariKinoko","count":1,"weight":0,"dead_end":false,"group":6,"treasure":null,"fall":""},{"name":"KumaChappy","count":1,"weight":0,"dead_end":false,"group":0,"treasure":"silver_medal","fall":""},{"name":"HikariKinoko","count":1,"weight":0,"dead_end":false,"group":6,"treasure":null,"fall":""},{"name":"HikariKinoko","count":1,"weight":0,"dead_end":false,"group":6,"treasure":null,"fall":""},{"name":"Zenmai","count":1,"weight":0,"dead_end":false,"group":5,"treasure":null,"fall":""},{"name":"Zenmai","count":1,"weight":0,"dead_end":false,"group":5,"treasure":null,"fall":""},{"name":"Chiyogami","count":1,"weight":0,"dead_end":false,"group":6,"treasure":null,"fall":""}],"treasures":[{"name":"creap","count":1,"weight":0},{"name":"ahiru","count":1,"weight":0},{"name":"toy_dog","count":1,"weight":0},{"name":"bey_goma","count":1,"weight":0}],"gates":[]},{"name":"Sublevel 2 - Birds","properties":{"unit":"1_ABE_king_tsuchi.txt","max_rooms":2,"light":"forest_2_siro_light.ini","music":"cavetile_00_0.cnd","skybox":"none","corridor":0.2005,"caps":100,"timer":0,"geyser":true,"clogged":false,"echo":0,"plane":false,"seesaw":false,"version":1,"max_entities":null,"max_trasures":null,"max_gates":null},"entities":[{"name":"FireChappy","count":1,"weight":0,"dead_end":false,"group":0,"treasure":"diamond_red","fall":""},{"name":"SnakeCrow","count":1,"weight":0,"dead_end":false,"group":1,"treasure":"gold_medal","fall":""},{"name":"FireOtakara","count":2,"weight":0,"dead_end":false,"group":5,"treasure":null,"fall":""},{"name":"ElecOtakara","count":1,"weight":0,"dead_end":false,"group":6,"treasure":"be_dama_yellow","fall":""},{"name":"Sokkuri","count":1,"weight":0,"dead_end":true,"group":0,"treasure":"flower_blue","fall":""},{"name":"ElecOtakara","count":1,"weight":0,"dead_end":false,"group":6,"treasure":"diamond_green","fall":""},{"name":"Tadpole","count":3,"weight":0,"dead_end":false,"group":1,"treasure":null,"fall":""},{"name":"FireOtakara","count":2,"weight":0,"dead_end":false,"group":1,"treasure":null,"fall":""},{"name":"Sokkuri","count":1,"weight":0,"dead_end":true,"group":0,"treasure":"momiji_normal","fall":""},{"name":"FireChappy","count":1,"weight":0,"dead_end":false,"group":0,"treasure":"be_dama_red_l","fall":""},{"name":"Tank","count":1,"weight":0,"dead_end":false,"group":5,"treasure":"turi_uki","fall":""},{"name":"Hana","count":1,"weight":0,"dead_end":false,"group":6,"treasure":"chocoichigo","fall":""},{"name":"SnakeCrow","count":1,"weight":0,"dead_end":false,"group":0,"treasure":"key","fall":""},{"name":"Frog","count":1,"weight":0,"dead_end":false,"group":0,"treasure":"whistle","fall":""},{"name":"Tadpole","count":3,"weight":0,"dead_end":false,"group":0,"treasure":null,"fall":""},{"name":"BlueChappy","count":1,"weight":0,"dead_end":false,"group":6,"treasure":"be_dama_yellow_l","fall":""},{"name":"Clover","count":1,"weight":0,"dead_end":true,"group":0,"treasure":null,"fall":""},{"name":"Magaret","count":1,"weight":0,"dead_end":false,"group":6,"treasure":null,"fall":""},{"name":"Clover","count":1,"weight":0,"dead_end":true,"group":0,"treasure":null,"fall":""},{"name":"Magaret","count":1,"weight":0,"dead_end":false,"group":6,"treasure":null,"fall":""},{"name":"Ooinu_s","count":1,"weight":0,"dead_end":false,"group":5,"treasure":null,"fall":""},{"name":"Hiba","count":1,"weight":0,"dead_end":false,"group":5,"treasure":null,"fall":""},{"name":"SnakeCrow","count":1,"weight":0,"dead_end":false,"group":0,"treasure":"toy_ring_b_green","fall":""},{"name":"Zenmai","count":1,"weight":0,"dead_end":false,"group":0,"treasure":null,"fall":""},{"name":"Magaret","count":1,"weight":0,"dead_end":false,"group":6,"treasure":null,"fall":""},{"name":"Hana","count":1,"weight":0,"dead_end":false,"group":6,"treasure":"donutschoco_s","fall":""},{"name":"HikariKinoko","count":1,"weight":0,"dead_end":false,"group":0,"treasure":null,"fall":""},{"name":"Ooinu_s","count":1,"weight":0,"dead_end":false,"group":5,"treasure":null,"fall":""},{"name":"Magaret","count":3,"weight":0,"dead_end":false,"group":6,"treasure":null,"fall":""},{"name":"Hiba","count":1,"weight":0,"dead_end":false,"group":5,"treasure":null,"fall":""},{"name":"Clover","count":1,"weight":0,"dead_end":false,"group":5,"treasure":null,"fall":""},{"name":"Magaret","count":3,"weight":0,"dead_end":false,"group":6,"treasure":null,"fall":""}],"treasures":[{"name":"kinoko_doku","count":1,"weight":0},{"name":"flower_blue","count":1,"weight":0},{"name":"dia_a_green","count":1,"weight":0},{"name":"kinoko_tubu","count":1,"weight":0},{"name":"donguri","count":1,"weight":0}],"gates":[]}],"content":null}