{"sublevels":[{"name":"Sublevel 1","properties":{"unit":"3_SAM_d_h_i_conc.txt","max_rooms":3,"light":"normal_light_cha.ini","music":"new_07_0.cnd","skybox":"none","corridor":0.1,"caps":50,"timer":0,"geyser":false,"clogged":false,"echo":0,"plane":false,"seesaw":false,"version":1,"max_entities":null,"max_trasures":null,"max_gates":null},"entities":[{"name":"Ooinu_s","count":4,"weight":0,"dead_end":false,"group":6,"treasure":null,"fall":""},{"name":"Tanpopo","count":1,"weight":0,"dead_end":false,"group":6,"treasure":null,"fall":""},{"name":"Tukushi","count":2,"weight":0,"dead_end":false,"group":6,"treasure":null,"fall":""},{"name":"Zenmai","count":2,"weight":0,"dead_end":false,"group":6,"treasure":null,"fall":""},{"name":"Clover","count":1,"weight":0,"dead_end":false,"group":6,"treasure":null,"fall":""},{"name":"Rock","count":1,"weight":0,"dead_end":false,"group":1,"treasure":null,"fall":""},{"name":"Rock","count":1,"weight":0,"dead_end":false,"group":1,"treasure":null,"fall":""},{"name":"Rock","count":1,"weight":0,"dead_end":false,"group":1,"treasure":null,"fall":""},{"name":"Rock","count":1,"weight":0,"dead_end":false,"group":1,"treasure":null,"fall":""},{"name":"Fkabuto","count":1,"weight":0,"dead_end":false,"group":8,"treasure":"ichigo_l","fall":""},{"name":"ShijimiChou","count":1,"weight":0,"dead_end":false,"group":0,"treasure":null,"fall":""},{"name":"SnakeCrow","count":1,"weight":0,"dead_end":false,"group":0,"treasure":"dia_a_red","fall":""},{"name":"SnakeCrow","count":1,"weight":0,"dead_end":false,"group":0,"treasure":"key","fall":""},{"name":"UjiB","count":2,"weight":0,"dead_end":false,"group":1,"treasure":"flower_blue","fall":""},{"name":"UjiB","count":2,"weight":0,"dead_end":false,"group":1,"treasure":"flower_blue","fall":""},{"name":"UjiA","count":2,"weight":0,"dead_end":false,"group":1,"treasure":"momiji_normal","fall":""},{"name":"GasHiba","count":4,"weight":0,"dead_end":false,"group":5,"treasure":null,"fall":""}],"treasures":[{"name":"dia_a_green","count":1,"weight":0},{"name":"ichigo","count":1,"weight":0},{"name":"wadou_kaichin","count":1,"weight":0},{"name":"dia_b_red","count":1,"weight":0}],"gates":[{"word":"gate","health":2000,"weight":1},{"word":"gate","health":2000,"weight":1}]},{"name":"Sublevel 2","properties":{"unit":"3_SAM_b_e_j.txt","max_rooms":3,"light":"normal_light_cha.ini","music":"new_07_0.cnd","skybox":"none","corridor":0.3,"caps":100,"timer":0,"geyser":false,"clogged":false,"echo":0,"plane":false,"seesaw":false,"version":1,"max_entities":null,"max_trasures":null,"max_gates":null},"entities":[{"name":"GasHiba","count":4,"weight":0,"dead_end":false,"group":5,"treasure":null,"fall":""},{"name":"Clover","count":5,"weight":0,"dead_end":false,"group":6,"treasure":null,"fall":""},{"name":"Zenmai","count":3,"weight":0,"dead_end":false,"group":6,"treasure":null,"fall":""},{"name":"Nekojarashi","count":1,"weight":0,"dead_end":false,"group":6,"treasure":null,"fall":""},{"name":"Tanpopo","count":1,"weight":0,"dead_end":false,"group":6,"treasure":null,"fall":""},{"name":"Armor","count":1,"weight":0,"dead_end":false,"group":1,"treasure":"matu_bokkuri","fall":""},{"name":"Armor","count":1,"weight":0,"dead_end":false,"group":1,"treasure":"matu_bokkuri","fall":""},{"name":"Armor","count":1,"weight":0,"dead_end":false,"group":1,"treasure":"matu_bokkuri","fall":""},{"name":"Armor","count":1,"weight":0,"dead_end":false,"group":1,"treasure":"matu_bokkuri","fall":""},{"name":"Rkabuto","count":1,"weight":0,"dead_end":false,"group":0,"treasure":"ichigo_l","fall":""},{"name":"Rkabuto","count":1,"weight":0,"dead_end":false,"group":0,"treasure":"ichigo","fall":""},{"name":"SnakeCrow","count":1,"weight":0,"dead_end":false,"group":0,"treasure":"momiji_red","fall":""},{"name":"SnakeCrow","count":1,"weight":0,"dead_end":false,"group":0,"treasure":"momiji_red","fall":""},{"name":"SnakeCrow","count":1,"weight":0,"dead_end":false,"group":0,"treasure":"key","fall":""},{"name":"Hanachirashi","count":1,"weight":0,"dead_end":false,"group":8,"treasure":"leaf_normal","fall":""}],"treasures":[{"name":"kan","count":1,"weight":0},{"name":"be_dama_red_l","count":1,"weight":0},{"name":"ahiru_head","count":1,"weight":0},{"name":"kinoko","count":1,"weight":0}],"gates":[{"word":"gate","health":3000,"weight":1},{"word":"gate","health":3000,"weight":1},{"word":"gate","health":3000,"weight":1}]},{"name":"Sublevel 3","properties":{"unit":"3_SAM_c_i_a_conc.txt","max_rooms":4,"light":"normal_light_cha.ini","music":"new_07_0.cnd","skybox":"none","corridor":0.1,"caps":50,"timer":0,"geyser":false,"clogged":false,"echo":0,"plane":false,"seesaw":false,"version":1,"max_entities":null,"max_trasures":null,"max_gates":null},"entities":[{"name":"SnakeWhole","count":1,"weight":0,"dead_end":false,"group":8,"treasure":"key","fall":""},{"name":"Hana","count":4,"weight":0,"dead_end":false,"group":5,"treasure":"donguri","fall":""},{"name":"Magaret","count":7,"weight":0,"dead_end":false,"group":5,"treasure":null,"fall":""},{"name":"Magaret","count":6,"weight":0,"dead_end":false,"group":6,"treasure":null,"fall":""},{"name":"Zenmai","count":4,"weight":0,"dead_end":false,"group":6,"treasure":null,"fall":""},{"name":"Tobi","count":3,"weight":0,"dead_end":false,"group":0,"treasure":"flower_blue","fall":""},{"name":"Tobi","count":3,"weight":0,"dead_end":false,"group":0,"treasure":"flower_blue","fall":""},{"name":"Tobi","count":3,"weight":0,"dead_end":false,"group":0,"treasure":"flower_blue","fall":""},{"name":"SnakeCrow","count":2,"weight":0,"dead_end":false,"group":1,"treasure":"juji_key_fc","fall":""},{"name":"SnakeCrow","count":2,"weight":0,"dead_end":false,"group":1,"treasure":"locket","fall":""}],"treasures":[{"name":"fue_a","count":1,"weight":0},{"name":"flower_red","count":1,"weight":0},{"name":"flower_red","count":1,"weight":0},{"name":"flower_red","count":1,"weight":0},{"name":"fue_b","count":1,"weight":0}],"gates":[{"word":"gate","health":8000,"weight":1}]},{"name":"Sublevel 4","properties":{"unit":"2_SAM_a_m_conc.txt","max_rooms":5,"light":"normal_light_cha.ini","music":"new_07_0.cnd","skybox":"none","corridor":0.2,"caps":100,"timer":0,"geyser":false,"clogged":false,"echo":0,"plane":false,"seesaw":false,"version":1,"max_entities":null,"max_trasures":null,"max_gates":null},"entities":[{"name":"SnakeCrow","count":1,"weight":0,"dead_end":false,"group":0,"treasure":"leaf_kare","fall":""},{"name":"SnakeCrow","count":1,"weight":0,"dead_end":false,"group":0,"treasure":"ichigo","fall":""},{"name":"SnakeCrow","count":1,"weight":0,"dead_end":false,"group":0,"treasure":"ichigo_l","fall":""},{"name":"SnakeCrow","count":1,"weight":0,"dead_end":false,"group":0,"treasure":"leaf_kare","fall":""},{"name":"SnakeCrow","count":1,"weight":0,"dead_end":false,"group":0,"treasure":"apple","fall":""},{"name":"SnakeCrow","count":1,"weight":0,"dead_end":false,"group":0,"treasure":"kuri","fall":""},{"name":"SnakeCrow","count":1,"weight":0,"dead_end":false,"group":1,"treasure":"dia_a_red","fall":""},{"name":"SnakeCrow","count":1,"weight":0,"dead_end":false,"group":1,"treasure":"leaf_normal","fall":""},{"name":"Clover","count":4,"weight":0,"dead_end":false,"group":6,"treasure":null,"fall":""},{"name":"Ooinu_s","count":4,"weight":0,"dead_end":false,"group":6,"treasure":null,"fall":""},{"name":"GasHiba","count":1,"weight":0,"dead_end":false,"group":1,"treasure":null,"fall":""},{"name":"GasHiba","count":1,"weight":0,"dead_end":false,"group":1,"treasure":null,"fall":""},{"name":"GasHiba","count":6,"weight":0,"dead_end":false,"group":5,"treasure":null,"fall":""},{"name":"Frog","count":4,"weight":0,"dead_end":true,"group":0,"treasure":"leaf_kare","fall":"$"}],"treasures":[{"name":"dia_a_green","count":1,"weight":0},{"name":"kinoko","count":1,"weight":0},{"name":"kinoko_tubu","count":1,"weight":0},{"name":"kinoko_doku","count":1,"weight":0},{"name":"donguri_l","count":1,"weight":0},{"name":"donguri","count":1,"weight":0},{"name":"key","count":1,"weight":0}],"gates":[{"word":"gate","health":1000,"weight":1},{"word":"gate","health":1000,"weight":1},{"word":"gate","health":1000,"weight":1}]}],"content":null}