{"sublevels":[{"name":"Sublevel 1","properties":{"unit":"4_ABE_a_b_e_m_conc.txt","max_rooms":7,"light":"normal_light_lv0.ini","music":"caveconc_00_0.cnd","skybox":"none","corridor":0.001,"caps":50,"timer":0,"geyser":false,"clogged":false,"echo":0,"plane":false,"seesaw":false,"version":1,"max_entities":null,"max_trasures":null,"max_gates":null},"entities":[{"name":"KumaChappy","count":1,"weight":0,"dead_end":false,"group":0,"treasure":"key","fall":""},{"name":"Catfish","count":5,"weight":0,"dead_end":false,"group":1,"treasure":"ichigo","fall":""},{"name":"MaroFrog","count":3,"weight":0,"dead_end":false,"group":0,"treasure":"cookie_s_l","fall":""},{"name":"Hana","count":3,"weight":0,"dead_end":false,"group":6,"treasure":"diamond_blue_l","fall":""},{"name":"KumaKochappy","count":2,"weight":0,"dead_end":false,"group":1,"treasure":"chess_king_white","fall":""},{"name":"Mar","count":1,"weight":0,"dead_end":false,"group":0,"treasure":"kan_imuraya","fall":""}],"treasures":[{"name":"dia_a_blue","count":1,"weight":0},{"name":"cookie_s","count":1,"weight":0},{"name":"diamond_green_l","count":1,"weight":0}],"gates":[]}],"content":null}