{"sublevels":[{"name":"Sublevel 1 - BlowhogsAndBombs","properties":{"unit":"custom_units_odious_obelisk_sub1.txt","max_rooms":3,"light":"custom_light_odious_obelisk_sub1.ini","music":"cavemetal_05_4.cnd","skybox":"test","corridor":0.0,"caps":50,"timer":0,"geyser":false,"clogged":false,"echo":0,"plane":false,"seesaw":false,"version":1,"max_entities":null,"max_trasures":null,"max_gates":null},"entities":[{"name":"Mar","count":1,"weight":0,"dead_end":false,"group":1,"treasure":"key","fall":""},{"name":"Mar","count":1,"weight":0,"dead_end":false,"group":1,"treasure":"diamond_blue_l","fall":""},{"name":"Hanachirashi","count":1,"weight":0,"dead_end":false,"group":1,"treasure":"diamond_red","fall":""},{"name":"Hanachirashi","count":1,"weight":0,"dead_end":false,"group":1,"treasure":"diamond_red","fall":""},{"name":"Tank","count":3,"weight":0,"dead_end":false,"group":1,"treasure":"be_dama_red_l","fall":""},{"name":"Tank","count":3,"weight":0,"dead_end":false,"group":1,"treasure":"be_dama_red_l","fall":"$2"},{"name":"Tank","count":4,"weight":0,"dead_end":true,"group":0,"treasure":"be_dama_red_l","fall":"$2"},{"name":"Bomb","count":99,"weight":0,"dead_end":false,"group":0,"treasure":null,"fall":""},{"name":"Hiba","count":99,"weight":0,"dead_end":false,"group":5,"treasure":null,"fall":""},{"name":"Hiba","count":10,"weight":0,"dead_end":false,"group":6,"treasure":null,"fall":""}],"treasures":[{"name":"gear","count":1,"weight":0},{"name":"gear_silver","count":1,"weight":0},{"name":"bane","count":1,"weight":0}],"gates":[]},{"name":"Sublevel 2 - CannonsInTheSand","properties":{"unit":"custom_units_odious_obelisk_sub2.txt","max_rooms":4,"light":"custom_light_odious_obelisk_sub2.ini","music":"cavemetal_00_0.cnd","skybox":"test","corridor":0.1,"caps":50,"timer":0,"geyser":false,"clogged":false,"echo":0,"plane":false,"seesaw":false,"version":1,"max_entities":null,"max_trasures":null,"max_gates":null},"entities":[{"name":"Demon","count":1,"weight":0,"dead_end":false,"group":1,"treasure":"key","fall":""},{"name":"Fkabuto","count":1,"weight":0,"dead_end":false,"group":1,"treasure":"be_dama_blue_l","fall":""},{"name":"Fkabuto","count":1,"weight":0,"dead_end":false,"group":1,"treasure":"be_dama_blue_l","fall":""},{"name":"Fkabuto","count":1,"weight":0,"dead_end":false,"group":1,"treasure":"be_dama_blue_l","fall":""},{"name":"Fkabuto","count":1,"weight":0,"dead_end":false,"group":1,"treasure":"be_dama_blue_l","fall":""},{"name":"Fkabuto","count":1,"weight":0,"dead_end":false,"group":1,"treasure":"be_dama_blue_l","fall":""},{"name":"Fkabuto","count":1,"weight":0,"dead_end":false,"group":1,"treasure":"be_dama_blue_l","fall":""},{"name":"Sarai","count":1,"weight":0,"dead_end":false,"group":0,"treasure":"be_dama_yellow","fall":""},{"name":"Sarai","count":1,"weight":0,"dead_end":false,"group":0,"treasure":"be_dama_yellow","fall":""},{"name":"BlueKochappy","count":15,"weight":0,"dead_end":false,"group":0,"treasure":"be_dama_red","fall":""},{"name":"Hiba","count":99,"weight":0,"dead_end":false,"group":5,"treasure":null,"fall":""},{"name":"Hiba","count":10,"weight":0,"dead_end":false,"group":6,"treasure":null,"fall":""},{"name":"Tank","count":4,"weight":0,"dead_end":true,"group":0,"treasure":"be_dama_red_l","fall":"$2"}],"treasures":[{"name":"bolt_l","count":1,"weight":0},{"name":"bolt","count":1,"weight":0},{"name":"nut_l","count":1,"weight":0},{"name":"nut","count":1,"weight":0}],"gates":[]},{"name":"Sublevel 3 - SlightlyWarm","properties":{"unit":"custom_units_odious_obelisk_sub3.txt","max_rooms":10,"light":"custom_light_odious_obelisk_sub3.ini","music":"cavemetal_05_0.cnd","skybox":"build","corridor":0.1,"caps":50,"timer":0,"geyser":false,"clogged":false,"echo":0,"plane":false,"seesaw":false,"version":1,"max_entities":null,"max_trasures":null,"max_gates":null},"entities":[{"name":"BombSarai","count":1,"weight":0,"dead_end":false,"group":1,"treasure":"key","fall":""},{"name":"BombSarai","count":1,"weight":0,"dead_end":false,"group":1,"treasure":"denchi_2_black","fall":""},{"name":"BombSarai","count":1,"weight":0,"dead_end":false,"group":1,"treasure":"denchi_2_black","fall":""},{"name":"MiniHoudai","count":4,"weight":0,"dead_end":false,"group":1,"treasure":"denchi_3_black","fall":""},{"name":"Bomb","count":15,"weight":0,"dead_end":false,"group":0,"treasure":null,"fall":"$2"},{"name":"BombOtakara","count":1,"weight":0,"dead_end":false,"group":0,"treasure":null,"fall":"$2"},{"name":"BombOtakara","count":1,"weight":0,"dead_end":false,"group":0,"treasure":null,"fall":"$2"},{"name":"Hiba","count":99,"weight":0,"dead_end":false,"group":5,"treasure":null,"fall":""},{"name":"Hiba","count":10,"weight":0,"dead_end":false,"group":6,"treasure":null,"fall":""},{"name":"Hiba","count":99,"weight":0,"dead_end":false,"group":1,"treasure":null,"fall":""},{"name":"Hiba","count":99,"weight":0,"dead_end":false,"group":0,"treasure":null,"fall":""},{"name":"Tank","count":4,"weight":0,"dead_end":true,"group":0,"treasure":"be_dama_red_l","fall":"$2"}],"treasures":[{"name":"sinkukan","count":1,"weight":0},{"name":"sinkukan_c","count":1,"weight":0},{"name":"sinkukan_b","count":1,"weight":0},{"name":"denchi_2_black","count":1,"weight":0}],"gates":[]},{"name":"Sublevel 4 - RunLikeHell(AlsoBasicallyInHell)","properties":{"unit":"custom_units_odious_obelisk_sub4.txt","max_rooms":6,"light":"custom_light_odious_obelisk_sub4.ini","music":"cavemetal_10_0.cnd","skybox":"build","corridor":0.0,"caps":50,"timer":0,"geyser":false,"clogged":false,"echo":0,"plane":false,"seesaw":false,"version":1,"max_entities":null,"max_trasures":null,"max_gates":null},"entities":[{"name":"FminiHoudai","count":1,"weight":0,"dead_end":false,"group":8,"treasure":"key","fall":""},{"name":"FminiHoudai","count":2,"weight":0,"dead_end":false,"group":8,"treasure":"be_dama_yellow_l","fall":""},{"name":"FireOtakara","count":15,"weight":0,"dead_end":false,"group":0,"treasure":"be_dama_red","fall":"$4"},{"name":"Tank","count":8,"weight":0,"dead_end":false,"group":1,"treasure":"diamond_red","fall":"$4"},{"name":"BombOtakara","count":99,"weight":0,"dead_end":false,"group":5,"treasure":null,"fall":"$4"},{"name":"Hiba","count":10,"weight":0,"dead_end":false,"group":6,"treasure":null,"fall":""}],"treasures":[{"name":"tape_red","count":1,"weight":0},{"name":"denchi_1_red","count":1,"weight":0},{"name":"tatebue","count":1,"weight":0},{"name":"gum_tape_s","count":1,"weight":0}],"gates":[]},{"name":"Sublevel 5 - BossWithFire","properties":{"unit":"1_units_north_metal.txt","max_rooms":1,"light":"custom_light_odious_obelisk_sub5.ini","music":"cavemetal_05_4.cnd","skybox":"build","corridor":0.0,"caps":50,"timer":0,"geyser":true,"clogged":false,"echo":0,"plane":false,"seesaw":false,"version":1,"max_entities":null,"max_trasures":null,"max_gates":null},"entities":[{"name":"DangoMushi","count":1,"weight":0,"dead_end":false,"group":5,"treasure":"key","fall":""},{"name":"Hiba","count":10,"weight":0,"dead_end":false,"group":6,"treasure":null,"fall":""},{"name":"Hiba","count":99,"weight":0,"dead_end":false,"group":0,"treasure":null,"fall":""},{"name":"Hiba","count":99,"weight":0,"dead_end":false,"group":1,"treasure":null,"fall":""},{"name":"Hiba","count":99,"weight":0,"dead_end":false,"group":8,"treasure":null,"fall":""}],"treasures":[],"gates":[]}],"content":null}