{"sublevels":[{"name":"Sublevel 1","properties":{"unit":"2_SAM_cent_hit2_tsuchi.txt","max_rooms":2,"light":"normal_light_lv1.ini","music":"cavesoil_00_0.cnd","skybox":"none","corridor":0.0,"caps":50,"timer":0,"geyser":false,"clogged":false,"echo":0,"plane":false,"seesaw":false,"version":1,"max_entities":17,"max_trasures":null,"max_gates":null},"entities":[{"name":"UjiB","count":4,"weight":0,"dead_end":false,"group":0,"treasure":"flower_blue","fall":""},{"name":"UjiB","count":4,"weight":0,"dead_end":false,"group":0,"treasure":"flower_blue","fall":""},{"name":"UjiB","count":4,"weight":0,"dead_end":false,"group":0,"treasure":"flower_blue","fall":""},{"name":"UjiA","count":1,"weight":0,"dead_end":false,"group":0,"treasure":"momiji_normal","fall":""},{"name":"UjiA","count":1,"weight":0,"dead_end":false,"group":0,"treasure":"momiji_normal","fall":""},{"name":"MaroFrog","count":1,"weight":0,"dead_end":false,"group":1,"treasure":"medama_yaki","fall":""},{"name":"MaroFrog","count":1,"weight":0,"dead_end":false,"group":1,"treasure":"medama_yaki","fall":""},{"name":"MaroFrog","count":1,"weight":0,"dead_end":false,"group":1,"treasure":"medama_yaki","fall":""},{"name":"RandPom","count":1,"weight":0,"dead_end":true,"group":0,"treasure":null,"fall":""},{"name":"RedPom","count":2,"weight":0,"dead_end":true,"group":0,"treasure":null,"fall":""}],"treasures":[{"name":"kan_b_gold","count":1,"weight":0},{"name":"key","count":1,"weight":0},{"name":"apple","count":1,"weight":0}],"gates":[{"word":"gate","health":500,"weight":1},{"word":"gate","health":500,"weight":1}]},{"name":"Sublevel 2","properties":{"unit":"3_SAM_a_ike_mid_kusachi.txt","max_rooms":3,"light":"kusachi_light_cha.ini","music":"caveglass_10_0.cnd","skybox":"hiroba","corridor":0.0,"caps":50,"timer":0,"geyser":false,"clogged":false,"echo":0,"plane":true,"seesaw":false,"version":1,"max_entities":15,"max_trasures":null,"max_gates":null},"entities":[{"name":"Chappy","count":1,"weight":0,"dead_end":false,"group":0,"treasure":"be_dama_red_l","fall":""},{"name":"Chappy","count":1,"weight":0,"dead_end":false,"group":0,"treasure":"be_dama_red_l","fall":""},{"name":"Chappy","count":1,"weight":0,"dead_end":false,"group":0,"treasure":"be_dama_red_l","fall":""},{"name":"Mar","count":1,"weight":0,"dead_end":false,"group":0,"treasure":"toy_teala","fall":""},{"name":"Tank","count":2,"weight":0,"dead_end":false,"group":1,"treasure":"g_futa_hiruzen","fall":""},{"name":"Tank","count":2,"weight":0,"dead_end":false,"group":1,"treasure":"g_futa_hiruzen","fall":""},{"name":"Tank","count":2,"weight":0,"dead_end":false,"group":1,"treasure":"g_futa_hiruzen","fall":""},{"name":"Hiba","count":5,"weight":0,"dead_end":false,"group":5,"treasure":null,"fall":""},{"name":"RedPom","count":1,"weight":0,"dead_end":true,"group":0,"treasure":null,"fall":""}],"treasures":[{"name":"key","count":1,"weight":0},{"name":"donguri","count":1,"weight":0},{"name":"ahiru","count":1,"weight":0},{"name":"silver_medal","count":1,"weight":0}],"gates":[{"word":"gate","health":5000,"weight":1}]},{"name":"Sublevel 3","properties":{"unit":"2_SAM_f_i_conc.txt","max_rooms":2,"light":"normal_light_lv0.ini","music":"caveconc_00_0.cnd","skybox":"none","corridor":0.0,"caps":50,"timer":0,"geyser":false,"clogged":false,"echo":0,"plane":false,"seesaw":false,"version":1,"max_entities":18,"max_trasures":null,"max_gates":null},"entities":[{"name":"Hiba","count":5,"weight":0,"dead_end":false,"group":5,"treasure":null,"fall":""},{"name":"Miulin","count":1,"weight":0,"dead_end":false,"group":0,"treasure":"toy_cat","fall":""},{"name":"Sarai","count":1,"weight":0,"dead_end":false,"group":0,"treasure":"apple_blue","fall":""},{"name":"Sarai","count":1,"weight":0,"dead_end":false,"group":0,"treasure":"apple_blue","fall":""},{"name":"SnakeCrow","count":1,"weight":0,"dead_end":false,"group":0,"treasure":"key","fall":""},{"name":"KumaKochappy","count":2,"weight":0,"dead_end":false,"group":1,"treasure":"chocoichigo","fall":""},{"name":"KumaKochappy","count":2,"weight":0,"dead_end":false,"group":1,"treasure":"chocoichigo","fall":""},{"name":"KumaKochappy","count":2,"weight":0,"dead_end":false,"group":1,"treasure":"chocoichigo","fall":""},{"name":"Zenmai","count":1,"weight":0,"dead_end":false,"group":6,"treasure":null,"fall":""},{"name":"Ooinu_s","count":2,"weight":0,"dead_end":false,"group":6,"treasure":null,"fall":""},{"name":"RandPom","count":1,"weight":0,"dead_end":true,"group":0,"treasure":null,"fall":""},{"name":"YellowPom","count":2,"weight":0,"dead_end":true,"group":0,"treasure":null,"fall":""}],"treasures":[{"name":"g_futa_sakotani","count":1,"weight":0},{"name":"g_futa_sikoku","count":1,"weight":0},{"name":"g_futa_titiyas","count":1,"weight":0},{"name":"g_futa_kitaama","count":1,"weight":0}],"gates":[{"word":"gate","health":4000,"weight":1},{"word":"gate","health":3000,"weight":1}]},{"name":"Sublevel 4","properties":{"unit":"2_SAM_nor4_block1_tsuchi.txt","max_rooms":2,"light":"normal_light_lv0.ini","music":"cavesoil_00_3.cnd","skybox":"none","corridor":0.0,"caps":50,"timer":0,"geyser":false,"clogged":false,"echo":0,"plane":false,"seesaw":false,"version":1,"max_entities":8,"max_trasures":null,"max_gates":null},"entities":[{"name":"Damagumo","count":1,"weight":0,"dead_end":false,"group":1,"treasure":"key","fall":""},{"name":"Ooinu_s","count":4,"weight":0,"dead_end":false,"group":6,"treasure":null,"fall":""},{"name":"Ooinu_l","count":1,"weight":0,"dead_end":false,"group":6,"treasure":null,"fall":""},{"name":"Watage","count":1,"weight":0,"dead_end":false,"group":6,"treasure":null,"fall":""},{"name":"Tanpopo","count":1,"weight":0,"dead_end":false,"group":6,"treasure":null,"fall":""},{"name":"YellowPom","count":1,"weight":0,"dead_end":true,"group":0,"treasure":null,"fall":""}],"treasures":[{"name":"donutschoco_s","count":1,"weight":0},{"name":"toy_ring_b_blue","count":1,"weight":0},{"name":"dia_a_green","count":1,"weight":0},{"name":"saru_head","count":1,"weight":0},{"name":"denchi_2_black","count":1,"weight":0}],"gates":[{"word":"gate","health":8000,"weight":1}]},{"name":"Sublevel 5","properties":{"unit":"2_SAM_kingchp_ike1_tsuchi.txt","max_rooms":2,"light":"suityu_light_lv0.ini","music":"cavesoil_10_2.cnd","skybox":"none","corridor":0.0,"caps":50,"timer":0,"geyser":false,"clogged":false,"echo":0,"plane":false,"seesaw":false,"version":1,"max_entities":31,"max_trasures":null,"max_gates":null},"entities":[{"name":"KumaChappy","count":1,"weight":0,"dead_end":false,"group":0,"treasure":"gold_medal","fall":""},{"name":"KumaKochappy","count":2,"weight":0,"dead_end":false,"group":0,"treasure":"dia_b_red","fall":""},{"name":"KumaKochappy","count":2,"weight":0,"dead_end":false,"group":0,"treasure":"dia_b_red","fall":""},{"name":"KumaKochappy","count":2,"weight":0,"dead_end":false,"group":0,"treasure":"dia_b_red","fall":""},{"name":"KumaKochappy","count":2,"weight":0,"dead_end":false,"group":1,"treasure":"dia_b_red","fall":""},{"name":"KumaKochappy","count":2,"weight":0,"dead_end":false,"group":1,"treasure":"dia_b_red","fall":""},{"name":"KumaKochappy","count":2,"weight":0,"dead_end":false,"group":1,"treasure":"dia_b_red","fall":""},{"name":"KumaKochappy","count":2,"weight":0,"dead_end":false,"group":1,"treasure":"dia_b_red","fall":""},{"name":"KumaKochappy","count":2,"weight":0,"dead_end":false,"group":1,"treasure":"dia_b_red","fall":""},{"name":"KumaKochappy","count":2,"weight":0,"dead_end":false,"group":1,"treasure":"dia_b_red","fall":""},{"name":"Clover","count":12,"weight":0,"dead_end":false,"group":6,"treasure":null,"fall":""}],"treasures":[{"name":"key","count":1,"weight":0},{"name":"whistle","count":1,"weight":0},{"name":"bolt_l","count":1,"weight":0}],"gates":[]},{"name":"Sublevel 6","properties":{"unit":"2_SAM_kingchp_ike1_tsuchi.txt","max_rooms":2,"light":"suityu_light_lv0.ini","music":"new_05_0.cnd","skybox":"none","corridor":0.0,"caps":50,"timer":0,"geyser":false,"clogged":false,"echo":0,"plane":false,"seesaw":false,"version":1,"max_entities":18,"max_trasures":null,"max_gates":null},"entities":[{"name":"KareOoinu_s","count":8,"weight":0,"dead_end":false,"group":6,"treasure":null,"fall":""},{"name":"KingChappy","count":1,"weight":0,"dead_end":false,"group":1,"treasure":"key","fall":""},{"name":"Hiba","count":9,"weight":9,"dead_end":false,"group":8,"treasure":null,"fall":""}],"treasures":[],"gates":[]}],"content":null}