{"sublevels":[{"name":"Sublevel 1 - Shower Nightmare","properties":{"unit":"all_units_tile.txt","max_rooms":1,"light":"muraon_light_lv0.ini","music":"cavetile_00_0.cnd","skybox":"none","corridor":0.12,"caps":50,"timer":0,"geyser":false,"clogged":false,"echo":0,"plane":false,"seesaw":false,"version":1,"max_entities":null,"max_trasures":null,"max_gates":null},"entities":[{"name":"UmiMushiBlind","count":2,"weight":0,"dead_end":false,"group":0,"treasure":"gas","fall":""},{"name":"BlueChappy","count":27,"weight":0,"dead_end":false,"group":1,"treasure":"denchi_3_red","fall":""},{"name":"OniKurage","count":2,"weight":0,"dead_end":false,"group":0,"treasure":"robot_head","fall":""},{"name":"Egg","count":1,"weight":0,"dead_end":false,"group":1,"treasure":"key","fall":""}],"treasures":[],"gates":[{"word":"gate","health":1,"weight":1},{"word":"gate","health":1,"weight":1},{"word":"gate","health":1,"weight":1},{"word":"gate","health":1,"weight":1},{"word":"gate","health":1,"weight":1}]},{"name":"Sublevel 2 - Demonic Garden","properties":{"unit":"3_ABE_5X5a_ike_big_kusachi.txt","max_rooms":1,"light":"yakushima_2_light.ini","music":"new_03_0.cnd","skybox":"hiroba","corridor":0.12,"caps":50,"timer":0,"geyser":false,"clogged":false,"echo":0,"plane":false,"seesaw":false,"version":1,"max_entities":null,"max_trasures":null,"max_gates":null},"entities":[{"name":"OoPanModoki","count":2,"weight":0,"dead_end":false,"group":0,"treasure":"turi_uki","fall":""},{"name":"OoPanModoki","count":1,"weight":0,"dead_end":false,"group":1,"treasure":"key","fall":""},{"name":"PanModoki","count":10,"weight":0,"dead_end":false,"group":1,"treasure":"donutsichigo","fall":""}],"treasures":[{"name":"turi_uki","count":1,"weight":0},{"name":"gas","count":1,"weight":0},{"name":"whistle","count":1,"weight":0},{"name":"compact_make","count":1,"weight":0},{"name":"chess_queen_white","count":1,"weight":0},{"name":"ahiru","count":1,"weight":0},{"name":"bey_goma","count":1,"weight":0},{"name":"fire","count":1,"weight":0}],"gates":[]},{"name":"Sublevel 3 - Bulbears Nest","properties":{"unit":"1_units_otakara_tile.txt","max_rooms":1,"light":"normal_light_lv0.ini","music":"new_02_0.cnd","skybox":"none","corridor":0.12,"caps":50,"timer":0,"geyser":false,"clogged":false,"echo":0,"plane":false,"seesaw":false,"version":1,"max_entities":null,"max_trasures":null,"max_gates":null},"entities":[{"name":"KumaChappy","count":2,"weight":0,"dead_end":false,"group":0,"treasure":"ichigo","fall":""},{"name":"KumaChappy","count":1,"weight":0,"dead_end":false,"group":0,"treasure":"key","fall":""}],"treasures":[],"gates":[]},{"name":"Sublevel 4 - You Can Rest Now","properties":{"unit":"vs_7_kusachi.txt","max_rooms":1,"light":"vs_2_light.ini","music":"caverelax.cnd","skybox":"hiroba","corridor":0.12,"caps":50,"timer":0,"geyser":false,"clogged":false,"echo":0,"plane":false,"seesaw":false,"version":1,"max_entities":null,"max_trasures":null,"max_gates":null},"entities":[{"name":"RandPom","count":1,"weight":0,"dead_end":false,"group":0,"treasure":null,"fall":""},{"name":"BlackPom","count":1,"weight":0,"dead_end":false,"group":0,"treasure":null,"fall":""},{"name":"WhitePom","count":1,"weight":0,"dead_end":false,"group":1,"treasure":null,"fall":""},{"name":"Egg","count":5,"weight":0,"dead_end":false,"group":1,"treasure":null,"fall":""}],"treasures":[],"gates":[{"word":"gate","health":10,"weight":1},{"word":"gate","health":10,"weight":1},{"word":"gate","health":10,"weight":1}]},{"name":"Sublevel 5 - Snagret Club","properties":{"unit":"1_units_a_conc.txt","max_rooms":1,"light":"normal_light_lv0.ini","music":"new_01_0.cnd","skybox":"none","corridor":0.12,"caps":50,"timer":0,"geyser":false,"clogged":false,"echo":0,"plane":false,"seesaw":false,"version":1,"max_entities":null,"max_trasures":null,"max_gates":null},"entities":[{"name":"SnakeCrow","count":2,"weight":0,"dead_end":false,"group":1,"treasure":"gum_tape","fall":""},{"name":"SnakeWhole","count":1,"weight":0,"dead_end":false,"group":1,"treasure":"key","fall":""}],"treasures":[],"gates":[]},{"name":"Sublevel 6 - The Raging Long Legs Nest","properties":{"unit":"1_ABE_mid1_boss_tsuchi.txt","max_rooms":1,"light":"normal_light_lv0.ini","music":"","skybox":"none","corridor":0.12,"caps":50,"timer":0,"geyser":true,"clogged":false,"echo":0,"plane":false,"seesaw":false,"version":1,"max_entities":null,"max_trasures":null,"max_gates":null},"entities":[{"name":"BigFoot","count":1,"weight":0,"dead_end":false,"group":0,"treasure":"key","fall":"$"}],"treasures":[],"gates":[{"word":"gate","health":10,"weight":1},{"word":"gate","health":10,"weight":1}]}],"content":null}