{"sublevels":[{"name":"Sublevel 1","properties":{"unit":"2_units_mid_ike_kusachi.txt","max_rooms":2,"light":"hiroba_toy_light_cha.ini","music":"new_07_0.cnd","skybox":"hiroba","corridor":0.0,"caps":50,"timer":0,"geyser":false,"clogged":false,"echo":0,"plane":true,"seesaw":false,"version":1,"max_entities":null,"max_trasures":null,"max_gates":null},"entities":[{"name":"Chappy","count":1,"weight":0,"dead_end":false,"group":0,"treasure":"key","fall":""},{"name":"Kochappy","count":1,"weight":0,"dead_end":false,"group":0,"treasure":"be_dama_red","fall":""},{"name":"Kochappy","count":2,"weight":0,"dead_end":false,"group":1,"treasure":"be_dama_red","fall":""},{"name":"Clover","count":2,"weight":0,"dead_end":false,"group":6,"treasure":null,"fall":""},{"name":"Ooinu_l","count":2,"weight":0,"dead_end":false,"group":6,"treasure":null,"fall":""},{"name":"Magaret","count":2,"weight":0,"dead_end":false,"group":6,"treasure":null,"fall":""},{"name":"RandPom","count":1,"weight":0,"dead_end":true,"group":0,"treasure":null,"fall":""}],"treasures":[{"name":"be_dama_red","count":1,"weight":0},{"name":"be_dama_red_l","count":1,"weight":0},{"name":"ichigo","count":1,"weight":0}],"gates":[{"word":"gate","health":1000,"weight":1}]},{"name":"Sublevel 2","properties":{"unit":"2_MAT_a_m_conc.txt","max_rooms":2,"light":"jyoou_light_lv3.ini","music":"cavesoil_05_3.cnd","skybox":"none","corridor":0.12,"caps":50,"timer":0,"geyser":false,"clogged":false,"echo":0,"plane":false,"seesaw":false,"version":1,"max_entities":null,"max_trasures":null,"max_gates":null},"entities":[{"name":"Kurage","count":1,"weight":0,"dead_end":false,"group":0,"treasure":"key","fall":""},{"name":"Kogane","count":1,"weight":0,"dead_end":false,"group":1,"treasure":null,"fall":""},{"name":"HikariKinoko","count":2,"weight":0,"dead_end":false,"group":6,"treasure":null,"fall":""},{"name":"KareOoinu_l","count":1,"weight":0,"dead_end":false,"group":6,"treasure":null,"fall":""},{"name":"KareOoinu_s","count":3,"weight":0,"dead_end":false,"group":6,"treasure":null,"fall":""},{"name":"BlackPom","count":1,"weight":0,"dead_end":true,"group":0,"treasure":null,"fall":""},{"name":"BlackPom","count":1,"weight":0,"dead_end":true,"group":0,"treasure":null,"fall":""}],"treasures":[{"name":"dia_a_red","count":1,"weight":0},{"name":"tape_yellow","count":1,"weight":0},{"name":"milk_cap","count":1,"weight":0},{"name":"castanets","count":1,"weight":0}],"gates":[]},{"name":"Sublevel 3","properties":{"unit":"3_MAT_nor4_ike1_ike2_tsuchi.txt","max_rooms":3,"light":"kusachi_light_cha.ini","music":"new_07_0.cnd","skybox":"none","corridor":0.2,"caps":50,"timer":0,"geyser":false,"clogged":false,"echo":0,"plane":false,"seesaw":false,"version":1,"max_entities":null,"max_trasures":null,"max_gates":null},"entities":[{"name":"UmiMushiBlind","count":1,"weight":0,"dead_end":false,"group":8,"treasure":"key","fall":""},{"name":"Frog","count":2,"weight":0,"dead_end":false,"group":1,"treasure":"turi_uki","fall":""},{"name":"Tank","count":2,"weight":0,"dead_end":false,"group":0,"treasure":"g_futa_sikoku","fall":""},{"name":"Tadpole","count":1,"weight":0,"dead_end":false,"group":0,"treasure":"bird_hane","fall":""},{"name":"Tadpole","count":1,"weight":0,"dead_end":false,"group":0,"treasure":"bird_hane","fall":""},{"name":"Tadpole","count":1,"weight":0,"dead_end":false,"group":0,"treasure":"bird_hane","fall":""},{"name":"Jigumo","count":1,"weight":0,"dead_end":false,"group":1,"treasure":"chocolate","fall":""},{"name":"Jigumo","count":1,"weight":0,"dead_end":false,"group":0,"treasure":"chocolate","fall":""},{"name":"Clover","count":1,"weight":0,"dead_end":false,"group":6,"treasure":null,"fall":""},{"name":"Wakame_l","count":1,"weight":0,"dead_end":false,"group":6,"treasure":null,"fall":""},{"name":"Ooinu_l","count":2,"weight":0,"dead_end":false,"group":6,"treasure":null,"fall":""},{"name":"Ooinu_s","count":3,"weight":0,"dead_end":false,"group":6,"treasure":null,"fall":""},{"name":"Egg","count":1,"weight":0,"dead_end":true,"group":0,"treasure":null,"fall":""},{"name":"BluePom","count":1,"weight":0,"dead_end":true,"group":0,"treasure":null,"fall":""}],"treasures":[{"name":"leaf_kare","count":1,"weight":0},{"name":"leaf_kare","count":1,"weight":0},{"name":"tatebue","count":1,"weight":0},{"name":"g_futa_hirosima","count":1,"weight":0},{"name":"watch","count":1,"weight":0}],"gates":[]},{"name":"Sublevel 4","properties":{"unit":"3_units_pool_nor_ujikou_tile.txt","max_rooms":3,"light":"muraon_light_lv0.ini","music":"new_02_0.cnd","skybox":"none","corridor":0.23,"caps":50,"timer":0,"geyser":false,"clogged":false,"echo":0,"plane":false,"seesaw":false,"version":1,"max_entities":null,"max_trasures":null,"max_gates":null},"entities":[{"name":"Kochappy","count":2,"weight":0,"dead_end":false,"group":0,"treasure":"be_dama_red","fall":""},{"name":"Catfish","count":3,"weight":0,"dead_end":false,"group":1,"treasure":"flower_blue","fall":""},{"name":"Catfish","count":2,"weight":0,"dead_end":false,"group":0,"treasure":"flower_blue","fall":""},{"name":"GasOtakara","count":1,"weight":0,"dead_end":false,"group":0,"treasure":"be_dama_blue","fall":""},{"name":"GasOtakara","count":1,"weight":0,"dead_end":false,"group":0,"treasure":"be_dama_blue","fall":""},{"name":"BlueChappy","count":1,"weight":0,"dead_end":false,"group":5,"treasure":"be_dama_blue_l","fall":""},{"name":"Mar","count":1,"weight":0,"dead_end":false,"group":8,"treasure":"bane","fall":""},{"name":"RandPom","count":1,"weight":0,"dead_end":true,"group":0,"treasure":null,"fall":""},{"name":"RandPom","count":1,"weight":0,"dead_end":true,"group":0,"treasure":null,"fall":""},{"name":"Wakame_l","count":2,"weight":0,"dead_end":false,"group":6,"treasure":null,"fall":""},{"name":"Wakame_s","count":2,"weight":0,"dead_end":false,"group":6,"treasure":null,"fall":""},{"name":"Ooinu_s","count":2,"weight":0,"dead_end":false,"group":6,"treasure":null,"fall":""},{"name":"Ooinu_l","count":2,"weight":0,"dead_end":false,"group":6,"treasure":null,"fall":""},{"name":"Egg","count":3,"weight":0,"dead_end":false,"group":0,"treasure":null,"fall":""}],"treasures":[{"name":"key","count":1,"weight":0},{"name":"teala_dia_b","count":1,"weight":0},{"name":"teala_dia_d","count":1,"weight":0},{"name":"ichigo","count":1,"weight":0},{"name":"ichigo_l","count":1,"weight":0}],"gates":[]},{"name":"Sublevel 5","properties":{"unit":"1_units_manh_conc.txt","max_rooms":1,"light":"key_light_lv1.ini","music":"","skybox":"none","corridor":0.0,"caps":50,"timer":0,"geyser":true,"clogged":false,"echo":0,"plane":false,"seesaw":false,"version":1,"max_entities":null,"max_trasures":null,"max_gates":null},"entities":[{"name":"BigFoot","count":1,"weight":0,"dead_end":false,"group":1,"treasure":"key","fall":""},{"name":"Zenmai","count":1,"weight":0,"dead_end":false,"group":6,"treasure":null,"fall":""}],"treasures":[],"gates":[]}],"content":null}