{"sublevels":[{"name":"Sublevel 1 - Red","properties":{"unit":"1_ABE_ari_metal.txt","max_rooms":5,"light":"jyoou_light_lv3.ini","music":"cavesoil_05_0.cnd","skybox":"test","corridor":0.2,"caps":50,"timer":0,"geyser":false,"clogged":false,"echo":0,"plane":false,"seesaw":false,"version":1,"max_entities":null,"max_trasures":null,"max_gates":null},"entities":[{"name":"Hiba","count":14,"weight":0,"dead_end":false,"group":5,"treasure":null,"fall":""},{"name":"DaiodoRed","count":10,"weight":0,"dead_end":false,"group":6,"treasure":null,"fall":""},{"name":"Chappy","count":1,"weight":0,"dead_end":false,"group":1,"treasure":null,"fall":""},{"name":"Chappy","count":1,"weight":0,"dead_end":false,"group":1,"treasure":null,"fall":""},{"name":"Chappy","count":1,"weight":0,"dead_end":true,"group":0,"treasure":null,"fall":""},{"name":"Chappy","count":1,"weight":0,"dead_end":false,"group":0,"treasure":"key","fall":""},{"name":"Chappy","count":1,"weight":0,"dead_end":false,"group":1,"treasure":"j_block_red","fall":""},{"name":"Chappy","count":1,"weight":0,"dead_end":false,"group":0,"treasure":"toy_gentle","fall":""},{"name":"Rkabuto","count":1,"weight":0,"dead_end":false,"group":0,"treasure":null,"fall":""},{"name":"Rkabuto","count":1,"weight":0,"dead_end":false,"group":1,"treasure":null,"fall":""},{"name":"LeafChappy","count":1,"weight":0,"dead_end":false,"group":0,"treasure":null,"fall":""},{"name":"Rkabuto","count":3,"weight":0,"dead_end":true,"group":0,"treasure":null,"fall":"$4"}],"treasures":[{"name":"g_futa_nihonraku","count":1,"weight":0},{"name":"ichigo_l","count":1,"weight":0},{"name":"be_dama_red_l","count":1,"weight":0},{"name":"yoyo_red","count":1,"weight":0},{"name":"tape_red","count":1,"weight":0},{"name":"flask","count":1,"weight":0},{"name":"uji_jisyaku","count":1,"weight":0},{"name":"apple","count":1,"weight":0},{"name":"chess_king_black","count":1,"weight":0},{"name":"leaf_normal","count":1,"weight":0},{"name":"g_futa_koiwai","count":1,"weight":0},{"name":"fue_pullout","count":1,"weight":0}],"gates":[]},{"name":"Sublevel 2 - Orange","properties":{"unit":"3_MAT_ari_h446_h443_tower_metal.txt","max_rooms":5,"light":"key_light_lv1.ini","music":"cavemetal_00_3.cnd","skybox":"none","corridor":0.2,"caps":50,"timer":0,"geyser":false,"clogged":false,"echo":0,"plane":false,"seesaw":false,"version":1,"max_entities":null,"max_trasures":null,"max_gates":null},"entities":[{"name":"MiniHoudai","count":3,"weight":0,"dead_end":true,"group":0,"treasure":null,"fall":"$"},{"name":"FminiHoudai","count":1,"weight":0,"dead_end":false,"group":8,"treasure":null,"fall":"$"},{"name":"BlueChappy","count":1,"weight":0,"dead_end":false,"group":0,"treasure":null,"fall":""},{"name":"BlueChappy","count":1,"weight":0,"dead_end":false,"group":1,"treasure":null,"fall":""},{"name":"BlueChappy","count":1,"weight":0,"dead_end":false,"group":1,"treasure":null,"fall":""},{"name":"BlueChappy","count":1,"weight":0,"dead_end":false,"group":1,"treasure":"key","fall":""},{"name":"Jigumo","count":1,"weight":0,"dead_end":false,"group":1,"treasure":null,"fall":""},{"name":"Jigumo","count":11,"weight":0,"dead_end":false,"group":5,"treasure":null,"fall":""},{"name":"Hanachirashi","count":3,"weight":0,"dead_end":false,"group":5,"treasure":null,"fall":""},{"name":"Hanachirashi","count":2,"weight":0,"dead_end":false,"group":0,"treasure":null,"fall":""}],"treasures":[{"name":"dia_a_red","count":1,"weight":0},{"name":"dia_c_blue","count":1,"weight":0},{"name":"chocolate_l","count":1,"weight":0},{"name":"kinoko_tubu","count":1,"weight":0},{"name":"haniwa","count":1,"weight":0},{"name":"halloween","count":1,"weight":0},{"name":"denchi_3_red","count":1,"weight":0},{"name":"kinoko_doku","count":1,"weight":0}],"gates":[]},{"name":"Sublevel 3 - Yellow","properties":{"unit":"all_units_toy.txt","max_rooms":5,"light":"light.ini","music":"cavetsumiki_00_0.cnd","skybox":"flooring","corridor":0.2,"caps":50,"timer":0,"geyser":false,"clogged":false,"echo":0,"plane":true,"seesaw":false,"version":1,"max_entities":null,"max_trasures":null,"max_gates":null},"entities":[{"name":"Frog","count":1,"weight":0,"dead_end":false,"group":0,"treasure":"ahiru","fall":""},{"name":"Frog","count":1,"weight":0,"dead_end":false,"group":0,"treasure":"g_futa_sikoku","fall":""},{"name":"Frog","count":1,"weight":0,"dead_end":false,"group":1,"treasure":"j_block_yellow","fall":""},{"name":"Frog","count":1,"weight":0,"dead_end":false,"group":1,"treasure":"be_dama_yellow_l","fall":""},{"name":"Frog","count":3,"weight":0,"dead_end":false,"group":0,"treasure":null,"fall":""},{"name":"Frog","count":3,"weight":0,"dead_end":false,"group":1,"treasure":null,"fall":""},{"name":"ElecHiba","count":12,"weight":0,"dead_end":false,"group":5,"treasure":null,"fall":""},{"name":"Wealthy","count":1,"weight":0,"dead_end":false,"group":1,"treasure":"key","fall":""},{"name":"Sarai","count":3,"weight":0,"dead_end":false,"group":1,"treasure":null,"fall":""},{"name":"Frog","count":2,"weight":0,"dead_end":false,"group":1,"treasure":null,"fall":""},{"name":"Frog","count":1,"weight":0,"dead_end":false,"group":0,"treasure":null,"fall":""}],"treasures":[{"name":"turi_uki","count":1,"weight":0},{"name":"donutswhite","count":1,"weight":0},{"name":"bell_red","count":1,"weight":0},{"name":"diamond_red_l","count":1,"weight":0},{"name":"g_futa_hiruzen","count":1,"weight":0},{"name":"denchi_2_red","count":1,"weight":0},{"name":"ahiru_head","count":1,"weight":0},{"name":"toy_teala","count":1,"weight":0},{"name":"toy_cat","count":1,"weight":0},{"name":"g_futa_kyosin","count":1,"weight":0}],"gates":[]},{"name":"Sublevel 4 - Green","properties":{"unit":"3_ABE_5X5a_ike_mid_kusachi.txt","max_rooms":5,"light":"forest_2_siro_light.ini","music":"caveglass_00_0.cnd","skybox":"hiroba","corridor":0.2,"caps":50,"timer":0,"geyser":false,"clogged":false,"echo":0,"plane":true,"seesaw":false,"version":1,"max_entities":null,"max_trasures":null,"max_gates":null},"entities":[{"name":"Clover","count":10,"weight":0,"dead_end":false,"group":6,"treasure":null,"fall":""},{"name":"Zenmai","count":10,"weight":0,"dead_end":false,"group":6,"treasure":null,"fall":""},{"name":"Wakame_l","count":10,"weight":0,"dead_end":false,"group":6,"treasure":null,"fall":""},{"name":"Wakame_s","count":10,"weight":0,"dead_end":false,"group":6,"treasure":null,"fall":""},{"name":"Kabuto","count":3,"weight":0,"dead_end":false,"group":1,"treasure":null,"fall":""},{"name":"Kabuto","count":2,"weight":0,"dead_end":false,"group":0,"treasure":null,"fall":""},{"name":"PanModoki","count":1,"weight":0,"dead_end":false,"group":0,"treasure":"key","fall":""},{"name":"PanModoki","count":1,"weight":0,"dead_end":false,"group":1,"treasure":null,"fall":""},{"name":"Kogane","count":1,"weight":0,"dead_end":false,"group":1,"treasure":null,"fall":""},{"name":"Sokkuri","count":5,"weight":0,"dead_end":false,"group":1,"treasure":null,"fall":""},{"name":"Sokkuri","count":5,"weight":0,"dead_end":false,"group":0,"treasure":null,"fall":""},{"name":"Tobi","count":4,"weight":0,"dead_end":false,"group":0,"treasure":null,"fall":""},{"name":"Tobi","count":4,"weight":0,"dead_end":false,"group":0,"treasure":null,"fall":""},{"name":"Tobi","count":4,"weight":0,"dead_end":false,"group":0,"treasure":null,"fall":""},{"name":"Tobi","count":4,"weight":0,"dead_end":false,"group":0,"treasure":null,"fall":""},{"name":"Hana","count":3,"weight":0,"dead_end":false,"group":5,"treasure":null,"fall":""},{"name":"BombSarai","count":3,"weight":0,"dead_end":false,"group":5,"treasure":null,"fall":""}],"treasures":[{"name":"momiji_normal","count":1,"weight":0},{"name":"diamond_green_l","count":1,"weight":0},{"name":"g_futa_hirosima","count":1,"weight":0},{"name":"teala_dia_b","count":1,"weight":0},{"name":"toy_ring_c_red","count":1,"weight":0},{"name":"toy_ring_a_green","count":1,"weight":0},{"name":"momiji_red","count":1,"weight":0},{"name":"j_block_green","count":1,"weight":0},{"name":"flower_blue","count":1,"weight":0},{"name":"donutswhite_s","count":1,"weight":0},{"name":"denchi_1_black","count":1,"weight":0}],"gates":[]},{"name":"Sublevel 5 - Blue","properties":{"unit":"all_units_tile.txt","max_rooms":6,"light":"bluefog00.ini","music":"cavetile_00_0.cnd","skybox":"none","corridor":0.26,"caps":50,"timer":0,"geyser":false,"clogged":false,"echo":0,"plane":false,"seesaw":false,"version":1,"max_entities":null,"max_trasures":null,"max_gates":null},"entities":[{"name":"Tadpole","count":1,"weight":0,"dead_end":false,"group":0,"treasure":"dia_b_red","fall":""},{"name":"Wtank","count":1,"weight":0,"dead_end":false,"group":0,"treasure":"kan_b_silver","fall":""},{"name":"WaterOtakara","count":11,"weight":0,"dead_end":false,"group":5,"treasure":null,"fall":""},{"name":"HikariKinoko","count":10,"weight":0,"dead_end":false,"group":6,"treasure":null,"fall":""},{"name":"Wtank","count":4,"weight":0,"dead_end":false,"group":1,"treasure":null,"fall":""},{"name":"Catfish","count":4,"weight":0,"dead_end":false,"group":0,"treasure":null,"fall":""},{"name":"Armor","count":2,"weight":0,"dead_end":false,"group":0,"treasure":null,"fall":""},{"name":"Tadpole","count":11,"weight":0,"dead_end":false,"group":0,"treasure":null,"fall":""},{"name":"Wtank","count":1,"weight":0,"dead_end":false,"group":0,"treasure":null,"fall":""},{"name":"Wtank","count":1,"weight":0,"dead_end":false,"group":1,"treasure":"key","fall":""}],"treasures":[{"name":"milk_cap","count":1,"weight":0},{"name":"fue_a","count":1,"weight":0},{"name":"be_dama_blue_l","count":1,"weight":0},{"name":"kan","count":1,"weight":0},{"name":"kan_iwate","count":1,"weight":0},{"name":"j_block_blue","count":1,"weight":0},{"name":"sensya","count":1,"weight":0},{"name":"bell","count":1,"weight":0},{"name":"water","count":1,"weight":0},{"name":"kan_meidiya","count":1,"weight":0},{"name":"g_futa_kyodo","count":1,"weight":0},{"name":"diamond_blue_l","count":1,"weight":0}],"gates":[]},{"name":"Sublevel 6 - Black","properties":{"unit":"3_units_f_k_pypes_conc.txt","max_rooms":5,"light":"normal_light_lv0.ini","music":"new_00_0.cnd","skybox":"none","corridor":0.2,"caps":50,"timer":0,"geyser":false,"clogged":false,"echo":0,"plane":false,"seesaw":false,"version":1,"max_entities":null,"max_trasures":null,"max_gates":null},"entities":[{"name":"BlackMan","count":2,"weight":0,"dead_end":false,"group":5,"treasure":null,"fall":""},{"name":"BombOtakara","count":17,"weight":0,"dead_end":false,"group":1,"treasure":null,"fall":"$4"},{"name":"KumaKochappy","count":8,"weight":0,"dead_end":false,"group":1,"treasure":null,"fall":""},{"name":"KumaKochappy","count":8,"weight":0,"dead_end":false,"group":1,"treasure":null,"fall":""},{"name":"KumaChappy","count":3,"weight":0,"dead_end":false,"group":0,"treasure":null,"fall":""},{"name":"Fart","count":1,"weight":0,"dead_end":false,"group":0,"treasure":"key","fall":""}],"treasures":[{"name":"fue_wide","count":1,"weight":0},{"name":"donutschoco","count":1,"weight":0},{"name":"matu_bokkuri","count":1,"weight":0},{"name":"tatebue","count":1,"weight":0},{"name":"akagai","count":1,"weight":0},{"name":"cookie_u_l","count":1,"weight":0},{"name":"sinkukan_b","count":1,"weight":0},{"name":"chocolate","count":1,"weight":0},{"name":"compact_make","count":1,"weight":0},{"name":"tel_dial","count":1,"weight":0},{"name":"chess_queen_black","count":1,"weight":0},{"name":"bolt_l","count":1,"weight":0},{"name":"channel","count":1,"weight":0},{"name":"bey_goma","count":1,"weight":0}],"gates":[]},{"name":"Sublevel 7 - White","properties":{"unit":"1_MIYA_manh2_conc.txt","max_rooms":2,"light":"suityu_light_lv0.ini","music":"caveconc_10_0.cnd","skybox":"none","corridor":0.2,"caps":50,"timer":0,"geyser":true,"clogged":false,"echo":0,"plane":false,"seesaw":false,"version":1,"max_entities":null,"max_trasures":null,"max_gates":null},"entities":[{"name":"YellowChappy","count":3,"weight":0,"dead_end":false,"group":0,"treasure":null,"fall":""},{"name":"YellowChappy","count":3,"weight":0,"dead_end":false,"group":1,"treasure":null,"fall":""},{"name":"Qurione","count":2,"weight":0,"dead_end":false,"group":1,"treasure":null,"fall":""},{"name":"MaroFrog","count":2,"weight":0,"dead_end":false,"group":1,"treasure":null,"fall":""},{"name":"MaroFrog","count":2,"weight":0,"dead_end":false,"group":0,"treasure":null,"fall":""},{"name":"Egg","count":10,"weight":0,"dead_end":false,"group":6,"treasure":null,"fall":""},{"name":"Watage","count":1,"weight":0,"dead_end":false,"group":0,"treasure":null,"fall":""},{"name":"Baby","count":1,"weight":0,"dead_end":false,"group":0,"treasure":"key","fall":""},{"name":"Watage","count":1,"weight":0,"dead_end":false,"group":1,"treasure":null,"fall":""},{"name":"Watage","count":1,"weight":0,"dead_end":false,"group":0,"treasure":null,"fall":""},{"name":"Miulin","count":1,"weight":0,"dead_end":false,"group":0,"treasure":null,"fall":""},{"name":"UjiA","count":1,"weight":0,"dead_end":false,"group":0,"treasure":null,"fall":""},{"name":"Qurione","count":1,"weight":0,"dead_end":false,"group":1,"treasure":null,"fall":""}],"treasures":[{"name":"donutschoco_s","count":1,"weight":0},{"name":"saru_head","count":1,"weight":0},{"name":"kouseki_suisyou","count":1,"weight":0},{"name":"donutsichigo_s","count":1,"weight":0},{"name":"kan_imuraya","count":1,"weight":0},{"name":"Xmas_item","count":1,"weight":0},{"name":"tape_blue","count":1,"weight":0},{"name":"juji_key","count":1,"weight":0},{"name":"medama_yaki","count":1,"weight":0},{"name":"bird_hane","count":1,"weight":0},{"name":"dia_b_blue","count":1,"weight":0},{"name":"g_futa_kyusyu","count":1,"weight":0},{"name":"creap","count":1,"weight":0},{"name":"mojiban","count":1,"weight":0},{"name":"chocowhite","count":1,"weight":0},{"name":"baum_kuchen_s","count":1,"weight":0},{"name":"diamond_blue","count":1,"weight":0},{"name":"robot_head","count":1,"weight":0},{"name":"doll","count":1,"weight":0},{"name":"light_a","count":1,"weight":0},{"name":"kan_maruha","count":1,"weight":0},{"name":"toy_dog","count":1,"weight":0},{"name":"bell_blue","count":1,"weight":0},{"name":"j_block_white","count":1,"weight":0},{"name":"chocowhite_l","count":1,"weight":0},{"name":"chess_king_white","count":1,"weight":0}],"gates":[]}],"content":null}