{"sublevels":[{"name":"Sublevel 1 - room to set the difficulty","properties":{"unit":"1_ABE_mid1_tsuchi.txt","max_rooms":9,"light":"normal_light_lv0.ini","music":"caveconc_00_0.cnd","skybox":"tatami","corridor":0.12,"caps":50,"timer":0,"geyser":false,"clogged":false,"echo":0,"plane":false,"seesaw":false,"version":1,"max_entities":null,"max_trasures":null,"max_gates":null},"entities":[{"name":"Chappy","count":1,"weight":0,"dead_end":false,"group":1,"treasure":null,"fall":""},{"name":"Kochappy","count":3,"weight":0,"dead_end":false,"group":0,"treasure":null,"fall":""},{"name":"KumaKochappy","count":1,"weight":0,"dead_end":false,"group":0,"treasure":"key","fall":""},{"name":"TamagoMushi","count":15,"weight":0,"dead_end":false,"group":1,"treasure":null,"fall":"$4"}],"treasures":[{"name":"milk_cap","count":1,"weight":0},{"name":"momiji_normal","count":1,"weight":0},{"name":"dia_c_blue","count":1,"weight":0}],"gates":[{"word":"gate","health":1000,"weight":1},{"word":"gate","health":1000,"weight":1}]},{"name":"Sublevel 2 - small break room","properties":{"unit":"1_MAT_cent2_tsuchi.txt","max_rooms":9,"light":"normal_light_lv0.ini","music":"caveconc_00_0.cnd","skybox":"tatami","corridor":0.12,"caps":50,"timer":0,"geyser":false,"clogged":false,"echo":0,"plane":false,"seesaw":false,"version":1,"max_entities":null,"max_trasures":null,"max_gates":null},"entities":[{"name":"KumaKochappy","count":1,"weight":0,"dead_end":false,"group":0,"treasure":"key","fall":""},{"name":"Tobi","count":5,"weight":0,"dead_end":false,"group":0,"treasure":null,"fall":""},{"name":"BluePom","count":1,"weight":0,"dead_end":false,"group":0,"treasure":null,"fall":""},{"name":"RedPom","count":1,"weight":0,"dead_end":false,"group":0,"treasure":null,"fall":""},{"name":"YellowPom","count":1,"weight":0,"dead_end":false,"group":0,"treasure":null,"fall":""},{"name":"TamagoMushi","count":15,"weight":0,"dead_end":false,"group":1,"treasure":null,"fall":"$4"},{"name":"DaiodoGreen","count":5,"weight":0,"dead_end":false,"group":6,"treasure":null,"fall":""}],"treasures":[{"name":"bane","count":1,"weight":0},{"name":"tatebue","count":1,"weight":0},{"name":"teala_dia_a","count":1,"weight":0}],"gates":[{"word":"gate","health":1000,"weight":1},{"word":"gate","health":1000,"weight":1}]},{"name":"Sublevel 3","properties":{"unit":"1_ABE_king_tsuchi.txt","max_rooms":1,"light":"normal_light_lv0.ini","music":"caveconc_00_0.cnd","skybox":"none","corridor":0.12,"caps":50,"timer":0,"geyser":false,"clogged":false,"echo":0,"plane":false,"seesaw":false,"version":1,"max_entities":null,"max_trasures":null,"max_gates":null},"entities":[{"name":"KumaKochappy","count":1,"weight":0,"dead_end":false,"group":0,"treasure":"key","fall":""},{"name":"Rock","count":4,"weight":0,"dead_end":false,"group":0,"treasure":null,"fall":"$5"},{"name":"Rock","count":4,"weight":0,"dead_end":false,"group":1,"treasure":null,"fall":"$5"},{"name":"Rock","count":4,"weight":0,"dead_end":true,"group":0,"treasure":null,"fall":"$5"},{"name":"TamagoMushi","count":15,"weight":0,"dead_end":true,"group":0,"treasure":null,"fall":"$4"},{"name":"DaiodoGreen","count":5,"weight":0,"dead_end":false,"group":6,"treasure":null,"fall":""}],"treasures":[{"name":"bane_blue","count":1,"weight":0},{"name":"compact_make","count":1,"weight":0},{"name":"ahiru_head","count":1,"weight":0}],"gates":[{"word":"gate","health":1000,"weight":1},{"word":"gate","health":1000,"weight":1}]},{"name":"Sublevel 4","properties":{"unit":"1_ABE_ari_metal.txt","max_rooms":1,"light":"normal_light_lv0.ini","music":"caveconc_00_0.cnd","skybox":"hiroba","corridor":0.12,"caps":50,"timer":0,"geyser":false,"clogged":false,"echo":0,"plane":true,"seesaw":false,"version":1,"max_entities":null,"max_trasures":null,"max_gates":null},"entities":[{"name":"KumaKochappy","count":1,"weight":0,"dead_end":false,"group":0,"treasure":"key","fall":""},{"name":"TamagoMushi","count":15,"weight":0,"dead_end":false,"group":1,"treasure":null,"fall":"$4"},{"name":"DaiodoGreen","count":3,"weight":0,"dead_end":false,"group":6,"treasure":null,"fall":"$4"},{"name":"DaiodoGreen","count":3,"weight":0,"dead_end":false,"group":6,"treasure":null,"fall":"$4"},{"name":"DaiodoGreen","count":3,"weight":0,"dead_end":false,"group":6,"treasure":null,"fall":"$4"},{"name":"KumaChappy","count":1,"weight":0,"dead_end":false,"group":5,"treasure":null,"fall":"$"}],"treasures":[{"name":"toy_ring_a_red","count":1,"weight":0},{"name":"channel","count":1,"weight":0},{"name":"toy_dog","count":1,"weight":0}],"gates":[{"word":"gate","health":1000,"weight":1},{"word":"gate","health":1000,"weight":1}]},{"name":"Sublevel 5 - Man At Legs Room","properties":{"unit":"1_units_DKumo_conc.txt","max_rooms":1,"light":"toy_light_lv3.ini","music":"new_02_0.cnd","skybox":"build","corridor":0.12,"caps":50,"timer":0,"geyser":true,"clogged":false,"echo":0,"plane":true,"seesaw":false,"version":1,"max_entities":null,"max_trasures":null,"max_gates":null},"entities":[{"name":"Houdai","count":1,"weight":0,"dead_end":false,"group":0,"treasure":"key","fall":""},{"name":"TamagoMushi","count":15,"weight":0,"dead_end":false,"group":1,"treasure":null,"fall":"$4"},{"name":"Wakame_l","count":5,"weight":0,"dead_end":false,"group":6,"treasure":null,"fall":""},{"name":"Wakame_l","count":5,"weight":0,"dead_end":false,"group":6,"treasure":null,"fall":""},{"name":"Wakame_l","count":5,"weight":0,"dead_end":false,"group":6,"treasure":null,"fall":""}],"treasures":[],"gates":[{"word":"gate","health":1000,"weight":1},{"word":"gate","health":1000,"weight":1}]},{"name":"Sublevel 6 - The BullShit Room","properties":{"unit":"1_ABE_ari_metal.txt","max_rooms":1,"light":"normal_light_lv0.ini","music":"caveconc_00_0.cnd","skybox":"none","corridor":0.12,"caps":50,"timer":0,"geyser":false,"clogged":false,"echo":0,"plane":false,"seesaw":false,"version":1,"max_entities":null,"max_trasures":null,"max_gates":null},"entities":[{"name":"Bomb","count":5,"weight":0,"dead_end":false,"group":1,"treasure":null,"fall":"$4"},{"name":"Bomb","count":5,"weight":0,"dead_end":false,"group":1,"treasure":null,"fall":"$4"},{"name":"Bomb","count":5,"weight":0,"dead_end":false,"group":0,"treasure":null,"fall":"$4"},{"name":"Bomb","count":5,"weight":0,"dead_end":false,"group":0,"treasure":null,"fall":"$4"},{"name":"BlackMan","count":1,"weight":0,"dead_end":true,"group":0,"treasure":"key","fall":"$"},{"name":"BlackMan","count":1,"weight":0,"dead_end":true,"group":0,"treasure":null,"fall":"$"},{"name":"BlackPom","count":4,"weight":0,"dead_end":true,"group":0,"treasure":null,"fall":""}],"treasures":[],"gates":[]}],"content":null}