{"sublevels":[{"name":"Sublevel 1","properties":{"unit":"MILK.txt","max_rooms":2,"light":"HENRYISVERYBRIGHT.ini","music":"caveconc_00_0.cnd","skybox":"none","corridor":0.0,"caps":50,"timer":0,"geyser":false,"clogged":false,"echo":0,"plane":false,"seesaw":false,"version":1,"max_entities":15,"max_trasures":null,"max_gates":null},"entities":[{"name":"MaroFrog","count":1,"weight":0,"dead_end":false,"group":0,"treasure":"key","fall":""},{"name":"Frog","count":2,"weight":0,"dead_end":false,"group":0,"treasure":"donguri_l","fall":""},{"name":"Frog","count":2,"weight":0,"dead_end":false,"group":1,"treasure":"donguri_l","fall":""},{"name":"Wakame_s","count":1,"weight":0,"dead_end":false,"group":6,"treasure":null,"fall":""},{"name":"Wakame_s","count":1,"weight":0,"dead_end":false,"group":6,"treasure":null,"fall":""},{"name":"Ooinu_l","count":1,"weight":0,"dead_end":false,"group":6,"treasure":null,"fall":""},{"name":"Ooinu_s","count":3,"weight":0,"dead_end":false,"group":6,"treasure":null,"fall":""},{"name":"GasHiba","count":2,"weight":0,"dead_end":false,"group":5,"treasure":null,"fall":""},{"name":"ElecHiba","count":2,"weight":0,"dead_end":false,"group":5,"treasure":null,"fall":""},{"name":"Kochappy","count":10,"weight":0,"dead_end":false,"group":0,"treasure":"bell","fall":""},{"name":"Kochappy","count":10,"weight":0,"dead_end":false,"group":1,"treasure":"bell","fall":""},{"name":"Chappy","count":5,"weight":0,"dead_end":true,"group":0,"treasure":"doll","fall":"$"}],"treasures":[{"name":"dia_c_red","count":1,"weight":0},{"name":"juji_key_fc","count":1,"weight":0}],"gates":[{"word":"gate","health":2000,"weight":1},{"word":"gate","health":1000,"weight":1},{"word":"gate","health":1000,"weight":1},{"word":"gate","health":1000,"weight":1},{"word":"gate","health":1000,"weight":1}]},{"name":"Sublevel 2","properties":{"unit":"OCTOLING.txt","max_rooms":3,"light":"HENRYISVERYBRIGHT.ini","music":"caveconc_00_0.cnd","skybox":"none","corridor":0.0,"caps":50,"timer":0,"geyser":false,"clogged":false,"echo":0,"plane":false,"seesaw":false,"version":1,"max_entities":21,"max_trasures":null,"max_gates":null},"entities":[{"name":"ElecHiba","count":2,"weight":0,"dead_end":false,"group":5,"treasure":null,"fall":""},{"name":"GasHiba","count":2,"weight":0,"dead_end":false,"group":5,"treasure":null,"fall":""},{"name":"Hiba","count":2,"weight":0,"dead_end":false,"group":5,"treasure":null,"fall":""},{"name":"Ooinu_s","count":4,"weight":0,"dead_end":false,"group":6,"treasure":null,"fall":""},{"name":"Clover","count":4,"weight":0,"dead_end":false,"group":6,"treasure":null,"fall":""},{"name":"Wakame_s","count":1,"weight":0,"dead_end":false,"group":6,"treasure":null,"fall":""},{"name":"Kabuto","count":1,"weight":0,"dead_end":false,"group":0,"treasure":"dia_a_blue","fall":""},{"name":"Kabuto","count":1,"weight":0,"dead_end":false,"group":0,"treasure":"dia_a_blue","fall":""},{"name":"Kabuto","count":1,"weight":0,"dead_end":false,"group":0,"treasure":"dia_a_blue","fall":""},{"name":"Kabuto","count":1,"weight":0,"dead_end":false,"group":0,"treasure":"dia_a_blue","fall":""},{"name":"Rkabuto","count":1,"weight":0,"dead_end":false,"group":1,"treasure":"denchi_3_black","fall":""},{"name":"Rkabuto","count":1,"weight":0,"dead_end":false,"group":1,"treasure":"denchi_3_black","fall":""},{"name":"Egg","count":1,"weight":0,"dead_end":true,"group":0,"treasure":null,"fall":""},{"name":"Bomb","count":6,"weight":0,"dead_end":true,"group":0,"treasure":null,"fall":"$4"},{"name":"Fkabuto","count":4,"weight":0,"dead_end":true,"group":0,"treasure":"ichigo","fall":""},{"name":"Bomb","count":10,"weight":0,"dead_end":false,"group":0,"treasure":null,"fall":""},{"name":"BombOtakara","count":10,"weight":0,"dead_end":false,"group":1,"treasure":null,"fall":"$"},{"name":"Egg","count":0,"weight":0,"dead_end":false,"group":5,"treasure":"key","fall":"$"},{"name":"Rkabuto","count":10,"weight":0,"dead_end":false,"group":8,"treasure":"chocowhite_l","fall":""}],"treasures":[{"name":"key","count":1,"weight":0},{"name":"kan_meidiya","count":1,"weight":0}],"gates":[{"word":"gate","health":1000,"weight":1},{"word":"gate","health":1000,"weight":1},{"word":"gate","health":1000,"weight":1},{"word":"gate","health":1000,"weight":1}]},{"name":"Sublevel 3","properties":{"unit":"ON.txt","max_rooms":4,"light":"HENRYISVERYBRIGHT.ini","music":"caveconc_00_0.cnd","skybox":"none","corridor":0.0,"caps":50,"timer":0,"geyser":false,"clogged":false,"echo":0,"plane":false,"seesaw":false,"version":1,"max_entities":91,"max_trasures":null,"max_gates":null},"entities":[{"name":"Wakame_s","count":1,"weight":0,"dead_end":false,"group":6,"treasure":null,"fall":""},{"name":"Ooinu_s","count":4,"weight":0,"dead_end":false,"group":6,"treasure":null,"fall":""},{"name":"Clover","count":6,"weight":0,"dead_end":false,"group":6,"treasure":null,"fall":""},{"name":"BigFoot","count":20,"weight":0,"dead_end":false,"group":0,"treasure":"map02","fall":""},{"name":"BigFoot","count":20,"weight":0,"dead_end":false,"group":1,"treasure":"map02","fall":""},{"name":"BigFoot","count":20,"weight":0,"dead_end":false,"group":8,"treasure":"map02","fall":""},{"name":"BigFoot","count":20,"weight":0,"dead_end":false,"group":5,"treasure":"map02","fall":""},{"name":"BigFoot","count":20,"weight":0,"dead_end":true,"group":0,"treasure":"map02","fall":""}],"treasures":[{"name":"key","count":1,"weight":0},{"name":"dia_c_green","count":1,"weight":0},{"name":"kinoko_tubu","count":1,"weight":0},{"name":"dia_a_green","count":1,"weight":0},{"name":"kinoko","count":1,"weight":0},{"name":"kinoko_doku","count":1,"weight":0}],"gates":[{"word":"gate","health":3000,"weight":1},{"word":"gate","health":1000,"weight":1},{"word":"gate","health":1000,"weight":1},{"word":"gate","health":1000,"weight":1},{"word":"gate","health":1000,"weight":1}]},{"name":"Sublevel 4","properties":{"unit":"STREAM.txt","max_rooms":1,"light":"HENRYISVERYBRIGHT.ini","music":"caveconc_00_0.cnd","skybox":"none","corridor":0.0,"caps":50,"timer":0,"geyser":false,"clogged":false,"echo":0,"plane":false,"seesaw":false,"version":1,"max_entities":12,"max_trasures":null,"max_gates":null},"entities":[{"name":"Damagumo","count":1,"weight":0,"dead_end":false,"group":0,"treasure":"key","fall":""},{"name":"Damagumo","count":1,"weight":0,"dead_end":false,"group":0,"treasure":"donutsichigo_s","fall":""},{"name":"Damagumo","count":1,"weight":0,"dead_end":false,"group":0,"treasure":"donutsichigo_s","fall":""},{"name":"Damagumo","count":1,"weight":0,"dead_end":false,"group":1,"treasure":"donutsichigo_s","fall":""},{"name":"Damagumo","count":1,"weight":0,"dead_end":false,"group":1,"treasure":"donutsichigo_s","fall":""},{"name":"Damagumo","count":1,"weight":0,"dead_end":false,"group":1,"treasure":"donutsichigo_s","fall":""},{"name":"Magaret","count":4,"weight":0,"dead_end":false,"group":6,"treasure":null,"fall":""},{"name":"Tanpopo","count":2,"weight":0,"dead_end":false,"group":6,"treasure":null,"fall":""},{"name":"Damagumo","count":2,"weight":0,"dead_end":false,"group":0,"treasure":"fue_b","fall":""},{"name":"Damagumo","count":2,"weight":0,"dead_end":false,"group":0,"treasure":"fue_b","fall":""},{"name":"Damagumo","count":2,"weight":0,"dead_end":false,"group":0,"treasure":"fue_b","fall":""},{"name":"Damagumo","count":2,"weight":0,"dead_end":false,"group":1,"treasure":"fue_b","fall":""},{"name":"Damagumo","count":2,"weight":0,"dead_end":false,"group":1,"treasure":"fue_b","fall":""},{"name":"Damagumo","count":2,"weight":0,"dead_end":false,"group":1,"treasure":"fue_b","fall":""},{"name":"Damagumo","count":2,"weight":0,"dead_end":false,"group":5,"treasure":"fue_b","fall":""},{"name":"Damagumo","count":2,"weight":0,"dead_end":false,"group":5,"treasure":"fue_b","fall":""},{"name":"Damagumo","count":2,"weight":0,"dead_end":false,"group":5,"treasure":"fue_b","fall":""},{"name":"DangoMushi","count":5,"weight":0,"dead_end":true,"group":0,"treasure":"locket","fall":"$"}],"treasures":[{"name":"tatebue","count":1,"weight":0},{"name":"toy_ring_c_red","count":1,"weight":0},{"name":"key","count":1,"weight":0},{"name":"donutsichigo","count":1,"weight":0},{"name":"bey_goma","count":1,"weight":0}],"gates":[{"word":"gate","health":1000,"weight":1},{"word":"gate","health":1000,"weight":1},{"word":"gate","health":1000,"weight":1},{"word":"gate","health":1000,"weight":1}]},{"name":"Sublevel 5","properties":{"unit":"JIMBLE.txt","max_rooms":4,"light":"HENRYISVERYBRIGHT.ini","music":"caveconc_00_0.cnd","skybox":"none","corridor":0.3,"caps":50,"timer":10,"geyser":false,"clogged":false,"echo":0,"plane":false,"seesaw":false,"version":1,"max_entities":9,"max_trasures":null,"max_gates":null},"entities":[{"name":"BlackMan","count":1,"weight":0,"dead_end":false,"group":0,"treasure":null,"fall":""},{"name":"BlackMan","count":1,"weight":0,"dead_end":false,"group":0,"treasure":null,"fall":""},{"name":"Sarai","count":2,"weight":0,"dead_end":false,"group":1,"treasure":"creap","fall":""},{"name":"Sarai","count":2,"weight":0,"dead_end":false,"group":1,"treasure":"creap","fall":""},{"name":"Sarai","count":2,"weight":0,"dead_end":false,"group":0,"treasure":"creap","fall":""},{"name":"Demon","count":1,"weight":0,"dead_end":false,"group":0,"treasure":"teala_dia_b","fall":""},{"name":"KumaKochappy","count":10,"weight":0,"dead_end":false,"group":0,"treasure":"gold_medal","fall":""},{"name":"KumaKochappy","count":10,"weight":0,"dead_end":false,"group":0,"treasure":"gold_medal","fall":""},{"name":"BlackMan","count":10,"weight":0,"dead_end":false,"group":1,"treasure":null,"fall":""}],"treasures":[{"name":"key","count":1,"weight":0},{"name":"denchi_3_red","count":1,"weight":0},{"name":"badminton","count":1,"weight":0},{"name":"be_dama_yellow","count":1,"weight":0},{"name":"channel","count":1,"weight":0}],"gates":[{"word":"gate","health":3000,"weight":1},{"word":"gate","health":3000,"weight":1},{"word":"gate","health":1000,"weight":1},{"word":"gate","health":1000,"weight":1},{"word":"gate","health":1000,"weight":1},{"word":"gate","health":1000,"weight":1}]},{"name":"Sublevel 6","properties":{"unit":"2_units_sara_sara2_toy.txt","max_rooms":2,"light":"HENRYISVERYBRIGHT.ini","music":"caveconc_00_0.cnd","skybox":"none","corridor":0.3,"caps":50,"timer":1,"geyser":false,"clogged":false,"echo":0,"plane":false,"seesaw":false,"version":1,"max_entities":8,"max_trasures":null,"max_gates":null},"entities":[{"name":"BlackMan","count":1,"weight":0,"dead_end":false,"group":0,"treasure":"silver_medal","fall":""},{"name":"BlackMan","count":1,"weight":0,"dead_end":false,"group":0,"treasure":"key","fall":""},{"name":"TamagoMushi","count":1,"weight":0,"dead_end":false,"group":1,"treasure":null,"fall":""},{"name":"TamagoMushi","count":1,"weight":0,"dead_end":false,"group":1,"treasure":null,"fall":""},{"name":"BombSarai","count":2,"weight":0,"dead_end":false,"group":1,"treasure":"j_block_white","fall":""},{"name":"BombSarai","count":2,"weight":0,"dead_end":false,"group":0,"treasure":"j_block_white","fall":""},{"name":"BlackPom","count":1,"weight":0,"dead_end":true,"group":0,"treasure":null,"fall":""},{"name":"BlackPom","count":1,"weight":0,"dead_end":true,"group":0,"treasure":null,"fall":""},{"name":"DangoMushi","count":10,"weight":0,"dead_end":false,"group":5,"treasure":"yoyo_yellow","fall":""}],"treasures":[{"name":"castanets","count":1,"weight":0},{"name":"denchi_2_red","count":1,"weight":0},{"name":"bell_blue","count":1,"weight":0}],"gates":[{"word":"gate","health":1000,"weight":1},{"word":"gate","health":1000,"weight":1},{"word":"gate","health":1000,"weight":1},{"word":"gate","health":1000,"weight":1}]},{"name":"Sublevel 7","properties":{"unit":"1_units_otakara_tile.txt","max_rooms":1,"light":"normal_light_lv4.ini","music":"","skybox":"none","corridor":0.3,"caps":50,"timer":0,"geyser":false,"clogged":false,"echo":0,"plane":false,"seesaw":false,"version":1,"max_entities":1,"max_trasures":null,"max_gates":null},"entities":[{"name":"DangoMushi","count":1,"weight":0,"dead_end":false,"group":0,"treasure":"key","fall":""},{"name":"Queen","count":20,"weight":0,"dead_end":false,"group":1,"treasure":"momiji_red","fall":""}],"treasures":[{"name":"loozy","count":9,"weight":0},{"name":"loozy","count":9,"weight":0}],"gates":[{"word":"gate","health":1000,"weight":1},{"word":"gate","health":1000,"weight":1},{"word":"gate","health":1000,"weight":1},{"word":"gate","health":1000,"weight":1}]}],"content":null}