{"sublevels":[{"name":"Sublevel 1 - PatrolledHallway","properties":{"unit":"custom_units_long-haul_hallway_sub1.txt","max_rooms":12,"light":"custom_light_misc_green_sublevel.ini","music":"new_02_0.cnd","skybox":"none","corridor":0.0,"caps":50,"timer":700,"geyser":false,"clogged":false,"echo":0,"plane":false,"seesaw":false,"version":1,"max_entities":80,"max_trasures":null,"max_gates":null},"entities":[{"name":"BlackMan","count":1,"weight":0,"dead_end":false,"group":0,"treasure":"doll","fall":""},{"name":"BlackMan","count":1,"weight":0,"dead_end":false,"group":0,"treasure":"doll","fall":""},{"name":"MiniHoudai","count":2,"weight":0,"dead_end":false,"group":1,"treasure":"silver_medal","fall":""},{"name":"OniKurage","count":2,"weight":2,"dead_end":true,"group":0,"treasure":"gold_medal","fall":"$4"},{"name":"OniKurage","count":4,"weight":0,"dead_end":false,"group":1,"treasure":"diamond_blue_l","fall":""},{"name":"Kurage","count":20,"weight":0,"dead_end":false,"group":5,"treasure":"chocowhite","fall":"$4"},{"name":"BlueKochappy","count":15,"weight":0,"dead_end":false,"group":0,"treasure":null,"fall":""},{"name":"Rock","count":15,"weight":0,"dead_end":false,"group":0,"treasure":null,"fall":""},{"name":"MaroFrog","count":1,"weight":0,"dead_end":false,"group":0,"treasure":"diamond_red","fall":""},{"name":"MaroFrog","count":1,"weight":0,"dead_end":false,"group":0,"treasure":"diamond_red","fall":""},{"name":"MaroFrog","count":1,"weight":0,"dead_end":false,"group":0,"treasure":"diamond_red","fall":""},{"name":"Catfish","count":3,"weight":0,"dead_end":false,"group":6,"treasure":"chocoichigo","fall":""},{"name":"Jigumo","count":3,"weight":0,"dead_end":false,"group":6,"treasure":"chocolate","fall":""},{"name":"Wtank","count":3,"weight":0,"dead_end":false,"group":6,"treasure":"chocowhite_l","fall":""},{"name":"Tadpole","count":1,"weight":0,"dead_end":false,"group":0,"treasure":null,"fall":"$2"},{"name":"Tadpole","count":1,"weight":0,"dead_end":false,"group":0,"treasure":null,"fall":"$2"},{"name":"Tadpole","count":1,"weight":0,"dead_end":false,"group":0,"treasure":null,"fall":"$2"}],"treasures":[{"name":"key","count":1,"weight":0}],"gates":[]},{"name":"Sublevel 2 - HauntedHallway","properties":{"unit":"custom_units_long-haul_hallway_sub2.txt","max_rooms":11,"light":"custom_light_misc_green_sublevel.ini","music":"caveconc_05_0.cnd","skybox":"none","corridor":0.0,"caps":50,"timer":30,"geyser":true,"clogged":false,"echo":0,"plane":false,"seesaw":false,"version":1,"max_entities":69,"max_trasures":null,"max_gates":null},"entities":[{"name":"BlackMan","count":4,"weight":0,"dead_end":false,"group":1,"treasure":null,"fall":""},{"name":"FireChappy","count":2,"weight":0,"dead_end":true,"group":0,"treasure":"gold_medal","fall":"$4"},{"name":"ElecOtakara","count":5,"weight":0,"dead_end":false,"group":5,"treasure":"be_dama_yellow","fall":"$4"},{"name":"Sarai","count":15,"weight":0,"dead_end":false,"group":5,"treasure":"flower_blue","fall":"$4"},{"name":"Hanachirashi","count":4,"weight":0,"dead_end":false,"group":1,"treasure":"cookie","fall":"$2"},{"name":"BombSarai","count":4,"weight":0,"dead_end":false,"group":1,"treasure":"cookie_s","fall":""},{"name":"Demon","count":4,"weight":0,"dead_end":false,"group":1,"treasure":"cookie_u","fall":""},{"name":"Tobi","count":18,"weight":0,"dead_end":false,"group":0,"treasure":null,"fall":""},{"name":"BombOtakara","count":1,"weight":0,"dead_end":false,"group":0,"treasure":null,"fall":"$2"},{"name":"BombOtakara","count":1,"weight":0,"dead_end":false,"group":0,"treasure":null,"fall":"$2"},{"name":"BombOtakara","count":1,"weight":0,"dead_end":false,"group":0,"treasure":null,"fall":"$2"},{"name":"ElecBug","count":6,"weight":0,"dead_end":false,"group":0,"treasure":"be_dama_red","fall":""},{"name":"Bomb","count":12,"weight":0,"dead_end":false,"group":0,"treasure":null,"fall":"$2"},{"name":"Zenmai","count":9,"weight":0,"dead_end":false,"group":6,"treasure":null,"fall":""}],"treasures":[{"name":"key","count":1,"weight":0}],"gates":[]}],"content":null}