{"sublevels":[{"name":"Sublevel 1","properties":{"unit":"1_units_torigoya_kusachi.txt","max_rooms":1,"light":"normal_light_lv0.ini","music":"new_06_0.cnd","skybox":"none","corridor":0.01,"caps":50,"timer":0,"geyser":false,"clogged":false,"echo":0,"plane":false,"seesaw":false,"version":1,"max_entities":5,"max_trasures":null,"max_gates":null},"entities":[{"name":"Sokkuri","count":2,"weight":0,"dead_end":false,"group":0,"treasure":null,"fall":""},{"name":"Sokkuri","count":1,"weight":0,"dead_end":false,"group":1,"treasure":"momiji_normal","fall":""},{"name":"Sarai","count":1,"weight":0,"dead_end":false,"group":8,"treasure":"key","fall":""},{"name":"Kogane","count":1,"weight":0,"dead_end":false,"group":0,"treasure":null,"fall":""}],"treasures":[{"name":"bell_red","count":1,"weight":0}],"gates":[]},{"name":"Sublevel 2","properties":{"unit":"2_units_hit47_hit67_toy.txt","max_rooms":3,"light":"suityu_light_lv0.ini","music":"new_08_1.cnd","skybox":"tatami","corridor":0.05,"caps":50,"timer":0,"geyser":false,"clogged":false,"echo":0,"plane":true,"seesaw":false,"version":1,"max_entities":11,"max_trasures":null,"max_gates":null},"entities":[{"name":"PanModoki","count":2,"weight":0,"dead_end":false,"group":0,"treasure":"chocoichigo","fall":""},{"name":"UjiA","count":8,"weight":0,"dead_end":false,"group":1,"treasure":null,"fall":""},{"name":"Mar","count":1,"weight":0,"dead_end":false,"group":1,"treasure":"key","fall":""}],"treasures":[{"name":"chocowhite_l","count":1,"weight":0},{"name":"chocolate","count":1,"weight":0}],"gates":[]},{"name":"Sublevel 3","properties":{"unit":"1_units_tower2_toy.txt","max_rooms":1,"light":"normal_light_lv0.ini","music":"cavetsumiki_00_0.cnd","skybox":"flooring","corridor":0.005,"caps":50,"timer":0,"geyser":false,"clogged":false,"echo":0,"plane":true,"seesaw":false,"version":1,"max_entities":21,"max_trasures":null,"max_gates":null},"entities":[{"name":"Chappy","count":1,"weight":0,"dead_end":false,"group":8,"treasure":"key","fall":""},{"name":"Hiba","count":3,"weight":0,"dead_end":false,"group":5,"treasure":null,"fall":""},{"name":"Hiba","count":3,"weight":0,"dead_end":false,"group":5,"treasure":null,"fall":""},{"name":"Tank","count":3,"weight":0,"dead_end":false,"group":0,"treasure":null,"fall":""},{"name":"FireOtakara","count":3,"weight":0,"dead_end":false,"group":1,"treasure":null,"fall":""},{"name":"FireOtakara","count":1,"weight":0,"dead_end":false,"group":0,"treasure":null,"fall":""},{"name":"Tank","count":1,"weight":0,"dead_end":false,"group":1,"treasure":null,"fall":""},{"name":"Egg","count":1,"weight":0,"dead_end":false,"group":0,"treasure":null,"fall":"$"},{"name":"Egg","count":1,"weight":0,"dead_end":false,"group":1,"treasure":null,"fall":"$"},{"name":"Egg","count":2,"weight":0,"dead_end":false,"group":1,"treasure":null,"fall":"$"},{"name":"TamagoMushi","count":1,"weight":0,"dead_end":false,"group":1,"treasure":null,"fall":"$"},{"name":"TamagoMushi","count":1,"weight":0,"dead_end":false,"group":0,"treasure":null,"fall":"$"}],"treasures":[{"name":"milk_cap","count":1,"weight":0}],"gates":[]},{"name":"Sublevel 4","properties":{"unit":"4_ABE_hit6x6_hit4x7_mid8_sml5_toy.txt","max_rooms":3,"light":"tutorial_1_light.ini","music":"new_00_0.cnd","skybox":"tatami","corridor":0.05,"caps":50,"timer":0,"geyser":false,"clogged":false,"echo":0,"plane":true,"seesaw":false,"version":1,"max_entities":41,"max_trasures":null,"max_gates":null},"entities":[{"name":"PanModoki","count":1,"weight":0,"dead_end":false,"group":1,"treasure":"diamond_red","fall":""},{"name":"PanModoki","count":1,"weight":0,"dead_end":false,"group":1,"treasure":"diamond_red","fall":""},{"name":"ElecHiba","count":8,"weight":0,"dead_end":false,"group":5,"treasure":null,"fall":""},{"name":"ElecBug","count":3,"weight":0,"dead_end":false,"group":1,"treasure":"sinkukan","fall":""},{"name":"ElecBug","count":3,"weight":0,"dead_end":false,"group":1,"treasure":"sinkukan_b","fall":""},{"name":"ElecBug","count":3,"weight":0,"dead_end":false,"group":1,"treasure":"sinkukan_c","fall":""},{"name":"Baby","count":2,"weight":0,"dead_end":false,"group":0,"treasure":null,"fall":"$"},{"name":"Baby","count":1,"weight":0,"dead_end":false,"group":0,"treasure":"chess_queen_black","fall":"$"},{"name":"Baby","count":2,"weight":0,"dead_end":false,"group":0,"treasure":null,"fall":"$"},{"name":"Baby","count":2,"weight":0,"dead_end":false,"group":0,"treasure":null,"fall":"$"},{"name":"Baby","count":1,"weight":0,"dead_end":false,"group":0,"treasure":"chess_queen_black","fall":"$"},{"name":"Baby","count":2,"weight":0,"dead_end":false,"group":0,"treasure":null,"fall":"$"},{"name":"ElecOtakara","count":6,"weight":0,"dead_end":true,"group":0,"treasure":"be_dama_yellow","fall":"$4"},{"name":"ElecOtakara","count":6,"weight":0,"dead_end":true,"group":0,"treasure":"be_dama_yellow","fall":"$4"}],"treasures":[{"name":"nut","count":1,"weight":0},{"name":"key","count":1,"weight":0},{"name":"donguri_l","count":1,"weight":0},{"name":"bell","count":1,"weight":0}],"gates":[]},{"name":"Sublevel 5","properties":{"unit":"1_units_opan_toy.txt","max_rooms":1,"light":"toy_light_cha.ini","music":"new_03_0.cnd","skybox":"flooring","corridor":0.0,"caps":5,"timer":0,"geyser":false,"clogged":false,"echo":0,"plane":true,"seesaw":false,"version":1,"max_entities":16,"max_trasures":null,"max_gates":null},"entities":[{"name":"OoPanModoki","count":1,"weight":0,"dead_end":false,"group":8,"treasure":"key","fall":""},{"name":"PanModoki","count":1,"weight":0,"dead_end":false,"group":1,"treasure":"apple_blue","fall":""},{"name":"PanModoki","count":1,"weight":0,"dead_end":false,"group":1,"treasure":"creap","fall":""},{"name":"UjiA","count":3,"weight":0,"dead_end":false,"group":1,"treasure":null,"fall":""},{"name":"Tobi","count":10,"weight":0,"dead_end":false,"group":6,"treasure":"cookie","fall":""},{"name":"Mar","count":1,"weight":0,"dead_end":false,"group":0,"treasure":"cookie_s_l","fall":""},{"name":"Egg","count":2,"weight":0,"dead_end":false,"group":0,"treasure":null,"fall":""},{"name":"BlackPom","count":1,"weight":0,"dead_end":false,"group":0,"treasure":null,"fall":""},{"name":"UjiB","count":1,"weight":0,"dead_end":false,"group":0,"treasure":"chocowhite","fall":""},{"name":"UjiB","count":1,"weight":0,"dead_end":false,"group":0,"treasure":"donutsichigo","fall":""},{"name":"UjiA","count":3,"weight":0,"dead_end":false,"group":0,"treasure":null,"fall":""}],"treasures":[{"name":"medama_yaki","count":1,"weight":0},{"name":"chess_queen_white","count":1,"weight":0},{"name":"dia_b_green","count":1,"weight":0}],"gates":[]},{"name":"Sublevel 6","properties":{"unit":"1_SHARKER_7_tile.txt","max_rooms":4,"light":"sirohana_light_lv5.ini","music":"caveconc_00_0.cnd","skybox":"none","corridor":0.1,"caps":50,"timer":0,"geyser":false,"clogged":false,"echo":0,"plane":false,"seesaw":false,"version":1,"max_entities":16,"max_trasures":null,"max_gates":null},"entities":[{"name":"UmiMushiBlind","count":1,"weight":0,"dead_end":false,"group":0,"treasure":"key","fall":""},{"name":"BlueKochappy","count":2,"weight":0,"dead_end":false,"group":0,"treasure":null,"fall":""},{"name":"BlueKochappy","count":1,"weight":0,"dead_end":false,"group":0,"treasure":null,"fall":""},{"name":"BlueChappy","count":1,"weight":0,"dead_end":false,"group":1,"treasure":null,"fall":""},{"name":"Frog","count":1,"weight":0,"dead_end":false,"group":1,"treasure":"wadou_kaichin","fall":""},{"name":"Frog","count":1,"weight":0,"dead_end":false,"group":0,"treasure":null,"fall":""},{"name":"Wakame_s","count":10,"weight":0,"dead_end":false,"group":6,"treasure":null,"fall":""},{"name":"Wakame_l","count":10,"weight":0,"dead_end":false,"group":6,"treasure":null,"fall":""},{"name":"Jigumo","count":1,"weight":0,"dead_end":false,"group":5,"treasure":null,"fall":""},{"name":"Jigumo","count":1,"weight":0,"dead_end":false,"group":5,"treasure":null,"fall":""},{"name":"BlueKochappy","count":1,"weight":0,"dead_end":false,"group":5,"treasure":"wadou_kaichin","fall":""},{"name":"BlueKochappy","count":1,"weight":0,"dead_end":false,"group":5,"treasure":null,"fall":""},{"name":"BlueChappy","count":1,"weight":0,"dead_end":true,"group":0,"treasure":"silver_medal","fall":""},{"name":"RandPom","count":1,"weight":0,"dead_end":true,"group":0,"treasure":null,"fall":""},{"name":"Egg","count":1,"weight":0,"dead_end":true,"group":0,"treasure":null,"fall":"$"}],"treasures":[{"name":"kan_b_silver","count":1,"weight":0},{"name":"futa_a_gold","count":1,"weight":0}],"gates":[]},{"name":"Sublevel 7","properties":{"unit":"3_ABE_b_f_g_conc.txt","max_rooms":3,"light":"suityu_light_lv1.ini","music":"new_00_1.cnd","skybox":"none","corridor":0.2,"caps":50,"timer":0,"geyser":false,"clogged":true,"echo":0,"plane":false,"seesaw":false,"version":1,"max_entities":8,"max_trasures":null,"max_gates":null},"entities":[{"name":"Mar","count":1,"weight":0,"dead_end":false,"group":0,"treasure":"flask","fall":""},{"name":"OniKurage","count":1,"weight":0,"dead_end":false,"group":0,"treasure":"key","fall":""},{"name":"BombSarai","count":1,"weight":0,"dead_end":false,"group":1,"treasure":"teala_dia_b","fall":""},{"name":"YellowChappy","count":1,"weight":0,"dead_end":false,"group":1,"treasure":"watch","fall":""},{"name":"Qurione","count":1,"weight":0,"dead_end":false,"group":0,"treasure":null,"fall":""},{"name":"WaterOtakara","count":1,"weight":0,"dead_end":false,"group":1,"treasure":null,"fall":""},{"name":"Wtank","count":1,"weight":0,"dead_end":false,"group":0,"treasure":"dia_b_blue","fall":""},{"name":"Kurage","count":1,"weight":0,"dead_end":true,"group":0,"treasure":"be_dama_blue_l","fall":""}],"treasures":[{"name":"bird_hane","count":1,"weight":0},{"name":"donutschoco_s","count":1,"weight":0},{"name":"chess_king_black","count":1,"weight":0},{"name":"toy_ring_c_green","count":1,"weight":0}],"gates":[]},{"name":"Sublevel 8","properties":{"unit":"3_units_d_f_ujikou_tile.txt","max_rooms":2,"light":"sniper_light_lv0.ini","music":"new_02_0.cnd","skybox":"none","corridor":0.07,"caps":50,"timer":0,"geyser":false,"clogged":false,"echo":0,"plane":false,"seesaw":false,"version":1,"max_entities":8,"max_trasures":null,"max_gates":null},"entities":[{"name":"OniKurage","count":1,"weight":0,"dead_end":false,"group":0,"treasure":"key","fall":"$2"},{"name":"Kurage","count":2,"weight":0,"dead_end":false,"group":0,"treasure":null,"fall":"$2"},{"name":"Kurage","count":1,"weight":0,"dead_end":false,"group":1,"treasure":"kan_b_silver","fall":"$2"},{"name":"Hanachirashi","count":1,"weight":0,"dead_end":false,"group":1,"treasure":null,"fall":"$2"},{"name":"Sarai","count":1,"weight":0,"dead_end":false,"group":5,"treasure":null,"fall":"$4"},{"name":"Demon","count":2,"weight":0,"dead_end":false,"group":0,"treasure":"donguri_l","fall":"$3"}],"treasures":[{"name":"toy_dog","count":1,"weight":0},{"name":"denchi_3_red","count":1,"weight":0}],"gates":[]},{"name":"Sublevel 9","properties":{"unit":"2_units_north_pool_tile.txt","max_rooms":3,"light":"suityu_light_lv1.ini","music":"cavetile_00_0.cnd","skybox":"none","corridor":0.05,"caps":50,"timer":300,"geyser":false,"clogged":true,"echo":0,"plane":false,"seesaw":false,"version":1,"max_entities":9,"max_trasures":null,"max_gates":null},"entities":[{"name":"Frog","count":1,"weight":0,"dead_end":false,"group":0,"treasure":null,"fall":""},{"name":"Catfish","count":2,"weight":0,"dead_end":false,"group":0,"treasure":null,"fall":""},{"name":"MaroFrog","count":1,"weight":0,"dead_end":false,"group":1,"treasure":null,"fall":""},{"name":"KumaChappy","count":1,"weight":0,"dead_end":false,"group":1,"treasure":null,"fall":""},{"name":"Jigumo","count":1,"weight":0,"dead_end":false,"group":1,"treasure":null,"fall":""},{"name":"BlackMan","count":1,"weight":0,"dead_end":false,"group":1,"treasure":"key","fall":""},{"name":"BlackPom","count":2,"weight":0,"dead_end":true,"group":0,"treasure":"key","fall":"$"}],"treasures":[{"name":"flower_red","count":1,"weight":0}],"gates":[]},{"name":"Sublevel 10","properties":{"unit":"1_units_a_tile.txt","max_rooms":2,"light":"sniper_light_lv0.ini","music":"new_02_0.cnd","skybox":"none","corridor":0.5,"caps":30,"timer":0,"geyser":false,"clogged":false,"echo":0,"plane":false,"seesaw":false,"version":1,"max_entities":20,"max_trasures":null,"max_gates":null},"entities":[{"name":"UmiMushi","count":1,"weight":0,"dead_end":false,"group":8,"treasure":"key","fall":""},{"name":"UmiMushiBlind","count":1,"weight":0,"dead_end":false,"group":0,"treasure":"kan_meidiya","fall":""},{"name":"UmiMushiBlind","count":1,"weight":0,"dead_end":false,"group":0,"treasure":"kan_meidiya","fall":""},{"name":"Jigumo","count":1,"weight":0,"dead_end":false,"group":5,"treasure":null,"fall":""},{"name":"Jigumo","count":1,"weight":0,"dead_end":false,"group":5,"treasure":"g_futa_koiwai","fall":""},{"name":"Jigumo","count":1,"weight":0,"dead_end":false,"group":5,"treasure":null,"fall":""},{"name":"WaterOtakara","count":2,"weight":0,"dead_end":false,"group":1,"treasure":null,"fall":"$4"},{"name":"WaterOtakara","count":2,"weight":0,"dead_end":false,"group":1,"treasure":null,"fall":"$4"},{"name":"WaterOtakara","count":2,"weight":0,"dead_end":false,"group":5,"treasure":null,"fall":"$4"},{"name":"WaterOtakara","count":2,"weight":0,"dead_end":false,"group":5,"treasure":null,"fall":"$4"},{"name":"WaterOtakara","count":2,"weight":0,"dead_end":false,"group":0,"treasure":null,"fall":"$4"},{"name":"Tadpole","count":2,"weight":0,"dead_end":false,"group":0,"treasure":null,"fall":"$4"},{"name":"Tadpole","count":2,"weight":0,"dead_end":false,"group":0,"treasure":null,"fall":"$4"}],"treasures":[{"name":"toy_dog","count":1,"weight":0}],"gates":[{"word":"gate","health":2500,"weight":1},{"word":"gate","health":3000,"weight":1},{"word":"gate","health":2000,"weight":1},{"word":"gate","health":2000,"weight":1},{"word":"gate","health":2000,"weight":1}]},{"name":"Sublevel 11","properties":{"unit":"1_ABE_mid1_metal.txt","max_rooms":3,"light":"sirohana_light_lv3.ini","music":"cavemetal_10_2.cnd","skybox":"none","corridor":0.2,"caps":15,"timer":0,"geyser":false,"clogged":false,"echo":0,"plane":false,"seesaw":false,"version":1,"max_entities":28,"max_trasures":null,"max_gates":null},"entities":[{"name":"GasHiba","count":4,"weight":0,"dead_end":false,"group":5,"treasure":null,"fall":""},{"name":"DaiodoRed","count":40,"weight":0,"dead_end":false,"group":6,"treasure":null,"fall":""},{"name":"DaiodoGreen","count":50,"weight":0,"dead_end":false,"group":6,"treasure":null,"fall":""},{"name":"Tank","count":3,"weight":0,"dead_end":false,"group":0,"treasure":"bell_red","fall":""},{"name":"Demon","count":2,"weight":0,"dead_end":false,"group":1,"treasure":"chess_queen_white","fall":"$3"},{"name":"BlueChappy","count":1,"weight":0,"dead_end":false,"group":0,"treasure":"key","fall":""},{"name":"Sarai","count":2,"weight":0,"dead_end":false,"group":0,"treasure":"chocolate","fall":""},{"name":"BombOtakara","count":1,"weight":0,"dead_end":false,"group":5,"treasure":"chocolate","fall":"$"},{"name":"Rkabuto","count":2,"weight":0,"dead_end":false,"group":1,"treasure":"denchi_3_red","fall":"$"},{"name":"Rock","count":2,"weight":0,"dead_end":false,"group":5,"treasure":null,"fall":"$"},{"name":"Egg","count":2,"weight":0,"dead_end":true,"group":0,"treasure":null,"fall":"$"}],"treasures":[{"name":"toy_ring_c_blue","count":2,"weight":0},{"name":"bell_yellow","count":3,"weight":0},{"name":"Xmas_item","count":2,"weight":0}],"gates":[{"word":"gate","health":1000,"weight":1},{"word":"gate","health":1000,"weight":1},{"word":"gate","health":1500,"weight":1}]},{"name":"Sublevel 12","properties":{"unit":"3_ABE_5X5a_ike_big_kusachi.txt","max_rooms":3,"light":"normal_light_lv3.ini","music":"caveconc_00_0.cnd","skybox":"hiroba","corridor":0.07,"caps":50,"timer":0,"geyser":false,"clogged":false,"echo":0,"plane":true,"seesaw":false,"version":1,"max_entities":14,"max_trasures":null,"max_gates":null},"entities":[{"name":"LeafChappy","count":1,"weight":0,"dead_end":false,"group":0,"treasure":null,"fall":""},{"name":"PanModoki","count":2,"weight":0,"dead_end":false,"group":5,"treasure":"flower_red","fall":""},{"name":"KareOoinu_s","count":20,"weight":0,"dead_end":false,"group":6,"treasure":null,"fall":""},{"name":"DaiodoRed","count":20,"weight":0,"dead_end":false,"group":6,"treasure":null,"fall":""},{"name":"DaiodoGreen","count":20,"weight":0,"dead_end":false,"group":6,"treasure":null,"fall":""},{"name":"Qurione","count":3,"weight":0,"dead_end":false,"group":1,"treasure":null,"fall":""},{"name":"Egg","count":0,"weight":2,"dead_end":true,"group":0,"treasure":null,"fall":"$"},{"name":"Tobi","count":3,"weight":0,"dead_end":false,"group":1,"treasure":"cookie","fall":""},{"name":"UjiA","count":6,"weight":0,"dead_end":false,"group":0,"treasure":"be_dama_red","fall":""},{"name":"SnakeCrow","count":1,"weight":0,"dead_end":false,"group":5,"treasure":"chess_king_black","fall":""},{"name":"MaroFrog","count":1,"weight":0,"dead_end":false,"group":0,"treasure":"bell_yellow","fall":"$"},{"name":"Frog","count":1,"weight":0,"dead_end":false,"group":5,"treasure":"bell_red","fall":"$"}],"treasures":[{"name":"key","count":1,"weight":0},{"name":"momiji_red","count":1,"weight":0}],"gates":[{"word":"gate","health":1500,"weight":1}]},{"name":"Sublevel 13","properties":{"unit":"2_ABE_nor1_hit43_metal.txt","max_rooms":6,"light":"normal_light_lv0.ini","music":"caverelax.cnd","skybox":"build","corridor":0.12,"caps":15,"timer":999,"geyser":false,"clogged":true,"echo":0,"plane":false,"seesaw":false,"version":1,"max_entities":24,"max_trasures":null,"max_gates":null},"entities":[{"name":"ElecHiba","count":4,"weight":0,"dead_end":false,"group":5,"treasure":null,"fall":""},{"name":"ElecBug","count":3,"weight":0,"dead_end":false,"group":0,"treasure":null,"fall":""},{"name":"ShijimiChou","count":100,"weight":0,"dead_end":false,"group":6,"treasure":null,"fall":"$4"},{"name":"ElecOtakara","count":1,"weight":0,"dead_end":false,"group":1,"treasure":null,"fall":""},{"name":"Hana","count":1,"weight":0,"dead_end":false,"group":0,"treasure":null,"fall":""},{"name":"RandPom","count":1,"weight":0,"dead_end":false,"group":0,"treasure":null,"fall":""},{"name":"RandPom","count":1,"weight":0,"dead_end":false,"group":0,"treasure":null,"fall":""},{"name":"WhitePom","count":1,"weight":0,"dead_end":false,"group":0,"treasure":null,"fall":""},{"name":"BlackPom","count":1,"weight":0,"dead_end":false,"group":0,"treasure":null,"fall":""},{"name":"BluePom","count":1,"weight":0,"dead_end":false,"group":0,"treasure":null,"fall":""},{"name":"GasHiba","count":1,"weight":0,"dead_end":false,"group":5,"treasure":null,"fall":""},{"name":"Egg","count":1,"weight":0,"dead_end":false,"group":1,"treasure":null,"fall":""},{"name":"Egg","count":1,"weight":0,"dead_end":false,"group":1,"treasure":null,"fall":""},{"name":"Egg","count":1,"weight":0,"dead_end":false,"group":1,"treasure":null,"fall":""},{"name":"Egg","count":1,"weight":0,"dead_end":false,"group":1,"treasure":null,"fall":""},{"name":"DaiodoRed","count":100,"weight":0,"dead_end":false,"group":6,"treasure":null,"fall":""},{"name":"DaiodoGreen","count":200,"weight":0,"dead_end":false,"group":6,"treasure":null,"fall":""},{"name":"Chappy","count":1,"weight":0,"dead_end":false,"group":0,"treasure":null,"fall":""}],"treasures":[{"name":"key","count":1,"weight":3}],"gates":[{"word":"gate","health":1000,"weight":1},{"word":"gate","health":1500,"weight":1}]},{"name":"Sublevel 14","properties":{"unit":"3_ABE_mid2_hit3_hit5_metal.txt","max_rooms":4,"light":"metal_light_lv4.ini","music":"cavemetal_00_0.cnd","skybox":"ice","corridor":0.3,"caps":50,"timer":0,"geyser":false,"clogged":true,"echo":0,"plane":false,"seesaw":false,"version":1,"max_entities":23,"max_trasures":null,"max_gates":null},"entities":[{"name":"Demon","count":1,"weight":0,"dead_end":false,"group":0,"treasure":null,"fall":""},{"name":"WaterOtakara","count":2,"weight":0,"dead_end":false,"group":0,"treasure":null,"fall":""},{"name":"ElecBug","count":3,"weight":0,"dead_end":false,"group":0,"treasure":null,"fall":""},{"name":"BombSarai","count":1,"weight":0,"dead_end":false,"group":1,"treasure":null,"fall":""},{"name":"BlueChappy","count":1,"weight":0,"dead_end":false,"group":1,"treasure":"key","fall":""},{"name":"Bomb","count":15,"weight":0,"dead_end":false,"group":5,"treasure":null,"fall":"$"}],"treasures":[{"name":"sinkukan_b","count":1,"weight":0},{"name":"gear","count":1,"weight":0},{"name":"water","count":1,"weight":0}],"gates":[]},{"name":"Sublevel 15","properties":{"unit":"2_units_nor_tekiF_metal.txt","max_rooms":3,"light":"sirohana_light_lv0.ini","music":"cavemetal_05_0.cnd","skybox":"ice","corridor":0.17,"caps":50,"timer":0,"geyser":false,"clogged":false,"echo":0,"plane":false,"seesaw":false,"version":1,"max_entities":14,"max_trasures":null,"max_gates":null},"entities":[{"name":"Hanachirashi","count":1,"weight":0,"dead_end":false,"group":0,"treasure":"cookie_s_l","fall":""},{"name":"ElecBug","count":2,"weight":0,"dead_end":false,"group":0,"treasure":"bey_goma","fall":""},{"name":"ElecBug","count":2,"weight":0,"dead_end":false,"group":0,"treasure":"bey_goma","fall":""},{"name":"ElecBug","count":2,"weight":0,"dead_end":false,"group":0,"treasure":"bey_goma","fall":""},{"name":"BombOtakara","count":1,"weight":0,"dead_end":false,"group":5,"treasure":"bey_goma","fall":"$"},{"name":"YellowKochappy","count":1,"weight":0,"dead_end":false,"group":0,"treasure":"flower_red","fall":""},{"name":"YellowKochappy","count":1,"weight":0,"dead_end":false,"group":5,"treasure":"flower_red","fall":""},{"name":"YellowKochappy","count":1,"weight":0,"dead_end":false,"group":5,"treasure":"flower_red","fall":""},{"name":"DaiodoRed","count":10,"weight":0,"dead_end":false,"group":6,"treasure":null,"fall":""},{"name":"DaiodoGreen","count":10,"weight":0,"dead_end":false,"group":6,"treasure":null,"fall":""},{"name":"Houdai","count":1,"weight":0,"dead_end":false,"group":8,"treasure":"key","fall":""}],"treasures":[{"name":"toy_ring_b_blue","count":1,"weight":0},{"name":"sinkukan","count":1,"weight":0},{"name":"nut","count":1,"weight":0},{"name":"denchi_1_red","count":1,"weight":0}],"gates":[]},{"name":"Sublevel 16","properties":{"unit":"units_test_tsuchi.txt","max_rooms":4,"light":"muraon_light_lv2.ini","music":"cavesoil_05_1.cnd","skybox":"none","corridor":0.1,"caps":50,"timer":0,"geyser":false,"clogged":false,"echo":0,"plane":false,"seesaw":false,"version":1,"max_entities":14,"max_trasures":null,"max_gates":null},"entities":[{"name":"LeafChappy","count":1,"weight":0,"dead_end":false,"group":5,"treasure":"kinoko","fall":""},{"name":"Mar","count":1,"weight":0,"dead_end":false,"group":0,"treasure":"key","fall":""},{"name":"MaroFrog","count":1,"weight":0,"dead_end":false,"group":0,"treasure":"teala_dia_a","fall":""},{"name":"Hanachirashi","count":1,"weight":0,"dead_end":false,"group":0,"treasure":"teala_dia_b","fall":""},{"name":"Magaret","count":60,"weight":0,"dead_end":false,"group":6,"treasure":null,"fall":""},{"name":"Mar","count":1,"weight":0,"dead_end":false,"group":1,"treasure":"j_block_white","fall":""},{"name":"Hana","count":1,"weight":0,"dead_end":false,"group":1,"treasure":"ichigo","fall":""},{"name":"Hana","count":1,"weight":0,"dead_end":false,"group":1,"treasure":"ichigo","fall":""},{"name":"Hana","count":1,"weight":0,"dead_end":false,"group":0,"treasure":"ichigo","fall":""}],"treasures":[],"gates":[{"word":"gate","health":1000,"weight":1},{"word":"gate","health":1000,"weight":1}]},{"name":"Sublevel 17","properties":{"unit":"E3_units_tsuchi.txt","max_rooms":3,"light":"normal_light_lv4.ini","music":"cavesoil_00_0.cnd","skybox":"none","corridor":0.5,"caps":50,"timer":0,"geyser":false,"clogged":true,"echo":0,"plane":false,"seesaw":false,"version":1,"max_entities":34,"max_trasures":null,"max_gates":null},"entities":[{"name":"Chappy","count":1,"weight":0,"dead_end":false,"group":0,"treasure":null,"fall":""},{"name":"Chappy","count":1,"weight":0,"dead_end":false,"group":0,"treasure":"key","fall":""},{"name":"LeafChappy","count":1,"weight":0,"dead_end":false,"group":0,"treasure":null,"fall":""},{"name":"Armor","count":1,"weight":0,"dead_end":false,"group":1,"treasure":"cookie","fall":""},{"name":"Baby","count":1,"weight":0,"dead_end":false,"group":1,"treasure":null,"fall":""},{"name":"Kochappy","count":2,"weight":0,"dead_end":false,"group":1,"treasure":null,"fall":""},{"name":"Rock","count":14,"weight":0,"dead_end":false,"group":5,"treasure":null,"fall":""},{"name":"BlueChappy","count":1,"weight":0,"dead_end":true,"group":0,"treasure":"chocoichigo","fall":""},{"name":"Wtank","count":1,"weight":0,"dead_end":true,"group":0,"treasure":"kan","fall":"$"},{"name":"Egg","count":2,"weight":0,"dead_end":true,"group":0,"treasure":null,"fall":""},{"name":"BlackPom","count":1,"weight":0,"dead_end":true,"group":0,"treasure":null,"fall":"$"},{"name":"BlueKochappy","count":3,"weight":0,"dead_end":true,"group":0,"treasure":null,"fall":""},{"name":"Ooinu_s","count":20,"weight":0,"dead_end":false,"group":6,"treasure":null,"fall":""},{"name":"Ooinu_l","count":30,"weight":0,"dead_end":false,"group":6,"treasure":null,"fall":""}],"treasures":[{"name":"kinoko_tubu","count":1,"weight":0},{"name":"toy_ring_c_blue","count":1,"weight":0}],"gates":[]},{"name":"Sublevel 18","properties":{"unit":"4_MAT_nor3_mid1_hit3_sak1_tsuchi.txt","max_rooms":4,"light":"suityu_light_lv4.ini","music":"new_01_0.cnd","skybox":"ice","corridor":0.1,"caps":30,"timer":0,"geyser":false,"clogged":false,"echo":0,"plane":false,"seesaw":false,"version":1,"max_entities":40,"max_trasures":null,"max_gates":null},"entities":[{"name":"KumaChappy","count":1,"weight":0,"dead_end":false,"group":0,"treasure":"key","fall":""},{"name":"BlueKochappy","count":1,"weight":0,"dead_end":false,"group":0,"treasure":null,"fall":""},{"name":"BlueKochappy","count":1,"weight":0,"dead_end":false,"group":0,"treasure":null,"fall":""},{"name":"BlueKochappy","count":3,"weight":0,"dead_end":false,"group":0,"treasure":null,"fall":""},{"name":"Armor","count":1,"weight":0,"dead_end":false,"group":5,"treasure":null,"fall":""},{"name":"Qurione","count":1,"weight":0,"dead_end":false,"group":5,"treasure":null,"fall":""},{"name":"KumaKochappy","count":2,"weight":0,"dead_end":false,"group":0,"treasure":null,"fall":""},{"name":"KumaKochappy","count":2,"weight":0,"dead_end":false,"group":0,"treasure":"diamond_blue_l","fall":""},{"name":"Hiba","count":1,"weight":0,"dead_end":false,"group":5,"treasure":null,"fall":""},{"name":"Hiba","count":1,"weight":0,"dead_end":false,"group":5,"treasure":null,"fall":""},{"name":"Hiba","count":1,"weight":0,"dead_end":false,"group":5,"treasure":null,"fall":""},{"name":"Hiba","count":1,"weight":0,"dead_end":false,"group":5,"treasure":null,"fall":""},{"name":"Hiba","count":1,"weight":0,"dead_end":false,"group":5,"treasure":null,"fall":""},{"name":"Hiba","count":1,"weight":0,"dead_end":false,"group":5,"treasure":null,"fall":""},{"name":"ShijimiChou","count":3,"weight":0,"dead_end":false,"group":1,"treasure":null,"fall":""},{"name":"BlueChappy","count":1,"weight":0,"dead_end":false,"group":0,"treasure":"be_dama_blue_l","fall":""},{"name":"Hana","count":1,"weight":0,"dead_end":false,"group":0,"treasure":"chocoichigo_l","fall":""},{"name":"Wtank","count":1,"weight":0,"dead_end":false,"group":0,"treasure":null,"fall":"$2"},{"name":"Wtank","count":1,"weight":0,"dead_end":false,"group":0,"treasure":"ichigo","fall":"$2"},{"name":"BlueChappy","count":1,"weight":0,"dead_end":false,"group":1,"treasure":null,"fall":""},{"name":"Tobi","count":2,"weight":0,"dead_end":false,"group":1,"treasure":null,"fall":""},{"name":"Tobi","count":2,"weight":0,"dead_end":false,"group":1,"treasure":null,"fall":""},{"name":"Armor","count":1,"weight":0,"dead_end":false,"group":0,"treasure":null,"fall":""},{"name":"Hana","count":1,"weight":0,"dead_end":false,"group":1,"treasure":null,"fall":""},{"name":"RandPom","count":1,"weight":0,"dead_end":true,"group":0,"treasure":null,"fall":""},{"name":"Egg","count":1,"weight":0,"dead_end":true,"group":0,"treasure":null,"fall":""},{"name":"Egg","count":1,"weight":0,"dead_end":true,"group":0,"treasure":null,"fall":""},{"name":"Egg","count":1,"weight":0,"dead_end":true,"group":0,"treasure":null,"fall":""},{"name":"Wakame_s","count":10,"weight":0,"dead_end":false,"group":6,"treasure":null,"fall":""},{"name":"Magaret","count":10,"weight":0,"dead_end":false,"group":6,"treasure":null,"fall":""},{"name":"Ooinu_s","count":10,"weight":0,"dead_end":false,"group":6,"treasure":null,"fall":""},{"name":"HikariKinoko","count":10,"weight":0,"dead_end":false,"group":6,"treasure":null,"fall":""}],"treasures":[],"gates":[{"word":"gate","health":1000,"weight":1},{"word":"gate","health":1000,"weight":1},{"word":"gate","health":1000,"weight":1}]},{"name":"Sublevel 19","properties":{"unit":"2_units_ike2_hit1_tsuchi.txt","max_rooms":5,"light":"sirohana_light_lv2.ini","music":"cavesoil_05_0.cnd","skybox":"none","corridor":0.005,"caps":50,"timer":0,"geyser":false,"clogged":false,"echo":0,"plane":false,"seesaw":false,"version":1,"max_entities":34,"max_trasures":null,"max_gates":null},"entities":[{"name":"FireChappy","count":1,"weight":0,"dead_end":false,"group":8,"treasure":"key","fall":""},{"name":"RandPom","count":1,"weight":0,"dead_end":false,"group":8,"treasure":null,"fall":""},{"name":"Chappy","count":1,"weight":0,"dead_end":false,"group":0,"treasure":"donutsichigo_s","fall":""},{"name":"Chappy","count":1,"weight":0,"dead_end":false,"group":0,"treasure":"be_dama_red_l","fall":""},{"name":"Chappy","count":1,"weight":0,"dead_end":false,"group":1,"treasure":"be_dama_red","fall":""},{"name":"BlueChappy","count":1,"weight":0,"dead_end":false,"group":5,"treasure":"donutschoco_s","fall":""},{"name":"BlueKochappy","count":1,"weight":0,"dead_end":false,"group":5,"treasure":"dia_c_blue","fall":"$2"},{"name":"KumaKochappy","count":5,"weight":0,"dead_end":false,"group":5,"treasure":null,"fall":""},{"name":"Kochappy","count":3,"weight":0,"dead_end":false,"group":0,"treasure":null,"fall":""},{"name":"Kochappy","count":5,"weight":0,"dead_end":false,"group":1,"treasure":null,"fall":""},{"name":"Zenmai","count":10,"weight":0,"dead_end":false,"group":6,"treasure":null,"fall":""},{"name":"Wakame_s","count":10,"weight":0,"dead_end":false,"group":6,"treasure":null,"fall":""},{"name":"Hiba","count":2,"weight":0,"dead_end":false,"group":0,"treasure":null,"fall":""},{"name":"Hiba","count":6,"weight":0,"dead_end":false,"group":5,"treasure":null,"fall":""},{"name":"KumaKochappy","count":3,"weight":0,"dead_end":false,"group":1,"treasure":null,"fall":""},{"name":"BluePom","count":1,"weight":0,"dead_end":true,"group":0,"treasure":null,"fall":""},{"name":"BlueKochappy","count":1,"weight":0,"dead_end":false,"group":5,"treasure":"ichigo_l","fall":"$"}],"treasures":[{"name":"chess_king_white","count":1,"weight":0},{"name":"chess_queen_black","count":1,"weight":0},{"name":"kouseki_suisyou","count":1,"weight":0},{"name":"dia_c_green","count":1,"weight":0},{"name":"momiji_red","count":1,"weight":0}],"gates":[]},{"name":"Sublevel 20","properties":{"unit":"3_ABE_sak1_sak2_hit1_tsuchi.txt","max_rooms":3,"light":"suityu_light_lv4.ini","music":"cavesoil_10_4.cnd","skybox":"ice","corridor":0.12,"caps":50,"timer":0,"geyser":false,"clogged":false,"echo":0,"plane":false,"seesaw":false,"version":1,"max_entities":18,"max_trasures":null,"max_gates":null},"entities":[{"name":"Ooinu_s","count":20,"weight":0,"dead_end":false,"group":6,"treasure":null,"fall":""},{"name":"HikariKinoko","count":10,"weight":0,"dead_end":false,"group":6,"treasure":null,"fall":""},{"name":"HikariKinoko","count":10,"weight":0,"dead_end":false,"group":6,"treasure":null,"fall":""},{"name":"HikariKinoko","count":10,"weight":0,"dead_end":false,"group":6,"treasure":null,"fall":""},{"name":"Kochappy","count":1,"weight":0,"dead_end":false,"group":5,"treasure":"be_dama_red","fall":""},{"name":"Kochappy","count":1,"weight":0,"dead_end":false,"group":5,"treasure":null,"fall":""},{"name":"Kochappy","count":1,"weight":0,"dead_end":false,"group":5,"treasure":null,"fall":""},{"name":"Rkabuto","count":1,"weight":0,"dead_end":false,"group":0,"treasure":"toy_lady","fall":""},{"name":"Rkabuto","count":1,"weight":0,"dead_end":false,"group":0,"treasure":null,"fall":""},{"name":"Sokkuri","count":1,"weight":0,"dead_end":false,"group":0,"treasure":"momiji_normal","fall":""},{"name":"Sokkuri","count":1,"weight":0,"dead_end":false,"group":0,"treasure":"momiji_normal","fall":""},{"name":"Sokkuri","count":1,"weight":0,"dead_end":false,"group":0,"treasure":null,"fall":""},{"name":"Sokkuri","count":1,"weight":0,"dead_end":false,"group":0,"treasure":null,"fall":""},{"name":"Sokkuri","count":1,"weight":0,"dead_end":false,"group":0,"treasure":null,"fall":""},{"name":"MaroFrog","count":1,"weight":0,"dead_end":false,"group":0,"treasure":"cookie_u","fall":""},{"name":"Mar","count":1,"weight":0,"dead_end":false,"group":0,"treasure":"kinoko","fall":""},{"name":"SnakeWhole","count":1,"weight":0,"dead_end":false,"group":1,"treasure":"key","fall":""}],"treasures":[],"gates":[{"word":"gate","health":1000,"weight":1},{"word":"gate","health":1000,"weight":1},{"word":"gate","health":1000,"weight":1},{"word":"gate","health":1000,"weight":1}]},{"name":"Sublevel 21","properties":{"unit":"2_MAT_sak1_sak2_snow.txt","max_rooms":3,"light":"king_light.ini","music":"new_06_0.cnd","skybox":"none","corridor":0.12,"caps":50,"timer":0,"geyser":false,"clogged":false,"echo":0,"plane":false,"seesaw":false,"version":1,"max_entities":10,"max_trasures":null,"max_gates":null},"entities":[{"name":"Hanachirashi","count":2,"weight":0,"dead_end":false,"group":0,"treasure":"compact","fall":""},{"name":"Mar","count":1,"weight":0,"dead_end":false,"group":0,"treasure":"key","fall":""},{"name":"Wtank","count":3,"weight":0,"dead_end":false,"group":1,"treasure":"diamond_blue_l","fall":"$"},{"name":"Tank","count":3,"weight":0,"dead_end":false,"group":1,"treasure":"diamond_red","fall":"$"},{"name":"KareOoinu_l","count":10,"weight":0,"dead_end":false,"group":6,"treasure":null,"fall":""}],"treasures":[{"name":"diamond_blue","count":3,"weight":0}],"gates":[]},{"name":"Sublevel 22","properties":{"unit":"3_MAT_a_h_m_renga.txt","max_rooms":3,"light":"vs_10_light.ini","music":"new_06_0.cnd","skybox":"none","corridor":0.12,"caps":50,"timer":0,"geyser":false,"clogged":false,"echo":0,"plane":false,"seesaw":false,"version":1,"max_entities":9,"max_trasures":null,"max_gates":null},"entities":[{"name":"Hana","count":4,"weight":0,"dead_end":false,"group":0,"treasure":"donguri","fall":""},{"name":"Miulin","count":3,"weight":0,"dead_end":false,"group":1,"treasure":"donutswhite","fall":""},{"name":"Wakame_l","count":10,"weight":0,"dead_end":false,"group":6,"treasure":null,"fall":""},{"name":"OniKurage","count":1,"weight":0,"dead_end":true,"group":0,"treasure":"key","fall":"$"}],"treasures":[{"name":"momiji_normal","count":5,"weight":0}],"gates":[]},{"name":"Sublevel 23","properties":{"unit":"1_units_christmas_1.txt","max_rooms":1,"light":"normal_light_lv0.ini","music":"new_06_0.cnd","skybox":"tatami","corridor":0.12,"caps":50,"timer":0,"geyser":false,"clogged":false,"echo":0,"plane":true,"seesaw":false,"version":1,"max_entities":15,"max_trasures":null,"max_gates":null},"entities":[{"name":"Kochappy","count":5,"weight":0,"dead_end":false,"group":0,"treasure":null,"fall":""},{"name":"Chappy","count":2,"weight":0,"dead_end":false,"group":1,"treasure":null,"fall":""},{"name":"UjiB","count":2,"weight":0,"dead_end":false,"group":0,"treasure":null,"fall":""},{"name":"UjiA","count":3,"weight":0,"dead_end":false,"group":0,"treasure":null,"fall":""},{"name":"BlueKochappy","count":3,"weight":0,"dead_end":false,"group":0,"treasure":null,"fall":""}],"treasures":[{"name":"key","count":1,"weight":0},{"name":"tape_red","count":1,"weight":0},{"name":"dia_b_red","count":1,"weight":0}],"gates":[]},{"name":"Sublevel 24","properties":{"unit":"3_MAT_d_g_m_renga.txt","max_rooms":2,"light":"tutorial_1_light.ini","music":"new_06_0.cnd","skybox":"none","corridor":0.12,"caps":50,"timer":0,"geyser":false,"clogged":false,"echo":0,"plane":false,"seesaw":false,"version":1,"max_entities":10,"max_trasures":null,"max_gates":null},"entities":[{"name":"LeafChappy","count":3,"weight":0,"dead_end":false,"group":0,"treasure":"cookie_s","fall":""},{"name":"Qurione","count":2,"weight":0,"dead_end":false,"group":1,"treasure":null,"fall":""},{"name":"Wealthy","count":1,"weight":0,"dead_end":false,"group":1,"treasure":"key","fall":""},{"name":"Nekojarashi","count":10,"weight":0,"dead_end":false,"group":6,"treasure":null,"fall":""},{"name":"RandPom","count":3,"weight":0,"dead_end":true,"group":0,"treasure":null,"fall":""}],"treasures":[{"name":"chess_queen_white","count":2,"weight":0}],"gates":[]},{"name":"Sublevel 25","properties":{"unit":"1_units_bunki_tile.txt","max_rooms":1,"light":"sniper_light_lv0.ini","music":"new_06_0.cnd","skybox":"none","corridor":0.12,"caps":50,"timer":0,"geyser":false,"clogged":false,"echo":0,"plane":false,"seesaw":false,"version":1,"max_entities":4,"max_trasures":null,"max_gates":null},"entities":[{"name":"BigTreasure","count":1,"weight":0,"dead_end":false,"group":0,"treasure":"key","fall":""},{"name":"Miulin","count":3,"weight":0,"dead_end":false,"group":1,"treasure":"gear_silver","fall":""}],"treasures":[],"gates":[]}],"content":null}