{"sublevels":[{"name":"Sublevel 1","properties":{"unit":"1_MAT_manp_2_conc.txt","max_rooms":2,"light":"normal_light_lv0.ini","music":"caveconc_10_0.cnd","skybox":"none","corridor":0.0,"caps":50,"timer":0,"geyser":false,"clogged":false,"echo":0,"plane":false,"seesaw":false,"version":1,"max_entities":null,"max_trasures":null,"max_gates":null},"entities":[{"name":"Tobi","count":8,"weight":0,"dead_end":false,"group":1,"treasure":"be_dama_yellow","fall":""},{"name":"OniKurage","count":1,"weight":0,"dead_end":false,"group":1,"treasure":"key","fall":""},{"name":"OniKurage","count":1,"weight":0,"dead_end":false,"group":0,"treasure":"compact","fall":""},{"name":"Jigumo","count":4,"weight":0,"dead_end":false,"group":0,"treasure":"milk_cap","fall":""},{"name":"Jigumo","count":3,"weight":0,"dead_end":false,"group":1,"treasure":"milk_cap","fall":""},{"name":"Jigumo","count":1,"weight":0,"dead_end":true,"group":0,"treasure":"milk_cap","fall":""}],"treasures":[{"name":"momiji_normal","count":1,"weight":0},{"name":"toy_lady","count":1,"weight":0},{"name":"baum_kuchen","count":1,"weight":0},{"name":"bell_red","count":1,"weight":0},{"name":"chocolate_l","count":1,"weight":0}],"gates":[{"word":"gate","health":1000,"weight":1},{"word":"gate","health":1000,"weight":1},{"word":"gate","health":1000,"weight":1},{"word":"gate","health":1000,"weight":1},{"word":"gate","health":1000,"weight":1}]},{"name":"Sublevel 2","properties":{"unit":"1_MAT_tower2_toy.txt","max_rooms":1,"light":"hiroba_light.ini","music":"caveglass_00_0.cnd","skybox":"hiroba","corridor":0.12,"caps":50,"timer":0,"geyser":false,"clogged":false,"echo":0,"plane":true,"seesaw":false,"version":1,"max_entities":null,"max_trasures":null,"max_gates":null},"entities":[{"name":"Armor","count":2,"weight":0,"dead_end":false,"group":1,"treasure":"diamond_blue_l","fall":""},{"name":"Jigumo","count":1,"weight":0,"dead_end":false,"group":0,"treasure":"ichigo","fall":""},{"name":"Jigumo","count":2,"weight":0,"dead_end":false,"group":1,"treasure":"ichigo","fall":""},{"name":"Rock","count":6,"weight":0,"dead_end":false,"group":5,"treasure":null,"fall":""},{"name":"BlueChappy","count":1,"weight":0,"dead_end":false,"group":8,"treasure":"key","fall":""}],"treasures":[{"name":"j_block_red","count":1,"weight":0},{"name":"j_block_white","count":1,"weight":0},{"name":"j_block_green","count":1,"weight":0}],"gates":[]},{"name":"Sublevel 3","properties":{"unit":"2_MAT_tak22_nor22_tile.txt","max_rooms":6,"light":"normal_light_lv0.ini","music":"new_02_0.cnd","skybox":"none","corridor":1E-06,"caps":50,"timer":0,"geyser":false,"clogged":false,"echo":0,"plane":false,"seesaw":false,"version":1,"max_entities":null,"max_trasures":null,"max_gates":null},"entities":[{"name":"Egg","count":2,"weight":0,"dead_end":true,"group":0,"treasure":null,"fall":""},{"name":"BlueChappy","count":3,"weight":0,"dead_end":false,"group":0,"treasure":"chocowhite_l","fall":""},{"name":"UmiMushiBlind","count":1,"weight":0,"dead_end":false,"group":1,"treasure":"chess_queen_white","fall":""},{"name":"UmiMushiBlind","count":1,"weight":0,"dead_end":false,"group":1,"treasure":"key","fall":""}],"treasures":[{"name":"leaf_normal","count":1,"weight":0},{"name":"dia_b_green","count":1,"weight":0},{"name":"creap","count":1,"weight":0},{"name":"be_dama_red_l","count":1,"weight":0}],"gates":[]},{"name":"Sublevel 4","properties":{"unit":"1_ABE_manp_boss_conc.txt","max_rooms":1,"light":"normal_light_lv0.ini","music":"caveconc_00_0.cnd","skybox":"none","corridor":0.12,"caps":50,"timer":0,"geyser":false,"clogged":false,"echo":0,"plane":false,"seesaw":false,"version":1,"max_entities":null,"max_trasures":null,"max_gates":null},"entities":[{"name":"Kochappy","count":4,"weight":0,"dead_end":false,"group":1,"treasure":"be_dama_blue","fall":""},{"name":"DangoMushi","count":1,"weight":0,"dead_end":false,"group":8,"treasure":"key","fall":""}],"treasures":[{"name":"chocoichigo","count":1,"weight":0},{"name":"kan_imuraya","count":1,"weight":0},{"name":"bane_blue","count":1,"weight":0},{"name":"denchi_3_black","count":1,"weight":0},{"name":"haniwa","count":1,"weight":0}],"gates":[{"word":"gate","health":1000,"weight":1},{"word":"gate","health":1000,"weight":1},{"word":"gate","health":1000,"weight":1},{"word":"gate","health":1000,"weight":1},{"word":"gate","health":1000,"weight":1}]}],"content":null}