{"sublevels":[{"name":"Sublevel 1 - Wallyfloor","properties":{"unit":"2_units_tak22_yuko_tile.txt","max_rooms":3,"light":"normal_light_lv0.ini","music":"cavetile_00_0.cnd","skybox":"none","corridor":0.16,"caps":50,"timer":0,"geyser":false,"clogged":false,"echo":0,"plane":false,"seesaw":false,"version":1,"max_entities":null,"max_trasures":null,"max_gates":null},"entities":[{"name":"UmiMushiBlind","count":1,"weight":0,"dead_end":false,"group":0,"treasure":"key","fall":""},{"name":"Sokkuri","count":1,"weight":0,"dead_end":false,"group":0,"treasure":"cookie_s","fall":""},{"name":"Sokkuri","count":3,"weight":0,"dead_end":false,"group":1,"treasure":"cookie_s","fall":""}],"treasures":[{"name":"badminton","count":1,"weight":0}],"gates":[]},{"name":"Sublevel 2 - Beadyfloor","properties":{"unit":"1_MIYA_bunki_tile.txt","max_rooms":1,"light":"normal_light_lv0.ini","music":"new_02_0.cnd","skybox":"none","corridor":0.1,"caps":50,"timer":0,"geyser":false,"clogged":false,"echo":0,"plane":false,"seesaw":false,"version":1,"max_entities":null,"max_trasures":null,"max_gates":null},"entities":[{"name":"Damagumo","count":1,"weight":0,"dead_end":false,"group":1,"treasure":"key","fall":""},{"name":"Kochappy","count":3,"weight":0,"dead_end":false,"group":0,"treasure":"milk_cap","fall":""},{"name":"Kochappy","count":4,"weight":0,"dead_end":false,"group":1,"treasure":"milk_cap","fall":""},{"name":"Egg","count":1,"weight":0,"dead_end":true,"group":0,"treasure":null,"fall":""}],"treasures":[{"name":"dia_a_blue","count":1,"weight":0},{"name":"kouseki_suisyou","count":1,"weight":0}],"gates":[]}],"content":null}