{"sublevels":[{"name":"Sublevel 1 - Welcome","properties":{"unit":"2_units_ari1_nor2_metal.txt","max_rooms":2,"light":"key_light_lv0.ini","music":"caveconc_10_1.cnd","skybox":"build","corridor":0.165,"caps":50,"timer":0,"geyser":false,"clogged":false,"echo":0,"plane":false,"seesaw":false,"version":1,"max_entities":null,"max_trasures":null,"max_gates":null},"entities":[{"name":"MiniHoudai","count":1,"weight":0,"dead_end":false,"group":0,"treasure":"key","fall":""},{"name":"ElecBug","count":5,"weight":0,"dead_end":false,"group":1,"treasure":"denchi_3_red","fall":""},{"name":"GasOtakara","count":3,"weight":0,"dead_end":true,"group":0,"treasure":"cookie","fall":""},{"name":"BombOtakara","count":3,"weight":0,"dead_end":true,"group":0,"treasure":null,"fall":"$2"},{"name":"DaiodoGreen","count":20,"weight":0,"dead_end":false,"group":6,"treasure":null,"fall":""},{"name":"ElecHiba","count":3,"weight":0,"dead_end":false,"group":5,"treasure":null,"fall":""}],"treasures":[{"name":"nut","count":1,"weight":1},{"name":"watch","count":1,"weight":1},{"name":"channel","count":1,"weight":1}],"gates":[]},{"name":"Sublevel 2 - Alleyways","properties":{"unit":"1_MAT_hit224_cap_icap_metal.txt","max_rooms":3,"light":"key_light_lv0.ini","music":"caveconc_10_0.cnd","skybox":"test","corridor":0.5,"caps":100,"timer":0,"geyser":false,"clogged":false,"echo":0,"plane":false,"seesaw":false,"version":1,"max_entities":null,"max_trasures":null,"max_gates":null},"entities":[{"name":"BombSarai","count":3,"weight":0,"dead_end":false,"group":0,"treasure":"cookie_m_l","fall":""},{"name":"BombSarai","count":3,"weight":0,"dead_end":false,"group":0,"treasure":"cookie_u_l","fall":""},{"name":"BombSarai","count":1,"weight":0,"dead_end":false,"group":0,"treasure":"key","fall":""},{"name":"Tank","count":2,"weight":0,"dead_end":false,"group":1,"treasure":"momiji_normal","fall":""},{"name":"GasHiba","count":3,"weight":0,"dead_end":false,"group":5,"treasure":null,"fall":""},{"name":"Bomb","count":5,"weight":0,"dead_end":false,"group":5,"treasure":null,"fall":"$4"},{"name":"DaiodoGreen","count":20,"weight":0,"dead_end":false,"group":6,"treasure":null,"fall":""}],"treasures":[{"name":"kinoko","count":2,"weight":0},{"name":"cookie_m_l","count":1,"weight":0}],"gates":[]},{"name":"Sublevel 3 - Heart of the city","properties":{"unit":"1_units_houdai_metal.txt","max_rooms":1,"light":"key_light_lv0.ini","music":"caveconc_10_1.cnd","skybox":"none","corridor":0.47,"caps":50,"timer":0,"geyser":false,"clogged":false,"echo":0,"plane":false,"seesaw":false,"version":1,"max_entities":null,"max_trasures":null,"max_gates":null},"entities":[{"name":"RandPom","count":1,"weight":0,"dead_end":false,"group":0,"treasure":null,"fall":""},{"name":"Houdai","count":1,"weight":0,"dead_end":false,"group":1,"treasure":"key","fall":""},{"name":"DaiodoRed","count":30,"weight":0,"dead_end":false,"group":6,"treasure":null,"fall":""},{"name":"DaiodoGreen","count":30,"weight":0,"dead_end":false,"group":6,"treasure":null,"fall":""}],"treasures":[{"name":"saru_head","count":1,"weight":0},{"name":"saru_head","count":1,"weight":0},{"name":"saru_head","count":1,"weight":0}],"gates":[]}],"content":null}