{"sublevels":[{"name":"Sublevel 1","properties":{"unit":"3_MAT_nor4_hit2_blk1_snow.txt","max_rooms":4,"light":"normal_light_lv1.ini","music":"new_06_0.cnd","skybox":"none","corridor":0.06,"caps":50,"timer":0,"geyser":false,"clogged":false,"echo":0,"plane":false,"seesaw":false,"version":1,"max_entities":null,"max_trasures":null,"max_gates":null},"entities":[{"name":"YellowChappy","count":2,"weight":0,"dead_end":false,"group":0,"treasure":"chocowhite_l","fall":""},{"name":"YellowChappy","count":1,"weight":0,"dead_end":false,"group":0,"treasure":"Xmas_item","fall":""},{"name":"Fart","count":3,"weight":0,"dead_end":false,"group":1,"treasure":null,"fall":""},{"name":"Bomb","count":2,"weight":0,"dead_end":false,"group":1,"treasure":null,"fall":""},{"name":"Bomb","count":6,"weight":0,"dead_end":true,"group":0,"treasure":null,"fall":"$4"},{"name":"Wealthy","count":1,"weight":0,"dead_end":false,"group":0,"treasure":"key","fall":""},{"name":"MaroFrog","count":3,"weight":0,"dead_end":false,"group":1,"treasure":"kan_b_gold","fall":""},{"name":"Ooinu_l","count":5,"weight":0,"dead_end":false,"group":8,"treasure":null,"fall":""},{"name":"Ooinu_l","count":15,"weight":0,"dead_end":false,"group":1,"treasure":null,"fall":""},{"name":"Ooinu_l","count":15,"weight":0,"dead_end":false,"group":0,"treasure":null,"fall":""}],"treasures":[{"name":"denchi_1_red","count":1,"weight":0},{"name":"teala_dia_a","count":1,"weight":0}],"gates":[]},{"name":"Sublevel 2","properties":{"unit":"2_MAT_ike3_sak1_snow.txt","max_rooms":4,"light":"tutorial_1_light.ini","music":"new_06_0.cnd","skybox":"none","corridor":0.06,"caps":50,"timer":0,"geyser":false,"clogged":false,"echo":0,"plane":false,"seesaw":false,"version":1,"max_entities":null,"max_trasures":null,"max_gates":null},"entities":[{"name":"Fkabuto","count":1,"weight":0,"dead_end":false,"group":8,"treasure":"key","fall":""},{"name":"YellowChappy","count":1,"weight":0,"dead_end":false,"group":0,"treasure":"chess_king_black","fall":""},{"name":"Rkabuto","count":2,"weight":0,"dead_end":false,"group":0,"treasure":"castanets","fall":""},{"name":"Tank","count":2,"weight":0,"dead_end":false,"group":1,"treasure":"diamond_red","fall":""},{"name":"Wtank","count":2,"weight":0,"dead_end":false,"group":1,"treasure":"diamond_blue_l","fall":""},{"name":"Ooinu_l","count":8,"weight":0,"dead_end":false,"group":6,"treasure":null,"fall":""},{"name":"Demon","count":1,"weight":0,"dead_end":false,"group":1,"treasure":"compact","fall":""}],"treasures":[{"name":"bolt_l","count":1,"weight":0}],"gates":[]},{"name":"Sublevel 3","properties":{"unit":"3_MAT_a_h_m_renga.txt","max_rooms":3,"light":"tutorial_1_light.ini","music":"caveconc_05_0.cnd","skybox":"none","corridor":0.08,"caps":50,"timer":0,"geyser":false,"clogged":false,"echo":0,"plane":false,"seesaw":false,"version":1,"max_entities":null,"max_trasures":null,"max_gates":null},"entities":[{"name":"BlackPom","count":1,"weight":0,"dead_end":true,"group":0,"treasure":null,"fall":""},{"name":"Demon","count":1,"weight":0,"dead_end":true,"group":0,"treasure":null,"fall":"$3"},{"name":"Demon","count":3,"weight":0,"dead_end":false,"group":1,"treasure":"dia_c_green","fall":""},{"name":"Egg","count":3,"weight":0,"dead_end":true,"group":0,"treasure":null,"fall":"$"},{"name":"Bomb","count":3,"weight":0,"dead_end":false,"group":0,"treasure":null,"fall":"$2"},{"name":"ElecHiba","count":4,"weight":0,"dead_end":false,"group":5,"treasure":null,"fall":""},{"name":"ElecBug","count":5,"weight":0,"dead_end":false,"group":0,"treasure":"denchi_2_black","fall":""},{"name":"ElecBug","count":5,"weight":0,"dead_end":false,"group":1,"treasure":"flower_blue","fall":""},{"name":"Ooinu_l","count":2,"weight":0,"dead_end":false,"group":6,"treasure":null,"fall":""},{"name":"Ooinu_s","count":8,"weight":0,"dead_end":false,"group":6,"treasure":null,"fall":""}],"treasures":[{"name":"ahiru","count":1,"weight":0},{"name":"toy_ring_c_green","count":1,"weight":0},{"name":"key","count":1,"weight":0}],"gates":[{"word":"gate","health":3000,"weight":1},{"word":"gate","health":3000,"weight":1}]},{"name":"Sublevel 4","properties":{"unit":"3_units_d_g_m_conc.txt","max_rooms":4,"light":"tutorial_1_light.ini","music":"caveconc_05_1.cnd","skybox":"none","corridor":0.08,"caps":50,"timer":0,"geyser":false,"clogged":true,"echo":0,"plane":false,"seesaw":false,"version":1,"max_entities":null,"max_trasures":null,"max_gates":null},"entities":[{"name":"RandPom","count":1,"weight":0,"dead_end":true,"group":0,"treasure":null,"fall":"$"},{"name":"WhitePom","count":1,"weight":0,"dead_end":true,"group":0,"treasure":null,"fall":""},{"name":"Bomb","count":4,"weight":0,"dead_end":true,"group":0,"treasure":null,"fall":"$"},{"name":"LeafChappy","count":1,"weight":0,"dead_end":false,"group":0,"treasure":"key","fall":""},{"name":"KumaChappy","count":1,"weight":0,"dead_end":false,"group":0,"treasure":"bell_red","fall":""},{"name":"ElecHiba","count":3,"weight":0,"dead_end":false,"group":5,"treasure":null,"fall":""},{"name":"Hiba","count":3,"weight":0,"dead_end":false,"group":5,"treasure":null,"fall":""},{"name":"GasHiba","count":3,"weight":0,"dead_end":false,"group":5,"treasure":null,"fall":""},{"name":"Bomb","count":3,"weight":0,"dead_end":false,"group":5,"treasure":null,"fall":"$2"},{"name":"Rock","count":3,"weight":0,"dead_end":false,"group":5,"treasure":null,"fall":"$2"},{"name":"KumaKochappy","count":10,"weight":0,"dead_end":false,"group":0,"treasure":"cookie_m_l","fall":""},{"name":"Hiba","count":1,"weight":0,"dead_end":false,"group":1,"treasure":null,"fall":""},{"name":"GasHiba","count":1,"weight":0,"dead_end":false,"group":1,"treasure":null,"fall":""},{"name":"ElecHiba","count":1,"weight":0,"dead_end":false,"group":1,"treasure":null,"fall":""},{"name":"Rock","count":1,"weight":0,"dead_end":false,"group":1,"treasure":null,"fall":"$2"},{"name":"Bomb","count":1,"weight":0,"dead_end":false,"group":1,"treasure":null,"fall":"$2"}],"treasures":[{"name":"saru_head","count":1,"weight":0},{"name":"toy_ring_a_green","count":1,"weight":0}],"gates":[]},{"name":"Sublevel 5","properties":{"unit":"1_MAT_cent2_tsuchi.txt","max_rooms":2,"light":"normal_light_lv0.ini","music":"caverelax.cnd","skybox":"none","corridor":0.0,"caps":100,"timer":0,"geyser":false,"clogged":false,"echo":0,"plane":false,"seesaw":false,"version":1,"max_entities":null,"max_trasures":null,"max_gates":null},"entities":[{"name":"BlackPom","count":1,"weight":0,"dead_end":true,"group":0,"treasure":null,"fall":""},{"name":"WhitePom","count":1,"weight":0,"dead_end":true,"group":0,"treasure":null,"fall":""},{"name":"BluePom","count":1,"weight":0,"dead_end":true,"group":0,"treasure":null,"fall":""},{"name":"Egg","count":1,"weight":0,"dead_end":true,"group":0,"treasure":null,"fall":""},{"name":"Miulin","count":4,"weight":0,"dead_end":false,"group":0,"treasure":"channel","fall":""},{"name":"Mar","count":1,"weight":0,"dead_end":false,"group":1,"treasure":"key","fall":""},{"name":"WaterOtakara","count":2,"weight":0,"dead_end":false,"group":1,"treasure":null,"fall":""},{"name":"ShijimiChou","count":1,"weight":0,"dead_end":false,"group":1,"treasure":null,"fall":""},{"name":"Magaret","count":4,"weight":0,"dead_end":false,"group":6,"treasure":null,"fall":""},{"name":"Wakame_s","count":1,"weight":0,"dead_end":false,"group":6,"treasure":null,"fall":""},{"name":"Wakame_l","count":1,"weight":0,"dead_end":false,"group":6,"treasure":null,"fall":""},{"name":"Ooinu_s","count":12,"weight":0,"dead_end":false,"group":6,"treasure":null,"fall":""},{"name":"Clover","count":8,"weight":0,"dead_end":false,"group":6,"treasure":null,"fall":""},{"name":"Ooinu_l","count":3,"weight":0,"dead_end":false,"group":1,"treasure":null,"fall":""}],"treasures":[],"gates":[{"word":"gate","health":1000,"weight":1}]},{"name":"Sublevel 6","properties":{"unit":"1_units_ike4_tsuchi.txt","max_rooms":1,"light":"normal_light_lv4.ini","music":"new_01_0.cnd","skybox":"none","corridor":0.08,"caps":50,"timer":0,"geyser":false,"clogged":true,"echo":0,"plane":false,"seesaw":false,"version":1,"max_entities":null,"max_trasures":null,"max_gates":null},"entities":[{"name":"BluePom","count":1,"weight":0,"dead_end":true,"group":0,"treasure":null,"fall":""},{"name":"Egg","count":1,"weight":0,"dead_end":true,"group":0,"treasure":null,"fall":""},{"name":"Hiba","count":5,"weight":0,"dead_end":false,"group":5,"treasure":null,"fall":""},{"name":"HikariKinoko","count":4,"weight":0,"dead_end":false,"group":6,"treasure":null,"fall":""},{"name":"Tukushi","count":4,"weight":0,"dead_end":false,"group":6,"treasure":null,"fall":""},{"name":"LeafChappy","count":1,"weight":0,"dead_end":false,"group":1,"treasure":"g_futa_daisen","fall":""},{"name":"Catfish","count":4,"weight":0,"dead_end":false,"group":1,"treasure":"turi_uki","fall":""},{"name":"Fkabuto","count":1,"weight":0,"dead_end":false,"group":8,"treasure":"key","fall":""},{"name":"Rkabuto","count":1,"weight":0,"dead_end":false,"group":0,"treasure":"donutsichigo_s","fall":""},{"name":"Rkabuto","count":1,"weight":0,"dead_end":false,"group":0,"treasure":"donutsichigo_s","fall":""},{"name":"Rkabuto","count":1,"weight":0,"dead_end":false,"group":0,"treasure":"donutsichigo_s","fall":""},{"name":"MaroFrog","count":1,"weight":0,"dead_end":false,"group":0,"treasure":"denchi_2_red","fall":""},{"name":"MaroFrog","count":1,"weight":0,"dead_end":false,"group":0,"treasure":"denchi_2_red","fall":""},{"name":"MaroFrog","count":1,"weight":0,"dead_end":false,"group":0,"treasure":"denchi_2_red","fall":""}],"treasures":[{"name":"chess_queen_black","count":1,"weight":0},{"name":"chess_king_white","count":1,"weight":0},{"name":"bolt_l","count":1,"weight":0}],"gates":[]},{"name":"Sublevel 7","properties":{"unit":"3_units_mid1_hit1_ike2_tsuchi.txt","max_rooms":3,"light":"normal_light_lv4.ini","music":"cavesoil_00_2.cnd","skybox":"none","corridor":0.0,"caps":75,"timer":0,"geyser":false,"clogged":false,"echo":0,"plane":false,"seesaw":false,"version":1,"max_entities":null,"max_trasures":null,"max_gates":null},"entities":[{"name":"Kochappy","count":1,"weight":0,"dead_end":true,"group":0,"treasure":"yoyo_red","fall":""},{"name":"BluePom","count":1,"weight":0,"dead_end":true,"group":0,"treasure":null,"fall":""},{"name":"Wealthy","count":1,"weight":0,"dead_end":true,"group":0,"treasure":null,"fall":""},{"name":"HikariKinoko","count":6,"weight":0,"dead_end":false,"group":6,"treasure":null,"fall":""},{"name":"Tukushi","count":2,"weight":0,"dead_end":false,"group":6,"treasure":null,"fall":""},{"name":"BlueChappy","count":2,"weight":0,"dead_end":false,"group":0,"treasure":"g_futa_kajiwara","fall":""},{"name":"BlueChappy","count":1,"weight":0,"dead_end":false,"group":0,"treasure":"key","fall":""},{"name":"BlueKochappy","count":5,"weight":0,"dead_end":false,"group":1,"treasure":null,"fall":""},{"name":"Mar","count":1,"weight":0,"dead_end":false,"group":0,"treasure":"bell_yellow","fall":""},{"name":"Rock","count":9,"weight":0,"dead_end":false,"group":1,"treasure":null,"fall":"$2"},{"name":"Rock","count":4,"weight":0,"dead_end":false,"group":0,"treasure":null,"fall":"$2"}],"treasures":[{"name":"radar_b","count":1,"weight":0}],"gates":[]},{"name":"Sublevel 8","properties":{"unit":"1_units_queen_b_tsuchi.txt","max_rooms":1,"light":"normal_light_lv0.ini","music":"caveconc_00_0.cnd","skybox":"none","corridor":0.0,"caps":50,"timer":0,"geyser":false,"clogged":false,"echo":0,"plane":false,"seesaw":false,"version":1,"max_entities":null,"max_trasures":null,"max_gates":null},"entities":[{"name":"Queen","count":1,"weight":0,"dead_end":false,"group":1,"treasure":"be_dama_red","fall":""},{"name":"Baby","count":1,"weight":0,"dead_end":false,"group":0,"treasure":"key","fall":"$"},{"name":"Baby","count":12,"weight":0,"dead_end":false,"group":0,"treasure":"bird_hane","fall":"$"}],"treasures":[{"name":"be_dama_red","count":1,"weight":0},{"name":"key","count":1,"weight":0}],"gates":[]}],"content":null}