{"sublevels":[{"name":"Sublevel 1 - Sublevel 1","properties":{"unit":"1_ABE_vshit67_toy.txt","max_rooms":3,"light":"hiroba_toy_light_cha.ini","music":"cavetsumiki_00_0.cnd","skybox":"tatami","corridor":0.13,"caps":100,"timer":999999,"geyser":false,"clogged":false,"echo":0,"plane":true,"seesaw":false,"version":1,"max_entities":null,"max_trasures":null,"max_gates":null},"entities":[{"name":"BlueKochappy","count":20,"weight":0,"dead_end":false,"group":0,"treasure":null,"fall":""},{"name":"BlueChappy","count":1,"weight":0,"dead_end":false,"group":1,"treasure":"leaf_kare","fall":""},{"name":"BlueChappy","count":2,"weight":0,"dead_end":false,"group":1,"treasure":null,"fall":""},{"name":"SnakeCrow","count":1,"weight":0,"dead_end":true,"group":0,"treasure":"leaf_kare","fall":""}],"treasures":[],"gates":[]},{"name":"Sublevel 2 - Sublevel 2","properties":{"unit":"1_MAT_danh_conc.txt","max_rooms":4,"light":"normal_light_lv3.ini","music":"new_06_0.cnd","skybox":"none","corridor":0.13,"caps":100,"timer":200,"geyser":false,"clogged":true,"echo":0,"plane":false,"seesaw":false,"version":1,"max_entities":null,"max_trasures":null,"max_gates":null},"entities":[{"name":"BombSarai","count":12,"weight":0,"dead_end":false,"group":0,"treasure":null,"fall":""},{"name":"MaroFrog","count":8,"weight":0,"dead_end":false,"group":1,"treasure":null,"fall":""},{"name":"Kurage","count":7,"weight":0,"dead_end":false,"group":5,"treasure":null,"fall":""},{"name":"KumaChappy","count":1,"weight":0,"dead_end":true,"group":0,"treasure":"toy_gentle","fall":""},{"name":"Hiba","count":16,"weight":0,"dead_end":false,"group":6,"treasure":null,"fall":""}],"treasures":[{"name":"dia_b_red","count":1,"weight":0}],"gates":[{"word":"gate","health":20000,"weight":1},{"word":"gate","health":20000,"weight":1},{"word":"gate","health":20000,"weight":1},{"word":"gate","health":20000,"weight":1}]},{"name":"Sublevel 3 - Sublevel 3","properties":{"unit":"2_ABE_nobo2_nor22_metal.txt","max_rooms":2,"light":"metal_light_lv3.ini","music":"new_03_0.cnd","skybox":"build","corridor":0.125,"caps":100,"timer":99999,"geyser":false,"clogged":true,"echo":0,"plane":false,"seesaw":false,"version":1,"max_entities":null,"max_trasures":null,"max_gates":null},"entities":[{"name":"Rkabuto","count":11,"weight":0,"dead_end":false,"group":0,"treasure":null,"fall":""},{"name":"ElecOtakara","count":16,"weight":0,"dead_end":false,"group":1,"treasure":null,"fall":""},{"name":"Wtank","count":6,"weight":0,"dead_end":false,"group":5,"treasure":null,"fall":"$"},{"name":"ElecHiba","count":3,"weight":0,"dead_end":true,"group":0,"treasure":null,"fall":""},{"name":"GasHiba","count":3,"weight":0,"dead_end":false,"group":5,"treasure":null,"fall":""},{"name":"MiniHoudai","count":1,"weight":0,"dead_end":true,"group":0,"treasure":"juji_key","fall":""}],"treasures":[],"gates":[]},{"name":"Sublevel 4 - Sublevel 4","properties":{"unit":"1_ABE_manp_boss_conc.txt","max_rooms":1,"light":"toy_light_cha.ini","music":"","skybox":"none","corridor":0.13,"caps":100,"timer":999999,"geyser":false,"clogged":false,"echo":0,"plane":false,"seesaw":false,"version":1,"max_entities":null,"max_trasures":null,"max_gates":null},"entities":[{"name":"SnakeCrow","count":17,"weight":0,"dead_end":false,"group":0,"treasure":null,"fall":""},{"name":"SnakeCrow","count":2,"weight":0,"dead_end":false,"group":1,"treasure":null,"fall":""},{"name":"SnakeWhole","count":1,"weight":0,"dead_end":false,"group":1,"treasure":"silver_medal","fall":""},{"name":"RandPom","count":1,"weight":0,"dead_end":true,"group":0,"treasure":null,"fall":""}],"treasures":[],"gates":[]},{"name":"Sublevel 5 - Sublevel 5","properties":{"unit":"1_units_houdai2_metal.txt","max_rooms":3,"light":"metal_light_lv4.ini","music":"new_05_0.cnd","skybox":"none","corridor":0.135,"caps":100,"timer":500,"geyser":false,"clogged":true,"echo":0,"plane":false,"seesaw":false,"version":1,"max_entities":null,"max_trasures":null,"max_gates":null},"entities":[{"name":"Houdai","count":3,"weight":0,"dead_end":false,"group":0,"treasure":"apple","fall":""},{"name":"Damagumo","count":2,"weight":0,"dead_end":false,"group":1,"treasure":null,"fall":"$"},{"name":"Damagumo","count":1,"weight":0,"dead_end":false,"group":1,"treasure":"flask","fall":"$"},{"name":"BigFoot","count":1,"weight":0,"dead_end":false,"group":5,"treasure":"flask","fall":"$"},{"name":"FireChappy","count":7,"weight":0,"dead_end":false,"group":6,"treasure":null,"fall":""},{"name":"RedPom","count":2,"weight":0,"dead_end":true,"group":0,"treasure":null,"fall":""},{"name":"BluePom","count":2,"weight":0,"dead_end":true,"group":0,"treasure":null,"fall":""}],"treasures":[],"gates":[]},{"name":"Sublevel 6 - Sublevel 6","properties":{"unit":"3_units_a_d_north_tile.txt","max_rooms":2,"light":"toy_light_cha.ini","music":"caverelax.cnd","skybox":"none","corridor":0.12,"caps":100,"timer":999999,"geyser":true,"clogged":false,"echo":0,"plane":false,"seesaw":false,"version":1,"max_entities":null,"max_trasures":null,"max_gates":null},"entities":[{"name":"RandPom","count":3,"weight":0,"dead_end":false,"group":0,"treasure":null,"fall":""},{"name":"BlackPom","count":1,"weight":0,"dead_end":false,"group":1,"treasure":null,"fall":""},{"name":"BluePom","count":1,"weight":0,"dead_end":false,"group":1,"treasure":null,"fall":""},{"name":"WhitePom","count":1,"weight":0,"dead_end":false,"group":1,"treasure":null,"fall":""},{"name":"YellowPom","count":1,"weight":0,"dead_end":false,"group":1,"treasure":null,"fall":""},{"name":"RedPom","count":2,"weight":0,"dead_end":true,"group":0,"treasure":null,"fall":""},{"name":"Egg","count":5,"weight":0,"dead_end":true,"group":0,"treasure":null,"fall":"$"},{"name":"LeafChappy","count":3,"weight":0,"dead_end":false,"group":0,"treasure":null,"fall":""}],"treasures":[],"gates":[{"word":"gate","health":1000,"weight":1},{"word":"gate","health":1000,"weight":1},{"word":"gate","health":1000,"weight":1},{"word":"gate","health":1000,"weight":1}]},{"name":"Sublevel 7 - Sublevel 7","properties":{"unit":"1_units_tower2_toy.txt","max_rooms":3,"light":"normal_light_lv0.ini","music":"new_03_0.cnd","skybox":"flooring","corridor":0.12,"caps":50,"timer":0,"geyser":false,"clogged":true,"echo":0,"plane":true,"seesaw":false,"version":1,"max_entities":null,"max_trasures":null,"max_gates":null},"entities":[{"name":"FminiHoudai","count":3,"weight":0,"dead_end":false,"group":0,"treasure":null,"fall":""},{"name":"OoPanModoki","count":4,"weight":0,"dead_end":true,"group":0,"treasure":null,"fall":""},{"name":"ElecBug","count":25,"weight":0,"dead_end":false,"group":1,"treasure":null,"fall":""},{"name":"FireOtakara","count":22,"weight":0,"dead_end":false,"group":0,"treasure":null,"fall":""},{"name":"KumaChappy","count":1,"weight":0,"dead_end":false,"group":5,"treasure":"teala_dia_d","fall":"$5"},{"name":"Kochappy","count":6,"weight":0,"dead_end":false,"group":6,"treasure":null,"fall":""}],"treasures":[{"name":"teala_dia_d","count":1,"weight":0},{"name":"teala_dia_b","count":1,"weight":0},{"name":"teala_dia_a","count":1,"weight":0},{"name":"teala_dia_c","count":1,"weight":0}],"gates":[]},{"name":"Sublevel 8 - Sublevel 8","properties":{"unit":"1_units_white_metal.txt","max_rooms":1,"light":"toy_light_cha.ini","music":"","skybox":"build","corridor":0.13,"caps":100,"timer":9999,"geyser":false,"clogged":true,"echo":0,"plane":false,"seesaw":false,"version":1,"max_entities":null,"max_trasures":null,"max_gates":null},"entities":[{"name":"DangoMushi","count":1,"weight":0,"dead_end":false,"group":0,"treasure":"halloween","fall":""},{"name":"SnakeCrow","count":2,"weight":0,"dead_end":false,"group":1,"treasure":null,"fall":""},{"name":"GasHiba","count":13,"weight":0,"dead_end":false,"group":5,"treasure":null,"fall":""}],"treasures":[],"gates":[]},{"name":"Sublevel 9 - Sublevel 9","properties":{"unit":"2_units_ud_dry_tile.txt","max_rooms":4,"light":"normal_light_lv4.ini","music":"new_02_0.cnd","skybox":"none","corridor":0.13,"caps":100,"timer":99999,"geyser":false,"clogged":true,"echo":0,"plane":false,"seesaw":false,"version":1,"max_entities":null,"max_trasures":null,"max_gates":null},"entities":[{"name":"Chappy","count":6,"weight":0,"dead_end":false,"group":0,"treasure":null,"fall":""},{"name":"BlueChappy","count":8,"weight":0,"dead_end":false,"group":1,"treasure":null,"fall":""},{"name":"FireChappy","count":4,"weight":0,"dead_end":true,"group":0,"treasure":null,"fall":""},{"name":"KumaChappy","count":1,"weight":0,"dead_end":false,"group":0,"treasure":"bane_blue","fall":""},{"name":"KumaChappy","count":1,"weight":0,"dead_end":false,"group":1,"treasure":null,"fall":""},{"name":"KumaKochappy","count":9,"weight":0,"dead_end":false,"group":5,"treasure":null,"fall":""},{"name":"Kochappy","count":14,"weight":0,"dead_end":false,"group":1,"treasure":null,"fall":""},{"name":"BlueKochappy","count":11,"weight":0,"dead_end":false,"group":0,"treasure":null,"fall":""},{"name":"YellowChappy","count":5,"weight":0,"dead_end":false,"group":5,"treasure":null,"fall":""},{"name":"YellowKochappy","count":9,"weight":0,"dead_end":true,"group":0,"treasure":null,"fall":""},{"name":"LeafChappy","count":1,"weight":0,"dead_end":false,"group":1,"treasure":null,"fall":""}],"treasures":[],"gates":[]},{"name":"Sublevel 10 - Sublevel 10","properties":{"unit":"1_MAT_ike_kusachi.txt","max_rooms":6,"light":"kusachi_light_cha.ini","music":"new_05_0.cnd","skybox":"hiroba","corridor":0.14,"caps":100,"timer":999999,"geyser":false,"clogged":true,"echo":0,"plane":false,"seesaw":false,"version":1,"max_entities":null,"max_trasures":null,"max_gates":null},"entities":[{"name":"Hana","count":30,"weight":0,"dead_end":false,"group":0,"treasure":null,"fall":""},{"name":"KingChappy","count":1,"weight":0,"dead_end":false,"group":1,"treasure":"dia_c_red","fall":""},{"name":"KingChappy","count":1,"weight":0,"dead_end":false,"group":1,"treasure":null,"fall":""},{"name":"KingChappy","count":1,"weight":0,"dead_end":false,"group":1,"treasure":null,"fall":""},{"name":"OoPanModoki","count":3,"weight":0,"dead_end":true,"group":0,"treasure":null,"fall":""},{"name":"UjiA","count":75,"weight":0,"dead_end":false,"group":1,"treasure":null,"fall":""},{"name":"ElecOtakara","count":20,"weight":0,"dead_end":false,"group":5,"treasure":null,"fall":"$"}],"treasures":[],"gates":[]},{"name":"Sublevel 11 - Sublevel 11","properties":{"unit":"4_ABE_ike1_ike2_blk1_cnt_tsuchi.txt","max_rooms":3,"light":"normal_light_lv3.ini","music":"cavesoil_05_0.cnd","skybox":"none","corridor":0.125,"caps":100,"timer":99999,"geyser":false,"clogged":true,"echo":0,"plane":false,"seesaw":false,"version":1,"max_entities":null,"max_trasures":null,"max_gates":null},"entities":[{"name":"ElecOtakara","count":6,"weight":0,"dead_end":false,"group":0,"treasure":null,"fall":""},{"name":"FireOtakara","count":7,"weight":0,"dead_end":false,"group":1,"treasure":null,"fall":""},{"name":"GasOtakara","count":7,"weight":0,"dead_end":false,"group":5,"treasure":null,"fall":"$"},{"name":"BombOtakara","count":12,"weight":0,"dead_end":false,"group":6,"treasure":null,"fall":"$"},{"name":"WaterOtakara","count":10,"weight":0,"dead_end":false,"group":0,"treasure":null,"fall":""},{"name":"Fkabuto","count":6,"weight":0,"dead_end":true,"group":0,"treasure":null,"fall":""}],"treasures":[{"name":"dia_c_blue","count":1,"weight":0}],"gates":[]},{"name":"Sublevel 12 - Sublevel 12","properties":{"unit":"1_ABE_mid1_boss_tsuchi.txt","max_rooms":2,"light":"toy_light_cha.ini","music":"caverelax.cnd","skybox":"none","corridor":0.125,"caps":100,"timer":99999,"geyser":true,"clogged":false,"echo":0,"plane":false,"seesaw":false,"version":1,"max_entities":null,"max_trasures":null,"max_gates":null},"entities":[{"name":"RandPom","count":3,"weight":0,"dead_end":false,"group":0,"treasure":null,"fall":""},{"name":"BlackPom","count":2,"weight":0,"dead_end":true,"group":0,"treasure":null,"fall":""},{"name":"WhitePom","count":2,"weight":0,"dead_end":true,"group":0,"treasure":null,"fall":""},{"name":"LeafChappy","count":1,"weight":0,"dead_end":false,"group":1,"treasure":null,"fall":""},{"name":"Miulin","count":2,"weight":0,"dead_end":false,"group":6,"treasure":null,"fall":""},{"name":"ShijimiChou","count":100,"weight":0,"dead_end":false,"group":1,"treasure":null,"fall":""},{"name":"Egg","count":2,"weight":0,"dead_end":false,"group":5,"treasure":null,"fall":"$"}],"treasures":[],"gates":[]},{"name":"Sublevel 13 - Sublevel 13","properties":{"unit":"1_ABE_king_tsuchi.txt","max_rooms":3,"light":"normal_light_lv4.ini","music":"new_05_0.cnd","skybox":"none","corridor":0.13,"caps":100,"timer":99999,"geyser":false,"clogged":true,"echo":0,"plane":false,"seesaw":false,"version":1,"max_entities":null,"max_trasures":null,"max_gates":null},"entities":[{"name":"BigFoot","count":1,"weight":0,"dead_end":false,"group":1,"treasure":"kan_maruha","fall":"$"},{"name":"KingChappy","count":7,"weight":0,"dead_end":false,"group":0,"treasure":null,"fall":""},{"name":"Sarai","count":5,"weight":0,"dead_end":false,"group":0,"treasure":null,"fall":""},{"name":"Sarai","count":5,"weight":0,"dead_end":false,"group":0,"treasure":null,"fall":""},{"name":"Demon","count":3,"weight":0,"dead_end":false,"group":1,"treasure":null,"fall":""},{"name":"Bomb","count":17,"weight":0,"dead_end":false,"group":5,"treasure":null,"fall":"$4"},{"name":"Tobi","count":12,"weight":0,"dead_end":false,"group":0,"treasure":null,"fall":""},{"name":"Frog","count":2,"weight":0,"dead_end":false,"group":1,"treasure":null,"fall":""},{"name":"MaroFrog","count":2,"weight":0,"dead_end":false,"group":1,"treasure":null,"fall":""},{"name":"MiniHoudai","count":2,"weight":0,"dead_end":true,"group":0,"treasure":null,"fall":""}],"treasures":[],"gates":[{"word":"gate","health":7777,"weight":1}]},{"name":"Sublevel 14 - Sublevel 14","properties":{"unit":"all_units_toy.txt","max_rooms":6,"light":"toy_light_cha.ini","music":"new_03_0.cnd","skybox":"tatami","corridor":0.135,"caps":100,"timer":999999,"geyser":false,"clogged":false,"echo":0,"plane":true,"seesaw":false,"version":1,"max_entities":null,"max_trasures":null,"max_gates":null},"entities":[{"name":"OoPanModoki","count":7,"weight":0,"dead_end":true,"group":0,"treasure":null,"fall":""},{"name":"OoPanModoki","count":1,"weight":0,"dead_end":true,"group":0,"treasure":"g_futa_sakotani","fall":""},{"name":"ElecBug","count":18,"weight":0,"dead_end":false,"group":0,"treasure":null,"fall":""},{"name":"Armor","count":11,"weight":0,"dead_end":false,"group":1,"treasure":null,"fall":""},{"name":"Mar","count":3,"weight":0,"dead_end":false,"group":5,"treasure":null,"fall":"$"},{"name":"Kurage","count":2,"weight":0,"dead_end":false,"group":5,"treasure":null,"fall":"$"},{"name":"Baby","count":6,"weight":0,"dead_end":false,"group":5,"treasure":null,"fall":"$"},{"name":"MiniHoudai","count":1,"weight":0,"dead_end":false,"group":5,"treasure":"toy_ring_b_blue","fall":"$"},{"name":"GasHiba","count":5,"weight":0,"dead_end":false,"group":0,"treasure":null,"fall":""},{"name":"Hiba","count":24,"weight":0,"dead_end":false,"group":1,"treasure":null,"fall":""},{"name":"SnakeWhole","count":1,"weight":0,"dead_end":false,"group":1,"treasure":null,"fall":""}],"treasures":[],"gates":[]},{"name":"Sublevel 15 - Sublevel 15","properties":{"unit":"1_units_otakara_tile.txt","max_rooms":1,"light":"oootakara_light.ini","music":"","skybox":"none","corridor":0.135,"caps":100,"timer":99999,"geyser":false,"clogged":false,"echo":0,"plane":false,"seesaw":false,"version":1,"max_entities":null,"max_trasures":null,"max_gates":null},"entities":[{"name":"BigTreasure","count":1,"weight":0,"dead_end":false,"group":0,"treasure":null,"fall":""}],"treasures":[],"gates":[]},{"name":"Sublevel 16 - Sublevel 16","properties":{"unit":"1_units_a_tile.txt","max_rooms":5,"light":"oootakara_light.ini","music":"","skybox":"none","corridor":0.14,"caps":100,"timer":99999,"geyser":false,"clogged":false,"echo":0,"plane":false,"seesaw":false,"version":1,"max_entities":null,"max_trasures":null,"max_gates":null},"entities":[{"name":"DangoMushi","count":1,"weight":0,"dead_end":false,"group":0,"treasure":"water","fall":"$"},{"name":"UmiMushi","count":1,"weight":0,"dead_end":false,"group":1,"treasure":"elec","fall":""},{"name":"Houdai","count":1,"weight":0,"dead_end":false,"group":0,"treasure":"fire","fall":""},{"name":"Queen","count":1,"weight":0,"dead_end":false,"group":1,"treasure":"gas","fall":""},{"name":"BigFoot","count":1,"weight":0,"dead_end":false,"group":0,"treasure":"loozy","fall":"$"}],"treasures":[],"gates":[{"word":"gate","health":10000,"weight":1},{"word":"gate","health":10000,"weight":1},{"word":"gate","health":10000,"weight":1},{"word":"gate","health":10000,"weight":1},{"word":"gate","health":10000,"weight":1},{"word":"gate","health":10000,"weight":1},{"word":"gate","health":10000,"weight":1},{"word":"gate","health":10000,"weight":1},{"word":"gate","health":10000,"weight":1},{"word":"gate","health":10000,"weight":1},{"word":"gate","health":10000,"weight":1}]}],"content":null}