{"sublevels":[{"name":"Sublevel 1","properties":{"unit":"4_MAT_sak2_cen1_blk1_nor4_tsuchi.txt","max_rooms":5,"light":"normal_light_lv0.ini","music":"cavesoil_00_0.cnd","skybox":"none","corridor":0.0,"caps":50,"timer":0,"geyser":false,"clogged":false,"echo":0,"plane":false,"seesaw":false,"version":1,"max_entities":null,"max_trasures":null,"max_gates":null},"entities":[{"name":"UmiMushi","count":1,"weight":0,"dead_end":false,"group":0,"treasure":"key","fall":""},{"name":"UmiMushi","count":1,"weight":0,"dead_end":false,"group":1,"treasure":"ichigo","fall":""},{"name":"Miulin","count":2,"weight":0,"dead_end":false,"group":0,"treasure":"g_futa_nihonraku","fall":""},{"name":"PanModoki","count":1,"weight":0,"dead_end":false,"group":0,"treasure":"dia_c_blue","fall":""},{"name":"Fkabuto","count":3,"weight":0,"dead_end":false,"group":5,"treasure":"cookie","fall":""},{"name":"Tobi","count":3,"weight":0,"dead_end":false,"group":5,"treasure":"flower_blue","fall":""},{"name":"Tobi","count":3,"weight":0,"dead_end":false,"group":6,"treasure":"flower_blue","fall":""},{"name":"Wakame_l","count":1,"weight":0,"dead_end":false,"group":6,"treasure":null,"fall":""},{"name":"Catfish","count":3,"weight":0,"dead_end":false,"group":1,"treasure":"flower_blue","fall":"$"},{"name":"Catfish","count":3,"weight":0,"dead_end":false,"group":0,"treasure":"flower_blue","fall":"$"}],"treasures":[{"name":"ichigo_l","count":1,"weight":0}],"gates":[]},{"name":"Sublevel 2","properties":{"unit":"1_units_large_toy.txt","max_rooms":1,"light":"toy_light_lv0.ini","music":"new_08_1.cnd","skybox":"flooring","corridor":0.0,"caps":50,"timer":0,"geyser":false,"clogged":false,"echo":0,"plane":true,"seesaw":false,"version":1,"max_entities":null,"max_trasures":null,"max_gates":null},"entities":[{"name":"OoPanModoki","count":1,"weight":0,"dead_end":false,"group":0,"treasure":"key","fall":""},{"name":"Damagumo","count":2,"weight":0,"dead_end":false,"group":1,"treasure":"donutsichigo","fall":""},{"name":"Damagumo","count":2,"weight":0,"dead_end":false,"group":0,"treasure":"donutsichigo","fall":""},{"name":"KumaChappy","count":1,"weight":0,"dead_end":false,"group":0,"treasure":"cookie_s_l","fall":""},{"name":"KumaChappy","count":1,"weight":0,"dead_end":false,"group":1,"treasure":"cookie_s_l","fall":""},{"name":"KumaKochappy","count":5,"weight":0,"dead_end":false,"group":1,"treasure":"be_dama_blue","fall":""},{"name":"KumaKochappy","count":5,"weight":0,"dead_end":false,"group":0,"treasure":"be_dama_blue","fall":""},{"name":"Armor","count":2,"weight":0,"dead_end":false,"group":5,"treasure":"flower_blue","fall":""}],"treasures":[{"name":"teala_dia_b","count":1,"weight":0}],"gates":[]},{"name":"Sublevel 3","properties":{"unit":"1_units_spiral_conc.txt","max_rooms":2,"light":"normal_light_lv0.ini","music":"caveconc_05_0.cnd","skybox":"none","corridor":0.0,"caps":50,"timer":15,"geyser":false,"clogged":false,"echo":0,"plane":false,"seesaw":false,"version":1,"max_entities":null,"max_trasures":null,"max_gates":null},"entities":[{"name":"BlackMan","count":1,"weight":0,"dead_end":false,"group":0,"treasure":"key","fall":""},{"name":"BlackMan","count":1,"weight":0,"dead_end":false,"group":1,"treasure":"toy_dog","fall":""},{"name":"Catfish","count":7,"weight":0,"dead_end":false,"group":1,"treasure":"be_dama_red","fall":""},{"name":"Catfish","count":7,"weight":0,"dead_end":false,"group":0,"treasure":"be_dama_red","fall":""},{"name":"Tobi","count":7,"weight":0,"dead_end":false,"group":5,"treasure":"donguri","fall":""},{"name":"Mar","count":1,"weight":0,"dead_end":false,"group":0,"treasure":"dia_c_blue","fall":""},{"name":"BlackPom","count":1,"weight":0,"dead_end":true,"group":0,"treasure":null,"fall":""},{"name":"Egg","count":1,"weight":0,"dead_end":true,"group":0,"treasure":null,"fall":""}],"treasures":[{"name":"Xmas_item","count":1,"weight":0}],"gates":[]},{"name":"Sublevel 4","properties":{"unit":"1_units_houdai_metal.txt","max_rooms":1,"light":"metal_light_lv0.ini","music":"cavemetal_05_0.cnd","skybox":"build","corridor":0.05,"caps":50,"timer":0,"geyser":false,"clogged":false,"echo":0,"plane":false,"seesaw":false,"version":1,"max_entities":null,"max_trasures":null,"max_gates":null},"entities":[{"name":"FireChappy","count":2,"weight":0,"dead_end":false,"group":0,"treasure":"be_dama_blue_l","fall":""},{"name":"BlueChappy","count":1,"weight":0,"dead_end":false,"group":0,"treasure":"be_dama_red_l","fall":""},{"name":"Houdai","count":1,"weight":0,"dead_end":false,"group":1,"treasure":"key","fall":""},{"name":"KumaChappy","count":1,"weight":0,"dead_end":false,"group":8,"treasure":"diamond_blue_l","fall":""}],"treasures":[],"gates":[]},{"name":"Sublevel 5","properties":{"unit":"all_units_renga.txt","max_rooms":5,"light":"normal_light_lv0.ini","music":"new_06_0.cnd","skybox":"none","corridor":0.2,"caps":50,"timer":0,"geyser":false,"clogged":false,"echo":0,"plane":false,"seesaw":false,"version":1,"max_entities":null,"max_trasures":null,"max_gates":null},"entities":[{"name":"KumaChappy","count":1,"weight":0,"dead_end":false,"group":0,"treasure":"key","fall":""},{"name":"KumaChappy","count":1,"weight":0,"dead_end":false,"group":5,"treasure":"diamond_blue_l","fall":""},{"name":"KumaChappy","count":2,"weight":0,"dead_end":false,"group":1,"treasure":"diamond_blue_l","fall":""},{"name":"KumaChappy","count":1,"weight":0,"dead_end":false,"group":0,"treasure":"diamond_blue_l","fall":""}],"treasures":[{"name":"turi_uki","count":1,"weight":0}],"gates":[]},{"name":"Sublevel 6","properties":{"unit":"1_MIYA_bunki_tile.txt","max_rooms":1,"light":"normal_light_lv0.ini","music":"cavetile_00_0.cnd","skybox":"none","corridor":0.0,"caps":50,"timer":0,"geyser":false,"clogged":false,"echo":0,"plane":false,"seesaw":false,"version":1,"max_entities":null,"max_trasures":null,"max_gates":null},"entities":[{"name":"DangoMushi","count":1,"weight":0,"dead_end":false,"group":0,"treasure":"key","fall":""},{"name":"DangoMushi","count":1,"weight":0,"dead_end":false,"group":1,"treasure":"bell_blue","fall":""},{"name":"BlueKochappy","count":5,"weight":0,"dead_end":false,"group":0,"treasure":"flower_blue","fall":""},{"name":"BlueKochappy","count":5,"weight":0,"dead_end":false,"group":1,"treasure":"flower_blue","fall":""},{"name":"BlueKochappy","count":3,"weight":0,"dead_end":false,"group":5,"treasure":"flower_blue","fall":""}],"treasures":[{"name":"gum_tape","count":1,"weight":0}],"gates":[]},{"name":"Sublevel 7","properties":{"unit":"1_MIYA_big_kusachi.txt","max_rooms":2,"light":"normal_light_lv0.ini","music":"caveglass_00_0.cnd","skybox":"hiroba","corridor":0.0,"caps":50,"timer":0,"geyser":false,"clogged":false,"echo":0,"plane":true,"seesaw":false,"version":1,"max_entities":null,"max_trasures":null,"max_gates":null},"entities":[{"name":"SnakeWhole","count":1,"weight":0,"dead_end":false,"group":0,"treasure":"key","fall":""},{"name":"SnakeWhole","count":1,"weight":0,"dead_end":false,"group":1,"treasure":"bey_goma","fall":""},{"name":"SnakeCrow","count":4,"weight":0,"dead_end":false,"group":1,"treasure":"ichigo","fall":""},{"name":"SnakeCrow","count":3,"weight":0,"dead_end":false,"group":0,"treasure":"ichigo","fall":""}],"treasures":[{"name":"gear_silver","count":1,"weight":0}],"gates":[]},{"name":"Sublevel 8","properties":{"unit":"1_units_otakara_tile.txt","max_rooms":1,"light":"oootakara_light.ini","music":"new_02_0.cnd","skybox":"none","corridor":0.0,"caps":50,"timer":0,"geyser":false,"clogged":false,"echo":0,"plane":false,"seesaw":false,"version":1,"max_entities":null,"max_trasures":null,"max_gates":null},"entities":[{"name":"BigFoot","count":1,"weight":0,"dead_end":false,"group":1,"treasure":"key","fall":""},{"name":"KingChappy","count":4,"weight":0,"dead_end":false,"group":0,"treasure":"diamond_red","fall":""}],"treasures":[],"gates":[]},{"name":"Sublevel 9","properties":{"unit":"1_ABE_mid1_metal.txt","max_rooms":5,"light":"metal_light_lv0.ini","music":"caverelax.cnd","skybox":"none","corridor":0.12,"caps":50,"timer":0,"geyser":false,"clogged":false,"echo":0,"plane":false,"seesaw":false,"version":1,"max_entities":null,"max_trasures":null,"max_gates":null},"entities":[{"name":"RandPom","count":4,"weight":0,"dead_end":false,"group":0,"treasure":null,"fall":""},{"name":"Egg","count":2,"weight":0,"dead_end":false,"group":1,"treasure":null,"fall":""},{"name":"BlackPom","count":1,"weight":0,"dead_end":false,"group":1,"treasure":null,"fall":""},{"name":"WhitePom","count":1,"weight":0,"dead_end":true,"group":0,"treasure":null,"fall":""}],"treasures":[{"name":"key","count":1,"weight":0}],"gates":[]},{"name":"Sublevel 10","properties":{"unit":"1_units_purple_snow.txt","max_rooms":1,"light":"oootakara_light.ini","music":"new_00_1.cnd","skybox":"none","corridor":0.0,"caps":50,"timer":1,"geyser":false,"clogged":false,"echo":0,"plane":false,"seesaw":false,"version":1,"max_entities":null,"max_trasures":null,"max_gates":null},"entities":[{"name":"SnakeWhole","count":1,"weight":0,"dead_end":false,"group":8,"treasure":"key","fall":""},{"name":"KingChappy","count":1,"weight":0,"dead_end":false,"group":8,"treasure":"diamond_red","fall":""},{"name":"KumaChappy","count":1,"weight":0,"dead_end":false,"group":8,"treasure":"be_dama_blue","fall":"$"},{"name":"DaiodoRed","count":4,"weight":0,"dead_end":false,"group":6,"treasure":null,"fall":""},{"name":"KingChappy","count":1,"weight":0,"dead_end":false,"group":1,"treasure":"donutschoco_s","fall":""},{"name":"KingChappy","count":1,"weight":0,"dead_end":false,"group":0,"treasure":"donutschoco_s","fall":""},{"name":"SnakeCrow","count":1,"weight":0,"dead_end":false,"group":0,"treasure":"cookie_s","fall":""},{"name":"SnakeCrow","count":2,"weight":0,"dead_end":false,"group":1,"treasure":"cookie_s","fall":""},{"name":"BlueChappy","count":2,"weight":0,"dead_end":false,"group":0,"treasure":"chocowhite_l","fall":""},{"name":"BlueKochappy","count":3,"weight":0,"dead_end":false,"group":0,"treasure":"flower_blue","fall":""},{"name":"BlueKochappy","count":2,"weight":0,"dead_end":false,"group":6,"treasure":"flower_blue","fall":""}],"treasures":[{"name":"fue_a","count":1,"weight":0}],"gates":[]}],"content":null}