{"sublevels":[{"name":"Sublevel 1","properties":{"unit":"3_MAT_ike3_mid2_sak1_snow.txt","max_rooms":2,"light":"forest_2_siro_light.ini","music":"new_00_1.cnd","skybox":"ice","corridor":0.12,"caps":50,"timer":0,"geyser":true,"clogged":false,"echo":0,"plane":true,"seesaw":false,"version":1,"max_entities":null,"max_trasures":null,"max_gates":null},"entities":[{"name":"Frog","count":1,"weight":0,"dead_end":false,"group":1,"treasure":"key","fall":""},{"name":"UjiA","count":10,"weight":0,"dead_end":false,"group":0,"treasure":null,"fall":""}],"treasures":[{"name":"baum_kuchen_s","count":1,"weight":0}],"gates":[{"word":"gate","health":500,"weight":1}]}],"content":null}