{"sublevels":[{"name":"Sublevel 1","properties":{"unit":"1_MAT_tower2_toy.txt","max_rooms":1,"light":"toy_light_cha.ini","music":"caveglass_00_0.cnd","skybox":"desert","corridor":0.0,"caps":50,"timer":0,"geyser":false,"clogged":false,"echo":0,"plane":true,"seesaw":false,"version":1,"max_entities":null,"max_trasures":null,"max_gates":null},"entities":[{"name":"KingChappy","count":1,"weight":0,"dead_end":false,"group":8,"treasure":"key","fall":""},{"name":"KumaKochappy","count":1,"weight":0,"dead_end":false,"group":1,"treasure":"donguri","fall":""},{"name":"KumaKochappy","count":1,"weight":0,"dead_end":false,"group":1,"treasure":"donguri","fall":""},{"name":"KumaKochappy","count":1,"weight":0,"dead_end":false,"group":1,"treasure":"donguri","fall":""},{"name":"KumaKochappy","count":1,"weight":0,"dead_end":false,"group":1,"treasure":"donguri","fall":""},{"name":"KumaKochappy","count":1,"weight":0,"dead_end":false,"group":1,"treasure":"donguri","fall":""},{"name":"Kochappy","count":1,"weight":0,"dead_end":false,"group":1,"treasure":"flower_red","fall":""},{"name":"Kochappy","count":1,"weight":0,"dead_end":false,"group":1,"treasure":"flower_red","fall":""},{"name":"Kochappy","count":1,"weight":0,"dead_end":false,"group":1,"treasure":"flower_red","fall":""},{"name":"Kochappy","count":1,"weight":0,"dead_end":false,"group":1,"treasure":"flower_red","fall":""},{"name":"Kochappy","count":1,"weight":0,"dead_end":false,"group":1,"treasure":"flower_red","fall":""},{"name":"Kochappy","count":1,"weight":0,"dead_end":false,"group":0,"treasure":"flower_red","fall":""},{"name":"Kochappy","count":1,"weight":0,"dead_end":false,"group":0,"treasure":"flower_red","fall":""},{"name":"Kochappy","count":1,"weight":0,"dead_end":false,"group":0,"treasure":"flower_red","fall":""},{"name":"Watage","count":1,"weight":0,"dead_end":false,"group":1,"treasure":null,"fall":""},{"name":"Watage","count":1,"weight":0,"dead_end":false,"group":1,"treasure":null,"fall":""},{"name":"Watage","count":1,"weight":0,"dead_end":false,"group":1,"treasure":null,"fall":""},{"name":"Chappy","count":1,"weight":0,"dead_end":false,"group":0,"treasure":"ichigo","fall":""},{"name":"KumaChappy","count":1,"weight":0,"dead_end":false,"group":0,"treasure":"ichigo_l","fall":""},{"name":"Kochappy","count":1,"weight":0,"dead_end":false,"group":0,"treasure":"flower_red","fall":""},{"name":"Hiba","count":1,"weight":0,"dead_end":false,"group":5,"treasure":null,"fall":""},{"name":"Hiba","count":1,"weight":0,"dead_end":false,"group":5,"treasure":null,"fall":""},{"name":"ElecHiba","count":1,"weight":0,"dead_end":false,"group":5,"treasure":null,"fall":""},{"name":"ElecHiba","count":1,"weight":0,"dead_end":false,"group":5,"treasure":null,"fall":""},{"name":"GasHiba","count":1,"weight":0,"dead_end":false,"group":5,"treasure":null,"fall":""},{"name":"GasHiba","count":1,"weight":0,"dead_end":false,"group":5,"treasure":null,"fall":""},{"name":"KareOoinu_l","count":1,"weight":0,"dead_end":false,"group":6,"treasure":null,"fall":""},{"name":"KareOoinu_l","count":1,"weight":0,"dead_end":false,"group":6,"treasure":null,"fall":""},{"name":"Nekojarashi","count":1,"weight":0,"dead_end":false,"group":5,"treasure":null,"fall":""}],"treasures":[{"name":"saru_head","count":1,"weight":0},{"name":"sinjyu","count":1,"weight":0},{"name":"makigai","count":1,"weight":0},{"name":"akagai","count":1,"weight":0}],"gates":[]}],"content":null}