{"sublevels":[{"name":"Sublevel 1","properties":{"unit":"all_units_tile.txt","max_rooms":5,"light":"toy_light_lv3.ini","music":"caveconc_00_0.cnd","skybox":"build","corridor":0.12,"caps":50,"timer":0,"geyser":false,"clogged":false,"echo":0,"plane":false,"seesaw":false,"version":1,"max_entities":null,"max_trasures":null,"max_gates":null},"entities":[{"name":"BlueChappy","count":5,"weight":0,"dead_end":false,"group":1,"treasure":null,"fall":""},{"name":"BlueChappy","count":1,"weight":0,"dead_end":false,"group":0,"treasure":null,"fall":"$"},{"name":"BlueChappy","count":1,"weight":0,"dead_end":false,"group":0,"treasure":"key","fall":"$"},{"name":"BlueChappy","count":10,"weight":0,"dead_end":true,"group":0,"treasure":null,"fall":""},{"name":"BlueKochappy","count":3,"weight":0,"dead_end":false,"group":0,"treasure":"chocoichigo","fall":""},{"name":"Hiba","count":15,"weight":0,"dead_end":false,"group":5,"treasure":null,"fall":""},{"name":"BlueKochappy","count":15,"weight":0,"dead_end":false,"group":0,"treasure":null,"fall":""},{"name":"BlueKochappy","count":6,"weight":0,"dead_end":false,"group":0,"treasure":null,"fall":"$2"}],"treasures":[{"name":"donutschoco","count":3,"weight":0},{"name":"donutsichigo","count":4,"weight":0}],"gates":[{"word":"gate","health":2500,"weight":1},{"word":"gate","health":2500,"weight":1},{"word":"gate","health":2500,"weight":1},{"word":"gate","health":2500,"weight":1},{"word":"gate","health":2500,"weight":1}]}],"content":null}