{"sublevels":[{"name":"Sublevel 1","properties":{"unit":"1_ABE_vshit67_toy.txt","max_rooms":2,"light":"toy_light_lv3.ini","music":"new_08_0.cnd","skybox":"hiroba","corridor":0.1,"caps":50,"timer":0,"geyser":false,"clogged":false,"echo":0,"plane":true,"seesaw":false,"version":1,"max_entities":null,"max_trasures":null,"max_gates":null},"entities":[{"name":"BlueChappy","count":3,"weight":0,"dead_end":false,"group":0,"treasure":null,"fall":""},{"name":"Fuefuki","count":1,"weight":0,"dead_end":false,"group":0,"treasure":"saru_head","fall":""},{"name":"Sokkuri","count":4,"weight":0,"dead_end":false,"group":0,"treasure":null,"fall":""},{"name":"ShijimiChou","count":40,"weight":0,"dead_end":false,"group":6,"treasure":null,"fall":""},{"name":"Hana","count":50,"weight":0,"dead_end":false,"group":6,"treasure":null,"fall":""},{"name":"Ooinu_l","count":40,"weight":0,"dead_end":false,"group":6,"treasure":null,"fall":""},{"name":"Tanpopo","count":20,"weight":0,"dead_end":false,"group":6,"treasure":null,"fall":""},{"name":"Nekojarashi","count":50,"weight":0,"dead_end":false,"group":6,"treasure":null,"fall":""},{"name":"Mar","count":1,"weight":0,"dead_end":false,"group":1,"treasure":"key","fall":""},{"name":"Wealthy","count":1,"weight":0,"dead_end":true,"group":0,"treasure":"haniwa","fall":""},{"name":"Magaret","count":20,"weight":0,"dead_end":false,"group":6,"treasure":null,"fall":""}],"treasures":[{"name":"dia_a_red","count":1,"weight":0},{"name":"ichigo_l","count":1,"weight":0},{"name":"cookie_s_l","count":1,"weight":0},{"name":"kan_b_silver","count":1,"weight":0}],"gates":[{"word":"gate","health":1000,"weight":1},{"word":"gate","health":10000,"weight":1}]},{"name":"Sublevel 2","properties":{"unit":"1_ABE_ari_metal.txt","max_rooms":2,"light":"normal_light_lv2.ini","music":"caveconc_00_0.cnd","skybox":"test","corridor":0.2,"caps":50,"timer":0,"geyser":false,"clogged":false,"echo":0,"plane":false,"seesaw":false,"version":1,"max_entities":null,"max_trasures":null,"max_gates":null},"entities":[{"name":"Bomb","count":1,"weight":0,"dead_end":true,"group":0,"treasure":null,"fall":"$4"},{"name":"Miulin","count":1,"weight":0,"dead_end":false,"group":1,"treasure":"fue_a","fall":""},{"name":"UmiMushiBlind","count":1,"weight":0,"dead_end":false,"group":0,"treasure":"key","fall":""},{"name":"Watage","count":70,"weight":0,"dead_end":false,"group":6,"treasure":null,"fall":""},{"name":"HikariKinoko","count":40,"weight":0,"dead_end":false,"group":6,"treasure":null,"fall":""},{"name":"Wakame_l","count":10,"weight":0,"dead_end":false,"group":6,"treasure":null,"fall":""},{"name":"Egg","count":1,"weight":0,"dead_end":true,"group":0,"treasure":null,"fall":"$"}],"treasures":[{"name":"locket","count":1,"weight":0},{"name":"chocoichigo_l","count":1,"weight":0}],"gates":[{"word":"gate","health":1000,"weight":1},{"word":"gate","health":1000,"weight":1}]},{"name":"Sublevel 3","properties":{"unit":"all_units_snow.txt","max_rooms":2,"light":"normal_light_lv4.ini","music":"new_00_0.cnd","skybox":"ice","corridor":0.2,"caps":50,"timer":0,"geyser":false,"clogged":false,"echo":0,"plane":false,"seesaw":false,"version":1,"max_entities":null,"max_trasures":null,"max_gates":null},"entities":[{"name":"YellowChappy","count":2,"weight":0,"dead_end":false,"group":0,"treasure":null,"fall":""},{"name":"YellowKochappy","count":3,"weight":0,"dead_end":false,"group":0,"treasure":null,"fall":""},{"name":"Rock","count":4,"weight":0,"dead_end":false,"group":5,"treasure":null,"fall":"$5"},{"name":"KumaChappy","count":1,"weight":0,"dead_end":true,"group":0,"treasure":"haniwa","fall":"$"},{"name":"OniKurage","count":1,"weight":0,"dead_end":false,"group":1,"treasure":"key","fall":""}],"treasures":[{"name":"g_futa_nihonraku","count":1,"weight":0},{"name":"donutschoco","count":1,"weight":0},{"name":"flower_red","count":1,"weight":0},{"name":"gas","count":1,"weight":0}],"gates":[{"word":"gate","health":10000,"weight":1},{"word":"gate","health":1000,"weight":1},{"word":"gate","health":1000,"weight":1}]},{"name":"Sublevel 4","properties":{"unit":"1_MAT_manq_conc.txt","max_rooms":2,"light":"normal_light_lv2.ini","music":"caveconc_10_0.cnd","skybox":"test","corridor":0.2,"caps":50,"timer":0,"geyser":false,"clogged":false,"echo":0,"plane":false,"seesaw":false,"version":1,"max_entities":null,"max_trasures":null,"max_gates":null},"entities":[{"name":"Miulin","count":20,"weight":0,"dead_end":false,"group":6,"treasure":null,"fall":""},{"name":"Chappy","count":10,"weight":0,"dead_end":false,"group":6,"treasure":null,"fall":""},{"name":"Jigumo","count":1,"weight":0,"dead_end":false,"group":5,"treasure":"key","fall":""},{"name":"Rkabuto","count":1,"weight":0,"dead_end":false,"group":5,"treasure":"wadou_kaichin","fall":""},{"name":"Magaret","count":40,"weight":0,"dead_end":false,"group":6,"treasure":null,"fall":""},{"name":"Ooinu_l","count":50,"weight":0,"dead_end":false,"group":6,"treasure":null,"fall":""},{"name":"Tanpopo","count":30,"weight":0,"dead_end":false,"group":6,"treasure":null,"fall":""}],"treasures":[{"name":"dia_c_blue","count":1,"weight":0},{"name":"donutschoco","count":1,"weight":0}],"gates":[{"word":"gate","health":1000,"weight":1},{"word":"gate","health":1000,"weight":1},{"word":"gate","health":1000,"weight":1}]},{"name":"Sublevel 5","properties":{"unit":"1_ABE_manp_boss_conc.txt","max_rooms":2,"light":"normal_light_lv3.ini","music":"caverelax.cnd","skybox":"test","corridor":0.2,"caps":50,"timer":0,"geyser":false,"clogged":false,"echo":0,"plane":false,"seesaw":false,"version":1,"max_entities":null,"max_trasures":null,"max_gates":null},"entities":[{"name":"DangoMushi","count":1,"weight":0,"dead_end":false,"group":0,"treasure":"key","fall":"$"}],"treasures":[],"gates":[{"word":"gate","health":1000,"weight":1}]}],"content":null}