{"sublevels":[{"name":"Sublevel 1","properties":{"unit":"test.txt","max_rooms":1,"light":"sirohana_light_lv0.ini","music":"new_01_0.cnd","skybox":"none","corridor":0.2,"caps":50,"timer":0,"geyser":false,"clogged":false,"echo":0,"plane":false,"seesaw":false,"version":1,"max_entities":null,"max_trasures":null,"max_gates":null},"entities":[{"name":"Kochappy","count":1,"weight":0,"dead_end":false,"group":0,"treasure":"donguri","fall":""},{"name":"Kochappy","count":1,"weight":0,"dead_end":false,"group":0,"treasure":"donguri","fall":""},{"name":"Kochappy","count":1,"weight":0,"dead_end":false,"group":1,"treasure":"key","fall":""},{"name":"Tobi","count":1,"weight":0,"dead_end":false,"group":8,"treasure":"cookie","fall":""},{"name":"Tobi","count":1,"weight":0,"dead_end":false,"group":0,"treasure":"cookie_s","fall":""},{"name":"Tobi","count":1,"weight":0,"dead_end":false,"group":0,"treasure":"cookie_s","fall":""},{"name":"Magaret","count":30,"weight":0,"dead_end":false,"group":6,"treasure":null,"fall":""}],"treasures":[{"name":"compact","count":1,"weight":0},{"name":"dia_c_blue","count":1,"weight":0}],"gates":[]},{"name":"Sublevel 2","properties":{"unit":"test.txt","max_rooms":1,"light":"vs_7_light.ini","music":"cavesoil_05_3.cnd","skybox":"none","corridor":0.2,"caps":50,"timer":0,"geyser":false,"clogged":false,"echo":0,"plane":false,"seesaw":false,"version":1,"max_entities":null,"max_trasures":null,"max_gates":null},"entities":[{"name":"PanModoki","count":1,"weight":0,"dead_end":false,"group":0,"treasure":"cookie_u","fall":""},{"name":"Mar","count":1,"weight":0,"dead_end":false,"group":1,"treasure":"bane","fall":""},{"name":"WaterOtakara","count":10,"weight":0,"dead_end":false,"group":6,"treasure":null,"fall":""},{"name":"WaterOtakara","count":10,"weight":0,"dead_end":false,"group":6,"treasure":null,"fall":""},{"name":"WaterOtakara","count":10,"weight":0,"dead_end":false,"group":6,"treasure":null,"fall":""},{"name":"Armor","count":1,"weight":0,"dead_end":false,"group":0,"treasure":"key","fall":""}],"treasures":[{"name":"tape_blue","count":1,"weight":0},{"name":"yoyo_red","count":1,"weight":0}],"gates":[]},{"name":"Sublevel 3","properties":{"unit":"test.txt","max_rooms":1,"light":"muraon_light_lv3.ini","music":"cavemetal_05_3.cnd","skybox":"none","corridor":0.2,"caps":50,"timer":0,"geyser":false,"clogged":false,"echo":0,"plane":false,"seesaw":false,"version":1,"max_entities":null,"max_trasures":null,"max_gates":null},"entities":[{"name":"Catfish","count":1,"weight":0,"dead_end":false,"group":0,"treasure":"milk_cap","fall":""},{"name":"Catfish","count":1,"weight":0,"dead_end":false,"group":0,"treasure":"milk_cap","fall":""},{"name":"Catfish","count":1,"weight":0,"dead_end":false,"group":0,"treasure":"milk_cap","fall":""},{"name":"FminiHoudai","count":1,"weight":0,"dead_end":false,"group":1,"treasure":"key","fall":""},{"name":"Hiba","count":10,"weight":0,"dead_end":false,"group":6,"treasure":null,"fall":""},{"name":"Hiba","count":10,"weight":0,"dead_end":false,"group":6,"treasure":null,"fall":""},{"name":"Hiba","count":10,"weight":0,"dead_end":false,"group":6,"treasure":null,"fall":""}],"treasures":[{"name":"matu_bokkuri","count":1,"weight":0},{"name":"donguri_l","count":1,"weight":0}],"gates":[]},{"name":"Sublevel 4","properties":{"unit":"test.txt","max_rooms":1,"light":"kumomei_light_cha.ini","music":"new_04_0.cnd","skybox":"none","corridor":0.2,"caps":50,"timer":0,"geyser":true,"clogged":false,"echo":0,"plane":false,"seesaw":false,"version":1,"max_entities":null,"max_trasures":null,"max_gates":null},"entities":[{"name":"DangoMushi","count":1,"weight":0,"dead_end":false,"group":1,"treasure":"key","fall":""},{"name":"Hana","count":1,"weight":0,"dead_end":false,"group":0,"treasure":"yoyo_blue","fall":""},{"name":"Hana","count":1,"weight":0,"dead_end":false,"group":0,"treasure":"yoyo_blue","fall":""},{"name":"Hana","count":1,"weight":0,"dead_end":false,"group":0,"treasure":"yoyo_blue","fall":""},{"name":"Wakame_l","count":50,"weight":0,"dead_end":false,"group":6,"treasure":null,"fall":""},{"name":"Wakame_l","count":50,"weight":0,"dead_end":false,"group":6,"treasure":null,"fall":""},{"name":"Wakame_l","count":50,"weight":0,"dead_end":false,"group":6,"treasure":null,"fall":""}],"treasures":[{"name":"creap","count":1,"weight":0},{"name":"silver_medal","count":1,"weight":0}],"gates":[]}],"content":null}