{"sublevels":[{"name":"Sublevel 1 - Sublevel 1","properties":{"unit":"2_units_gw_l_conc.txt","max_rooms":3,"light":"suityu_light_lv0.ini","music":"new_01_0.cnd","skybox":"none","corridor":0.125,"caps":100,"timer":300,"geyser":true,"clogged":true,"echo":0,"plane":false,"seesaw":false,"version":1,"max_entities":null,"max_trasures":null,"max_gates":null},"entities":[{"name":"BlackMan","count":1,"weight":0,"dead_end":true,"group":0,"treasure":null,"fall":""},{"name":"FireChappy","count":1,"weight":0,"dead_end":false,"group":0,"treasure":"cookie","fall":""},{"name":"FireChappy","count":2,"weight":0,"dead_end":false,"group":1,"treasure":null,"fall":""},{"name":"BombOtakara","count":12,"weight":0,"dead_end":false,"group":5,"treasure":null,"fall":"$"},{"name":"Catfish","count":8,"weight":0,"dead_end":false,"group":0,"treasure":null,"fall":""},{"name":"OniKurage","count":1,"weight":0,"dead_end":true,"group":0,"treasure":"baum_kuchen_s","fall":""}],"treasures":[{"name":"chocoichigo","count":1,"weight":0}],"gates":[{"word":"gate","health":5000,"weight":1},{"word":"gate","health":5000,"weight":1}]},{"name":"Sublevel 2 - Sublevel 2","properties":{"unit":"3_units_h_k_pypes_conc.txt","max_rooms":3,"light":"suityu_light_lv1.ini","music":"new_01_0.cnd","skybox":"none","corridor":0.125,"caps":100,"timer":275,"geyser":false,"clogged":true,"echo":0,"plane":false,"seesaw":false,"version":1,"max_entities":null,"max_trasures":null,"max_gates":null},"entities":[{"name":"BlackMan","count":1,"weight":0,"dead_end":true,"group":0,"treasure":null,"fall":""},{"name":"FireOtakara","count":7,"weight":0,"dead_end":false,"group":1,"treasure":null,"fall":""},{"name":"BombSarai","count":5,"weight":0,"dead_end":false,"group":0,"treasure":null,"fall":""},{"name":"LeafChappy","count":1,"weight":0,"dead_end":true,"group":0,"treasure":null,"fall":""},{"name":"Tadpole","count":8,"weight":0,"dead_end":false,"group":0,"treasure":null,"fall":""},{"name":"Tadpole","count":3,"weight":0,"dead_end":false,"group":0,"treasure":null,"fall":"$"},{"name":"Rock","count":6,"weight":0,"dead_end":false,"group":5,"treasure":null,"fall":"$2"},{"name":"YellowChappy","count":1,"weight":0,"dead_end":false,"group":1,"treasure":"baum_kuchen","fall":""}],"treasures":[{"name":"cookie_s","count":1,"weight":0},{"name":"donutschoco","count":1,"weight":0}],"gates":[{"word":"gate","health":8000,"weight":1},{"word":"gate","health":8000,"weight":1}]},{"name":"Sublevel 3 - Sublevel 3","properties":{"unit":"3_units_f_g_m_conc.txt","max_rooms":5,"light":"suityu_light_lv2.ini","music":"new_01_0.cnd","skybox":"none","corridor":0.185,"caps":100,"timer":250,"geyser":false,"clogged":true,"echo":0,"plane":false,"seesaw":false,"version":1,"max_entities":null,"max_trasures":null,"max_gates":null},"entities":[{"name":"Hanachirashi","count":1,"weight":0,"dead_end":false,"group":1,"treasure":null,"fall":""},{"name":"Hanachirashi","count":1,"weight":0,"dead_end":true,"group":0,"treasure":"cookie_u","fall":"$"},{"name":"ElecBug","count":12,"weight":0,"dead_end":false,"group":0,"treasure":null,"fall":""},{"name":"ElecOtakara","count":7,"weight":0,"dead_end":false,"group":1,"treasure":null,"fall":""},{"name":"ElecOtakara","count":4,"weight":0,"dead_end":false,"group":1,"treasure":null,"fall":""},{"name":"KumaChappy","count":1,"weight":0,"dead_end":true,"group":0,"treasure":"g_futa_nihonraku","fall":""},{"name":"BlackMan","count":1,"weight":0,"dead_end":true,"group":0,"treasure":null,"fall":""}],"treasures":[{"name":"cookie_s_l","count":1,"weight":0}],"gates":[{"word":"gate","health":11000,"weight":1},{"word":"gate","health":11000,"weight":1},{"word":"gate","health":11000,"weight":1}]},{"name":"Sublevel 4 - Sublevel 4","properties":{"unit":"4_units_d_j_n_o_conc.txt","max_rooms":4,"light":"suityu_light_lv3.ini","music":"new_01_0.cnd","skybox":"none","corridor":0.15,"caps":100,"timer":200,"geyser":true,"clogged":true,"echo":0,"plane":false,"seesaw":false,"version":1,"max_entities":null,"max_trasures":null,"max_gates":null},"entities":[{"name":"BombOtakara","count":12,"weight":0,"dead_end":false,"group":5,"treasure":null,"fall":"$2"},{"name":"Bomb","count":5,"weight":0,"dead_end":false,"group":1,"treasure":null,"fall":"$4"},{"name":"Bomb","count":5,"weight":0,"dead_end":false,"group":0,"treasure":null,"fall":"$4"},{"name":"GasHiba","count":6,"weight":0,"dead_end":false,"group":5,"treasure":null,"fall":""},{"name":"LeafChappy","count":2,"weight":0,"dead_end":true,"group":0,"treasure":null,"fall":""},{"name":"BlackMan","count":1,"weight":0,"dead_end":true,"group":0,"treasure":null,"fall":""},{"name":"BombSarai","count":3,"weight":0,"dead_end":false,"group":1,"treasure":null,"fall":""},{"name":"BombSarai","count":2,"weight":0,"dead_end":false,"group":1,"treasure":null,"fall":"$"},{"name":"OoPanModoki","count":1,"weight":0,"dead_end":false,"group":0,"treasure":null,"fall":""},{"name":"Egg","count":2,"weight":0,"dead_end":true,"group":0,"treasure":null,"fall":"$"},{"name":"ElecHiba","count":3,"weight":0,"dead_end":false,"group":5,"treasure":null,"fall":""}],"treasures":[{"name":"kan_imuraya","count":1,"weight":0},{"name":"denchi_3_red","count":1,"weight":0},{"name":"chocowhite","count":1,"weight":0}],"gates":[{"word":"gate","health":15000,"weight":1},{"word":"gate","health":15000,"weight":1}]},{"name":"Sublevel 5 - Sublevel 5","properties":{"unit":"1_units_manh_boss_conc.txt","max_rooms":2,"light":"normal_light_lv4.ini","music":"","skybox":"none","corridor":0.145,"caps":100,"timer":30,"geyser":false,"clogged":false,"echo":0,"plane":false,"seesaw":false,"version":1,"max_entities":null,"max_trasures":null,"max_gates":null},"entities":[{"name":"BlackMan","count":1,"weight":0,"dead_end":false,"group":0,"treasure":"fue_pullout","fall":""},{"name":"Bomb","count":11,"weight":0,"dead_end":false,"group":5,"treasure":null,"fall":"$5"},{"name":"BlackPom","count":4,"weight":0,"dead_end":true,"group":0,"treasure":null,"fall":""},{"name":"Egg","count":5,"weight":0,"dead_end":true,"group":0,"treasure":null,"fall":"$"}],"treasures":[],"gates":[{"word":"gate","health":50,"weight":1},{"word":"gate","health":50,"weight":1},{"word":"gate","health":50,"weight":1},{"word":"gate","health":50,"weight":1}]}],"content":null}