{"sublevels":[{"name":"Sublevel 1 - b1","properties":{"unit":"1_ABE_mid1_boss_tsuchi.txt","max_rooms":2,"light":"normal_light_lv0.ini","music":"caveconc_00_0.cnd","skybox":"none","corridor":0.1,"caps":50,"timer":0,"geyser":false,"clogged":false,"echo":0,"plane":false,"seesaw":false,"version":1,"max_entities":null,"max_trasures":null,"max_gates":null},"entities":[{"name":"Chappy","count":2,"weight":0,"dead_end":false,"group":0,"treasure":null,"fall":""},{"name":"Kochappy","count":5,"weight":0,"dead_end":false,"group":0,"treasure":null,"fall":""},{"name":"Kochappy","count":3,"weight":0,"dead_end":false,"group":0,"treasure":null,"fall":""},{"name":"Miulin","count":1,"weight":0,"dead_end":false,"group":0,"treasure":"key","fall":""}],"treasures":[],"gates":[{"word":"gate","health":1800,"weight":1}]},{"name":"Sublevel 2 - b2","properties":{"unit":"1_ABE_king_tsuchi.txt","max_rooms":3,"light":"normal_light_lv0.ini","music":"caveconc_00_0.cnd","skybox":"none","corridor":0.1,"caps":50,"timer":0,"geyser":false,"clogged":false,"echo":0,"plane":false,"seesaw":false,"version":1,"max_entities":null,"max_trasures":null,"max_gates":null},"entities":[{"name":"Chappy","count":2,"weight":0,"dead_end":false,"group":0,"treasure":null,"fall":""},{"name":"BlueChappy","count":1,"weight":0,"dead_end":false,"group":0,"treasure":null,"fall":""},{"name":"BlueKochappy","count":3,"weight":0,"dead_end":false,"group":0,"treasure":null,"fall":""},{"name":"Kochappy","count":5,"weight":0,"dead_end":false,"group":0,"treasure":null,"fall":""},{"name":"Armor","count":1,"weight":0,"dead_end":false,"group":0,"treasure":"key","fall":""}],"treasures":[],"gates":[{"word":"gate","health":2000,"weight":1},{"word":"gate","health":2000,"weight":1}]},{"name":"Sublevel 3 - b3","properties":{"unit":"1_units_manh_boss_conc.txt","max_rooms":1,"light":"normal_light_lv0.ini","music":"caveconc_00_0.cnd","skybox":"none","corridor":0.1,"caps":50,"timer":0,"geyser":false,"clogged":false,"echo":0,"plane":false,"seesaw":false,"version":1,"max_entities":null,"max_trasures":null,"max_gates":null},"entities":[{"name":"SnakeCrow","count":1,"weight":0,"dead_end":false,"group":0,"treasure":"key","fall":""},{"name":"KumaKochappy","count":2,"weight":0,"dead_end":false,"group":0,"treasure":null,"fall":""},{"name":"Kochappy","count":2,"weight":0,"dead_end":false,"group":0,"treasure":null,"fall":""}],"treasures":[],"gates":[]},{"name":"Sublevel 4 - b4","properties":{"unit":"1_ABE_ari_metal.txt","max_rooms":3,"light":"normal_light_lv0.ini","music":"caveconc_00_0.cnd","skybox":"none","corridor":0.1,"caps":50,"timer":0,"geyser":false,"clogged":false,"echo":0,"plane":false,"seesaw":false,"version":1,"max_entities":null,"max_trasures":null,"max_gates":null},"entities":[{"name":"BlueChappy","count":1,"weight":0,"dead_end":false,"group":0,"treasure":null,"fall":""},{"name":"KumaChappy","count":1,"weight":0,"dead_end":false,"group":0,"treasure":"key","fall":""},{"name":"KumaKochappy","count":5,"weight":0,"dead_end":false,"group":0,"treasure":null,"fall":""},{"name":"Chappy","count":1,"weight":0,"dead_end":false,"group":0,"treasure":null,"fall":""}],"treasures":[],"gates":[{"word":"gate","health":2900,"weight":1},{"word":"gate","health":2600,"weight":1},{"word":"gate","health":2600,"weight":1}]},{"name":"Sublevel 5 - b5","properties":{"unit":"1_units_mid2_tsuchi.txt","max_rooms":4,"light":"normal_light_lv0.ini","music":"caveconc_00_0.cnd","skybox":"none","corridor":0.1,"caps":50,"timer":0,"geyser":false,"clogged":false,"echo":0,"plane":false,"seesaw":false,"version":1,"max_entities":null,"max_trasures":null,"max_gates":null},"entities":[{"name":"BlueChappy","count":3,"weight":0,"dead_end":false,"group":0,"treasure":null,"fall":""},{"name":"BlueKochappy","count":5,"weight":0,"dead_end":false,"group":0,"treasure":null,"fall":""},{"name":"Catfish","count":6,"weight":0,"dead_end":false,"group":0,"treasure":null,"fall":""},{"name":"Armor","count":2,"weight":0,"dead_end":false,"group":0,"treasure":null,"fall":""},{"name":"Miulin","count":1,"weight":0,"dead_end":false,"group":0,"treasure":"key","fall":""},{"name":"BlackPom","count":1,"weight":0,"dead_end":false,"group":0,"treasure":"key","fall":""},{"name":"BlackPom","count":1,"weight":0,"dead_end":false,"group":1,"treasure":"key","fall":""},{"name":"BlackPom","count":10,"weight":0,"dead_end":false,"group":6,"treasure":"key","fall":""},{"name":"BlackPom","count":1,"weight":0,"dead_end":true,"group":0,"treasure":"key","fall":""}],"treasures":[],"gates":[{"word":"gate","health":2700,"weight":1},{"word":"gate","health":2700,"weight":1},{"word":"gate","health":2700,"weight":1},{"word":"gate","health":3000,"weight":1}]},{"name":"Sublevel 6 - b6","properties":{"unit":"1_ABE_manp_boss_conc.txt","max_rooms":1,"light":"normal_light_lv0.ini","music":"caveconc_00_0.cnd","skybox":"none","corridor":0.1,"caps":50,"timer":0,"geyser":false,"clogged":false,"echo":0,"plane":false,"seesaw":false,"version":1,"max_entities":null,"max_trasures":null,"max_gates":null},"entities":[{"name":"KingChappy","count":1,"weight":0,"dead_end":false,"group":0,"treasure":"key","fall":""},{"name":"KumaKochappy","count":3,"weight":0,"dead_end":false,"group":0,"treasure":null,"fall":""}],"treasures":[],"gates":[{"word":"gate","health":4000,"weight":1}]}],"content":null}