{"sublevels":[{"name":"Sublevel 1","properties":{"unit":"1_units_north_snow.txt","max_rooms":7,"light":"forest_2_siro_light.ini","music":"new_00_0.cnd","skybox":"none","corridor":0.5,"caps":100,"timer":0,"geyser":false,"clogged":false,"echo":0,"plane":false,"seesaw":false,"version":1,"max_entities":null,"max_trasures":null,"max_gates":null},"entities":[{"name":"KumaChappy","count":2,"weight":0,"dead_end":false,"group":0,"treasure":null,"fall":""},{"name":"KumaKochappy","count":4,"weight":0,"dead_end":false,"group":0,"treasure":null,"fall":""},{"name":"PanModoki","count":2,"weight":0,"dead_end":false,"group":1,"treasure":null,"fall":""},{"name":"OoPanModoki","count":1,"weight":0,"dead_end":false,"group":1,"treasure":null,"fall":""},{"name":"MiniHoudai","count":1,"weight":0,"dead_end":false,"group":1,"treasure":null,"fall":""},{"name":"MiniHoudai","count":1,"weight":0,"dead_end":false,"group":1,"treasure":"key","fall":""},{"name":"LeafChappy","count":2,"weight":0,"dead_end":false,"group":1,"treasure":null,"fall":""},{"name":"DaiodoGreen","count":10,"weight":0,"dead_end":false,"group":6,"treasure":null,"fall":""},{"name":"FireOtakara","count":1,"weight":0,"dead_end":false,"group":0,"treasure":null,"fall":""},{"name":"ElecOtakara","count":1,"weight":0,"dead_end":false,"group":0,"treasure":null,"fall":""},{"name":"WaterOtakara","count":1,"weight":0,"dead_end":false,"group":1,"treasure":null,"fall":""},{"name":"GasOtakara","count":1,"weight":0,"dead_end":false,"group":1,"treasure":null,"fall":""}],"treasures":[{"name":"ahiru","count":1,"weight":0},{"name":"donutsichigo_s","count":1,"weight":0},{"name":"juji_key_fc","count":1,"weight":0},{"name":"juji_key","count":1,"weight":0},{"name":"donutswhite","count":1,"weight":0},{"name":"robot_head","count":1,"weight":0},{"name":"j_block_red","count":1,"weight":0},{"name":"j_block_yellow","count":1,"weight":0},{"name":"j_block_green","count":1,"weight":0},{"name":"j_block_blue","count":1,"weight":0},{"name":"j_block_white","count":1,"weight":0},{"name":"radar_a","count":1,"weight":0},{"name":"kan","count":1,"weight":0},{"name":"dia_b_red","count":1,"weight":0},{"name":"tape_blue","count":1,"weight":0},{"name":"locket","count":1,"weight":0},{"name":"bell_blue","count":1,"weight":0}],"gates":[]}],"content":null}