{"sublevels":[{"name":"Sublevel 1","properties":{"unit":"1_ABE_ari_metal.txt","max_rooms":3,"light":"chikahimi_metal_light_lv4.ini","music":"cavemetal_00_0.cnd","skybox":"build","corridor":0.13,"caps":100,"timer":0,"geyser":false,"clogged":false,"echo":0,"plane":false,"seesaw":false,"version":1,"max_entities":null,"max_trasures":null,"max_gates":null},"entities":[{"name":"Sarai","count":5,"weight":0,"dead_end":false,"group":0,"treasure":null,"fall":""},{"name":"SnakeCrow","count":1,"weight":0,"dead_end":false,"group":0,"treasure":"cookie","fall":""},{"name":"ElecHiba","count":7,"weight":0,"dead_end":false,"group":5,"treasure":null,"fall":""},{"name":"GasHiba","count":2,"weight":0,"dead_end":false,"group":5,"treasure":null,"fall":""},{"name":"KumaKochappy","count":5,"weight":0,"dead_end":false,"group":1,"treasure":null,"fall":""},{"name":"Wtank","count":2,"weight":0,"dead_end":false,"group":1,"treasure":null,"fall":"$"},{"name":"Wtank","count":1,"weight":0,"dead_end":false,"group":1,"treasure":"key","fall":"$"}],"treasures":[{"name":"badminton","count":1,"weight":0},{"name":"leaf_yellow","count":1,"weight":0},{"name":"teala_dia_d","count":1,"weight":0},{"name":"yoyo_red","count":1,"weight":0}],"gates":[{"word":"gate","health":10000,"weight":1}]},{"name":"Sublevel 2","properties":{"unit":"1_MAT_manp_conc.txt","max_rooms":5,"light":"forest_3_light.ini","music":"new_04_0.cnd","skybox":"none","corridor":0.2,"caps":100,"timer":40,"geyser":false,"clogged":false,"echo":0,"plane":false,"seesaw":false,"version":1,"max_entities":null,"max_trasures":null,"max_gates":null},"entities":[{"name":"Mar","count":1,"weight":0,"dead_end":false,"group":0,"treasure":"key","fall":""},{"name":"OniKurage","count":5,"weight":0,"dead_end":false,"group":0,"treasure":null,"fall":"$"},{"name":"BlackMan","count":1,"weight":0,"dead_end":false,"group":0,"treasure":null,"fall":""},{"name":"FireChappy","count":3,"weight":0,"dead_end":false,"group":1,"treasure":null,"fall":"$"}],"treasures":[{"name":"suit_fire","count":1,"weight":0},{"name":"g_futa_sakotani","count":1,"weight":0},{"name":"g_futa_kyusyu","count":1,"weight":0},{"name":"baum_kuchen_s","count":1,"weight":0}],"gates":[{"word":"gate","health":5000,"weight":1},{"word":"gate","health":5000,"weight":1},{"word":"gate","health":5000,"weight":1},{"word":"gate","health":5000,"weight":1}]},{"name":"Sublevel 3","properties":{"unit":"1_MAT_north_tsuchi.txt","max_rooms":5,"light":"sniper_light_lv0.ini","music":"new_08_0.cnd","skybox":"none","corridor":0.23,"caps":100,"timer":20,"geyser":false,"clogged":false,"echo":0,"plane":false,"seesaw":false,"version":1,"max_entities":null,"max_trasures":null,"max_gates":null},"entities":[{"name":"BlackMan","count":1,"weight":0,"dead_end":false,"group":0,"treasure":null,"fall":""},{"name":"Rkabuto","count":2,"weight":0,"dead_end":false,"group":0,"treasure":null,"fall":""},{"name":"Sokkuri","count":1,"weight":0,"dead_end":false,"group":0,"treasure":"key","fall":""},{"name":"Armor","count":3,"weight":0,"dead_end":false,"group":1,"treasure":null,"fall":""},{"name":"ElecHiba","count":5,"weight":0,"dead_end":false,"group":5,"treasure":null,"fall":""}],"treasures":[{"name":"diamond_blue_l","count":1,"weight":0},{"name":"futa_a_gold","count":1,"weight":0},{"name":"chess_king_white","count":1,"weight":0}],"gates":[]},{"name":"Sublevel 4","properties":{"unit":"1_MAT_mid2_tsuchi.txt","max_rooms":2,"light":"toy_light_cha.ini","music":"caverelax.cnd","skybox":"none","corridor":0.13,"caps":100,"timer":0,"geyser":false,"clogged":false,"echo":0,"plane":false,"seesaw":false,"version":1,"max_entities":null,"max_trasures":null,"max_gates":null},"entities":[{"name":"LeafChappy","count":5,"weight":0,"dead_end":false,"group":0,"treasure":null,"fall":""},{"name":"RandPom","count":2,"weight":0,"dead_end":false,"group":6,"treasure":null,"fall":""},{"name":"RandPom","count":2,"weight":0,"dead_end":false,"group":6,"treasure":null,"fall":""}],"treasures":[{"name":"key","count":1,"weight":0}],"gates":[{"word":"gate","health":100000,"weight":1}]},{"name":"Sublevel 5","properties":{"unit":"1_ABE_ari_metal.txt","max_rooms":3,"light":"suityu_light_lv0.ini","music":"cavemetal_00_0.cnd","skybox":"build","corridor":0.13,"caps":100,"timer":0,"geyser":false,"clogged":false,"echo":0,"plane":false,"seesaw":false,"version":1,"max_entities":null,"max_trasures":null,"max_gates":null},"entities":[{"name":"Baby","count":3,"weight":0,"dead_end":false,"group":0,"treasure":null,"fall":"$"},{"name":"Baby","count":3,"weight":0,"dead_end":false,"group":0,"treasure":null,"fall":"$"},{"name":"Baby","count":3,"weight":0,"dead_end":false,"group":1,"treasure":null,"fall":"$"},{"name":"Baby","count":3,"weight":0,"dead_end":true,"group":0,"treasure":null,"fall":"$"},{"name":"Baby","count":3,"weight":0,"dead_end":false,"group":5,"treasure":null,"fall":"$"},{"name":"KumaChappy","count":1,"weight":0,"dead_end":false,"group":0,"treasure":null,"fall":""},{"name":"Sokkuri","count":1,"weight":0,"dead_end":false,"group":0,"treasure":"key","fall":""}],"treasures":[],"gates":[]},{"name":"Sublevel 6","properties":{"unit":"1_units_houdai_metal.txt","max_rooms":3,"light":"metal_light_lv3.ini","music":"cavemetal_10_0.cnd","skybox":"build","corridor":0.14,"caps":100,"timer":0,"geyser":true,"clogged":false,"echo":0,"plane":false,"seesaw":false,"version":1,"max_entities":null,"max_trasures":null,"max_gates":null},"entities":[{"name":"BlackMan","count":1,"weight":0,"dead_end":false,"group":0,"treasure":null,"fall":""},{"name":"Rkabuto","count":2,"weight":0,"dead_end":false,"group":0,"treasure":null,"fall":""},{"name":"Sokkuri","count":1,"weight":0,"dead_end":false,"group":0,"treasure":"key","fall":""},{"name":"Armor","count":3,"weight":0,"dead_end":false,"group":1,"treasure":null,"fall":""},{"name":"ElecHiba","count":5,"weight":0,"dead_end":false,"group":5,"treasure":null,"fall":""}],"treasures":[],"gates":[{"word":"gate","health":100000,"weight":1},{"word":"gate","health":100000,"weight":1}]}],"content":null}