{"sublevels":[{"name":"Sublevel 1 - rafter2room","properties":{"unit":"0_sub1.txt","max_rooms":2,"light":"jyoou_light_lv2.ini","music":"cavemetal_00_0.cnd","skybox":"test","corridor":0.0,"caps":50,"timer":0,"geyser":false,"clogged":false,"echo":0,"plane":false,"seesaw":false,"version":1,"max_entities":null,"max_trasures":null,"max_gates":null},"entities":[{"name":"Sarai","count":1,"weight":0,"dead_end":false,"group":0,"treasure":null,"fall":""},{"name":"ElecHiba","count":1,"weight":0,"dead_end":false,"group":5,"treasure":null,"fall":""},{"name":"Rkabuto","count":1,"weight":0,"dead_end":false,"group":1,"treasure":"key","fall":""},{"name":"Kurage","count":1,"weight":0,"dead_end":false,"group":0,"treasure":"be_dama_blue_l","fall":""},{"name":"ElecOtakara","count":2,"weight":0,"dead_end":false,"group":1,"treasure":null,"fall":""}],"treasures":[],"gates":[]},{"name":"Sublevel 2 - rafter3room","properties":{"unit":"0_sub2.txt","max_rooms":3,"light":"jyoou_light_lv2.ini","music":"cavemetal_00_0.cnd","skybox":"test","corridor":0.1,"caps":50,"timer":0,"geyser":false,"clogged":false,"echo":0,"plane":false,"seesaw":false,"version":1,"max_entities":null,"max_trasures":null,"max_gates":null},"entities":[{"name":"Mar","count":1,"weight":0,"dead_end":false,"group":1,"treasure":"key","fall":""},{"name":"LeafChappy","count":1,"weight":0,"dead_end":false,"group":1,"treasure":null,"fall":""},{"name":"Tank","count":2,"weight":0,"dead_end":false,"group":0,"treasure":"diamond_red","fall":""},{"name":"Egg","count":3,"weight":0,"dead_end":true,"group":0,"treasure":null,"fall":""},{"name":"Kogane","count":1,"weight":0,"dead_end":false,"group":0,"treasure":null,"fall":""},{"name":"ElecHiba","count":3,"weight":0,"dead_end":false,"group":5,"treasure":null,"fall":""},{"name":"Wtank","count":2,"weight":0,"dead_end":false,"group":0,"treasure":"diamond_blue_l","fall":""}],"treasures":[{"name":"tape_yellow","count":1,"weight":0},{"name":"chocoichigo_l","count":1,"weight":0},{"name":"teala_dia_b","count":1,"weight":0},{"name":"teala_dia_a","count":1,"weight":0},{"name":"teala_dia_c","count":1,"weight":0}],"gates":[]},{"name":"Sublevel 3 - raftertrans","properties":{"unit":"0_transroom.txt","max_rooms":1,"light":"toy_light_lv4.ini","music":"caveglass_10_0.cnd","skybox":"none","corridor":0.0,"caps":0,"timer":0,"geyser":false,"clogged":false,"echo":0,"plane":false,"seesaw":false,"version":1,"max_entities":null,"max_trasures":null,"max_gates":null},"entities":[{"name":"Armor","count":1,"weight":0,"dead_end":false,"group":8,"treasure":"key","fall":""},{"name":"BlueKochappy","count":2,"weight":0,"dead_end":false,"group":1,"treasure":null,"fall":""},{"name":"Egg","count":3,"weight":0,"dead_end":false,"group":0,"treasure":null,"fall":""},{"name":"BlackPom","count":1,"weight":0,"dead_end":false,"group":0,"treasure":null,"fall":""},{"name":"Clover","count":10,"weight":0,"dead_end":false,"group":6,"treasure":null,"fall":""},{"name":"HikariKinoko","count":10,"weight":0,"dead_end":false,"group":6,"treasure":null,"fall":""},{"name":"Zenmai","count":10,"weight":0,"dead_end":false,"group":6,"treasure":null,"fall":""}],"treasures":[{"name":"bolt_l","count":1,"weight":0}],"gates":[]},{"name":"Sublevel 4 - restroom","properties":{"unit":"0_restroom.txt","max_rooms":1,"light":"muraon_light_lv4.ini","music":"caverelax.cnd","skybox":"none","corridor":0.0,"caps":0,"timer":0,"geyser":false,"clogged":false,"echo":0,"plane":false,"seesaw":false,"version":1,"max_entities":null,"max_trasures":null,"max_gates":null},"entities":[{"name":"RandPom","count":2,"weight":0,"dead_end":false,"group":0,"treasure":null,"fall":""},{"name":"WhitePom","count":2,"weight":0,"dead_end":false,"group":0,"treasure":null,"fall":""},{"name":"BlackPom","count":1,"weight":0,"dead_end":false,"group":0,"treasure":null,"fall":""},{"name":"Egg","count":3,"weight":0,"dead_end":false,"group":1,"treasure":null,"fall":""},{"name":"Qurione","count":1,"weight":0,"dead_end":false,"group":1,"treasure":null,"fall":""},{"name":"Clover","count":30,"weight":0,"dead_end":false,"group":6,"treasure":null,"fall":""}],"treasures":[{"name":"key","count":2,"weight":0}],"gates":[]},{"name":"Sublevel 5 - tunels","properties":{"unit":"0_anthill.txt","max_rooms":1,"light":"forest_2_siro_light.ini","music":"caveconc_10_0.cnd","skybox":"none","corridor":0.1,"caps":50,"timer":0,"geyser":false,"clogged":false,"echo":0,"plane":false,"seesaw":false,"version":1,"max_entities":null,"max_trasures":null,"max_gates":null},"entities":[{"name":"FminiHoudai","count":1,"weight":0,"dead_end":false,"group":8,"treasure":null,"fall":""},{"name":"FminiHoudai","count":1,"weight":0,"dead_end":false,"group":8,"treasure":"key","fall":""},{"name":"Kochappy","count":12,"weight":0,"dead_end":false,"group":0,"treasure":null,"fall":""},{"name":"LeafChappy","count":1,"weight":0,"dead_end":false,"group":1,"treasure":null,"fall":""},{"name":"Chappy","count":3,"weight":0,"dead_end":false,"group":1,"treasure":null,"fall":""},{"name":"Wakame_l","count":50,"weight":0,"dead_end":false,"group":6,"treasure":null,"fall":""},{"name":"Demon","count":1,"weight":0,"dead_end":false,"group":0,"treasure":null,"fall":""}],"treasures":[{"name":"donguri","count":1,"weight":0},{"name":"be_dama_red","count":1,"weight":0}],"gates":[]},{"name":"Sublevel 6 - tubring","properties":{"unit":"0_ringtubroom.txt","max_rooms":1,"light":"houdai_light.ini","music":"cavetile_00_0.cnd","skybox":"none","corridor":0.1,"caps":50,"timer":0,"geyser":false,"clogged":false,"echo":0,"plane":false,"seesaw":false,"version":1,"max_entities":null,"max_trasures":null,"max_gates":null},"entities":[{"name":"Tukushi","count":10,"weight":0,"dead_end":false,"group":6,"treasure":null,"fall":""},{"name":"HikariKinoko","count":10,"weight":0,"dead_end":false,"group":6,"treasure":null,"fall":""},{"name":"OniKurage","count":1,"weight":0,"dead_end":false,"group":0,"treasure":"key","fall":""},{"name":"BlueKochappy","count":7,"weight":0,"dead_end":false,"group":1,"treasure":null,"fall":""},{"name":"Fuefuki","count":1,"weight":0,"dead_end":false,"group":1,"treasure":null,"fall":""},{"name":"Frog","count":2,"weight":0,"dead_end":false,"group":0,"treasure":null,"fall":""},{"name":"Catfish","count":4,"weight":0,"dead_end":false,"group":0,"treasure":null,"fall":""}],"treasures":[{"name":"be_dama_yellow","count":1,"weight":0}],"gates":[]},{"name":"Sublevel 7 - restroom","properties":{"unit":"0_restroom.txt","max_rooms":1,"light":"sirohana_light_lv4.ini","music":"caverelax.cnd","skybox":"none","corridor":0.1,"caps":50,"timer":0,"geyser":false,"clogged":false,"echo":0,"plane":false,"seesaw":false,"version":1,"max_entities":null,"max_trasures":null,"max_gates":null},"entities":[{"name":"Qurione","count":1,"weight":0,"dead_end":false,"group":1,"treasure":null,"fall":""},{"name":"Egg","count":3,"weight":0,"dead_end":false,"group":1,"treasure":null,"fall":""},{"name":"RandPom","count":3,"weight":0,"dead_end":false,"group":0,"treasure":null,"fall":""},{"name":"WhitePom","count":1,"weight":0,"dead_end":false,"group":0,"treasure":null,"fall":""},{"name":"BlackPom","count":1,"weight":0,"dead_end":false,"group":0,"treasure":null,"fall":""},{"name":"HikariKinoko","count":30,"weight":0,"dead_end":false,"group":6,"treasure":null,"fall":""}],"treasures":[{"name":"key","count":2,"weight":0}],"gates":[]},{"name":"Sublevel 8 - droproom","properties":{"unit":"0_droproom.txt","max_rooms":1,"light":"suityu_light_lv3.ini","music":"cavetsumiki_00_0.cnd","skybox":"none","corridor":0.1,"caps":50,"timer":0,"geyser":false,"clogged":false,"echo":0,"plane":false,"seesaw":false,"version":1,"max_entities":null,"max_trasures":null,"max_gates":null},"entities":[{"name":"Tobi","count":30,"weight":0,"dead_end":false,"group":0,"treasure":null,"fall":""},{"name":"Wealthy","count":1,"weight":0,"dead_end":false,"group":0,"treasure":"be_dama_yellow","fall":""},{"name":"Kabuto","count":2,"weight":0,"dead_end":false,"group":8,"treasure":null,"fall":""},{"name":"Rkabuto","count":1,"weight":0,"dead_end":false,"group":8,"treasure":"gold_medal","fall":""},{"name":"Armor","count":1,"weight":0,"dead_end":false,"group":1,"treasure":null,"fall":""},{"name":"Armor","count":1,"weight":0,"dead_end":false,"group":1,"treasure":"key","fall":""},{"name":"Ooinu_l","count":20,"weight":0,"dead_end":false,"group":6,"treasure":null,"fall":""}],"treasures":[{"name":"turi_uki","count":1,"weight":0},{"name":"kan","count":1,"weight":0},{"name":"juji_key_fc","count":1,"weight":0}],"gates":[]},{"name":"Sublevel 9 - bigboyroom","properties":{"unit":"0_bigboyroom.txt","max_rooms":1,"light":"tutorial_1_light.ini","music":"new_01_0.cnd","skybox":"none","corridor":0.1,"caps":50,"timer":0,"geyser":false,"clogged":false,"echo":0,"plane":false,"seesaw":false,"version":1,"max_entities":null,"max_trasures":null,"max_gates":null},"entities":[{"name":"Catfish","count":8,"weight":0,"dead_end":false,"group":0,"treasure":null,"fall":""},{"name":"Tobi","count":13,"weight":0,"dead_end":false,"group":0,"treasure":null,"fall":""},{"name":"Sarai","count":1,"weight":0,"dead_end":false,"group":0,"treasure":null,"fall":""},{"name":"Jigumo","count":2,"weight":0,"dead_end":false,"group":1,"treasure":null,"fall":""},{"name":"Frog","count":6,"weight":0,"dead_end":false,"group":1,"treasure":null,"fall":""},{"name":"BigFoot","count":1,"weight":0,"dead_end":false,"group":8,"treasure":"key","fall":""},{"name":"HikariKinoko","count":30,"weight":0,"dead_end":false,"group":6,"treasure":"key","fall":""}],"treasures":[{"name":"dia_a_green","count":1,"weight":0},{"name":"bane_yellow","count":1,"weight":0},{"name":"momiji_kare","count":1,"weight":0}],"gates":[]}],"content":null}