{"sublevels":[{"name":"Sublevel 1","properties":{"unit":"1_units_north_tutorial_snow.txt","max_rooms":2,"light":"tutorial_1_light.ini","music":"new_00_0.cnd","skybox":"none","corridor":0.0,"caps":0,"timer":0,"geyser":false,"clogged":false,"echo":0,"plane":false,"seesaw":false,"version":1,"max_entities":null,"max_trasures":null,"max_gates":null},"entities":[{"name":"YellowKochappy","count":3,"weight":0,"dead_end":false,"group":0,"treasure":null,"fall":""},{"name":"YellowKochappy","count":1,"weight":0,"dead_end":false,"group":0,"treasure":"key","fall":""}],"treasures":[{"name":"dia_a_red","count":1,"weight":0},{"name":"tape_yellow","count":1,"weight":0}],"gates":[]},{"name":"Sublevel 2","properties":{"unit":"1_units_purple_snow.txt","max_rooms":1,"light":"tutorial_1_light.ini","music":"new_00_1.cnd","skybox":"none","corridor":0.0,"caps":0,"timer":0,"geyser":true,"clogged":false,"echo":0,"plane":false,"seesaw":false,"version":1,"max_entities":null,"max_trasures":null,"max_gates":null},"entities":[{"name":"YellowKochappy","count":1,"weight":0,"dead_end":false,"group":0,"treasure":"key","fall":""},{"name":"YellowKochappy","count":6,"weight":0,"dead_end":false,"group":0,"treasure":null,"fall":""},{"name":"KareOoinu_s","count":10,"weight":0,"dead_end":false,"group":6,"treasure":null,"fall":""},{"name":"KareOoinu_l","count":10,"weight":0,"dead_end":false,"group":6,"treasure":null,"fall":""},{"name":"Clover","count":10,"weight":0,"dead_end":false,"group":6,"treasure":null,"fall":""},{"name":"BlackPom","count":2,"weight":0,"dead_end":false,"group":1,"treasure":null,"fall":""}],"treasures":[{"name":"map01","count":1,"weight":0}],"gates":[]}],"content":null}