{"sublevels":[{"name":"Sublevel 1 - Sublevel 1","properties":{"unit":"more metal.txt","max_rooms":4,"light":"houdai_light.ini","music":"caveconc_00_0.cnd","skybox":"none","corridor":0.17,"caps":100,"timer":999999,"geyser":false,"clogged":true,"echo":0,"plane":false,"seesaw":false,"version":1,"max_entities":null,"max_trasures":null,"max_gates":null},"entities":[{"name":"Kochappy","count":1,"weight":0,"dead_end":false,"group":0,"treasure":null,"fall":""},{"name":"Kochappy","count":1,"weight":0,"dead_end":false,"group":0,"treasure":null,"fall":""},{"name":"Kochappy","count":1,"weight":0,"dead_end":false,"group":0,"treasure":null,"fall":""},{"name":"Kochappy","count":1,"weight":0,"dead_end":false,"group":0,"treasure":null,"fall":""},{"name":"Chappy","count":1,"weight":0,"dead_end":false,"group":1,"treasure":"dia_a_red","fall":""}],"treasures":[],"gates":[{"word":"gate","health":1000,"weight":1}]},{"name":"Sublevel 2 - Sublevel2","properties":{"unit":"toy room.txt","max_rooms":3,"light":"toy_light_lv0.ini","music":"cavemetal_05_3.cnd","skybox":"none","corridor":0.17,"caps":100,"timer":999999,"geyser":false,"clogged":true,"echo":0,"plane":false,"seesaw":false,"version":1,"max_entities":null,"max_trasures":null,"max_gates":null},"entities":[{"name":"Sokkuri","count":7,"weight":0,"dead_end":false,"group":0,"treasure":null,"fall":""},{"name":"Kochappy","count":3,"weight":0,"dead_end":false,"group":1,"treasure":null,"fall":""},{"name":"Tadpole","count":7,"weight":0,"dead_end":false,"group":0,"treasure":null,"fall":"$"},{"name":"YellowKochappy","count":2,"weight":0,"dead_end":true,"group":0,"treasure":null,"fall":""},{"name":"YellowChappy","count":1,"weight":0,"dead_end":true,"group":0,"treasure":"flower_red","fall":""}],"treasures":[],"gates":[{"word":"gate","health":1000,"weight":1}]}],"content":null}