{"sublevels":[{"name":"Sublevel 1","properties":{"unit":"1_units_a_tile.txt","max_rooms":2,"light":"jyoou_light_lv0.ini","music":"cavetile_00_0.cnd","skybox":"none","corridor":0.04,"caps":50,"timer":0,"geyser":false,"clogged":false,"echo":0,"plane":false,"seesaw":false,"version":1,"max_entities":null,"max_trasures":null,"max_gates":null},"entities":[{"name":"Rock","count":2,"weight":0,"dead_end":false,"group":0,"treasure":null,"fall":""},{"name":"Rock","count":1,"weight":0,"dead_end":false,"group":1,"treasure":null,"fall":""},{"name":"Rock","count":1,"weight":0,"dead_end":false,"group":1,"treasure":null,"fall":""},{"name":"MaroFrog","count":1,"weight":0,"dead_end":false,"group":0,"treasure":"cookie","fall":""},{"name":"Frog","count":1,"weight":0,"dead_end":false,"group":1,"treasure":null,"fall":""},{"name":"Tadpole","count":2,"weight":0,"dead_end":false,"group":0,"treasure":null,"fall":""},{"name":"Tadpole","count":2,"weight":0,"dead_end":false,"group":1,"treasure":null,"fall":""}],"treasures":[{"name":"key","count":1,"weight":0}],"gates":[{"word":"gate","health":200,"weight":1},{"word":"gate","health":200,"weight":1},{"word":"gate","health":200,"weight":1},{"word":"gate","health":200,"weight":1}]},{"name":"Sublevel 2","properties":{"unit":"1_MAT_mid2_tsuchi.txt","max_rooms":3,"light":"normal_light_lv1.ini","music":"cavesoil_00_3.cnd","skybox":"none","corridor":0.01,"caps":50,"timer":0,"geyser":false,"clogged":false,"echo":0,"plane":false,"seesaw":false,"version":1,"max_entities":null,"max_trasures":null,"max_gates":null},"entities":[{"name":"Bomb","count":2,"weight":0,"dead_end":false,"group":0,"treasure":null,"fall":"$"},{"name":"Bomb","count":2,"weight":0,"dead_end":false,"group":1,"treasure":null,"fall":"$"},{"name":"BluePom","count":1,"weight":0,"dead_end":true,"group":0,"treasure":null,"fall":""},{"name":"BluePom","count":1,"weight":0,"dead_end":true,"group":0,"treasure":null,"fall":""},{"name":"Frog","count":1,"weight":0,"dead_end":false,"group":1,"treasure":"turi_uki","fall":""},{"name":"Frog","count":2,"weight":0,"dead_end":false,"group":0,"treasure":null,"fall":""},{"name":"Demon","count":1,"weight":0,"dead_end":false,"group":0,"treasure":null,"fall":"$"},{"name":"Rock","count":3,"weight":0,"dead_end":false,"group":1,"treasure":null,"fall":""},{"name":"Rock","count":3,"weight":0,"dead_end":false,"group":0,"treasure":null,"fall":""},{"name":"Demon","count":1,"weight":0,"dead_end":true,"group":0,"treasure":null,"fall":"$4"},{"name":"Demon","count":1,"weight":0,"dead_end":true,"group":0,"treasure":null,"fall":"$4"},{"name":"Demon","count":1,"weight":0,"dead_end":true,"group":0,"treasure":null,"fall":"$4"},{"name":"Rock","count":5,"weight":0,"dead_end":false,"group":5,"treasure":null,"fall":""}],"treasures":[{"name":"key","count":1,"weight":0}],"gates":[{"word":"gate","health":200,"weight":1},{"word":"gate","health":200,"weight":1},{"word":"gate","health":200,"weight":1},{"word":"gate","health":200,"weight":1},{"word":"gate","health":200,"weight":1},{"word":"gate","health":200,"weight":1}]},{"name":"Sublevel 3","properties":{"unit":"1_NARI_4x4c_conc.txt","max_rooms":2,"light":"jyoou_light_lv2.ini","music":"cavesoil_10_1.cnd","skybox":"none","corridor":0.2,"caps":50,"timer":0,"geyser":false,"clogged":false,"echo":0,"plane":false,"seesaw":false,"version":1,"max_entities":null,"max_trasures":null,"max_gates":null},"entities":[{"name":"Fuefuki","count":1,"weight":0,"dead_end":false,"group":0,"treasure":null,"fall":""},{"name":"Fart","count":1,"weight":0,"dead_end":false,"group":1,"treasure":null,"fall":""},{"name":"Fart","count":2,"weight":0,"dead_end":false,"group":0,"treasure":null,"fall":""},{"name":"Rock","count":6,"weight":0,"dead_end":false,"group":5,"treasure":null,"fall":""},{"name":"Bomb","count":6,"weight":0,"dead_end":false,"group":5,"treasure":null,"fall":"$"},{"name":"WaterOtakara","count":1,"weight":0,"dead_end":true,"group":0,"treasure":null,"fall":"$4"},{"name":"WaterOtakara","count":1,"weight":0,"dead_end":true,"group":0,"treasure":null,"fall":"$4"},{"name":"WaterOtakara","count":1,"weight":0,"dead_end":true,"group":0,"treasure":null,"fall":"$4"},{"name":"WaterOtakara","count":1,"weight":0,"dead_end":true,"group":0,"treasure":null,"fall":"$4"},{"name":"Rock","count":6,"weight":0,"dead_end":false,"group":5,"treasure":null,"fall":""}],"treasures":[{"name":"key","count":1,"weight":0}],"gates":[{"word":"gate","health":200,"weight":1},{"word":"gate","health":200,"weight":1},{"word":"gate","health":200,"weight":1}]},{"name":"Sublevel 4","properties":{"unit":"1_ABE_king_tsuchi.txt","max_rooms":1,"light":"jyoou_light_lv3.ini","music":"cavesoil_00_0.cnd","skybox":"none","corridor":0.05,"caps":50,"timer":0,"geyser":false,"clogged":false,"echo":0,"plane":false,"seesaw":false,"version":1,"max_entities":null,"max_trasures":null,"max_gates":null},"entities":[{"name":"PanModoki","count":1,"weight":0,"dead_end":false,"group":1,"treasure":"key","fall":""},{"name":"Rock","count":6,"weight":0,"dead_end":false,"group":5,"treasure":null,"fall":""},{"name":"Bomb","count":6,"weight":0,"dead_end":false,"group":5,"treasure":null,"fall":"$"},{"name":"Hiba","count":1,"weight":0,"dead_end":false,"group":6,"treasure":null,"fall":""},{"name":"Wakame_s","count":2,"weight":0,"dead_end":false,"group":6,"treasure":null,"fall":""},{"name":"Rock","count":3,"weight":0,"dead_end":false,"group":0,"treasure":null,"fall":""},{"name":"Rock","count":2,"weight":0,"dead_end":false,"group":1,"treasure":null,"fall":""},{"name":"Bomb","count":3,"weight":0,"dead_end":false,"group":1,"treasure":null,"fall":"$"},{"name":"Bomb","count":2,"weight":0,"dead_end":false,"group":0,"treasure":null,"fall":"$"},{"name":"Rock","count":6,"weight":0,"dead_end":false,"group":6,"treasure":null,"fall":""},{"name":"Rock","count":3,"weight":0,"dead_end":false,"group":0,"treasure":null,"fall":""}],"treasures":[],"gates":[]}],"content":null}