{"sublevels":[{"name":"Sublevel 1 - Entry Square","properties":{"unit":"1_MIYA_mid_toy.txt","max_rooms":5,"light":"toy_light_lv0.ini","music":"caveconc_00_0.cnd","skybox":"flooring","corridor":0.9,"caps":100,"timer":0,"geyser":false,"clogged":false,"echo":0,"plane":true,"seesaw":false,"version":1,"max_entities":null,"max_trasures":null,"max_gates":null},"entities":[{"name":"Sokkuri","count":4,"weight":0,"dead_end":false,"group":0,"treasure":null,"fall":""},{"name":"ShijimiChou","count":3,"weight":0,"dead_end":false,"group":0,"treasure":null,"fall":""},{"name":"Kochappy","count":3,"weight":0,"dead_end":false,"group":1,"treasure":null,"fall":""},{"name":"Chiyogami","count":10,"weight":0,"dead_end":false,"group":6,"treasure":null,"fall":""},{"name":"DaiodoRed","count":30,"weight":0,"dead_end":false,"group":6,"treasure":null,"fall":""},{"name":"Sarai","count":1,"weight":0,"dead_end":true,"group":0,"treasure":null,"fall":"$"},{"name":"Chappy","count":1,"weight":0,"dead_end":false,"group":1,"treasure":"key","fall":""}],"treasures":[],"gates":[{"word":"gate","health":1000,"weight":1},{"word":"gate","health":1000,"weight":1}]},{"name":"Sublevel 2 - Bomb Lab","properties":{"unit":"1_MIYA_mid_toy.txt","max_rooms":5,"light":"toy_light_lv1.ini","music":"caveconc_00_0.cnd","skybox":"flooring","corridor":0.9,"caps":100,"timer":0,"geyser":false,"clogged":false,"echo":0,"plane":true,"seesaw":false,"version":1,"max_entities":null,"max_trasures":null,"max_gates":null},"entities":[{"name":"Bomb","count":2,"weight":0,"dead_end":true,"group":0,"treasure":null,"fall":"$"},{"name":"Bomb","count":1,"weight":0,"dead_end":false,"group":5,"treasure":null,"fall":"$"},{"name":"BombOtakara","count":1,"weight":0,"dead_end":false,"group":1,"treasure":"diamond_green_l","fall":""},{"name":"BombSarai","count":3,"weight":0,"dead_end":false,"group":0,"treasure":null,"fall":""},{"name":"BombSarai","count":1,"weight":0,"dead_end":false,"group":1,"treasure":"key","fall":""}],"treasures":[],"gates":[{"word":"gate","health":1000,"weight":1},{"word":"gate","health":1000,"weight":1}]},{"name":"Sublevel 3 - Floaty Fields","properties":{"unit":"1_MIYA_mid_toy.txt","max_rooms":5,"light":"toy_light_lv2.ini","music":"caveconc_00_0.cnd","skybox":"flooring","corridor":0.9,"caps":100,"timer":0,"geyser":false,"clogged":false,"echo":0,"plane":true,"seesaw":false,"version":1,"max_entities":null,"max_trasures":null,"max_gates":null},"entities":[{"name":"Kurage","count":4,"weight":0,"dead_end":false,"group":0,"treasure":null,"fall":""},{"name":"OniKurage","count":2,"weight":0,"dead_end":false,"group":0,"treasure":null,"fall":""},{"name":"Hanachirashi","count":1,"weight":0,"dead_end":true,"group":0,"treasure":null,"fall":""},{"name":"Chiyogami","count":10,"weight":0,"dead_end":false,"group":6,"treasure":null,"fall":""},{"name":"DaiodoRed","count":30,"weight":0,"dead_end":false,"group":6,"treasure":null,"fall":""},{"name":"Mar","count":1,"weight":0,"dead_end":false,"group":1,"treasure":"key","fall":""}],"treasures":[],"gates":[{"word":"gate","health":1000,"weight":1},{"word":"gate","health":1000,"weight":1}]},{"name":"Sublevel 4 - Flowering Garden","properties":{"unit":"1_MIYA_mid_toy.txt","max_rooms":5,"light":"toy_light_lv3.ini","music":"caveconc_00_0.cnd","skybox":"flooring","corridor":0.9,"caps":100,"timer":0,"geyser":false,"clogged":false,"echo":0,"plane":true,"seesaw":false,"version":1,"max_entities":null,"max_trasures":null,"max_gates":null},"entities":[{"name":"Sokkuri","count":5,"weight":0,"dead_end":false,"group":0,"treasure":null,"fall":""},{"name":"Tobi","count":2,"weight":0,"dead_end":false,"group":0,"treasure":null,"fall":""},{"name":"Fuefuki","count":2,"weight":0,"dead_end":true,"group":0,"treasure":null,"fall":"$"},{"name":"Clover","count":7,"weight":0,"dead_end":false,"group":0,"treasure":null,"fall":""},{"name":"Tanpopo","count":4,"weight":0,"dead_end":true,"group":0,"treasure":null,"fall":""},{"name":"Ooinu_s","count":20,"weight":0,"dead_end":false,"group":6,"treasure":null,"fall":""},{"name":"Ooinu_l","count":10,"weight":0,"dead_end":false,"group":6,"treasure":null,"fall":""},{"name":"Magaret","count":5,"weight":0,"dead_end":false,"group":1,"treasure":null,"fall":""},{"name":"Hana","count":1,"weight":0,"dead_end":false,"group":1,"treasure":"key","fall":""}],"treasures":[],"gates":[{"word":"gate","health":1000,"weight":1},{"word":"gate","health":1000,"weight":1}]},{"name":"Sublevel 5 - Bready's Final Trial","properties":{"unit":"1_MIYA_mid_toy.txt","max_rooms":2,"light":"toy_light_lv4.ini","music":"caveconc_00_0.cnd","skybox":"flooring","corridor":0.9,"caps":100,"timer":0,"geyser":false,"clogged":false,"echo":0,"plane":true,"seesaw":false,"version":1,"max_entities":null,"max_trasures":null,"max_gates":null},"entities":[{"name":"OoPanModoki","count":1,"weight":0,"dead_end":false,"group":1,"treasure":"key","fall":""}],"treasures":[],"gates":[{"word":"gate","health":1000,"weight":1}]}],"content":null}