{"sublevels":[{"name":"Sublevel 1 - Grub-Dog Cave","properties":{"unit":"1_ABE_mid1_tsuchi.txt","max_rooms":3,"light":"normal_light_lv1.ini","music":"caveconc_00_0.cnd","skybox":"none","corridor":0.12,"caps":1,"timer":0,"geyser":false,"clogged":false,"echo":0,"plane":false,"seesaw":false,"version":1,"max_entities":null,"max_trasures":null,"max_gates":null},"entities":[{"name":"Chappy","count":1,"weight":0,"dead_end":false,"group":0,"treasure":null,"fall":""},{"name":"Kochappy","count":5,"weight":0,"dead_end":false,"group":6,"treasure":null,"fall":""},{"name":"PanModoki","count":1,"weight":0,"dead_end":true,"group":0,"treasure":null,"fall":""}],"treasures":[{"name":"milk_cap","count":1,"weight":0},{"name":"turi_uki","count":1,"weight":0},{"name":"saru_head","count":1,"weight":0},{"name":"kouseki_suisyou","count":1,"weight":0},{"name":"key","count":1,"weight":0}],"gates":[]},{"name":"Sublevel 2 - Grub-Dog Cave","properties":{"unit":"1_units_a_conc.txt","max_rooms":4,"light":"normal_light_lv0.ini","music":"caveconc_10_1.cnd","skybox":"none","corridor":0.12,"caps":3,"timer":0,"geyser":false,"clogged":false,"echo":0,"plane":false,"seesaw":false,"version":1,"max_entities":null,"max_trasures":null,"max_gates":null},"entities":[{"name":"Kochappy","count":3,"weight":0,"dead_end":false,"group":0,"treasure":null,"fall":""},{"name":"BlueChappy","count":3,"weight":0,"dead_end":false,"group":1,"treasure":null,"fall":""},{"name":"Sokkuri","count":5,"weight":0,"dead_end":false,"group":1,"treasure":null,"fall":""}],"treasures":[{"name":"key","count":1,"weight":0},{"name":"key","count":1,"weight":0},{"name":"key","count":1,"weight":0}],"gates":[]}],"content":null}