{"sublevels":[{"name":"Sublevel 1","properties":{"unit":"3_ABE_d_pypen_dani_conc.txt","max_rooms":2,"light":"suityu_light_lv0.ini","music":"new_08_0.cnd","skybox":"none","corridor":0.3,"caps":50,"timer":0,"geyser":false,"clogged":false,"echo":0,"plane":false,"seesaw":false,"version":1,"max_entities":16,"max_trasures":null,"max_gates":null},"entities":[{"name":"FireOtakara","count":10,"weight":0,"dead_end":false,"group":0,"treasure":null,"fall":""},{"name":"Bomb","count":3,"weight":0,"dead_end":false,"group":5,"treasure":null,"fall":"$"}],"treasures":[{"name":"g_futa_kyodo","count":1,"weight":0},{"name":"flower_blue","count":1,"weight":0},{"name":"key","count":1,"weight":0}],"gates":[]},{"name":"Sublevel 2","properties":{"unit":"3_units_f_g_m_conc.txt","max_rooms":5,"light":"suityu_light_lv1.ini","music":"new_08_0.cnd","skybox":"none","corridor":0.3,"caps":50,"timer":0,"geyser":false,"clogged":false,"echo":0,"plane":false,"seesaw":false,"version":1,"max_entities":23,"max_trasures":null,"max_gates":null},"entities":[{"name":"Frog","count":7,"weight":0,"dead_end":false,"group":5,"treasure":null,"fall":"$4"},{"name":"ElecOtakara","count":6,"weight":0,"dead_end":false,"group":1,"treasure":null,"fall":""},{"name":"Kurage","count":3,"weight":0,"dead_end":false,"group":0,"treasure":null,"fall":""},{"name":"Zenmai","count":3,"weight":0,"dead_end":false,"group":6,"treasure":null,"fall":""},{"name":"Bomb","count":3,"weight":0,"dead_end":false,"group":6,"treasure":null,"fall":"$"},{"name":"MaroFrog","count":1,"weight":0,"dead_end":false,"group":5,"treasure":"bey_goma","fall":"$"},{"name":"MaroFrog","count":1,"weight":0,"dead_end":false,"group":5,"treasure":"key","fall":"$"},{"name":"DaiodoGreen","count":0,"weight":3,"dead_end":true,"group":0,"treasure":null,"fall":""}],"treasures":[{"name":"chess_queen_white","count":1,"weight":0},{"name":"be_dama_blue_l","count":1,"weight":0}],"gates":[]},{"name":"Sublevel 3","properties":{"unit":"3_units_h_k_pypes_conc.txt","max_rooms":6,"light":"suityu_light_lv2.ini","music":"new_08_0.cnd","skybox":"none","corridor":0.5,"caps":50,"timer":0,"geyser":false,"clogged":false,"echo":0,"plane":false,"seesaw":true,"version":1,"max_entities":17,"max_trasures":null,"max_gates":null},"entities":[{"name":"SnakeCrow","count":1,"weight":0,"dead_end":false,"group":0,"treasure":"whistle","fall":""},{"name":"Jigumo","count":3,"weight":0,"dead_end":false,"group":0,"treasure":null,"fall":""},{"name":"MaroFrog","count":3,"weight":0,"dead_end":false,"group":1,"treasure":null,"fall":""},{"name":"Frog","count":3,"weight":0,"dead_end":false,"group":1,"treasure":null,"fall":""},{"name":"WaterOtakara","count":3,"weight":0,"dead_end":false,"group":5,"treasure":null,"fall":""},{"name":"DaiodoGreen","count":3,"weight":0,"dead_end":false,"group":5,"treasure":null,"fall":""},{"name":"SnakeCrow","count":1,"weight":0,"dead_end":false,"group":0,"treasure":"key","fall":""}],"treasures":[{"name":"be_dama_red_l","count":1,"weight":0}],"gates":[]},{"name":"Sublevel 4","properties":{"unit":"2_units_north_pool_tile.txt","max_rooms":6,"light":"suityu_light_lv3.ini","music":"cavetile_00_0.cnd","skybox":"none","corridor":0.5,"caps":50,"timer":0,"geyser":false,"clogged":true,"echo":0,"plane":false,"seesaw":false,"version":1,"max_entities":22,"max_trasures":null,"max_gates":null},"entities":[{"name":"Kurage","count":3,"weight":0,"dead_end":false,"group":0,"treasure":null,"fall":""},{"name":"Fuefuki","count":1,"weight":0,"dead_end":false,"group":0,"treasure":"uji_jisyaku","fall":""},{"name":"DaiodoGreen","count":10,"weight":0,"dead_end":false,"group":6,"treasure":null,"fall":""},{"name":"GasOtakara","count":6,"weight":0,"dead_end":false,"group":1,"treasure":null,"fall":""},{"name":"BombSarai","count":1,"weight":0,"dead_end":false,"group":6,"treasure":null,"fall":""},{"name":"OniKurage","count":1,"weight":0,"dead_end":false,"group":1,"treasure":"flower_red","fall":""},{"name":"UmiMushiBlind","count":1,"weight":0,"dead_end":false,"group":5,"treasure":"key","fall":""},{"name":"Wakame_s","count":0,"weight":3,"dead_end":true,"group":0,"treasure":null,"fall":""}],"treasures":[],"gates":[{"word":"gate","health":6900,"weight":1},{"word":"gate","health":6900,"weight":1},{"word":"gate","health":6900,"weight":1}]},{"name":"Sublevel 5","properties":{"unit":"2_units_ud_dry_tile.txt","max_rooms":5,"light":"sniper_light_lv0.ini","music":"cavetile_00_0.cnd","skybox":"none","corridor":0.7,"caps":50,"timer":0,"geyser":false,"clogged":false,"echo":0,"plane":false,"seesaw":true,"version":1,"max_entities":38,"max_trasures":null,"max_gates":null},"entities":[{"name":"Kurage","count":1,"weight":0,"dead_end":false,"group":0,"treasure":"apple_blue","fall":""},{"name":"BombOtakara","count":20,"weight":0,"dead_end":false,"group":5,"treasure":null,"fall":"$"},{"name":"BombSarai","count":7,"weight":0,"dead_end":false,"group":5,"treasure":null,"fall":"$"},{"name":"Fuefuki","count":1,"weight":0,"dead_end":false,"group":1,"treasure":null,"fall":"$"},{"name":"Chiyogami","count":3,"weight":0,"dead_end":false,"group":6,"treasure":null,"fall":"$"},{"name":"DaiodoGreen","count":3,"weight":0,"dead_end":false,"group":6,"treasure":null,"fall":"$"},{"name":"Zenmai","count":3,"weight":0,"dead_end":false,"group":6,"treasure":null,"fall":"$"},{"name":"Kurage","count":1,"weight":0,"dead_end":false,"group":0,"treasure":"key","fall":""}],"treasures":[],"gates":[{"word":"gate","health":6900,"weight":1},{"word":"gate","health":6900,"weight":1},{"word":"gate","health":6900,"weight":1}]},{"name":"Sublevel 6","properties":{"unit":"3_units_h_k_pypes_conc.txt","max_rooms":7,"light":"sniper_light_lv0.ini","music":"new_08_0.cnd","skybox":"none","corridor":0.5,"caps":50,"timer":0,"geyser":true,"clogged":true,"echo":0,"plane":false,"seesaw":true,"version":1,"max_entities":49,"max_trasures":null,"max_gates":null},"entities":[{"name":"LeafChappy","count":1,"weight":0,"dead_end":false,"group":0,"treasure":null,"fall":""},{"name":"SnakeCrow","count":1,"weight":0,"dead_end":false,"group":0,"treasure":"ichigo_l","fall":""},{"name":"BombSarai","count":1,"weight":0,"dead_end":false,"group":0,"treasure":null,"fall":""},{"name":"Kurage","count":1,"weight":0,"dead_end":false,"group":1,"treasure":null,"fall":""},{"name":"MaroFrog","count":3,"weight":0,"dead_end":false,"group":1,"treasure":null,"fall":""},{"name":"Frog","count":3,"weight":0,"dead_end":false,"group":1,"treasure":null,"fall":""},{"name":"Zenmai","count":3,"weight":0,"dead_end":false,"group":6,"treasure":null,"fall":""},{"name":"OniKurage","count":1,"weight":0,"dead_end":false,"group":0,"treasure":null,"fall":""},{"name":"SnakeCrow","count":1,"weight":0,"dead_end":false,"group":0,"treasure":"key","fall":""}],"treasures":[{"name":"futa_a_silver","count":1,"weight":0},{"name":"be_dama_yellow_l","count":1,"weight":0},{"name":"bird_hane","count":1,"weight":0}],"gates":[{"word":"gate","health":6900,"weight":1},{"word":"gate","health":6900,"weight":1},{"word":"gate","health":6900,"weight":1}]},{"name":"Sublevel 7","properties":{"unit":"1_ABE_king_tsuchi.txt","max_rooms":1,"light":"sniper_light_lv0.ini","music":"","skybox":"none","corridor":0.0,"caps":50,"timer":0,"geyser":true,"clogged":true,"echo":0,"plane":false,"seesaw":true,"version":1,"max_entities":11,"max_trasures":null,"max_gates":null},"entities":[{"name":"ElecHiba","count":10,"weight":0,"dead_end":false,"group":6,"treasure":null,"fall":""},{"name":"UjiA","count":1,"weight":0,"dead_end":false,"group":1,"treasure":"suit_powerup","fall":""},{"name":"Egg","count":0,"weight":3,"dead_end":true,"group":0,"treasure":null,"fall":""}],"treasures":[{"name":"key","count":1,"weight":0}],"gates":[{"word":"gate","health":6900,"weight":1},{"word":"gate","health":6900,"weight":1},{"word":"gate","health":6900,"weight":1}]},{"name":"Sublevel 8","properties":{"unit":"1_unit_16x17r_conc.txt","max_rooms":1,"light":"sniper_light_lv0.ini","music":"caverelax.cnd","skybox":"test","corridor":0.0,"caps":0,"timer":0,"geyser":true,"clogged":false,"echo":0,"plane":false,"seesaw":false,"version":1,"max_entities":27,"max_trasures":null,"max_gates":null},"entities":[{"name":"SnakeWhole","count":10,"weight":0,"dead_end":false,"group":6,"treasure":"key","fall":""}],"treasures":[{"name":"g_futa_hiruzen","count":1,"weight":0},{"name":"g_futa_kitaama","count":1,"weight":0},{"name":"g_futa_nihonraku","count":1,"weight":0},{"name":"g_futa_titiyas","count":1,"weight":0},{"name":"denchi_2_red","count":1,"weight":0},{"name":"g_futa_kajiwara","count":1,"weight":0}],"gates":[]}],"content":null}