{"sublevels":[{"name":"Sublevel 1","properties":{"unit":"3_MAT_nor4_ike1_ike2_tsuchi.txt","max_rooms":3,"light":"normal_light_lv0.ini","music":"cavesoil_10_0.cnd","skybox":"none","corridor":0.05,"caps":50,"timer":0,"geyser":false,"clogged":false,"echo":0,"plane":false,"seesaw":false,"version":1,"max_entities":null,"max_trasures":null,"max_gates":null},"entities":[{"name":"Hiba","count":5,"weight":0,"dead_end":false,"group":5,"treasure":null,"fall":""},{"name":"PanModoki","count":1,"weight":0,"dead_end":false,"group":1,"treasure":"compact","fall":""},{"name":"Chappy","count":2,"weight":0,"dead_end":false,"group":1,"treasure":"donguri_l","fall":""},{"name":"Mar","count":2,"weight":0,"dead_end":false,"group":0,"treasure":"kouseki_suisyou","fall":""},{"name":"BlueKochappy","count":5,"weight":0,"dead_end":false,"group":0,"treasure":"flower_blue","fall":""},{"name":"BlueKochappy","count":2,"weight":0,"dead_end":true,"group":0,"treasure":"flower_blue","fall":""},{"name":"Hiba","count":2,"weight":0,"dead_end":false,"group":6,"treasure":null,"fall":""}],"treasures":[{"name":"donutschoco","count":1,"weight":0},{"name":"bane","count":1,"weight":0},{"name":"key","count":1,"weight":0}],"gates":[]},{"name":"Sublevel 2","properties":{"unit":"1_units_ike4_tsuchi.txt","max_rooms":1,"light":"normal_light_lv0.ini","music":"new_01_0.cnd","skybox":"none","corridor":0.05,"caps":50,"timer":0,"geyser":false,"clogged":false,"echo":0,"plane":false,"seesaw":false,"version":1,"max_entities":null,"max_trasures":null,"max_gates":null},"entities":[{"name":"FireChappy","count":1,"weight":0,"dead_end":false,"group":0,"treasure":"key","fall":""},{"name":"Hiba","count":3,"weight":0,"dead_end":false,"group":6,"treasure":null,"fall":""},{"name":"FireChappy","count":2,"weight":0,"dead_end":false,"group":0,"treasure":"juji_key_fc","fall":""},{"name":"FireChappy","count":2,"weight":0,"dead_end":false,"group":1,"treasure":"juji_key_fc","fall":""},{"name":"Hiba","count":7,"weight":0,"dead_end":false,"group":0,"treasure":null,"fall":""},{"name":"Hiba","count":7,"weight":0,"dead_end":false,"group":1,"treasure":null,"fall":""},{"name":"Hiba","count":4,"weight":0,"dead_end":false,"group":5,"treasure":null,"fall":""}],"treasures":[{"name":"dia_c_red","count":1,"weight":0}],"gates":[]},{"name":"Sublevel 3","properties":{"unit":"1_ABE_king_tsuchi.txt","max_rooms":2,"light":"normal_light_lv0.ini","music":"new_05_0.cnd","skybox":"none","corridor":0.005,"caps":50,"timer":0,"geyser":false,"clogged":false,"echo":0,"plane":false,"seesaw":false,"version":1,"max_entities":null,"max_trasures":null,"max_gates":null},"entities":[{"name":"Queen","count":1,"weight":0,"dead_end":false,"group":1,"treasure":"key","fall":""},{"name":"Queen","count":1,"weight":0,"dead_end":false,"group":1,"treasure":"doll","fall":""},{"name":"Hiba","count":9,"weight":0,"dead_end":false,"group":0,"treasure":null,"fall":""},{"name":"Hiba","count":4,"weight":0,"dead_end":false,"group":6,"treasure":null,"fall":""},{"name":"Hiba","count":1,"weight":0,"dead_end":false,"group":1,"treasure":null,"fall":""}],"treasures":[{"name":"g_futa_nihonraku","count":1,"weight":0}],"gates":[{"word":"gate","health":1000,"weight":1},{"word":"gate","health":1000,"weight":1},{"word":"gate","health":1000,"weight":1}]}],"content":null}