{"sublevels":[{"name":"Sublevel 1","properties":{"unit":"1_ABE_mid1_boss_tsuchi.txt","max_rooms":3,"light":"normal_light_lv0.ini","music":"cavesoil_10_2.cnd","skybox":"none","corridor":0.2,"caps":5,"timer":0,"geyser":true,"clogged":false,"echo":0,"plane":false,"seesaw":false,"version":1,"max_entities":null,"max_trasures":null,"max_gates":null},"entities":[{"name":"ElecBug","count":10,"weight":0,"dead_end":false,"group":0,"treasure":"donutswhite_s","fall":""},{"name":"ElecOtakara","count":5,"weight":0,"dead_end":false,"group":1,"treasure":"juji_key_fc","fall":""},{"name":"WaterOtakara","count":5,"weight":0,"dead_end":false,"group":0,"treasure":"diamond_blue_l","fall":""},{"name":"GasOtakara","count":5,"weight":0,"dead_end":false,"group":1,"treasure":"kinoko_doku","fall":""},{"name":"ElecHiba","count":3,"weight":0,"dead_end":false,"group":1,"treasure":null,"fall":""},{"name":"Wtank","count":5,"weight":0,"dead_end":false,"group":1,"treasure":"ichigo","fall":""},{"name":"ElecOtakara","count":1,"weight":0,"dead_end":false,"group":1,"treasure":"key","fall":""}],"treasures":[],"gates":[{"word":"gate","health":1000,"weight":1},{"word":"gate","health":1000,"weight":1},{"word":"gate","health":1000,"weight":1},{"word":"gate","health":1000,"weight":1},{"word":"gate","health":1000,"weight":1}]}],"content":null}