{"sublevels":[{"name":"Sublevel 1 - Sunset Metal","properties":{"unit":"1_units_houdai_metal.txt","max_rooms":1,"light":"kumomei_light_cha.ini","music":"new_01_0.cnd","skybox":"build","corridor":0.12,"caps":50,"timer":0,"geyser":false,"clogged":false,"echo":0,"plane":false,"seesaw":false,"version":1,"max_entities":null,"max_trasures":null,"max_gates":null},"entities":[{"name":"KumaChappy","count":1,"weight":0,"dead_end":false,"group":0,"treasure":"key","fall":"$2"},{"name":"Rkabuto","count":3,"weight":0,"dead_end":true,"group":0,"treasure":"kan_b_silver","fall":""},{"name":"Hana","count":1,"weight":0,"dead_end":false,"group":1,"treasure":"loozy","fall":""},{"name":"Kochappy","count":10,"weight":0,"dead_end":false,"group":0,"treasure":"kan_b_gold","fall":""}],"treasures":[{"name":"j_block_yellow","count":1,"weight":0},{"name":"mojiban","count":4,"weight":0}],"gates":[{"word":"gate","health":100,"weight":1},{"word":"gate","health":100,"weight":1},{"word":"gate","health":100,"weight":1}]},{"name":"Sublevel 2 - Sunset Toybox","properties":{"unit":"all_units_hitode_toy.txt","max_rooms":1,"light":"kumomei_light_cha.ini","music":"cavetsumiki_00_0.cnd","skybox":"flooring","corridor":0.12,"caps":50,"timer":0,"geyser":false,"clogged":false,"echo":0,"plane":false,"seesaw":false,"version":1,"max_entities":null,"max_trasures":null,"max_gates":null},"entities":[{"name":"MiniHoudai","count":3,"weight":0,"dead_end":true,"group":0,"treasure":"kan","fall":""},{"name":"Rkabuto","count":2,"weight":0,"dead_end":false,"group":1,"treasure":"kan_imuraya","fall":"$"},{"name":"SnakeCrow","count":1,"weight":0,"dead_end":false,"group":1,"treasure":"key","fall":"$"},{"name":"KumaKochappy","count":15,"weight":0,"dead_end":false,"group":0,"treasure":"toy_ring_a_red","fall":""}],"treasures":[{"name":"juji_key","count":8,"weight":0}],"gates":[]},{"name":"Sublevel 3 - Sunset Rest Area","properties":{"unit":"1_units_boss_tsuchi.txt","max_rooms":1,"light":"kumomei_light_cha.ini","music":"caverelax.cnd","skybox":"none","corridor":0.12,"caps":50,"timer":0,"geyser":false,"clogged":false,"echo":0,"plane":false,"seesaw":false,"version":1,"max_entities":null,"max_trasures":null,"max_gates":null},"entities":[{"name":"Tanpopo","count":15,"weight":0,"dead_end":false,"group":0,"treasure":null,"fall":""},{"name":"BlackPom","count":2,"weight":0,"dead_end":false,"group":1,"treasure":null,"fall":""},{"name":"RandPom","count":3,"weight":0,"dead_end":false,"group":0,"treasure":null,"fall":""},{"name":"WhitePom","count":1,"weight":0,"dead_end":false,"group":0,"treasure":null,"fall":""},{"name":"Egg","count":6,"weight":0,"dead_end":false,"group":1,"treasure":null,"fall":""},{"name":"Kogane","count":1,"weight":0,"dead_end":false,"group":1,"treasure":null,"fall":""}],"treasures":[{"name":"key","count":1,"weight":0}],"gates":[]},{"name":"Sublevel 4 - Sunset Tile","properties":{"unit":"3_units_d_f_ujikou_tile.txt","max_rooms":1,"light":"kumomei_light_cha.ini","music":"new_02_0.cnd","skybox":"none","corridor":0.12,"caps":50,"timer":0,"geyser":false,"clogged":false,"echo":0,"plane":false,"seesaw":false,"version":1,"max_entities":null,"max_trasures":null,"max_gates":null},"entities":[{"name":"MaroFrog","count":2,"weight":0,"dead_end":false,"group":1,"treasure":"bell_yellow","fall":""},{"name":"UmiMushiBlind","count":1,"weight":0,"dead_end":false,"group":0,"treasure":"kinoko_doku","fall":""},{"name":"Wtank","count":3,"weight":0,"dead_end":false,"group":0,"treasure":"bell_blue","fall":""},{"name":"Armor","count":1,"weight":0,"dead_end":true,"group":0,"treasure":"key","fall":""}],"treasures":[{"name":"bell_red","count":1,"weight":0},{"name":"chocoichigo","count":1,"weight":0},{"name":"j_block_blue","count":1,"weight":0},{"name":"toy_ring_c_blue","count":1,"weight":0}],"gates":[]},{"name":"Sublevel 5 - Sunset Boss Battle","properties":{"unit":"1_MAT_manp_2_conc.txt","max_rooms":1,"light":"kumomei_light_cha.ini","music":"new_03_0.cnd","skybox":"none","corridor":0.12,"caps":50,"timer":0,"geyser":true,"clogged":false,"echo":0,"plane":false,"seesaw":false,"version":1,"max_entities":null,"max_trasures":null,"max_gates":null},"entities":[{"name":"OoPanModoki","count":1,"weight":0,"dead_end":false,"group":0,"treasure":"key","fall":""},{"name":"OoPanModoki","count":2,"weight":0,"dead_end":false,"group":0,"treasure":"chocowhite_l","fall":""},{"name":"PanModoki","count":8,"weight":0,"dead_end":false,"group":1,"treasure":"diamond_blue_l","fall":""}],"treasures":[{"name":"apple","count":1,"weight":0},{"name":"bird_hane","count":1,"weight":0},{"name":"dia_b_green","count":1,"weight":0},{"name":"toy_ring_a_red","count":1,"weight":0},{"name":"kan_maruha","count":1,"weight":0},{"name":"g_futa_kyosin","count":1,"weight":0},{"name":"fire","count":1,"weight":0}],"gates":[]}],"content":null}