{"sublevels":[{"name":"Sublevel 1","properties":{"unit":"3_MAT_a_h_m_renga.txt","max_rooms":5,"light":"normal_light_lv4.ini","music":"cavesoil_10_0.cnd","skybox":"none","corridor":0.12,"caps":50,"timer":0,"geyser":false,"clogged":false,"echo":0,"plane":false,"seesaw":false,"version":1,"max_entities":null,"max_trasures":null,"max_gates":null},"entities":[{"name":"Chappy","count":4,"weight":0,"dead_end":false,"group":1,"treasure":"badminton","fall":""},{"name":"Tobi","count":14,"weight":0,"dead_end":false,"group":0,"treasure":"flower_blue","fall":""},{"name":"UmiMushiBlind","count":2,"weight":0,"dead_end":false,"group":1,"treasure":"bell_yellow","fall":""},{"name":"Tank","count":1,"weight":0,"dead_end":false,"group":0,"treasure":"key","fall":"$"},{"name":"ElecHiba","count":5,"weight":0,"dead_end":false,"group":5,"treasure":null,"fall":""},{"name":"Wtank","count":1,"weight":0,"dead_end":false,"group":6,"treasure":"ichigo","fall":"$"}],"treasures":[{"name":"fire_helmet","count":1,"weight":0},{"name":"leaf_yellow","count":1,"weight":0},{"name":"kouseki_suisyou","count":1,"weight":0}],"gates":[{"word":"gate","health":1600,"weight":1},{"word":"gate","health":1600,"weight":1},{"word":"gate","health":1600,"weight":1}]},{"name":"Sublevel 2","properties":{"unit":"3_units_cent_cent2_north_tsuchi.txt","max_rooms":4,"light":"normal_light_lv4.ini","music":"caveconc_00_0.cnd","skybox":"none","corridor":0.0,"caps":50,"timer":0,"geyser":false,"clogged":false,"echo":0,"plane":false,"seesaw":false,"version":1,"max_entities":null,"max_trasures":null,"max_gates":null},"entities":[{"name":"SnakeWhole","count":1,"weight":0,"dead_end":false,"group":0,"treasure":"key","fall":""},{"name":"Rkabuto","count":5,"weight":0,"dead_end":false,"group":1,"treasure":"j_block_white","fall":""},{"name":"Jigumo","count":5,"weight":0,"dead_end":false,"group":0,"treasure":"cookie_s","fall":""},{"name":"BombOtakara","count":2,"weight":0,"dead_end":false,"group":6,"treasure":null,"fall":"$"}],"treasures":[{"name":"kan","count":1,"weight":0},{"name":"chocolate_l","count":1,"weight":0},{"name":"diamond_red_l","count":1,"weight":0}],"gates":[]},{"name":"Sublevel 3","properties":{"unit":"3_units_cent_mid2_north_tsuchi.txt","max_rooms":4,"light":"normal_light_lv4.ini","music":"new_04_0.cnd","skybox":"none","corridor":0.12,"caps":50,"timer":0,"geyser":false,"clogged":false,"echo":0,"plane":false,"seesaw":false,"version":1,"max_entities":null,"max_trasures":null,"max_gates":null},"entities":[{"name":"OoPanModoki","count":1,"weight":0,"dead_end":false,"group":0,"treasure":"key","fall":""},{"name":"KingChappy","count":3,"weight":0,"dead_end":false,"group":0,"treasure":"baum_kuchen","fall":""},{"name":"MaroFrog","count":8,"weight":0,"dead_end":false,"group":1,"treasure":"chocoichigo","fall":""},{"name":"MiniHoudai","count":1,"weight":0,"dead_end":false,"group":1,"treasure":"g_futa_hirosima","fall":""},{"name":"BlackPom","count":1,"weight":0,"dead_end":true,"group":0,"treasure":null,"fall":""},{"name":"Egg","count":1,"weight":0,"dead_end":true,"group":0,"treasure":null,"fall":""},{"name":"BombSarai","count":1,"weight":0,"dead_end":false,"group":5,"treasure":"leaf_kare","fall":"$"},{"name":"Hiba","count":6,"weight":0,"dead_end":false,"group":5,"treasure":null,"fall":""},{"name":"Hiba","count":6,"weight":0,"dead_end":false,"group":6,"treasure":null,"fall":""}],"treasures":[{"name":"radar_b","count":1,"weight":0},{"name":"suit_fire","count":1,"weight":0},{"name":"juji_key","count":1,"weight":0}],"gates":[{"word":"gate","health":1600,"weight":1},{"word":"gate","health":1600,"weight":1}]}],"content":null}