{"sublevels":[{"name":"Sublevel 1 - Look out!","properties":{"unit":"3_MAT_ike2_hit1_hit3_tsuchi.txt","max_rooms":2,"light":"normal_light_cha.ini","music":"cavemetal_00_0.cnd","skybox":"none","corridor":0.12,"caps":50,"timer":0,"geyser":false,"clogged":false,"echo":0,"plane":false,"seesaw":false,"version":1,"max_entities":null,"max_trasures":null,"max_gates":null},"entities":[{"name":"Rock","count":3,"weight":0,"dead_end":false,"group":1,"treasure":null,"fall":""},{"name":"Fkabuto","count":1,"weight":0,"dead_end":false,"group":0,"treasure":"gold_medal","fall":""},{"name":"Bomb","count":4,"weight":0,"dead_end":true,"group":0,"treasure":null,"fall":"$"},{"name":"Wtank","count":1,"weight":0,"dead_end":false,"group":1,"treasure":"gold_medal","fall":"$"},{"name":"Miulin","count":1,"weight":0,"dead_end":false,"group":1,"treasure":"key","fall":""},{"name":"Ooinu_l","count":3,"weight":0,"dead_end":false,"group":6,"treasure":null,"fall":""},{"name":"Wakame_s","count":2,"weight":0,"dead_end":false,"group":6,"treasure":null,"fall":""}],"treasures":[],"gates":[]},{"name":"Sublevel 2 - Quick! The Hole!","properties":{"unit":"3_MAT_nor4_ike1_ike2_tsuchi.txt","max_rooms":2,"light":"houdai_light.ini","music":"cavemetal_00_0.cnd","skybox":"none","corridor":0.12,"caps":50,"timer":0,"geyser":false,"clogged":false,"echo":0,"plane":false,"seesaw":false,"version":1,"max_entities":null,"max_trasures":null,"max_gates":null},"entities":[{"name":"Rock","count":2,"weight":0,"dead_end":false,"group":0,"treasure":null,"fall":"$"},{"name":"Rkabuto","count":1,"weight":0,"dead_end":false,"group":1,"treasure":"bell_red","fall":""},{"name":"LeafChappy","count":1,"weight":0,"dead_end":false,"group":1,"treasure":"gold_medal","fall":""},{"name":"BluePom","count":2,"weight":0,"dead_end":true,"group":0,"treasure":null,"fall":""}],"treasures":[{"name":"key","count":1,"weight":0}],"gates":[]},{"name":"Sublevel 3 - A fierce battle!","properties":{"unit":"1_units_queen_b_tsuchi.txt","max_rooms":1,"light":"qchap_light.ini","music":"cavemetal_00_0.cnd","skybox":"none","corridor":0.12,"caps":50,"timer":0,"geyser":false,"clogged":true,"echo":0,"plane":false,"seesaw":false,"version":1,"max_entities":null,"max_trasures":null,"max_gates":null},"entities":[{"name":"Rock","count":4,"weight":0,"dead_end":false,"group":0,"treasure":null,"fall":"$"},{"name":"Rock","count":1,"weight":0,"dead_end":false,"group":0,"treasure":null,"fall":"$"},{"name":"SnakeCrow","count":1,"weight":0,"dead_end":false,"group":1,"treasure":"key","fall":""}],"treasures":[],"gates":[]},{"name":"Sublevel 4 - Escape!","properties":{"unit":"2_ABE_norhiba_blkhiba_tsuchi.txt","max_rooms":3,"light":"normal_light_lv4.ini","music":"cavemetal_05_4.cnd","skybox":"none","corridor":0.12,"caps":50,"timer":0,"geyser":true,"clogged":false,"echo":0,"plane":false,"seesaw":false,"version":1,"max_entities":null,"max_trasures":null,"max_gates":null},"entities":[{"name":"BlueKochappy","count":1,"weight":0,"dead_end":false,"group":0,"treasure":"key","fall":""},{"name":"Rock","count":1,"weight":0,"dead_end":false,"group":0,"treasure":null,"fall":"$"},{"name":"Rock","count":1,"weight":0,"dead_end":false,"group":0,"treasure":null,"fall":"$"},{"name":"Rock","count":1,"weight":0,"dead_end":false,"group":0,"treasure":null,"fall":"$"},{"name":"Rock","count":1,"weight":0,"dead_end":false,"group":0,"treasure":null,"fall":"$"},{"name":"Rock","count":1,"weight":0,"dead_end":false,"group":0,"treasure":null,"fall":"$"},{"name":"Rock","count":1,"weight":0,"dead_end":false,"group":1,"treasure":null,"fall":"$"},{"name":"Rock","count":1,"weight":0,"dead_end":false,"group":1,"treasure":null,"fall":"$"},{"name":"Rock","count":1,"weight":0,"dead_end":false,"group":1,"treasure":null,"fall":"$"},{"name":"Rock","count":1,"weight":0,"dead_end":false,"group":1,"treasure":null,"fall":"$"},{"name":"Rock","count":1,"weight":0,"dead_end":false,"group":6,"treasure":null,"fall":"$"},{"name":"Rock","count":1,"weight":0,"dead_end":false,"group":6,"treasure":null,"fall":"$"},{"name":"Rock","count":1,"weight":0,"dead_end":false,"group":6,"treasure":null,"fall":"$"},{"name":"Rock","count":1,"weight":0,"dead_end":false,"group":5,"treasure":null,"fall":"$"},{"name":"Rock","count":1,"weight":0,"dead_end":false,"group":5,"treasure":null,"fall":"$"},{"name":"Rock","count":1,"weight":0,"dead_end":false,"group":5,"treasure":null,"fall":"$"}],"treasures":[],"gates":[]}],"content":null}