{"sublevels":[{"name":"Sublevel 1","properties":{"unit":"1_units_a_tile.txt","max_rooms":6,"light":"bluefog00.ini","music":"caveconc_00_0.cnd","skybox":"none","corridor":0.1,"caps":50,"timer":0,"geyser":false,"clogged":true,"echo":0,"plane":false,"seesaw":false,"version":1,"max_entities":12,"max_trasures":null,"max_gates":null},"entities":[{"name":"BlackPom","count":2,"weight":0,"dead_end":false,"group":1,"treasure":null,"fall":""},{"name":"WhitePom","count":2,"weight":0,"dead_end":false,"group":0,"treasure":null,"fall":""},{"name":"BlueKochappy","count":3,"weight":0,"dead_end":false,"group":0,"treasure":null,"fall":""},{"name":"Frog","count":1,"weight":0,"dead_end":false,"group":0,"treasure":null,"fall":""},{"name":"YellowKochappy","count":3,"weight":0,"dead_end":false,"group":1,"treasure":null,"fall":""},{"name":"RandPom","count":1,"weight":0,"dead_end":true,"group":0,"treasure":null,"fall":"$3"}],"treasures":[{"name":"chess_queen_black","count":1,"weight":0},{"name":"kinoko_doku","count":1,"weight":0},{"name":"robot_head","count":1,"weight":0},{"name":"channel","count":1,"weight":0},{"name":"key","count":1,"weight":0}],"gates":[{"word":"gate","health":1000,"weight":1},{"word":"gate","health":1,"weight":1},{"word":"gate","health":420,"weight":1}]},{"name":"Sublevel 2","properties":{"unit":"1_NARI_ud_tile.txt","max_rooms":8,"light":"forest_3_light.ini","music":"caveconc_00_0.cnd","skybox":"none","corridor":0.1,"caps":50,"timer":0,"geyser":false,"clogged":false,"echo":0,"plane":false,"seesaw":false,"version":1,"max_entities":14,"max_trasures":null,"max_gates":null},"entities":[{"name":"Hiba","count":3,"weight":0,"dead_end":false,"group":1,"treasure":null,"fall":""},{"name":"ElecHiba","count":1,"weight":0,"dead_end":false,"group":5,"treasure":null,"fall":""},{"name":"UjiB","count":5,"weight":0,"dead_end":false,"group":0,"treasure":null,"fall":""},{"name":"BlueChappy","count":2,"weight":0,"dead_end":false,"group":0,"treasure":null,"fall":"$3"},{"name":"OniKurage","count":1,"weight":0,"dead_end":false,"group":0,"treasure":null,"fall":"$3"},{"name":"Egg","count":2,"weight":0,"dead_end":true,"group":0,"treasure":"kan_b_silver","fall":""}],"treasures":[{"name":"key","count":1,"weight":0},{"name":"doll","count":5,"weight":0}],"gates":[{"word":"gate","health":1000,"weight":1},{"word":"gate","health":1000,"weight":1},{"word":"gate","health":1000,"weight":1},{"word":"gate","health":1000,"weight":1}]},{"name":"Sublevel 3","properties":{"unit":"1_NARI_ud_tile.txt","max_rooms":3,"light":"key_light_lv1.ini","music":"caveconc_00_0.cnd","skybox":"none","corridor":0.1,"caps":50,"timer":0,"geyser":false,"clogged":true,"echo":0,"plane":false,"seesaw":false,"version":1,"max_entities":7,"max_trasures":null,"max_gates":null},"entities":[{"name":"MiniHoudai","count":1,"weight":0,"dead_end":false,"group":0,"treasure":"dia_c_red","fall":""},{"name":"Miulin","count":1,"weight":0,"dead_end":false,"group":1,"treasure":null,"fall":""},{"name":"Chiyogami","count":1,"weight":0,"dead_end":false,"group":0,"treasure":null,"fall":"$"},{"name":"Kurage","count":2,"weight":0,"dead_end":false,"group":8,"treasure":null,"fall":"$"},{"name":"Egg","count":2,"weight":0,"dead_end":true,"group":0,"treasure":null,"fall":"$"}],"treasures":[{"name":"key","count":1,"weight":0},{"name":"toy_ring_b_blue","count":1,"weight":0},{"name":"g_futa_kajiwara","count":1,"weight":0},{"name":"toy_dog","count":1,"weight":0},{"name":"locket","count":1,"weight":0},{"name":"chess_king_white","count":1,"weight":0}],"gates":[{"word":"gate","health":1000,"weight":1},{"word":"gate","health":500,"weight":1},{"word":"gate","health":150,"weight":1}]},{"name":"Sublevel 4","properties":{"unit":"1_MAT_vs_drypool_tile.txt","max_rooms":6,"light":"yakushima_2_light.ini","music":"caveconc_00_0.cnd","skybox":"none","corridor":0.1,"caps":50,"timer":0,"geyser":false,"clogged":false,"echo":0,"plane":false,"seesaw":false,"version":1,"max_entities":31,"max_trasures":null,"max_gates":null},"entities":[{"name":"Kochappy","count":4,"weight":0,"dead_end":false,"group":0,"treasure":null,"fall":""},{"name":"Kochappy","count":5,"weight":0,"dead_end":false,"group":1,"treasure":null,"fall":""},{"name":"Kochappy","count":3,"weight":0,"dead_end":false,"group":8,"treasure":null,"fall":""},{"name":"Kochappy","count":3,"weight":0,"dead_end":false,"group":8,"treasure":null,"fall":""},{"name":"Kochappy","count":30,"weight":0,"dead_end":false,"group":6,"treasure":null,"fall":"$"},{"name":"Kochappy","count":2,"weight":0,"dead_end":false,"group":1,"treasure":null,"fall":"$"},{"name":"Kochappy","count":3,"weight":0,"dead_end":false,"group":0,"treasure":null,"fall":"$"},{"name":"Kochappy","count":6,"weight":0,"dead_end":false,"group":8,"treasure":null,"fall":"$"},{"name":"Kochappy","count":2,"weight":0,"dead_end":true,"group":0,"treasure":null,"fall":"$"}],"treasures":[{"name":"key","count":1,"weight":0},{"name":"bell_yellow","count":1,"weight":0},{"name":"juji_key_fc","count":1,"weight":0},{"name":"kan_nichiro","count":1,"weight":0},{"name":"g_futa_kyusyu","count":1,"weight":0},{"name":"compact_make","count":1,"weight":0}],"gates":[{"word":"gate","health":150,"weight":1},{"word":"gate","health":150,"weight":1},{"word":"gate","health":150,"weight":1},{"word":"gate","health":150,"weight":1},{"word":"gate","health":150,"weight":1}]},{"name":"Sublevel 5","properties":{"unit":"1_ABE_ari_metal.txt","max_rooms":1,"light":"normal_light_lv0.ini","music":"caveconc_00_0.cnd","skybox":"none","corridor":0.1,"caps":50,"timer":0,"geyser":false,"clogged":false,"echo":0,"plane":false,"seesaw":false,"version":1,"max_entities":1,"max_trasures":null,"max_gates":null},"entities":[{"name":"BigFoot","count":1,"weight":0,"dead_end":false,"group":0,"treasure":null,"fall":"$3"}],"treasures":[{"name":"key","count":1,"weight":0}],"gates":[]}],"content":null}