{"sublevels":[{"name":"Sublevel 1","properties":{"unit":"2_ABE_units_5x5a_mid_kusachi.txt","max_rooms":5,"light":"normal_light_cha.ini","music":"caveglass_00_0.cnd","skybox":"hiroba","corridor":0.12,"caps":50,"timer":0,"geyser":false,"clogged":false,"echo":0,"plane":false,"seesaw":false,"version":1,"max_entities":null,"max_trasures":null,"max_gates":null},"entities":[{"name":"Ooinu_l","count":6,"weight":0,"dead_end":false,"group":6,"treasure":null,"fall":""},{"name":"Miulin","count":1,"weight":0,"dead_end":false,"group":1,"treasure":"key","fall":""},{"name":"Armor","count":2,"weight":0,"dead_end":false,"group":0,"treasure":"gold_medal","fall":""},{"name":"Wealthy","count":1,"weight":0,"dead_end":true,"group":0,"treasure":"gold_medal","fall":""},{"name":"Kurage","count":2,"weight":0,"dead_end":false,"group":1,"treasure":"gold_medal","fall":""},{"name":"YellowChappy","count":1,"weight":0,"dead_end":true,"group":0,"treasure":"toy_teala","fall":""}],"treasures":[{"name":"silver_medal","count":1,"weight":0},{"name":"mojiban","count":1,"weight":0},{"name":"locket","count":1,"weight":0},{"name":"toy_cat","count":1,"weight":0}],"gates":[{"word":"gate","health":4000,"weight":1},{"word":"gate","health":4000,"weight":1},{"word":"gate","health":4000,"weight":1}]},{"name":"Sublevel 2","properties":{"unit":"1_MAT_ike_kusachi.txt","max_rooms":5,"light":"key_light_lv0.ini","music":"new_00_0.cnd","skybox":"hiroba","corridor":0.12,"caps":50,"timer":0,"geyser":true,"clogged":false,"echo":0,"plane":false,"seesaw":false,"version":1,"max_entities":null,"max_trasures":null,"max_gates":null},"entities":[{"name":"Frog","count":2,"weight":0,"dead_end":false,"group":0,"treasure":"gold_medal","fall":""},{"name":"HikariKinoko","count":11,"weight":0,"dead_end":false,"group":6,"treasure":null,"fall":""},{"name":"LeafChappy","count":1,"weight":0,"dead_end":false,"group":0,"treasure":"gold_medal","fall":""},{"name":"Chappy","count":1,"weight":0,"dead_end":true,"group":0,"treasure":"key","fall":""},{"name":"Wtank","count":2,"weight":0,"dead_end":false,"group":1,"treasure":"gold_medal","fall":""},{"name":"Miulin","count":2,"weight":0,"dead_end":false,"group":0,"treasure":"gold_medal","fall":""},{"name":"Catfish","count":3,"weight":0,"dead_end":false,"group":1,"treasure":"gold_medal","fall":""}],"treasures":[{"name":"toy_teala","count":1,"weight":0},{"name":"elec","count":1,"weight":0},{"name":"dashboots","count":1,"weight":0},{"name":"baum_kuchen_s","count":1,"weight":0}],"gates":[{"word":"gate","health":4000,"weight":1},{"word":"gate","health":4000,"weight":1}]}],"content":null}