{"sublevels":[{"name":"Sublevel 1 - Boiler Room","properties":{"unit":"4_NARI_danh_norjk_pypn_conc.txt","max_rooms":5,"light":"king_light.ini","music":"new_01_0.cnd","skybox":"none","corridor":0.05,"caps":100,"timer":0,"geyser":false,"clogged":false,"echo":0,"plane":false,"seesaw":false,"version":1,"max_entities":null,"max_trasures":null,"max_gates":null},"entities":[{"name":"BlueChappy","count":2,"weight":0,"dead_end":false,"group":0,"treasure":null,"fall":""},{"name":"BlueChappy","count":2,"weight":0,"dead_end":false,"group":1,"treasure":null,"fall":""},{"name":"BlueKochappy","count":8,"weight":0,"dead_end":false,"group":1,"treasure":null,"fall":""},{"name":"BlueKochappy","count":8,"weight":0,"dead_end":false,"group":0,"treasure":null,"fall":""},{"name":"DaiodoRed","count":10,"weight":0,"dead_end":false,"group":6,"treasure":null,"fall":""},{"name":"Hiba","count":12,"weight":0,"dead_end":false,"group":5,"treasure":null,"fall":""},{"name":"FireOtakara","count":3,"weight":0,"dead_end":false,"group":0,"treasure":null,"fall":"$"},{"name":"FireOtakara","count":2,"weight":0,"dead_end":false,"group":1,"treasure":null,"fall":"$"},{"name":"Hanachirashi","count":2,"weight":0,"dead_end":false,"group":0,"treasure":null,"fall":"$"}],"treasures":[{"name":"key","count":1,"weight":0},{"name":"kinoko_doku","count":1,"weight":0},{"name":"kinoko","count":1,"weight":0},{"name":"saru_head","count":1,"weight":0}],"gates":[{"word":"gate","health":10000,"weight":1},{"word":"gate","health":10000,"weight":1}]},{"name":"Sublevel 2 - Creo Chamber","properties":{"unit":"3_MAT_d_g_m_renga.txt","max_rooms":7,"light":"forest_3_light.ini","music":"new_00_1.cnd","skybox":"none","corridor":0.5,"caps":50,"timer":0,"geyser":false,"clogged":false,"echo":0,"plane":false,"seesaw":false,"version":1,"max_entities":null,"max_trasures":null,"max_gates":null},"entities":[{"name":"BigFoot","count":1,"weight":0,"dead_end":false,"group":0,"treasure":"key","fall":""},{"name":"DaiodoRed","count":10,"weight":0,"dead_end":false,"group":6,"treasure":null,"fall":""},{"name":"WaterOtakara","count":15,"weight":0,"dead_end":false,"group":0,"treasure":null,"fall":""},{"name":"ElecOtakara","count":15,"weight":0,"dead_end":false,"group":1,"treasure":null,"fall":""},{"name":"ElecOtakara","count":10,"weight":0,"dead_end":false,"group":0,"treasure":null,"fall":"$4"},{"name":"WaterOtakara","count":10,"weight":0,"dead_end":false,"group":1,"treasure":null,"fall":"$4"},{"name":"Damagumo","count":1,"weight":0,"dead_end":false,"group":1,"treasure":"donutsichigo","fall":""},{"name":"ElecOtakara","count":15,"weight":0,"dead_end":false,"group":1,"treasure":"be_dama_yellow_l","fall":""},{"name":"YellowChappy","count":1,"weight":0,"dead_end":false,"group":0,"treasure":null,"fall":""},{"name":"Egg","count":3,"weight":0,"dead_end":true,"group":0,"treasure":null,"fall":""}],"treasures":[{"name":"cookie","count":1,"weight":0},{"name":"cookie","count":1,"weight":0},{"name":"kan_b_silver","count":1,"weight":0},{"name":"g_futa_kyusyu","count":1,"weight":0}],"gates":[{"word":"gate","health":2000,"weight":1},{"word":"gate","health":2000,"weight":1},{"word":"gate","health":2000,"weight":1},{"word":"gate","health":2000,"weight":1},{"word":"gate","health":2000,"weight":1}]},{"name":"Sublevel 3 - The Lab","properties":{"unit":"4_units_north_ud_pool_dry_tile.txt","max_rooms":5,"light":"forest_3_light.ini","music":"new_00_1.cnd","skybox":"none","corridor":0.0,"caps":50,"timer":0,"geyser":false,"clogged":false,"echo":0,"plane":false,"seesaw":false,"version":1,"max_entities":null,"max_trasures":null,"max_gates":null},"entities":[{"name":"GasHiba","count":20,"weight":0,"dead_end":false,"group":5,"treasure":null,"fall":""},{"name":"Rock","count":20,"weight":0,"dead_end":false,"group":5,"treasure":null,"fall":""},{"name":"Wtank","count":4,"weight":0,"dead_end":false,"group":0,"treasure":null,"fall":""},{"name":"Fart","count":1,"weight":0,"dead_end":false,"group":1,"treasure":null,"fall":""},{"name":"Zenmai","count":10,"weight":0,"dead_end":false,"group":6,"treasure":null,"fall":""},{"name":"ShijimiChou","count":1,"weight":0,"dead_end":false,"group":1,"treasure":null,"fall":""},{"name":"MiniHoudai","count":1,"weight":0,"dead_end":false,"group":0,"treasure":"milk_cap","fall":""}],"treasures":[{"name":"key","count":1,"weight":0},{"name":"bell_blue","count":1,"weight":0},{"name":"gum_tape","count":1,"weight":0},{"name":"sinkukan","count":1,"weight":0}],"gates":[{"word":"gate","health":3000,"weight":1},{"word":"gate","health":3000,"weight":1}]},{"name":"Sublevel 4 - Test Chamber","properties":{"unit":"2_units_Oashi_d_conc.txt","max_rooms":2,"light":"forest_3_light.ini","music":"new_00_1.cnd","skybox":"none","corridor":0.0,"caps":50,"timer":0,"geyser":false,"clogged":false,"echo":0,"plane":false,"seesaw":false,"version":1,"max_entities":null,"max_trasures":null,"max_gates":null},"entities":[{"name":"ElecHiba","count":5,"weight":0,"dead_end":false,"group":5,"treasure":null,"fall":""},{"name":"Houdai","count":1,"weight":0,"dead_end":false,"group":8,"treasure":"key","fall":""},{"name":"ElecOtakara","count":10,"weight":0,"dead_end":false,"group":6,"treasure":null,"fall":""}],"treasures":[{"name":"halloween","count":1,"weight":0}],"gates":[]}],"content":null}