{"sublevels":[{"name":"Sublevel 1","properties":{"unit":"1_unit_16x17r_conc.txt","max_rooms":1,"light":"vs_6_light.ini","music":"cavesoil_05_0.cnd","skybox":"none","corridor":0.0,"caps":0,"timer":0,"geyser":false,"clogged":false,"echo":0,"plane":false,"seesaw":false,"version":1,"max_entities":11,"max_trasures":null,"max_gates":null},"entities":[{"name":"Mar","count":1,"weight":0,"dead_end":false,"group":8,"treasure":"kinoko_tubu","fall":""},{"name":"Mar","count":2,"weight":0,"dead_end":false,"group":1,"treasure":null,"fall":""},{"name":"GasOtakara","count":2,"weight":0,"dead_end":false,"group":0,"treasure":null,"fall":""},{"name":"GasOtakara","count":1,"weight":0,"dead_end":false,"group":0,"treasure":"key","fall":""},{"name":"WhitePom","count":2,"weight":0,"dead_end":false,"group":6,"treasure":null,"fall":""}],"treasures":[{"name":"kinoko_doku","count":1,"weight":0},{"name":"be_dama_red_l","count":1,"weight":0}],"gates":[{"word":"gate","health":750,"weight":1},{"word":"gate","health":750,"weight":1},{"word":"gate","health":750,"weight":1}]},{"name":"Sublevel 2","properties":{"unit":"1_units_white_metal.txt","max_rooms":2,"light":"vs_6_light.ini","music":"caveconc_00_0.cnd","skybox":"build","corridor":0.0,"caps":0,"timer":0,"geyser":true,"clogged":false,"echo":0,"plane":false,"seesaw":false,"version":1,"max_entities":5,"max_trasures":null,"max_gates":null},"entities":[{"name":"Damagumo","count":1,"weight":0,"dead_end":false,"group":1,"treasure":"gas","fall":""},{"name":"GasOtakara","count":1,"weight":0,"dead_end":false,"group":5,"treasure":"key","fall":""},{"name":"GasOtakara","count":2,"weight":0,"dead_end":false,"group":5,"treasure":null,"fall":""},{"name":"GasHiba","count":4,"weight":0,"dead_end":false,"group":8,"treasure":null,"fall":""}],"treasures":[],"gates":[{"word":"gate","health":750,"weight":1}]}],"content":null}