{"sublevels":[{"name":"Sublevel 1","properties":{"unit":"2_units_north_pool_tile.txt","max_rooms":4,"light":"sirohana_light_lv1.ini","music":"new_04_0.cnd","skybox":"none","corridor":0.12,"caps":100,"timer":0,"geyser":false,"clogged":true,"echo":0,"plane":false,"seesaw":false,"version":1,"max_entities":null,"max_trasures":null,"max_gates":null},"entities":[{"name":"BluePom","count":5,"weight":0,"dead_end":false,"group":0,"treasure":null,"fall":""},{"name":"Damagumo","count":1,"weight":0,"dead_end":false,"group":1,"treasure":"key","fall":""},{"name":"Wtank","count":5,"weight":0,"dead_end":false,"group":0,"treasure":null,"fall":""},{"name":"Mar","count":2,"weight":0,"dead_end":false,"group":0,"treasure":null,"fall":""},{"name":"Qurione","count":5,"weight":0,"dead_end":false,"group":1,"treasure":null,"fall":""},{"name":"Fuefuki","count":1,"weight":0,"dead_end":false,"group":0,"treasure":null,"fall":""},{"name":"KumaKochappy","count":4,"weight":0,"dead_end":false,"group":1,"treasure":null,"fall":""},{"name":"KumaChappy","count":2,"weight":0,"dead_end":false,"group":1,"treasure":null,"fall":""},{"name":"TamagoMushi","count":2,"weight":0,"dead_end":false,"group":1,"treasure":null,"fall":""}],"treasures":[{"name":"toy_teala","count":1,"weight":0},{"name":"kan","count":1,"weight":0},{"name":"hotate","count":1,"weight":0},{"name":"makigai","count":1,"weight":0},{"name":"dia_a_red","count":1,"weight":0},{"name":"diamond_green_l","count":1,"weight":0},{"name":"ahiru","count":1,"weight":0},{"name":"ahiru_head","count":1,"weight":0},{"name":"halloween","count":1,"weight":0},{"name":"toy_dog","count":1,"weight":0}],"gates":[]},{"name":"Sublevel 2","properties":{"unit":"1_ABE_king_tsuchi.txt","max_rooms":1,"light":"normal_light_lv0.ini","music":"new_00_0.cnd","skybox":"none","corridor":0.12,"caps":50,"timer":0,"geyser":false,"clogged":false,"echo":0,"plane":false,"seesaw":false,"version":1,"max_entities":null,"max_trasures":null,"max_gates":null},"entities":[{"name":"DangoMushi","count":1,"weight":0,"dead_end":false,"group":0,"treasure":"key","fall":""},{"name":"SnakeCrow","count":2,"weight":0,"dead_end":false,"group":1,"treasure":null,"fall":""},{"name":"TamagoMushi","count":5,"weight":0,"dead_end":false,"group":1,"treasure":null,"fall":""},{"name":"KumaChappy","count":3,"weight":0,"dead_end":false,"group":0,"treasure":null,"fall":""}],"treasures":[{"name":"diamond_red_l","count":1,"weight":0},{"name":"toy_dog","count":1,"weight":0},{"name":"bell_blue","count":1,"weight":0}],"gates":[]}],"content":null}