{"sublevels":[{"name":"Sublevel 1","properties":{"unit":"2_ABE_blk_cent2_tsuchi.txt","max_rooms":3,"light":"sniper_light_lv0.ini","music":"cavesoil_10_0.cnd","skybox":"none","corridor":0.08,"caps":50,"timer":0,"geyser":false,"clogged":false,"echo":0,"plane":false,"seesaw":false,"version":1,"max_entities":null,"max_trasures":null,"max_gates":null},"entities":[{"name":"BlueKochappy","count":6,"weight":0,"dead_end":false,"group":0,"treasure":"be_dama_yellow","fall":""},{"name":"Chappy","count":4,"weight":0,"dead_end":false,"group":1,"treasure":"juji_key_fc","fall":""},{"name":"Mar","count":1,"weight":0,"dead_end":false,"group":0,"treasure":"key","fall":""},{"name":"SnakeCrow","count":1,"weight":0,"dead_end":false,"group":1,"treasure":"donutsichigo","fall":""},{"name":"Egg","count":1,"weight":0,"dead_end":true,"group":0,"treasure":null,"fall":"$"}],"treasures":[{"name":"badminton","count":1,"weight":0},{"name":"cookie","count":1,"weight":0}],"gates":[]},{"name":"Sublevel 2","properties":{"unit":"2_MAT_manp_manq_conc.txt","max_rooms":2,"light":"tutorial_1_light.ini","music":"caveconc_00_0.cnd","skybox":"none","corridor":0.15,"caps":50,"timer":0,"geyser":false,"clogged":false,"echo":0,"plane":false,"seesaw":false,"version":1,"max_entities":null,"max_trasures":null,"max_gates":null},"entities":[{"name":"Kabuto","count":5,"weight":0,"dead_end":false,"group":0,"treasure":"bey_goma","fall":""},{"name":"Fkabuto","count":3,"weight":0,"dead_end":false,"group":1,"treasure":"bey_goma","fall":""},{"name":"Fkabuto","count":1,"weight":0,"dead_end":false,"group":1,"treasure":"key","fall":""},{"name":"FireChappy","count":1,"weight":0,"dead_end":false,"group":5,"treasure":"fue_a","fall":""}],"treasures":[{"name":"kouseki_suisyou","count":1,"weight":0},{"name":"diamond_red_l","count":1,"weight":0}],"gates":[]},{"name":"Sublevel 3","properties":{"unit":"3_MAT_hit2_hit3_blk1_snow.txt","max_rooms":4,"light":"normal_light_lv0.ini","music":"new_00_0.cnd","skybox":"none","corridor":0.2,"caps":50,"timer":0,"geyser":false,"clogged":false,"echo":0,"plane":false,"seesaw":false,"version":1,"max_entities":null,"max_trasures":null,"max_gates":null},"entities":[{"name":"BlueChappy","count":4,"weight":0,"dead_end":false,"group":1,"treasure":"toy_ring_c_blue","fall":""},{"name":"BlueChappy","count":1,"weight":0,"dead_end":false,"group":1,"treasure":"key","fall":""},{"name":"ElecBug","count":12,"weight":0,"dead_end":false,"group":0,"treasure":"juji_key","fall":""}],"treasures":[{"name":"flask","count":1,"weight":0},{"name":"apple","count":1,"weight":0},{"name":"compact_make","count":1,"weight":0}],"gates":[]},{"name":"Sublevel 4","properties":{"unit":"2_MAT_hit4_north_metal.txt","max_rooms":3,"light":"normal_light_lv0.ini","music":"cavemetal_00_1.cnd","skybox":"build","corridor":0.05,"caps":50,"timer":0,"geyser":false,"clogged":false,"echo":0,"plane":false,"seesaw":false,"version":1,"max_entities":null,"max_trasures":null,"max_gates":null},"entities":[{"name":"KumaChappy","count":1,"weight":0,"dead_end":false,"group":1,"treasure":"key","fall":""},{"name":"Catfish","count":2,"weight":0,"dead_end":false,"group":1,"treasure":"flower_blue","fall":""},{"name":"Catfish","count":7,"weight":0,"dead_end":false,"group":0,"treasure":"flower_blue","fall":""},{"name":"Kurage","count":2,"weight":0,"dead_end":false,"group":1,"treasure":"bell_red","fall":""}],"treasures":[{"name":"kan_meidiya","count":1,"weight":0}],"gates":[]},{"name":"Sublevel 5","properties":{"unit":"1_units_a_tile.txt","max_rooms":3,"light":"muraon_light_lv0.ini","music":"cavetile_00_0.cnd","skybox":"none","corridor":0.1,"caps":50,"timer":0,"geyser":false,"clogged":false,"echo":0,"plane":false,"seesaw":false,"version":1,"max_entities":null,"max_trasures":null,"max_gates":null},"entities":[{"name":"Frog","count":5,"weight":0,"dead_end":false,"group":0,"treasure":"channel","fall":""},{"name":"MaroFrog","count":1,"weight":0,"dead_end":false,"group":1,"treasure":"key","fall":""},{"name":"UmiMushi","count":1,"weight":0,"dead_end":false,"group":1,"treasure":"kan_b_silver","fall":""},{"name":"MaroFrog","count":2,"weight":0,"dead_end":false,"group":1,"treasure":"futa_a_silver","fall":""}],"treasures":[{"name":"be_dama_red","count":1,"weight":0},{"name":"denchi_3_red","count":1,"weight":0}],"gates":[]},{"name":"Sublevel 6","properties":{"unit":"1_units_snake_tsuchi.txt","max_rooms":1,"light":"normal_light_lv0.ini","music":"cavesoil_00_0.cnd","skybox":"none","corridor":0.0,"caps":50,"timer":0,"geyser":false,"clogged":false,"echo":0,"plane":false,"seesaw":false,"version":1,"max_entities":null,"max_trasures":null,"max_gates":null},"entities":[{"name":"DangoMushi","count":1,"weight":0,"dead_end":false,"group":0,"treasure":"key","fall":""}],"treasures":[],"gates":[]}],"content":null}