{"sublevels":[{"name":"Sublevel 1 - Sublevel 1","properties":{"unit":"1_units_spiral_conc.txt","max_rooms":2,"light":"normal_light_lv4.ini","music":"cavemetal_10_0.cnd","skybox":"none","corridor":0.125,"caps":100,"timer":999999,"geyser":false,"clogged":true,"echo":0,"plane":false,"seesaw":false,"version":1,"max_entities":null,"max_trasures":null,"max_gates":null},"entities":[{"name":"FireOtakara","count":15,"weight":0,"dead_end":false,"group":0,"treasure":null,"fall":""},{"name":"ElecOtakara","count":15,"weight":0,"dead_end":false,"group":1,"treasure":null,"fall":""},{"name":"GasHiba","count":18,"weight":0,"dead_end":false,"group":5,"treasure":null,"fall":""},{"name":"WaterOtakara","count":12,"weight":0,"dead_end":true,"group":0,"treasure":null,"fall":""},{"name":"SnakeCrow","count":1,"weight":0,"dead_end":false,"group":1,"treasure":"be_dama_blue","fall":""},{"name":"Chappy","count":6,"weight":0,"dead_end":true,"group":0,"treasure":null,"fall":""},{"name":"PanModoki","count":1,"weight":0,"dead_end":false,"group":1,"treasure":null,"fall":""},{"name":"PanHouse","count":1,"weight":0,"dead_end":false,"group":6,"treasure":null,"fall":""}],"treasures":[{"name":"chocolate_l","count":1,"weight":0}],"gates":[]},{"name":"Sublevel 2 - Sublevel 2","properties":{"unit":"2_ABE_a_dry_tile.txt","max_rooms":4,"light":"normal_light_lv4.ini","music":"cavetile_00_0.cnd","skybox":"none","corridor":0.13,"caps":100,"timer":999999,"geyser":false,"clogged":true,"echo":0,"plane":false,"seesaw":false,"version":1,"max_entities":null,"max_trasures":null,"max_gates":null},"entities":[{"name":"UmiMushi","count":1,"weight":0,"dead_end":false,"group":0,"treasure":"toy_ring_a_blue","fall":""},{"name":"UmiMushi","count":1,"weight":0,"dead_end":false,"group":0,"treasure":"teala_dia_b","fall":""},{"name":"Damagumo","count":1,"weight":0,"dead_end":false,"group":1,"treasure":"toy_ring_b_red","fall":"$2"},{"name":"KumaKochappy","count":14,"weight":0,"dead_end":false,"group":6,"treasure":null,"fall":""}],"treasures":[],"gates":[{"word":"gate","health":3333,"weight":1},{"word":"gate","health":3333,"weight":1}]},{"name":"Sublevel 3 - Sublevel 3","properties":{"unit":"1_ABE_king_tsuchi.txt","max_rooms":3,"light":"normal_light_lv3.ini","music":"new_05_0.cnd","skybox":"none","corridor":0.135,"caps":100,"timer":99999,"geyser":false,"clogged":true,"echo":0,"plane":false,"seesaw":false,"version":1,"max_entities":null,"max_trasures":null,"max_gates":null},"entities":[{"name":"Bomb","count":30,"weight":0,"dead_end":false,"group":5,"treasure":null,"fall":"$2"},{"name":"Tank","count":10,"weight":0,"dead_end":false,"group":1,"treasure":null,"fall":""},{"name":"Wtank","count":10,"weight":0,"dead_end":false,"group":1,"treasure":null,"fall":""},{"name":"ElecBug","count":22,"weight":0,"dead_end":false,"group":6,"treasure":null,"fall":""},{"name":"KingChappy","count":1,"weight":0,"dead_end":false,"group":0,"treasure":"momiji_red","fall":""},{"name":"KingChappy","count":1,"weight":0,"dead_end":false,"group":0,"treasure":"leaf_yellow","fall":""},{"name":"KingChappy","count":1,"weight":0,"dead_end":false,"group":0,"treasure":"g_futa_koiwai","fall":""},{"name":"KingChappy","count":3,"weight":0,"dead_end":false,"group":0,"treasure":null,"fall":""}],"treasures":[{"name":"creap","count":1,"weight":0}],"gates":[]},{"name":"Sublevel 4 - Sublevel 4","properties":{"unit":"2_ABE_nobo2_nor22_metal.txt","max_rooms":2,"light":"metal_light_lv3.ini","music":"cavemetal_05_4.cnd","skybox":"none","corridor":0.12,"caps":50,"timer":0,"geyser":false,"clogged":true,"echo":0,"plane":false,"seesaw":false,"version":1,"max_entities":null,"max_trasures":null,"max_gates":null},"entities":[{"name":"MiniHoudai","count":4,"weight":0,"dead_end":false,"group":1,"treasure":null,"fall":""},{"name":"Rkabuto","count":15,"weight":0,"dead_end":false,"group":0,"treasure":null,"fall":""},{"name":"Hanachirashi","count":6,"weight":0,"dead_end":false,"group":5,"treasure":null,"fall":"$"},{"name":"ElecHiba","count":11,"weight":0,"dead_end":false,"group":5,"treasure":null,"fall":""},{"name":"GasHiba","count":3,"weight":0,"dead_end":true,"group":0,"treasure":null,"fall":""}],"treasures":[{"name":"kinoko_tubu","count":1,"weight":0}],"gates":[]},{"name":"Sublevel 5 - Sublevel 5","properties":{"unit":"1_NARI_hit6x7_toy.txt","max_rooms":1,"light":"toy_light_cha.ini","music":"caverelax.cnd","skybox":"flooring","corridor":0.135,"caps":100,"timer":999999,"geyser":true,"clogged":false,"echo":0,"plane":true,"seesaw":false,"version":1,"max_entities":null,"max_trasures":null,"max_gates":null},"entities":[{"name":"RandPom","count":3,"weight":0,"dead_end":true,"group":0,"treasure":null,"fall":""},{"name":"BlackPom","count":2,"weight":0,"dead_end":false,"group":0,"treasure":null,"fall":""},{"name":"WhitePom","count":2,"weight":0,"dead_end":false,"group":1,"treasure":null,"fall":""},{"name":"Egg","count":4,"weight":0,"dead_end":false,"group":5,"treasure":null,"fall":"$"},{"name":"LeafChappy","count":2,"weight":0,"dead_end":true,"group":0,"treasure":null,"fall":""}],"treasures":[],"gates":[]},{"name":"Sublevel 6 - Sublevel 6","properties":{"unit":"1_units_a_tile.txt","max_rooms":3,"light":"suityu_light_lv4.ini","music":"","skybox":"none","corridor":0.11,"caps":100,"timer":99999,"geyser":false,"clogged":false,"echo":0,"plane":false,"seesaw":false,"version":1,"max_entities":null,"max_trasures":null,"max_gates":null},"entities":[{"name":"DangoMushi","count":1,"weight":0,"dead_end":false,"group":0,"treasure":"diamond_green","fall":""},{"name":"Damagumo","count":1,"weight":0,"dead_end":false,"group":1,"treasure":"cookie_u_l","fall":""}],"treasures":[],"gates":[]},{"name":"Sublevel 7 - Sublevel 7","properties":{"unit":"4_units_a_d_f_l_tile.txt","max_rooms":5,"light":"suityu_light_lv2.ini","music":"new_02_0.cnd","skybox":"none","corridor":0.125,"caps":100,"timer":99999,"geyser":false,"clogged":false,"echo":0,"plane":false,"seesaw":false,"version":1,"max_entities":0,"max_trasures":null,"max_gates":null},"entities":[{"name":"MiniHoudai","count":2,"weight":0,"dead_end":true,"group":0,"treasure":null,"fall":""},{"name":"MiniHoudai","count":2,"weight":0,"dead_end":false,"group":1,"treasure":null,"fall":""},{"name":"MiniHoudai","count":2,"weight":0,"dead_end":false,"group":0,"treasure":null,"fall":""},{"name":"Demon","count":7,"weight":0,"dead_end":false,"group":6,"treasure":null,"fall":""},{"name":"ElecBug","count":16,"weight":0,"dead_end":false,"group":0,"treasure":null,"fall":""},{"name":"Hiba","count":30,"weight":0,"dead_end":false,"group":5,"treasure":null,"fall":""},{"name":"OoPanModoki","count":1,"weight":0,"dead_end":true,"group":0,"treasure":"kan_kyokuyo","fall":""},{"name":"WaterOtakara","count":9,"weight":0,"dead_end":false,"group":6,"treasure":null,"fall":""}],"treasures":[],"gates":[]},{"name":"Sublevel 8 - Sublevel 8","properties":{"unit":"2_units_hit47_hit67_toy.txt","max_rooms":4,"light":"normal_light_lv4.ini","music":"new_05_0.cnd","skybox":"flooring","corridor":0.13,"caps":100,"timer":99999,"geyser":false,"clogged":true,"echo":0,"plane":false,"seesaw":false,"version":1,"max_entities":null,"max_trasures":null,"max_gates":null},"entities":[{"name":"FireChappy","count":1,"weight":0,"dead_end":true,"group":0,"treasure":"toy_cat","fall":"$"},{"name":"KumaKochappy","count":25,"weight":0,"dead_end":false,"group":0,"treasure":null,"fall":""},{"name":"KumaChappy","count":3,"weight":0,"dead_end":false,"group":1,"treasure":null,"fall":""},{"name":"Jigumo","count":7,"weight":0,"dead_end":true,"group":0,"treasure":null,"fall":""}],"treasures":[],"gates":[{"word":"gate","health":3333,"weight":1},{"word":"gate","health":3333,"weight":1}]},{"name":"Sublevel 9 - Sublevel 9","properties":{"unit":"1_units_bunki_2_tile.txt","max_rooms":1,"light":"hiroba_toy_light_cha.ini","music":"caverelax.cnd","skybox":"none","corridor":0.12,"caps":50,"timer":0,"geyser":true,"clogged":false,"echo":0,"plane":false,"seesaw":false,"version":1,"max_entities":null,"max_trasures":null,"max_gates":null},"entities":[{"name":"RandPom","count":2,"weight":0,"dead_end":true,"group":0,"treasure":null,"fall":""},{"name":"BlackPom","count":1,"weight":0,"dead_end":false,"group":0,"treasure":null,"fall":""},{"name":"WhitePom","count":1,"weight":0,"dead_end":false,"group":0,"treasure":null,"fall":""},{"name":"RandPom","count":1,"weight":0,"dead_end":false,"group":1,"treasure":null,"fall":""},{"name":"LeafChappy","count":3,"weight":0,"dead_end":false,"group":5,"treasure":null,"fall":""},{"name":"Qurione","count":4,"weight":0,"dead_end":false,"group":6,"treasure":null,"fall":""}],"treasures":[],"gates":[]},{"name":"Sublevel 10 - Sublevel 10","properties":{"unit":"1_units_big2_kusachi.txt","max_rooms":4,"light":"hiroba_toy_light_cha.ini","music":"new_03_0.cnd","skybox":"hiroba","corridor":0.135,"caps":100,"timer":200,"geyser":false,"clogged":true,"echo":0,"plane":true,"seesaw":false,"version":1,"max_entities":null,"max_trasures":null,"max_gates":null},"entities":[{"name":"Zenmai","count":30,"weight":0,"dead_end":false,"group":6,"treasure":null,"fall":""},{"name":"BombOtakara","count":25,"weight":0,"dead_end":false,"group":5,"treasure":null,"fall":"$2"},{"name":"ElecOtakara","count":25,"weight":0,"dead_end":false,"group":1,"treasure":null,"fall":""},{"name":"ElecHiba","count":12,"weight":0,"dead_end":true,"group":0,"treasure":null,"fall":""},{"name":"BigFoot","count":4,"weight":0,"dead_end":false,"group":0,"treasure":"bell","fall":"$2"},{"name":"Hana","count":7,"weight":0,"dead_end":false,"group":5,"treasure":null,"fall":"$"},{"name":"BlackMan","count":1,"weight":0,"dead_end":true,"group":0,"treasure":null,"fall":""}],"treasures":[],"gates":[]},{"name":"Sublevel 11 - Sublevel 11","properties":{"unit":"1_units_dangomushi_tile.txt","max_rooms":1,"light":"light.ini","music":"","skybox":"none","corridor":0.12,"caps":100,"timer":9999,"geyser":false,"clogged":false,"echo":0,"plane":false,"seesaw":false,"version":1,"max_entities":null,"max_trasures":null,"max_gates":null},"entities":[{"name":"DangoMushi","count":1,"weight":0,"dead_end":false,"group":0,"treasure":"doll","fall":"$"},{"name":"SnakeWhole","count":2,"weight":0,"dead_end":false,"group":1,"treasure":null,"fall":""},{"name":"ElecBug","count":4,"weight":0,"dead_end":false,"group":1,"treasure":null,"fall":""},{"name":"ElecBug","count":4,"weight":0,"dead_end":false,"group":1,"treasure":null,"fall":""}],"treasures":[],"gates":[]}],"content":null}