{"sublevels":[{"name":"Sublevel 1 - Orange Room","properties":{"unit":"3_units_small2_small_mid_toy.txt","max_rooms":3,"light":"chikahimi_metal_light_lv4.ini","music":"new_07_0.cnd","skybox":"tatami","corridor":0.11,"caps":50,"timer":0,"geyser":false,"clogged":true,"echo":0,"plane":true,"seesaw":false,"version":1,"max_entities":null,"max_trasures":null,"max_gates":null},"entities":[{"name":"BlueKochappy","count":2,"weight":0,"dead_end":false,"group":1,"treasure":"chocoichigo","fall":""},{"name":"BlueKochappy","count":2,"weight":0,"dead_end":false,"group":1,"treasure":"chocoichigo","fall":""},{"name":"BlueKochappy","count":2,"weight":0,"dead_end":false,"group":1,"treasure":"chocoichigo","fall":""},{"name":"Miulin","count":1,"weight":0,"dead_end":false,"group":0,"treasure":"chess_king_black","fall":"$2"},{"name":"BlueChappy","count":1,"weight":0,"dead_end":false,"group":0,"treasure":"key","fall":""},{"name":"Wtank","count":1,"weight":0,"dead_end":false,"group":1,"treasure":"be_dama_blue","fall":""},{"name":"Wtank","count":1,"weight":0,"dead_end":false,"group":1,"treasure":"be_dama_blue","fall":""},{"name":"Tank","count":1,"weight":0,"dead_end":false,"group":0,"treasure":"diamond_blue_l","fall":""},{"name":"Tank","count":1,"weight":0,"dead_end":false,"group":0,"treasure":"diamond_blue_l","fall":""},{"name":"SnakeCrow","count":1,"weight":0,"dead_end":false,"group":6,"treasure":"silver_medal","fall":""},{"name":"BlueChappy","count":1,"weight":0,"dead_end":false,"group":0,"treasure":"leaf_normal","fall":""},{"name":"BlueChappy","count":1,"weight":0,"dead_end":false,"group":0,"treasure":"leaf_normal","fall":""},{"name":"Hiba","count":5,"weight":0,"dead_end":false,"group":5,"treasure":null,"fall":""},{"name":"Frog","count":3,"weight":0,"dead_end":false,"group":5,"treasure":"creap","fall":""},{"name":"Hanachirashi","count":1,"weight":0,"dead_end":false,"group":1,"treasure":"toy_ring_a_red","fall":"$2"},{"name":"Demon","count":3,"weight":0,"dead_end":false,"group":5,"treasure":"diamond_blue","fall":""},{"name":"Hiba","count":20,"weight":0,"dead_end":false,"group":5,"treasure":null,"fall":""},{"name":"RandPom","count":1,"weight":0,"dead_end":true,"group":0,"treasure":null,"fall":""},{"name":"RandPom","count":1,"weight":0,"dead_end":true,"group":0,"treasure":null,"fall":""},{"name":"YellowPom","count":1,"weight":0,"dead_end":true,"group":0,"treasure":null,"fall":""}],"treasures":[],"gates":[{"word":"gate","health":1500,"weight":1},{"word":"gate","health":1500,"weight":1},{"word":"gate","health":1500,"weight":1},{"word":"gate","health":1500,"weight":1},{"word":"gate","health":1500,"weight":1}]},{"name":"Sublevel 2 - Corridor Land","properties":{"unit":"2_units_tako_north_tile.txt","max_rooms":6,"light":"houdai_light.ini","music":"new_02_0.cnd","skybox":"none","corridor":0.65,"caps":50,"timer":0,"geyser":false,"clogged":false,"echo":0,"plane":false,"seesaw":false,"version":1,"max_entities":null,"max_trasures":null,"max_gates":null},"entities":[{"name":"Damagumo","count":1,"weight":0,"dead_end":false,"group":0,"treasure":"key","fall":""},{"name":"Damagumo","count":1,"weight":0,"dead_end":false,"group":0,"treasure":"diamond_blue_l","fall":""},{"name":"Kurage","count":2,"weight":0,"dead_end":false,"group":0,"treasure":"be_dama_blue","fall":""},{"name":"Kurage","count":2,"weight":0,"dead_end":false,"group":0,"treasure":"be_dama_blue","fall":""},{"name":"Kurage","count":2,"weight":0,"dead_end":false,"group":0,"treasure":"be_dama_blue","fall":""},{"name":"OniKurage","count":1,"weight":0,"dead_end":false,"group":0,"treasure":"be_dama_red_l","fall":"$2"},{"name":"OniKurage","count":1,"weight":0,"dead_end":false,"group":0,"treasure":"be_dama_red_l","fall":"$2"},{"name":"OniKurage","count":1,"weight":0,"dead_end":false,"group":0,"treasure":"be_dama_red_l","fall":"$2"},{"name":"Frog","count":1,"weight":0,"dead_end":false,"group":1,"treasure":"be_dama_blue_l","fall":""},{"name":"Frog","count":1,"weight":0,"dead_end":false,"group":1,"treasure":"be_dama_blue_l","fall":""},{"name":"Frog","count":1,"weight":0,"dead_end":false,"group":1,"treasure":"be_dama_blue_l","fall":""},{"name":"Frog","count":1,"weight":0,"dead_end":false,"group":1,"treasure":"be_dama_blue_l","fall":""},{"name":"Frog","count":1,"weight":0,"dead_end":false,"group":1,"treasure":"be_dama_blue_l","fall":""},{"name":"YellowKochappy","count":1,"weight":0,"dead_end":false,"group":5,"treasure":"j_block_red","fall":"$2"},{"name":"YellowKochappy","count":1,"weight":0,"dead_end":false,"group":5,"treasure":"j_block_red","fall":"$2"},{"name":"YellowKochappy","count":1,"weight":0,"dead_end":false,"group":5,"treasure":"j_block_red","fall":"$2"},{"name":"YellowKochappy","count":1,"weight":0,"dead_end":false,"group":5,"treasure":"j_block_red","fall":"$2"},{"name":"YellowKochappy","count":1,"weight":0,"dead_end":false,"group":5,"treasure":"j_block_red","fall":"$2"},{"name":"YellowKochappy","count":1,"weight":0,"dead_end":false,"group":5,"treasure":"j_block_red","fall":"$2"},{"name":"YellowKochappy","count":1,"weight":0,"dead_end":false,"group":5,"treasure":"j_block_red","fall":"$2"},{"name":"GasHiba","count":10,"weight":0,"dead_end":false,"group":5,"treasure":null,"fall":""},{"name":"Chappy","count":1,"weight":0,"dead_end":false,"group":1,"treasure":"kouseki_suisyou","fall":""},{"name":"Chappy","count":1,"weight":0,"dead_end":false,"group":1,"treasure":"kouseki_suisyou","fall":""},{"name":"ElecHiba","count":10,"weight":0,"dead_end":false,"group":1,"treasure":null,"fall":""},{"name":"ElecHiba","count":10,"weight":0,"dead_end":false,"group":0,"treasure":null,"fall":""},{"name":"ElecHiba","count":3,"weight":0,"dead_end":false,"group":5,"treasure":null,"fall":""},{"name":"ElecBug","count":20,"weight":0,"dead_end":false,"group":5,"treasure":"turi_uki","fall":""},{"name":"RandPom","count":1,"weight":0,"dead_end":true,"group":0,"treasure":null,"fall":""},{"name":"YellowPom","count":1,"weight":0,"dead_end":true,"group":0,"treasure":null,"fall":""},{"name":"WhitePom","count":1,"weight":0,"dead_end":true,"group":0,"treasure":null,"fall":""},{"name":"GasHiba","count":5,"weight":0,"dead_end":false,"group":1,"treasure":null,"fall":""}],"treasures":[],"gates":[{"word":"gate","health":2000,"weight":1},{"word":"gate","health":2000,"weight":1},{"word":"gate","health":2000,"weight":1},{"word":"gate","health":2000,"weight":1},{"word":"gate","health":2000,"weight":1}]},{"name":"Sublevel 3 - Blowhog + Waterwaith","properties":{"unit":"1_units_nobo_metal.txt","max_rooms":1,"light":"sniper_light_lv0.ini","music":"cavemetal_05_2.cnd","skybox":"build","corridor":0.5,"caps":50,"timer":200,"geyser":false,"clogged":true,"echo":0,"plane":false,"seesaw":false,"version":1,"max_entities":null,"max_trasures":null,"max_gates":null},"entities":[{"name":"Mar","count":1,"weight":0,"dead_end":false,"group":0,"treasure":"key","fall":""},{"name":"Mar","count":2,"weight":0,"dead_end":false,"group":0,"treasure":"diamond_blue_l","fall":""},{"name":"Demon","count":1,"weight":0,"dead_end":false,"group":1,"treasure":"diamond_green","fall":""},{"name":"Demon","count":1,"weight":0,"dead_end":false,"group":1,"treasure":"diamond_green","fall":""},{"name":"Demon","count":1,"weight":0,"dead_end":false,"group":1,"treasure":"diamond_green","fall":""},{"name":"BombSarai","count":5,"weight":0,"dead_end":false,"group":5,"treasure":"be_dama_yellow","fall":""},{"name":"YellowKochappy","count":8,"weight":0,"dead_end":false,"group":0,"treasure":"j_block_green","fall":""},{"name":"Catfish","count":10,"weight":0,"dead_end":false,"group":1,"treasure":"donguri_l","fall":""},{"name":"BlackMan","count":1,"weight":0,"dead_end":false,"group":0,"treasure":null,"fall":""},{"name":"RandPom","count":1,"weight":0,"dead_end":true,"group":0,"treasure":null,"fall":""},{"name":"RandPom","count":1,"weight":0,"dead_end":true,"group":0,"treasure":null,"fall":""},{"name":"WhitePom","count":1,"weight":0,"dead_end":true,"group":0,"treasure":null,"fall":""},{"name":"YellowKochappy","count":10,"weight":0,"dead_end":true,"group":0,"treasure":"j_block_green","fall":""},{"name":"Hiba","count":5,"weight":0,"dead_end":false,"group":0,"treasure":null,"fall":""},{"name":"Hiba","count":5,"weight":0,"dead_end":false,"group":5,"treasure":null,"fall":""},{"name":"DaiodoGreen","count":10,"weight":0,"dead_end":false,"group":6,"treasure":null,"fall":""},{"name":"Fkabuto","count":3,"weight":0,"dead_end":false,"group":6,"treasure":"be_dama_red_l","fall":""}],"treasures":[],"gates":[]},{"name":"Sublevel 4 - KB","properties":{"unit":"3_units_mid2_hit6_hit7_metal.txt","max_rooms":4,"light":"metal_light_lv2.ini","music":"cavemetal_00_4.cnd","skybox":"build","corridor":0.0,"caps":50,"timer":0,"geyser":false,"clogged":true,"echo":0,"plane":true,"seesaw":false,"version":1,"max_entities":null,"max_trasures":null,"max_gates":null},"entities":[{"name":"Wtank","count":3,"weight":0,"dead_end":false,"group":1,"treasure":"tape_yellow","fall":""},{"name":"Wtank","count":2,"weight":0,"dead_end":false,"group":1,"treasure":"tape_yellow","fall":""},{"name":"Rkabuto","count":1,"weight":0,"dead_end":false,"group":1,"treasure":"g_futa_titiyas","fall":"$2"},{"name":"Rkabuto","count":1,"weight":0,"dead_end":false,"group":1,"treasure":"g_futa_titiyas","fall":"$2"},{"name":"Rkabuto","count":1,"weight":0,"dead_end":false,"group":1,"treasure":"g_futa_titiyas","fall":"$2"},{"name":"Rkabuto","count":1,"weight":0,"dead_end":false,"group":1,"treasure":"g_futa_titiyas","fall":"$2"},{"name":"BlueChappy","count":1,"weight":0,"dead_end":false,"group":0,"treasure":"g_futa_sakotani","fall":""},{"name":"Chappy","count":1,"weight":0,"dead_end":false,"group":0,"treasure":"g_futa_sakotani","fall":""},{"name":"YellowChappy","count":1,"weight":0,"dead_end":false,"group":0,"treasure":"g_futa_sakotani","fall":""},{"name":"GasOtakara","count":3,"weight":0,"dead_end":false,"group":1,"treasure":"bird_hane","fall":""},{"name":"FireOtakara","count":3,"weight":0,"dead_end":false,"group":1,"treasure":"bird_hane","fall":""},{"name":"WaterOtakara","count":3,"weight":0,"dead_end":false,"group":1,"treasure":"bird_hane","fall":""},{"name":"UjiB","count":3,"weight":0,"dead_end":false,"group":0,"treasure":"momiji_normal","fall":""},{"name":"RandPom","count":1,"weight":0,"dead_end":true,"group":0,"treasure":null,"fall":""},{"name":"RandPom","count":1,"weight":0,"dead_end":true,"group":0,"treasure":null,"fall":""},{"name":"DaiodoRed","count":15,"weight":0,"dead_end":false,"group":6,"treasure":null,"fall":""},{"name":"ElecHiba","count":5,"weight":0,"dead_end":false,"group":1,"treasure":null,"fall":""},{"name":"Hiba","count":5,"weight":0,"dead_end":false,"group":1,"treasure":null,"fall":""},{"name":"GasHiba","count":5,"weight":0,"dead_end":false,"group":1,"treasure":null,"fall":""},{"name":"ElecHiba","count":5,"weight":0,"dead_end":false,"group":0,"treasure":null,"fall":""},{"name":"Hiba","count":5,"weight":0,"dead_end":false,"group":0,"treasure":null,"fall":""},{"name":"GasHiba","count":5,"weight":0,"dead_end":false,"group":0,"treasure":null,"fall":""},{"name":"MaroFrog","count":3,"weight":0,"dead_end":false,"group":5,"treasure":"g_futa_koiwai","fall":""},{"name":"FireChappy","count":1,"weight":0,"dead_end":false,"group":0,"treasure":"key","fall":""},{"name":"FireChappy","count":1,"weight":0,"dead_end":false,"group":0,"treasure":"diamond_blue_l","fall":""},{"name":"FireChappy","count":1,"weight":0,"dead_end":false,"group":0,"treasure":"diamond_blue_l","fall":""},{"name":"UjiB","count":3,"weight":0,"dead_end":false,"group":0,"treasure":"momiji_normal","fall":""},{"name":"UjiB","count":3,"weight":0,"dead_end":false,"group":0,"treasure":"momiji_normal","fall":""},{"name":"UjiB","count":3,"weight":0,"dead_end":false,"group":1,"treasure":"momiji_normal","fall":""},{"name":"UjiB","count":3,"weight":0,"dead_end":false,"group":1,"treasure":"momiji_normal","fall":""}],"treasures":[],"gates":[]},{"name":"Sublevel 5 - Beat the queen","properties":{"unit":"1_units_white_metal.txt","max_rooms":1,"light":"normal_light_lv2.ini","music":"cavemetal_05_4.cnd","skybox":"none","corridor":0.12,"caps":50,"timer":0,"geyser":false,"clogged":false,"echo":0,"plane":false,"seesaw":false,"version":1,"max_entities":null,"max_trasures":null,"max_gates":null},"entities":[{"name":"Queen","count":1,"weight":0,"dead_end":false,"group":1,"treasure":"key","fall":""},{"name":"ElecHiba","count":1,"weight":0,"dead_end":false,"group":1,"treasure":null,"fall":""},{"name":"ElecHiba","count":1,"weight":0,"dead_end":false,"group":1,"treasure":null,"fall":""},{"name":"Chappy","count":1,"weight":0,"dead_end":false,"group":6,"treasure":"be_dama_yellow_l","fall":""},{"name":"Chappy","count":1,"weight":0,"dead_end":false,"group":6,"treasure":"be_dama_yellow_l","fall":""},{"name":"Wtank","count":2,"weight":0,"dead_end":false,"group":8,"treasure":"diamond_red","fall":""},{"name":"Fkabuto","count":1,"weight":0,"dead_end":false,"group":0,"treasure":"be_dama_yellow","fall":""},{"name":"Rkabuto","count":1,"weight":0,"dead_end":false,"group":6,"treasure":"be_dama_red","fall":""},{"name":"Rkabuto","count":1,"weight":0,"dead_end":false,"group":6,"treasure":"be_dama_red","fall":""},{"name":"Rkabuto","count":1,"weight":0,"dead_end":false,"group":6,"treasure":"be_dama_red","fall":""},{"name":"GasHiba","count":3,"weight":0,"dead_end":false,"group":6,"treasure":null,"fall":""},{"name":"Demon","count":1,"weight":0,"dead_end":false,"group":6,"treasure":"silver_medal","fall":""},{"name":"Demon","count":1,"weight":0,"dead_end":false,"group":6,"treasure":"silver_medal","fall":""}],"treasures":[],"gates":[]}],"content":null}