{"sublevels":[{"name":"Sublevel 1 - Big Bulborb Chaos","properties":{"unit":"vs_10_test_tile.txt","max_rooms":1,"light":"normal_light_lv0.ini","music":"new_05_0.cnd","skybox":"none","corridor":0.12,"caps":50,"timer":0,"geyser":false,"clogged":false,"echo":0,"plane":false,"seesaw":false,"version":1,"max_entities":null,"max_trasures":null,"max_gates":null},"entities":[{"name":"Chappy","count":1,"weight":0,"dead_end":false,"group":1,"treasure":"milk_cap","fall":""},{"name":"KumaChappy","count":1,"weight":0,"dead_end":false,"group":1,"treasure":"key","fall":""},{"name":"BlueChappy","count":1,"weight":0,"dead_end":false,"group":1,"treasure":"futa_a_silver","fall":""},{"name":"YellowChappy","count":1,"weight":0,"dead_end":false,"group":1,"treasure":"donutsichigo","fall":""},{"name":"LeafChappy","count":1,"weight":0,"dead_end":false,"group":1,"treasure":"cookie_s","fall":""},{"name":"Bomb","count":6,"weight":0,"dead_end":false,"group":1,"treasure":null,"fall":"$"},{"name":"Bomb","count":6,"weight":0,"dead_end":false,"group":0,"treasure":null,"fall":"$"}],"treasures":[{"name":"dia_a_blue","count":1,"weight":0},{"name":"gas","count":1,"weight":0},{"name":"toy_ring_b_blue","count":1,"weight":0},{"name":"chocoichigo","count":1,"weight":0},{"name":"gum_tape_s","count":1,"weight":0}],"gates":[{"word":"gate","health":10,"weight":1},{"word":"gate","health":10,"weight":1}]},{"name":"Sublevel 2 - Blowhogs N Bulborbs","properties":{"unit":"2_units_mid2_north_snow.txt","max_rooms":1,"light":"normal_light_lv0.ini","music":"new_06_0.cnd","skybox":"none","corridor":0.12,"caps":50,"timer":0,"geyser":false,"clogged":false,"echo":0,"plane":false,"seesaw":false,"version":1,"max_entities":null,"max_trasures":null,"max_gates":null},"entities":[{"name":"Wtank","count":1,"weight":0,"dead_end":false,"group":0,"treasure":"g_futa_hiruzen","fall":""},{"name":"Tank","count":1,"weight":0,"dead_end":false,"group":0,"treasure":"g_futa_hiruzen","fall":""},{"name":"KumaKochappy","count":14,"weight":0,"dead_end":false,"group":1,"treasure":"bird_hane","fall":""}],"treasures":[{"name":"channel","count":1,"weight":0},{"name":"gum_tape","count":1,"weight":0},{"name":"haniwa","count":1,"weight":0}],"gates":[{"word":"gate","health":1000,"weight":1}]},{"name":"Sublevel 3 - Bulbattle","properties":{"unit":"1_units_snake_tsuchi.txt","max_rooms":1,"light":"normal_light_lv0.ini","music":"","skybox":"none","corridor":0.12,"caps":50,"timer":0,"geyser":false,"clogged":false,"echo":0,"plane":false,"seesaw":false,"version":1,"max_entities":null,"max_trasures":null,"max_gates":null},"entities":[{"name":"KingChappy","count":2,"weight":0,"dead_end":false,"group":0,"treasure":"g_futa_daisen","fall":""},{"name":"Queen","count":1,"weight":0,"dead_end":false,"group":0,"treasure":"key","fall":""}],"treasures":[],"gates":[{"word":"gate","health":1000,"weight":1}]},{"name":"Sublevel 4 - Ultimate Rest area","properties":{"unit":"3_units_mid1_hit1_ike2_tsuchi.txt","max_rooms":1,"light":"normal_light_lv0.ini","music":"caverelax.cnd","skybox":"none","corridor":0.12,"caps":50,"timer":0,"geyser":false,"clogged":false,"echo":0,"plane":false,"seesaw":false,"version":1,"max_entities":null,"max_trasures":null,"max_gates":null},"entities":[{"name":"ShijimiChou","count":2,"weight":0,"dead_end":false,"group":0,"treasure":null,"fall":""},{"name":"Magaret","count":4,"weight":0,"dead_end":false,"group":1,"treasure":null,"fall":""},{"name":"Egg","count":10,"weight":0,"dead_end":false,"group":1,"treasure":null,"fall":""},{"name":"RandPom","count":3,"weight":0,"dead_end":false,"group":0,"treasure":null,"fall":""}],"treasures":[{"name":"key","count":1,"weight":0}],"gates":[]},{"name":"Sublevel 5 - Final Floor","properties":{"unit":"2_units_tak22_yuko_tile.txt","max_rooms":1,"light":"normal_light_lv0.ini","music":"","skybox":"none","corridor":0.12,"caps":50,"timer":0,"geyser":false,"clogged":false,"echo":0,"plane":false,"seesaw":false,"version":1,"max_entities":null,"max_trasures":null,"max_gates":null},"entities":[{"name":"BigFoot","count":1,"weight":0,"dead_end":false,"group":0,"treasure":"key","fall":"$"}],"treasures":[],"gates":[]}],"content":null}