{"sublevels":[{"name":"Sublevel 1","properties":{"unit":"1_units_north_tutorial_snow.txt","max_rooms":4,"light":"metal_light_lv1.ini","music":"new_00_0.cnd","skybox":"none","corridor":0.125,"caps":100,"timer":0,"geyser":false,"clogged":false,"echo":0,"plane":false,"seesaw":false,"version":1,"max_entities":null,"max_trasures":null,"max_gates":null},"entities":[{"name":"YellowKochappy","count":3,"weight":0,"dead_end":false,"group":0,"treasure":null,"fall":""},{"name":"YellowKochappy","count":3,"weight":0,"dead_end":false,"group":0,"treasure":null,"fall":""},{"name":"YellowKochappy","count":3,"weight":0,"dead_end":false,"group":1,"treasure":null,"fall":""},{"name":"YellowKochappy","count":6,"weight":0,"dead_end":false,"group":5,"treasure":null,"fall":""},{"name":"YellowKochappy","count":1,"weight":0,"dead_end":false,"group":1,"treasure":"tape_yellow","fall":""}],"treasures":[{"name":"dia_a_red","count":1,"weight":0}],"gates":[]},{"name":"Sublevel 2","properties":{"unit":"1_units_purple_snow.txt","max_rooms":1,"light":"tutorial_1_light.ini","music":"new_00_1.cnd","skybox":"none","corridor":0.12,"caps":50,"timer":0,"geyser":false,"clogged":false,"echo":0,"plane":false,"seesaw":false,"version":1,"max_entities":null,"max_trasures":null,"max_gates":null},"entities":[{"name":"BlackPom","count":3,"weight":0,"dead_end":false,"group":1,"treasure":null,"fall":""},{"name":"YellowKochappy","count":8,"weight":0,"dead_end":false,"group":0,"treasure":null,"fall":""},{"name":"YellowKochappy","count":3,"weight":0,"dead_end":false,"group":0,"treasure":null,"fall":""},{"name":"YellowKochappy","count":5,"weight":0,"dead_end":false,"group":6,"treasure":null,"fall":""}],"treasures":[{"name":"map01","count":1,"weight":0}],"gates":[]}],"content":null}