{"sublevels":[{"name":"Sublevel 1 - 1s","properties":{"unit":"all_units_water_tsuchi.txt","max_rooms":2,"light":"normal_light_lv0.ini","music":"caverelax.cnd","skybox":"none","corridor":0.1,"caps":50,"timer":0,"geyser":false,"clogged":false,"echo":0,"plane":false,"seesaw":false,"version":1,"max_entities":null,"max_trasures":null,"max_gates":null},"entities":[{"name":"UmiMushiBlind","count":1,"weight":0,"dead_end":false,"group":0,"treasure":null,"fall":""},{"name":"Catfish","count":1,"weight":0,"dead_end":false,"group":1,"treasure":"j_block_red","fall":""},{"name":"MaroFrog","count":1,"weight":0,"dead_end":false,"group":0,"treasure":"teala_dia_a","fall":"$"},{"name":"Tadpole","count":3,"weight":0,"dead_end":false,"group":1,"treasure":null,"fall":""},{"name":"Kurage","count":3,"weight":0,"dead_end":false,"group":0,"treasure":null,"fall":"$"},{"name":"Clover","count":10,"weight":0,"dead_end":false,"group":0,"treasure":null,"fall":""},{"name":"Clover","count":10,"weight":0,"dead_end":false,"group":0,"treasure":null,"fall":""},{"name":"Chiyogami","count":1,"weight":0,"dead_end":false,"group":0,"treasure":null,"fall":""},{"name":"Zenmai","count":4,"weight":0,"dead_end":false,"group":0,"treasure":null,"fall":""},{"name":"Watage","count":2,"weight":0,"dead_end":false,"group":0,"treasure":null,"fall":""}],"treasures":[{"name":"key","count":1,"weight":0},{"name":"bey_goma","count":1,"weight":0}],"gates":[{"word":"gate","health":1300,"weight":1},{"word":"gate","health":1300,"weight":1}]},{"name":"Sublevel 2 - 2s","properties":{"unit":"all_units_water-ike4.txt","max_rooms":3,"light":"normal_light_lv0.ini","music":"cavesoil_05_4.cnd","skybox":"none","corridor":0.1,"caps":50,"timer":0,"geyser":false,"clogged":false,"echo":0,"plane":false,"seesaw":false,"version":1,"max_entities":null,"max_trasures":null,"max_gates":null},"entities":[{"name":"KareOoinu_s","count":1,"weight":0,"dead_end":false,"group":0,"treasure":null,"fall":"$"},{"name":"Tanpopo","count":1,"weight":0,"dead_end":false,"group":0,"treasure":null,"fall":"$"},{"name":"Wtank","count":2,"weight":0,"dead_end":false,"group":0,"treasure":null,"fall":""},{"name":"ShijimiChou","count":10,"weight":0,"dead_end":false,"group":6,"treasure":null,"fall":"$"},{"name":"Clover","count":9,"weight":0,"dead_end":false,"group":0,"treasure":null,"fall":""},{"name":"Ooinu_s","count":7,"weight":0,"dead_end":false,"group":0,"treasure":null,"fall":""},{"name":"GasHiba","count":4,"weight":0,"dead_end":false,"group":0,"treasure":null,"fall":"$"},{"name":"GasHiba","count":4,"weight":0,"dead_end":false,"group":1,"treasure":null,"fall":"$"}],"treasures":[{"name":"dia_c_blue","count":1,"weight":0},{"name":"kan","count":1,"weight":0},{"name":"key","count":1,"weight":0},{"name":"light_a","count":1,"weight":0}],"gates":[{"word":"gate","health":1600,"weight":1},{"word":"gate","health":1600,"weight":1},{"word":"gate","health":600,"weight":1},{"word":"gate","health":600,"weight":1},{"word":"gate","health":700,"weight":1},{"word":"gate","health":1900,"weight":1},{"word":"gate","health":1900,"weight":1}]},{"name":"Sublevel 3 - 3s","properties":{"unit":"1_units_boss_tsuchi.txt","max_rooms":2,"light":"normal_light_lv0.ini","music":"cavetsumiki_00_0.cnd","skybox":"none","corridor":0.1,"caps":50,"timer":0,"geyser":false,"clogged":false,"echo":0,"plane":false,"seesaw":false,"version":1,"max_entities":null,"max_trasures":null,"max_gates":null},"entities":[{"name":"KingChappy","count":1,"weight":0,"dead_end":false,"group":0,"treasure":null,"fall":""},{"name":"KingChappy","count":1,"weight":0,"dead_end":false,"group":0,"treasure":"key","fall":""},{"name":"Zenmai","count":9,"weight":0,"dead_end":false,"group":0,"treasure":null,"fall":""},{"name":"HikariKinoko","count":4,"weight":0,"dead_end":false,"group":0,"treasure":null,"fall":""},{"name":"Magaret","count":3,"weight":0,"dead_end":false,"group":0,"treasure":null,"fall":""},{"name":"Chiyogami","count":2,"weight":0,"dead_end":false,"group":0,"treasure":null,"fall":""}],"treasures":[],"gates":[{"word":"gate","health":2000,"weight":1}]},{"name":"Sublevel 4 - 4s","properties":{"unit":"units_test_tsuchi.txt","max_rooms":2,"light":"normal_light_lv0.ini","music":"caveconc_00_0.cnd","skybox":"none","corridor":0.1,"caps":50,"timer":0,"geyser":false,"clogged":false,"echo":0,"plane":false,"seesaw":false,"version":1,"max_entities":null,"max_trasures":null,"max_gates":null},"entities":[{"name":"Wealthy","count":1,"weight":0,"dead_end":false,"group":1,"treasure":"denchi_3_red","fall":""},{"name":"Egg","count":3,"weight":0,"dead_end":false,"group":0,"treasure":null,"fall":""},{"name":"Egg","count":50,"weight":0,"dead_end":false,"group":6,"treasure":null,"fall":""},{"name":"Ooinu_s","count":40,"weight":0,"dead_end":false,"group":6,"treasure":null,"fall":""},{"name":"Ooinu_s","count":40,"weight":0,"dead_end":false,"group":6,"treasure":null,"fall":""},{"name":"Clover","count":60,"weight":0,"dead_end":false,"group":6,"treasure":null,"fall":""},{"name":"RandPom","count":1,"weight":0,"dead_end":false,"group":0,"treasure":null,"fall":"$"}],"treasures":[{"name":"key","count":1,"weight":0}],"gates":[{"word":"gate","health":1000,"weight":1},{"word":"gate","health":1000,"weight":1},{"word":"gate","health":1600,"weight":1}]},{"name":"Sublevel 5 - 5s","properties":{"unit":"E3_units_tsuchi.txt","max_rooms":4,"light":"light.ini","music":"caveconc_00_0.cnd","skybox":"none","corridor":0.1,"caps":50,"timer":0,"geyser":false,"clogged":false,"echo":0,"plane":false,"seesaw":false,"version":1,"max_entities":null,"max_trasures":null,"max_gates":null},"entities":[{"name":"BombSarai","count":1,"weight":0,"dead_end":false,"group":0,"treasure":"flower_red","fall":""},{"name":"MaroFrog","count":1,"weight":0,"dead_end":false,"group":0,"treasure":"j_block_blue","fall":""},{"name":"Frog","count":2,"weight":0,"dead_end":false,"group":0,"treasure":null,"fall":""},{"name":"Egg","count":3,"weight":0,"dead_end":false,"group":0,"treasure":null,"fall":""},{"name":"Jigumo","count":1,"weight":0,"dead_end":false,"group":1,"treasure":null,"fall":""},{"name":"Jigumo","count":1,"weight":0,"dead_end":false,"group":0,"treasure":null,"fall":""},{"name":"Chiyogami","count":3,"weight":0,"dead_end":false,"group":0,"treasure":null,"fall":""},{"name":"GasHiba","count":7,"weight":0,"dead_end":false,"group":0,"treasure":null,"fall":""},{"name":"PanModoki","count":1,"weight":0,"dead_end":false,"group":0,"treasure":null,"fall":""},{"name":"PanHouse","count":1,"weight":0,"dead_end":false,"group":0,"treasure":null,"fall":""}],"treasures":[{"name":"saru_head","count":1,"weight":0},{"name":"flask","count":1,"weight":0},{"name":"key","count":1,"weight":0}],"gates":[{"word":"gate","health":1700,"weight":1},{"word":"gate","health":1700,"weight":1},{"word":"gate","health":1700,"weight":1},{"word":"gate","health":1200,"weight":1},{"word":"gate","health":1200,"weight":1},{"word":"gate","health":1200,"weight":1},{"word":"gate","health":500,"weight":1},{"word":"gate","health":500,"weight":1},{"word":"gate","health":500,"weight":1},{"word":"gate","health":500,"weight":1},{"word":"gate","health":500,"weight":1},{"word":"gate","health":500,"weight":1}]},{"name":"Sublevel 6 - 6s","properties":{"unit":"1_units_manh_boss_conc.txt","max_rooms":2,"light":"normal_light_lv0.ini","music":"cavemetal_10_2.cnd","skybox":"none","corridor":0.1,"caps":50,"timer":0,"geyser":false,"clogged":false,"echo":0,"plane":false,"seesaw":false,"version":1,"max_entities":null,"max_trasures":null,"max_gates":null},"entities":[{"name":"Wakame_s","count":6,"weight":0,"dead_end":false,"group":0,"treasure":null,"fall":""},{"name":"Wakame_s","count":6,"weight":0,"dead_end":false,"group":1,"treasure":null,"fall":""},{"name":"Watage","count":4,"weight":0,"dead_end":false,"group":1,"treasure":null,"fall":""},{"name":"Watage","count":4,"weight":0,"dead_end":false,"group":0,"treasure":null,"fall":""},{"name":"UmiMushi","count":1,"weight":0,"dead_end":false,"group":1,"treasure":"key","fall":""}],"treasures":[{"name":"diamond_red_l","count":1,"weight":0}],"gates":[{"word":"gate","health":1900,"weight":1},{"word":"gate","health":1900,"weight":1},{"word":"gate","health":1900,"weight":1}]},{"name":"Sublevel 7 - 7s","properties":{"unit":"3_units_north_ud_pool_tile.txt","max_rooms":4,"light":"normal_light_lv0.ini","music":"new_00_1.cnd","skybox":"none","corridor":0.1,"caps":50,"timer":0,"geyser":false,"clogged":false,"echo":0,"plane":false,"seesaw":false,"version":1,"max_entities":null,"max_trasures":null,"max_gates":null},"entities":[{"name":"RedPom","count":3,"weight":0,"dead_end":false,"group":0,"treasure":null,"fall":""},{"name":"Rkabuto","count":1,"weight":0,"dead_end":false,"group":0,"treasure":"key","fall":""},{"name":"Tank","count":1,"weight":0,"dead_end":false,"group":1,"treasure":"toy_ring_a_red","fall":""},{"name":"LeafChappy","count":1,"weight":0,"dead_end":false,"group":0,"treasure":null,"fall":""},{"name":"LeafChappy","count":1,"weight":0,"dead_end":false,"group":1,"treasure":null,"fall":""},{"name":"Hiba","count":7,"weight":0,"dead_end":false,"group":0,"treasure":null,"fall":""},{"name":"Hiba","count":4,"weight":0,"dead_end":false,"group":0,"treasure":null,"fall":""},{"name":"Sarai","count":2,"weight":0,"dead_end":false,"group":1,"treasure":null,"fall":""},{"name":"GasHiba","count":30,"weight":0,"dead_end":false,"group":6,"treasure":null,"fall":""},{"name":"Clover","count":60,"weight":0,"dead_end":false,"group":6,"treasure":null,"fall":""},{"name":"Clover","count":6,"weight":0,"dead_end":false,"group":0,"treasure":null,"fall":""},{"name":"Clover","count":6,"weight":0,"dead_end":false,"group":1,"treasure":null,"fall":""}],"treasures":[{"name":"leaf_yellow","count":1,"weight":0}],"gates":[{"word":"gate","health":1000,"weight":1}]},{"name":"Sublevel 8 - 8s","properties":{"unit":"2_units_north_dry_tile.txt","max_rooms":3,"light":"normal_light_lv0.ini","music":"cavesoil_05_3.cnd","skybox":"none","corridor":0.1,"caps":50,"timer":0,"geyser":false,"clogged":false,"echo":0,"plane":false,"seesaw":false,"version":1,"max_entities":null,"max_trasures":null,"max_gates":null},"entities":[{"name":"Tukushi","count":5,"weight":0,"dead_end":false,"group":1,"treasure":null,"fall":""},{"name":"Tukushi","count":5,"weight":0,"dead_end":false,"group":0,"treasure":null,"fall":""},{"name":"FminiHoudai","count":1,"weight":0,"dead_end":false,"group":0,"treasure":"ichigo","fall":""},{"name":"RandPom","count":1,"weight":0,"dead_end":false,"group":0,"treasure":null,"fall":""},{"name":"Hiba","count":40,"weight":0,"dead_end":false,"group":6,"treasure":null,"fall":""},{"name":"Jigumo","count":1,"weight":0,"dead_end":false,"group":0,"treasure":null,"fall":""},{"name":"Jigumo","count":1,"weight":0,"dead_end":false,"group":1,"treasure":"key","fall":""},{"name":"Tanpopo","count":2,"weight":0,"dead_end":false,"group":0,"treasure":null,"fall":""},{"name":"Tanpopo","count":4,"weight":0,"dead_end":false,"group":0,"treasure":null,"fall":""},{"name":"Tanpopo","count":6,"weight":0,"dead_end":false,"group":1,"treasure":null,"fall":""},{"name":"Egg","count":2,"weight":0,"dead_end":false,"group":0,"treasure":null,"fall":""}],"treasures":[{"name":"kinoko","count":1,"weight":0},{"name":"apple","count":1,"weight":0}],"gates":[{"word":"gate","health":1400,"weight":1},{"word":"gate","health":1400,"weight":1},{"word":"gate","health":1400,"weight":1},{"word":"gate","health":700,"weight":1},{"word":"gate","health":700,"weight":1},{"word":"gate","health":600,"weight":1}]},{"name":"Sublevel 9 - 9s","properties":{"unit":"2_MAT_cent_north_boss_tsuchi.txt","max_rooms":2,"light":"normal_light_lv0.ini","music":"new_05_0.cnd","skybox":"none","corridor":0.1,"caps":50,"timer":0,"geyser":false,"clogged":false,"echo":0,"plane":false,"seesaw":false,"version":1,"max_entities":null,"max_trasures":null,"max_gates":null},"entities":[{"name":"SnakeWhole","count":1,"weight":0,"dead_end":false,"group":0,"treasure":"key","fall":""},{"name":"SnakeCrow","count":1,"weight":0,"dead_end":false,"group":1,"treasure":"momiji_kare","fall":""},{"name":"SnakeCrow","count":1,"weight":0,"dead_end":false,"group":1,"treasure":"chocoichigo","fall":""},{"name":"Egg","count":2,"weight":0,"dead_end":false,"group":1,"treasure":null,"fall":""},{"name":"Magaret","count":5,"weight":0,"dead_end":false,"group":1,"treasure":null,"fall":""},{"name":"Magaret","count":5,"weight":0,"dead_end":false,"group":0,"treasure":null,"fall":""},{"name":"Tanpopo","count":30,"weight":0,"dead_end":false,"group":6,"treasure":null,"fall":""},{"name":"Magaret","count":50,"weight":0,"dead_end":false,"group":6,"treasure":null,"fall":""}],"treasures":[],"gates":[{"word":"gate","health":2500,"weight":1}]}],"content":null}