{"sublevels":[{"name":"Sublevel 1","properties":{"unit":"4_ABE_a_b_c_dani_conc.txt","max_rooms":5,"light":"normal_light_lv0.ini","music":"new_04_0.cnd","skybox":"none","corridor":0.12,"caps":50,"timer":0,"geyser":false,"clogged":false,"echo":0,"plane":false,"seesaw":false,"version":1,"max_entities":null,"max_trasures":null,"max_gates":null},"entities":[{"name":"FireChappy","count":1,"weight":0,"dead_end":false,"group":0,"treasure":"key","fall":""},{"name":"FireChappy","count":5,"weight":0,"dead_end":false,"group":0,"treasure":null,"fall":""},{"name":"Tank","count":8,"weight":0,"dead_end":false,"group":1,"treasure":"yoyo_red","fall":""},{"name":"FireOtakara","count":5,"weight":0,"dead_end":false,"group":1,"treasure":"tape_blue","fall":""},{"name":"Hiba","count":15,"weight":0,"dead_end":false,"group":5,"treasure":null,"fall":""},{"name":"BlackMan","count":1,"weight":0,"dead_end":false,"group":1,"treasure":null,"fall":""},{"name":"Wakame_l","count":8,"weight":0,"dead_end":false,"group":6,"treasure":null,"fall":""}],"treasures":[],"gates":[]},{"name":"Sublevel 2","properties":{"unit":"4_NARI_4x4eg_hitm_manp_conc.txt","max_rooms":4,"light":"suityu_light_lv2.ini","music":"cavesoil_10_3.cnd","skybox":"none","corridor":0.12,"caps":50,"timer":0,"geyser":false,"clogged":false,"echo":0,"plane":false,"seesaw":false,"version":1,"max_entities":null,"max_trasures":null,"max_gates":null},"entities":[{"name":"GasOtakara","count":1,"weight":0,"dead_end":false,"group":0,"treasure":"key","fall":"$2"},{"name":"GasOtakara","count":10,"weight":0,"dead_end":false,"group":0,"treasure":null,"fall":"$2"},{"name":"GasHiba","count":15,"weight":0,"dead_end":false,"group":5,"treasure":null,"fall":""},{"name":"Fart","count":6,"weight":0,"dead_end":false,"group":1,"treasure":"kinoko_doku","fall":""},{"name":"BlackMan","count":1,"weight":0,"dead_end":false,"group":0,"treasure":null,"fall":""},{"name":"HikariKinoko","count":8,"weight":0,"dead_end":false,"group":6,"treasure":null,"fall":""}],"treasures":[],"gates":[{"word":"gate","health":1000,"weight":1}]},{"name":"Sublevel 3","properties":{"unit":"3_ABE_b_f_g_conc.txt","max_rooms":4,"light":"toy_light_lv2.ini","music":"new_07_0.cnd","skybox":"none","corridor":0.12,"caps":50,"timer":0,"geyser":false,"clogged":false,"echo":0,"plane":false,"seesaw":false,"version":1,"max_entities":null,"max_trasures":null,"max_gates":null},"entities":[{"name":"Wtank","count":1,"weight":0,"dead_end":false,"group":0,"treasure":"key","fall":""},{"name":"Wtank","count":8,"weight":0,"dead_end":false,"group":0,"treasure":null,"fall":""},{"name":"WaterOtakara","count":7,"weight":0,"dead_end":false,"group":1,"treasure":"turi_uki","fall":"$2"},{"name":"WaterOtakara","count":3,"weight":0,"dead_end":false,"group":1,"treasure":"turi_uki","fall":"$4"},{"name":"BlackMan","count":1,"weight":0,"dead_end":false,"group":1,"treasure":null,"fall":""},{"name":"Zenmai","count":8,"weight":0,"dead_end":false,"group":6,"treasure":null,"fall":""}],"treasures":[],"gates":[{"word":"gate","health":1000,"weight":1},{"word":"gate","health":1000,"weight":1}]},{"name":"Sublevel 4","properties":{"unit":"4_units_a_b_c_d_conc.txt","max_rooms":4,"light":"vs_6_light.ini","music":"caveconc_05_0.cnd","skybox":"none","corridor":0.12,"caps":50,"timer":0,"geyser":false,"clogged":false,"echo":0,"plane":false,"seesaw":false,"version":1,"max_entities":null,"max_trasures":null,"max_gates":null},"entities":[{"name":"ElecBug","count":1,"weight":0,"dead_end":false,"group":0,"treasure":"key","fall":""},{"name":"ElecBug","count":15,"weight":0,"dead_end":false,"group":0,"treasure":null,"fall":""},{"name":"ElecOtakara","count":10,"weight":0,"dead_end":false,"group":1,"treasure":"denchi_3_red","fall":"$"},{"name":"ElecHiba","count":15,"weight":0,"dead_end":false,"group":5,"treasure":null,"fall":""},{"name":"BlackMan","count":1,"weight":0,"dead_end":false,"group":1,"treasure":null,"fall":""},{"name":"Nekojarashi","count":8,"weight":0,"dead_end":false,"group":6,"treasure":null,"fall":""}],"treasures":[],"gates":[{"word":"gate","health":1000,"weight":1},{"word":"gate","health":1000,"weight":1},{"word":"gate","health":1000,"weight":1}]},{"name":"Sublevel 5","properties":{"unit":"4_ABE_mid1_h443_h447_h335_metal.txt","max_rooms":4,"light":"jyoou_light_lv3.ini","music":"new_05_0.cnd","skybox":"build","corridor":0.12,"caps":50,"timer":0,"geyser":false,"clogged":false,"echo":0,"plane":false,"seesaw":false,"version":1,"max_entities":null,"max_trasures":null,"max_gates":null},"entities":[{"name":"FminiHoudai","count":1,"weight":0,"dead_end":false,"group":0,"treasure":"key","fall":""},{"name":"MiniHoudai","count":4,"weight":0,"dead_end":false,"group":0,"treasure":"ichigo_l","fall":""},{"name":"BombSarai","count":6,"weight":0,"dead_end":false,"group":1,"treasure":"compact","fall":""},{"name":"BombOtakara","count":10,"weight":0,"dead_end":false,"group":1,"treasure":null,"fall":"$"},{"name":"Bomb","count":4,"weight":0,"dead_end":false,"group":5,"treasure":null,"fall":"$"},{"name":"Bomb","count":4,"weight":0,"dead_end":false,"group":5,"treasure":null,"fall":"$2"},{"name":"Bomb","count":4,"weight":0,"dead_end":false,"group":5,"treasure":null,"fall":"$3"},{"name":"Bomb","count":4,"weight":0,"dead_end":false,"group":5,"treasure":null,"fall":"$4"},{"name":"BlackMan","count":1,"weight":0,"dead_end":false,"group":1,"treasure":null,"fall":""},{"name":"DaiodoRed","count":8,"weight":0,"dead_end":false,"group":6,"treasure":null,"fall":""}],"treasures":[],"gates":[]}],"content":null}