{"sublevels":[{"name":"Sublevel 1","properties":{"unit":"2_units_gw_l_conc.txt","max_rooms":3,"light":"suityu_light_lv2.ini","music":"cavesoil_10_0.cnd","skybox":"none","corridor":0.12,"caps":50,"timer":0,"geyser":false,"clogged":false,"echo":0,"plane":false,"seesaw":false,"version":1,"max_entities":null,"max_trasures":null,"max_gates":null},"entities":[{"name":"BlueKochappy","count":1,"weight":0,"dead_end":false,"group":0,"treasure":"be_dama_blue","fall":""},{"name":"BlueKochappy","count":1,"weight":0,"dead_end":false,"group":0,"treasure":"be_dama_blue","fall":""},{"name":"BlueKochappy","count":1,"weight":0,"dead_end":false,"group":0,"treasure":"be_dama_blue","fall":""},{"name":"Kurage","count":1,"weight":0,"dead_end":false,"group":1,"treasure":"key","fall":""},{"name":"Kurage","count":1,"weight":0,"dead_end":false,"group":1,"treasure":"nut","fall":""},{"name":"BlueKochappy","count":1,"weight":0,"dead_end":false,"group":8,"treasure":"teala_dia_b","fall":""},{"name":"BlueKochappy","count":1,"weight":0,"dead_end":false,"group":8,"treasure":"teala_dia_b","fall":""},{"name":"BlueKochappy","count":1,"weight":0,"dead_end":false,"group":8,"treasure":"teala_dia_b","fall":""},{"name":"Rkabuto","count":1,"weight":0,"dead_end":false,"group":1,"treasure":"milk_cap","fall":""},{"name":"Rkabuto","count":1,"weight":0,"dead_end":false,"group":1,"treasure":"milk_cap","fall":""}],"treasures":[{"name":"dia_c_blue","count":1,"weight":0},{"name":"be_dama_blue_l","count":1,"weight":0},{"name":"futa_a_silver","count":1,"weight":0},{"name":"diamond_blue_l","count":1,"weight":0},{"name":"toy_ring_a_blue","count":1,"weight":0}],"gates":[]}],"content":null}