{"sublevels":[{"name":"Sublevel 1 - S1","properties":{"unit":"1_NARI_hit6x7_toy.txt","max_rooms":1,"light":"toy_light_lv3.ini","music":"cavemetal_05_0.cnd","skybox":"build","corridor":0.1,"caps":15,"timer":0,"geyser":false,"clogged":false,"echo":0,"plane":false,"seesaw":false,"version":1,"max_entities":null,"max_trasures":null,"max_gates":null},"entities":[{"name":"Damagumo","count":1,"weight":0,"dead_end":false,"group":0,"treasure":"juji_key_fc","fall":"$"},{"name":"FireOtakara","count":5,"weight":0,"dead_end":false,"group":1,"treasure":null,"fall":""},{"name":"GasOtakara","count":1,"weight":0,"dead_end":false,"group":1,"treasure":"chess_king_white","fall":"$4"}],"treasures":[{"name":"kan","count":1,"weight":9}],"gates":[{"word":"gate","health":400,"weight":1},{"word":"gate","health":700,"weight":1},{"word":"gate","health":600,"weight":1}]},{"name":"Sublevel 2 - S2","properties":{"unit":"1_units_bunki_2_tile.txt","max_rooms":1,"light":"chikahimi_metal_light_lv4.ini","music":"caveglass_10_0.cnd","skybox":"flooring","corridor":0.1,"caps":25,"timer":0,"geyser":false,"clogged":false,"echo":0,"plane":false,"seesaw":false,"version":1,"max_entities":null,"max_trasures":null,"max_gates":null},"entities":[{"name":"BigFoot","count":1,"weight":0,"dead_end":false,"group":1,"treasure":"diamond_red","fall":"$"},{"name":"Fart","count":3,"weight":0,"dead_end":false,"group":1,"treasure":null,"fall":""},{"name":"BombOtakara","count":3,"weight":0,"dead_end":false,"group":1,"treasure":"kuri","fall":"$2"},{"name":"Chappy","count":1,"weight":0,"dead_end":false,"group":1,"treasure":"light_a","fall":"$2"},{"name":"ElecOtakara","count":1,"weight":0,"dead_end":false,"group":1,"treasure":"kuri","fall":"$2"},{"name":"WaterOtakara","count":5,"weight":0,"dead_end":false,"group":1,"treasure":"kuri","fall":"$2"}],"treasures":[],"gates":[]},{"name":"Sublevel 3 - S3","properties":{"unit":"1_ABE_manp_boss_conc.txt","max_rooms":1,"light":"normal_light_lv0.ini","music":"cavemetal_10_1.cnd","skybox":"none","corridor":0.1,"caps":10,"timer":0,"geyser":true,"clogged":false,"echo":0,"plane":false,"seesaw":false,"version":1,"max_entities":null,"max_trasures":null,"max_gates":null},"entities":[{"name":"Houdai","count":1,"weight":0,"dead_end":false,"group":0,"treasure":"map01","fall":""},{"name":"BlueChappy","count":1,"weight":0,"dead_end":true,"group":0,"treasure":null,"fall":"$"},{"name":"BlueKochappy","count":5,"weight":0,"dead_end":true,"group":0,"treasure":null,"fall":"$"},{"name":"FireOtakara","count":3,"weight":0,"dead_end":true,"group":0,"treasure":null,"fall":""},{"name":"GasOtakara","count":3,"weight":0,"dead_end":true,"group":0,"treasure":null,"fall":""},{"name":"BombOtakara","count":5,"weight":0,"dead_end":true,"group":0,"treasure":null,"fall":"$2"},{"name":"BombOtakara","count":5,"weight":0,"dead_end":false,"group":0,"treasure":null,"fall":"$2"},{"name":"BlackPom","count":5,"weight":0,"dead_end":false,"group":0,"treasure":null,"fall":""},{"name":"Chappy","count":1,"weight":0,"dead_end":false,"group":0,"treasure":"map01","fall":""}],"treasures":[],"gates":[]}],"content":null}