{"sublevels":[{"name":"Sublevel 1","properties":{"unit":"1_units_opan_toy.txt","max_rooms":1,"light":"kusachi_light_cha.ini","music":"new_03_0.cnd","skybox":"hiroba","corridor":0.12,"caps":50,"timer":0,"geyser":true,"clogged":false,"echo":0,"plane":true,"seesaw":false,"version":1,"max_entities":null,"max_trasures":null,"max_gates":null},"entities":[{"name":"PanModoki","count":1,"weight":0,"dead_end":false,"group":1,"treasure":"chocoichigo","fall":""},{"name":"PanModoki","count":1,"weight":0,"dead_end":false,"group":1,"treasure":"chocowhite","fall":""},{"name":"Tank","count":1,"weight":0,"dead_end":false,"group":0,"treasure":"apple_blue","fall":""},{"name":"Tank","count":1,"weight":0,"dead_end":false,"group":0,"treasure":"apple_blue","fall":""},{"name":"Sarai","count":1,"weight":0,"dead_end":false,"group":0,"treasure":"cookie_s","fall":""},{"name":"Sarai","count":1,"weight":0,"dead_end":false,"group":0,"treasure":"cookie_u","fall":""},{"name":"SnakeCrow","count":1,"weight":0,"dead_end":false,"group":0,"treasure":"halloween","fall":""},{"name":"SnakeCrow","count":1,"weight":0,"dead_end":false,"group":0,"treasure":"key","fall":""},{"name":"Kochappy","count":1,"weight":0,"dead_end":false,"group":6,"treasure":"flower_red","fall":"$"},{"name":"Kochappy","count":1,"weight":0,"dead_end":false,"group":6,"treasure":"flower_red","fall":"$"},{"name":"KumaKochappy","count":1,"weight":0,"dead_end":false,"group":6,"treasure":"ichigo","fall":""},{"name":"KumaKochappy","count":1,"weight":0,"dead_end":false,"group":6,"treasure":"ichigo","fall":""},{"name":"OoPanModoki","count":1,"weight":0,"dead_end":false,"group":1,"treasure":"dia_a_red","fall":""},{"name":"FminiHoudai","count":1,"weight":0,"dead_end":false,"group":8,"treasure":"ichigo_l","fall":""},{"name":"YellowChappy","count":1,"weight":0,"dead_end":false,"group":6,"treasure":"donutsichigo","fall":""}],"treasures":[{"name":"leaf_kare","count":1,"weight":0},{"name":"apple","count":1,"weight":0},{"name":"medama_yaki","count":1,"weight":0}],"gates":[]}],"content":null}