{"sublevels":[{"name":"Sublevel 1 - 1","properties":{"unit":"2_MAT_f_k_conc.txt","max_rooms":7,"light":"muraon_light_lv4.ini","music":"caverelax.cnd","skybox":"none","corridor":0.28,"caps":50,"timer":0,"geyser":false,"clogged":false,"echo":0,"plane":false,"seesaw":false,"version":1,"max_entities":null,"max_trasures":null,"max_gates":null},"entities":[{"name":"BlueKochappy","count":1,"weight":0,"dead_end":false,"group":0,"treasure":null,"fall":""},{"name":"KumaKochappy","count":1,"weight":0,"dead_end":false,"group":0,"treasure":null,"fall":""},{"name":"YellowKochappy","count":1,"weight":0,"dead_end":false,"group":0,"treasure":null,"fall":""},{"name":"LeafChappy","count":1,"weight":0,"dead_end":false,"group":0,"treasure":null,"fall":""},{"name":"MiniHoudai","count":1,"weight":0,"dead_end":false,"group":1,"treasure":null,"fall":""},{"name":"RandPom","count":1,"weight":0,"dead_end":false,"group":1,"treasure":null,"fall":""},{"name":"RandPom","count":1,"weight":0,"dead_end":true,"group":0,"treasure":null,"fall":""},{"name":"RandPom","count":1,"weight":0,"dead_end":true,"group":0,"treasure":null,"fall":""},{"name":"BlackPom","count":1,"weight":0,"dead_end":true,"group":0,"treasure":null,"fall":""},{"name":"BlackPom","count":1,"weight":0,"dead_end":true,"group":0,"treasure":null,"fall":""},{"name":"WhitePom","count":1,"weight":0,"dead_end":false,"group":5,"treasure":null,"fall":""},{"name":"Kochappy","count":1,"weight":0,"dead_end":false,"group":0,"treasure":"key","fall":""},{"name":"BlackPom","count":1,"weight":0,"dead_end":false,"group":1,"treasure":null,"fall":"$"},{"name":"BlackPom","count":1,"weight":0,"dead_end":false,"group":0,"treasure":null,"fall":"$"}],"treasures":[{"name":"makigai","count":1,"weight":0},{"name":"g_futa_koiwai","count":1,"weight":0},{"name":"apple_blue","count":1,"weight":0},{"name":"teala_dia_d","count":1,"weight":0},{"name":"medama_yaki","count":1,"weight":0},{"name":"flower_red","count":1,"weight":0},{"name":"dia_c_red","count":1,"weight":0},{"name":"toy_ring_a_red","count":1,"weight":0}],"gates":[{"word":"gate","health":100,"weight":1},{"word":"gate","health":100,"weight":1},{"word":"gate","health":100,"weight":1},{"word":"gate","health":100,"weight":1},{"word":"gate","health":100,"weight":1},{"word":"gate","health":100,"weight":1}]},{"name":"Sublevel 2 - 2","properties":{"unit":"1_ABE_mid1_boss_tsuchi.txt","max_rooms":2,"light":"normal_light_lv0.ini","music":"caveglass_00_0.cnd","skybox":"none","corridor":0.065,"caps":4,"timer":0,"geyser":false,"clogged":false,"echo":0,"plane":false,"seesaw":false,"version":1,"max_entities":null,"max_trasures":null,"max_gates":null},"entities":[{"name":"BlackPom","count":1,"weight":0,"dead_end":false,"group":0,"treasure":null,"fall":""},{"name":"BlackPom","count":1,"weight":0,"dead_end":false,"group":0,"treasure":null,"fall":""},{"name":"BlackPom","count":1,"weight":0,"dead_end":false,"group":0,"treasure":null,"fall":""},{"name":"BlackPom","count":1,"weight":0,"dead_end":false,"group":0,"treasure":null,"fall":""},{"name":"BlackPom","count":1,"weight":0,"dead_end":false,"group":1,"treasure":null,"fall":""},{"name":"BlackPom","count":1,"weight":0,"dead_end":false,"group":1,"treasure":null,"fall":""},{"name":"BlackPom","count":1,"weight":0,"dead_end":false,"group":1,"treasure":null,"fall":""},{"name":"BlackPom","count":1,"weight":0,"dead_end":false,"group":1,"treasure":null,"fall":""},{"name":"BlueKochappy","count":3,"weight":0,"dead_end":false,"group":0,"treasure":null,"fall":"$"},{"name":"UjiA","count":1,"weight":0,"dead_end":false,"group":0,"treasure":"leaf_yellow","fall":""},{"name":"RandPom","count":1,"weight":0,"dead_end":false,"group":0,"treasure":null,"fall":""},{"name":"RandPom","count":1,"weight":0,"dead_end":false,"group":1,"treasure":null,"fall":""},{"name":"Wealthy","count":1,"weight":0,"dead_end":false,"group":0,"treasure":"key","fall":""},{"name":"BlackPom","count":5,"weight":0,"dead_end":false,"group":0,"treasure":null,"fall":"$"},{"name":"BlackPom","count":5,"weight":0,"dead_end":false,"group":1,"treasure":null,"fall":"$"}],"treasures":[{"name":"yoyo_yellow","count":1,"weight":0},{"name":"denchi_1_red","count":1,"weight":0},{"name":"toy_ring_a_blue","count":1,"weight":0},{"name":"be_dama_red","count":1,"weight":0},{"name":"gold_medal","count":1,"weight":0},{"name":"bane_yellow","count":1,"weight":0},{"name":"be_dama_blue","count":1,"weight":0},{"name":"be_dama_red_l","count":1,"weight":0}],"gates":[]},{"name":"Sublevel 3 - 3","properties":{"unit":"2_ABE_nobo2_nor22_metal.txt","max_rooms":5,"light":"sirohana_light_lv3.ini","music":"cavemetal_10_2.cnd","skybox":"build","corridor":0.09,"caps":35,"timer":0,"geyser":true,"clogged":false,"echo":0,"plane":false,"seesaw":false,"version":1,"max_entities":null,"max_trasures":null,"max_gates":null},"entities":[{"name":"OoPanModoki","count":6,"weight":0,"dead_end":true,"group":0,"treasure":null,"fall":""},{"name":"PanHouse","count":6,"weight":0,"dead_end":true,"group":0,"treasure":null,"fall":""},{"name":"Demon","count":2,"weight":0,"dead_end":false,"group":0,"treasure":null,"fall":""},{"name":"BombSarai","count":2,"weight":0,"dead_end":false,"group":1,"treasure":null,"fall":""},{"name":"BombOtakara","count":1,"weight":0,"dead_end":false,"group":5,"treasure":"suit_powerup","fall":"$"},{"name":"GasOtakara","count":1,"weight":0,"dead_end":false,"group":5,"treasure":"suit_powerup","fall":"$"},{"name":"Demon","count":1,"weight":0,"dead_end":false,"group":0,"treasure":"fire_helmet","fall":""},{"name":"Demon","count":1,"weight":0,"dead_end":false,"group":1,"treasure":"be_dama_blue_l","fall":""},{"name":"MaroFrog","count":1,"weight":0,"dead_end":false,"group":1,"treasure":"key","fall":""}],"treasures":[{"name":"radar_b","count":1,"weight":0},{"name":"sinkukan_b","count":1,"weight":0},{"name":"sinkukan_c","count":1,"weight":0},{"name":"bolt","count":1,"weight":0},{"name":"kan_maruha","count":1,"weight":0}],"gates":[]},{"name":"Sublevel 4 - 4","properties":{"unit":"all_units_water-ike4.txt","max_rooms":5,"light":"suityu_light_lv0.ini","music":"cavesoil_00_4.cnd","skybox":"none","corridor":0.3,"caps":25,"timer":0,"geyser":true,"clogged":false,"echo":0,"plane":false,"seesaw":false,"version":1,"max_entities":null,"max_trasures":null,"max_gates":null},"entities":[{"name":"BombOtakara","count":1,"weight":0,"dead_end":false,"group":0,"treasure":null,"fall":"$4"},{"name":"BombOtakara","count":1,"weight":0,"dead_end":false,"group":0,"treasure":null,"fall":"$4"},{"name":"BombOtakara","count":1,"weight":0,"dead_end":false,"group":0,"treasure":null,"fall":"$4"},{"name":"BombOtakara","count":1,"weight":0,"dead_end":false,"group":0,"treasure":null,"fall":"$4"},{"name":"BombOtakara","count":1,"weight":0,"dead_end":false,"group":0,"treasure":null,"fall":"$4"},{"name":"BombOtakara","count":1,"weight":0,"dead_end":false,"group":0,"treasure":null,"fall":"$4"},{"name":"BombOtakara","count":1,"weight":0,"dead_end":false,"group":0,"treasure":null,"fall":"$4"},{"name":"BombOtakara","count":1,"weight":0,"dead_end":false,"group":0,"treasure":null,"fall":"$4"},{"name":"BombOtakara","count":1,"weight":0,"dead_end":false,"group":0,"treasure":null,"fall":"$4"},{"name":"BombOtakara","count":1,"weight":0,"dead_end":false,"group":0,"treasure":null,"fall":"$4"},{"name":"BombOtakara","count":1,"weight":0,"dead_end":false,"group":0,"treasure":null,"fall":"$4"},{"name":"BombOtakara","count":1,"weight":0,"dead_end":false,"group":0,"treasure":null,"fall":"$4"},{"name":"BombOtakara","count":1,"weight":0,"dead_end":false,"group":1,"treasure":null,"fall":"$4"},{"name":"BombOtakara","count":1,"weight":0,"dead_end":false,"group":1,"treasure":null,"fall":"$4"},{"name":"BombOtakara","count":1,"weight":0,"dead_end":false,"group":1,"treasure":null,"fall":"$4"},{"name":"BombOtakara","count":1,"weight":0,"dead_end":false,"group":1,"treasure":null,"fall":"$4"},{"name":"BombOtakara","count":1,"weight":0,"dead_end":false,"group":1,"treasure":null,"fall":"$4"},{"name":"BombOtakara","count":1,"weight":0,"dead_end":false,"group":1,"treasure":null,"fall":"$4"},{"name":"BombOtakara","count":1,"weight":0,"dead_end":false,"group":1,"treasure":null,"fall":"$4"},{"name":"BombOtakara","count":1,"weight":0,"dead_end":false,"group":1,"treasure":null,"fall":"$4"},{"name":"BombOtakara","count":1,"weight":0,"dead_end":false,"group":1,"treasure":null,"fall":"$4"},{"name":"BombOtakara","count":1,"weight":0,"dead_end":false,"group":1,"treasure":null,"fall":"$4"},{"name":"BombOtakara","count":1,"weight":0,"dead_end":false,"group":5,"treasure":null,"fall":"$4"},{"name":"BombOtakara","count":1,"weight":0,"dead_end":false,"group":5,"treasure":null,"fall":"$4"},{"name":"BombOtakara","count":1,"weight":0,"dead_end":false,"group":5,"treasure":null,"fall":"$4"},{"name":"BombOtakara","count":1,"weight":0,"dead_end":false,"group":5,"treasure":null,"fall":"$4"},{"name":"BombOtakara","count":1,"weight":0,"dead_end":false,"group":5,"treasure":null,"fall":"$4"},{"name":"BombOtakara","count":1,"weight":0,"dead_end":false,"group":5,"treasure":null,"fall":"$4"},{"name":"BombOtakara","count":1,"weight":0,"dead_end":false,"group":5,"treasure":null,"fall":"$4"},{"name":"BombOtakara","count":1,"weight":0,"dead_end":false,"group":5,"treasure":null,"fall":"$4"},{"name":"BombOtakara","count":1,"weight":0,"dead_end":false,"group":5,"treasure":null,"fall":"$4"},{"name":"BombOtakara","count":1,"weight":0,"dead_end":false,"group":5,"treasure":null,"fall":"$4"},{"name":"BombOtakara","count":1,"weight":0,"dead_end":false,"group":5,"treasure":null,"fall":"$4"},{"name":"BombOtakara","count":1,"weight":0,"dead_end":false,"group":5,"treasure":null,"fall":"$4"},{"name":"BombOtakara","count":1,"weight":0,"dead_end":false,"group":5,"treasure":null,"fall":"$4"},{"name":"BombOtakara","count":1,"weight":0,"dead_end":true,"group":0,"treasure":null,"fall":"$4"},{"name":"BombOtakara","count":1,"weight":0,"dead_end":true,"group":0,"treasure":null,"fall":"$4"},{"name":"BombOtakara","count":1,"weight":0,"dead_end":true,"group":0,"treasure":null,"fall":"$4"},{"name":"BombOtakara","count":1,"weight":0,"dead_end":true,"group":0,"treasure":null,"fall":"$4"},{"name":"BombOtakara","count":1,"weight":0,"dead_end":true,"group":0,"treasure":null,"fall":"$4"},{"name":"BombOtakara","count":1,"weight":0,"dead_end":true,"group":0,"treasure":null,"fall":"$4"},{"name":"BombOtakara","count":1,"weight":0,"dead_end":true,"group":0,"treasure":null,"fall":"$4"},{"name":"BombOtakara","count":1,"weight":0,"dead_end":true,"group":0,"treasure":null,"fall":"$4"},{"name":"BombOtakara","count":1,"weight":0,"dead_end":true,"group":0,"treasure":null,"fall":"$4"},{"name":"BombOtakara","count":1,"weight":0,"dead_end":true,"group":0,"treasure":null,"fall":"$4"},{"name":"BombOtakara","count":1,"weight":0,"dead_end":true,"group":0,"treasure":null,"fall":"$4"},{"name":"BombOtakara","count":1,"weight":0,"dead_end":true,"group":0,"treasure":null,"fall":"$4"},{"name":"BombOtakara","count":1,"weight":0,"dead_end":true,"group":0,"treasure":null,"fall":"$4"},{"name":"BombOtakara","count":1,"weight":0,"dead_end":true,"group":0,"treasure":null,"fall":"$4"},{"name":"BombOtakara","count":1,"weight":0,"dead_end":true,"group":0,"treasure":null,"fall":"$4"},{"name":"BluePom","count":1,"weight":0,"dead_end":true,"group":0,"treasure":null,"fall":"$"},{"name":"Fuefuki","count":1,"weight":0,"dead_end":false,"group":0,"treasure":"key","fall":""}],"treasures":[{"name":"teala_dia_c","count":1,"weight":0},{"name":"ichigo_l","count":1,"weight":0},{"name":"chocoichigo_l","count":1,"weight":0},{"name":"saru_head","count":1,"weight":0},{"name":"map02","count":1,"weight":0},{"name":"map01","count":1,"weight":0},{"name":"doll","count":1,"weight":0},{"name":"be_dama_yellow","count":1,"weight":0}],"gates":[]},{"name":"Sublevel 5 - 5","properties":{"unit":"1_MAT_vs_drypool_tile.txt","max_rooms":6,"light":"oootakara_light.ini","music":"new_08_0.cnd","skybox":"none","corridor":0.11,"caps":40,"timer":0,"geyser":false,"clogged":false,"echo":0,"plane":false,"seesaw":false,"version":1,"max_entities":null,"max_trasures":null,"max_gates":null},"entities":[{"name":"Mar","count":1,"weight":0,"dead_end":false,"group":1,"treasure":"donguri_l","fall":""},{"name":"Mar","count":1,"weight":0,"dead_end":false,"group":1,"treasure":null,"fall":""},{"name":"Mar","count":1,"weight":0,"dead_end":false,"group":1,"treasure":null,"fall":""},{"name":"Mar","count":1,"weight":0,"dead_end":false,"group":0,"treasure":null,"fall":""},{"name":"Mar","count":1,"weight":0,"dead_end":false,"group":0,"treasure":null,"fall":""},{"name":"Mar","count":1,"weight":0,"dead_end":false,"group":0,"treasure":null,"fall":""},{"name":"Wealthy","count":1,"weight":0,"dead_end":true,"group":0,"treasure":null,"fall":""},{"name":"PanModoki","count":1,"weight":0,"dead_end":true,"group":0,"treasure":null,"fall":""},{"name":"PanHouse","count":1,"weight":0,"dead_end":true,"group":0,"treasure":null,"fall":""},{"name":"YellowChappy","count":1,"weight":0,"dead_end":true,"group":0,"treasure":null,"fall":""},{"name":"Jigumo","count":1,"weight":0,"dead_end":true,"group":0,"treasure":null,"fall":""},{"name":"Jigumo","count":1,"weight":0,"dead_end":true,"group":0,"treasure":null,"fall":""},{"name":"Jigumo","count":1,"weight":0,"dead_end":true,"group":0,"treasure":null,"fall":""},{"name":"Jigumo","count":1,"weight":0,"dead_end":true,"group":0,"treasure":null,"fall":""},{"name":"YellowChappy","count":1,"weight":0,"dead_end":false,"group":1,"treasure":null,"fall":""},{"name":"WhitePom","count":1,"weight":0,"dead_end":true,"group":0,"treasure":null,"fall":"$"},{"name":"Wtank","count":1,"weight":0,"dead_end":false,"group":0,"treasure":"key","fall":""},{"name":"WhitePom","count":3,"weight":0,"dead_end":false,"group":5,"treasure":null,"fall":"$2"}],"treasures":[{"name":"kinoko_doku","count":1,"weight":0},{"name":"diamond_blue_l","count":1,"weight":0},{"name":"dashboots","count":1,"weight":0},{"name":"diamond_green","count":1,"weight":0},{"name":"silver_medal","count":1,"weight":0},{"name":"kan_iwate","count":1,"weight":0},{"name":"sinjyu","count":1,"weight":0}],"gates":[{"word":"gate","health":1000,"weight":1}]},{"name":"Sublevel 6 - 6","properties":{"unit":"1_MIYA_big_kusachi.txt","max_rooms":2,"light":"normal_light_lv0.ini","music":"new_06_0.cnd","skybox":"none","corridor":0.3,"caps":25,"timer":0,"geyser":false,"clogged":false,"echo":0,"plane":true,"seesaw":false,"version":1,"max_entities":null,"max_trasures":null,"max_gates":null},"entities":[{"name":"GasHiba","count":1,"weight":0,"dead_end":false,"group":5,"treasure":null,"fall":""},{"name":"GasHiba","count":1,"weight":0,"dead_end":false,"group":5,"treasure":null,"fall":""},{"name":"GasHiba","count":1,"weight":0,"dead_end":false,"group":5,"treasure":null,"fall":""},{"name":"GasHiba","count":1,"weight":0,"dead_end":false,"group":5,"treasure":null,"fall":""},{"name":"GasHiba","count":1,"weight":0,"dead_end":false,"group":5,"treasure":null,"fall":""},{"name":"GasHiba","count":1,"weight":0,"dead_end":false,"group":5,"treasure":null,"fall":""},{"name":"GasHiba","count":1,"weight":0,"dead_end":false,"group":5,"treasure":null,"fall":""},{"name":"GasHiba","count":1,"weight":0,"dead_end":false,"group":5,"treasure":null,"fall":""},{"name":"GasHiba","count":1,"weight":0,"dead_end":false,"group":5,"treasure":null,"fall":""},{"name":"GasHiba","count":1,"weight":0,"dead_end":false,"group":5,"treasure":null,"fall":""},{"name":"GasHiba","count":1,"weight":0,"dead_end":false,"group":5,"treasure":null,"fall":""},{"name":"GasHiba","count":1,"weight":0,"dead_end":false,"group":5,"treasure":null,"fall":""},{"name":"GasHiba","count":1,"weight":0,"dead_end":false,"group":5,"treasure":null,"fall":""},{"name":"GasHiba","count":1,"weight":0,"dead_end":false,"group":5,"treasure":null,"fall":""},{"name":"GasHiba","count":1,"weight":0,"dead_end":false,"group":5,"treasure":null,"fall":""},{"name":"GasHiba","count":1,"weight":0,"dead_end":false,"group":5,"treasure":null,"fall":""},{"name":"GasHiba","count":1,"weight":0,"dead_end":false,"group":5,"treasure":null,"fall":""},{"name":"GasHiba","count":1,"weight":0,"dead_end":false,"group":5,"treasure":null,"fall":""},{"name":"KumaChappy","count":1,"weight":0,"dead_end":false,"group":0,"treasure":"toy_ring_a_green","fall":""},{"name":"KumaKochappy","count":7,"weight":0,"dead_end":false,"group":0,"treasure":null,"fall":""},{"name":"KumaKochappy","count":7,"weight":0,"dead_end":false,"group":0,"treasure":null,"fall":""},{"name":"KumaKochappy","count":7,"weight":0,"dead_end":false,"group":0,"treasure":null,"fall":""},{"name":"KumaKochappy","count":5,"weight":0,"dead_end":false,"group":1,"treasure":null,"fall":""}],"treasures":[{"name":"bane_blue","count":1,"weight":0},{"name":"g_futa_sikoku","count":1,"weight":0},{"name":"donguri","count":1,"weight":0},{"name":"kan_nichiro","count":1,"weight":0},{"name":"diamond_red","count":1,"weight":0},{"name":"key","count":1,"weight":0},{"name":"watch","count":1,"weight":0}],"gates":[]},{"name":"Sublevel 7 - 7","properties":{"unit":"1_ABE_ari_metal.txt","max_rooms":5,"light":"muraon_light_lv4.ini","music":"new_04_0.cnd","skybox":"none","corridor":0.1,"caps":40,"timer":0,"geyser":false,"clogged":false,"echo":0,"plane":false,"seesaw":false,"version":1,"max_entities":null,"max_trasures":null,"max_gates":null},"entities":[{"name":"BlueChappy","count":1,"weight":0,"dead_end":false,"group":5,"treasure":null,"fall":""},{"name":"BlueChappy","count":1,"weight":0,"dead_end":false,"group":5,"treasure":null,"fall":""},{"name":"BlueChappy","count":1,"weight":0,"dead_end":false,"group":5,"treasure":null,"fall":""},{"name":"BlueChappy","count":1,"weight":0,"dead_end":false,"group":5,"treasure":null,"fall":""},{"name":"BlueChappy","count":1,"weight":0,"dead_end":false,"group":5,"treasure":"kan_kyokuyo","fall":""},{"name":"Fuefuki","count":1,"weight":0,"dead_end":false,"group":1,"treasure":"suit_fire","fall":""},{"name":"Fkabuto","count":1,"weight":0,"dead_end":false,"group":1,"treasure":null,"fall":""},{"name":"Fkabuto","count":1,"weight":0,"dead_end":false,"group":1,"treasure":null,"fall":""},{"name":"Fkabuto","count":1,"weight":0,"dead_end":false,"group":1,"treasure":null,"fall":""},{"name":"Fkabuto","count":1,"weight":0,"dead_end":false,"group":0,"treasure":null,"fall":""},{"name":"RandPom","count":4,"weight":0,"dead_end":false,"group":0,"treasure":null,"fall":""},{"name":"BlackPom","count":1,"weight":0,"dead_end":true,"group":0,"treasure":null,"fall":""},{"name":"BlackPom","count":1,"weight":0,"dead_end":true,"group":0,"treasure":null,"fall":""},{"name":"WhitePom","count":1,"weight":0,"dead_end":true,"group":0,"treasure":null,"fall":""},{"name":"WhitePom","count":1,"weight":0,"dead_end":true,"group":0,"treasure":null,"fall":""},{"name":"BluePom","count":1,"weight":0,"dead_end":true,"group":0,"treasure":null,"fall":""},{"name":"BluePom","count":1,"weight":0,"dead_end":true,"group":0,"treasure":null,"fall":""},{"name":"YellowPom","count":1,"weight":0,"dead_end":true,"group":0,"treasure":null,"fall":""},{"name":"YellowPom","count":1,"weight":0,"dead_end":true,"group":0,"treasure":null,"fall":""},{"name":"RedPom","count":1,"weight":0,"dead_end":true,"group":0,"treasure":null,"fall":""},{"name":"RedPom","count":1,"weight":0,"dead_end":true,"group":0,"treasure":null,"fall":""},{"name":"Egg","count":1,"weight":0,"dead_end":false,"group":1,"treasure":null,"fall":"$"},{"name":"Egg","count":1,"weight":0,"dead_end":false,"group":0,"treasure":null,"fall":"$"},{"name":"Egg","count":1,"weight":0,"dead_end":false,"group":0,"treasure":null,"fall":"$"},{"name":"Egg","count":1,"weight":0,"dead_end":false,"group":0,"treasure":null,"fall":"$"}],"treasures":[{"name":"radar_a","count":1,"weight":0},{"name":"diamond_blue","count":1,"weight":0},{"name":"robot_head","count":1,"weight":0},{"name":"ichigo","count":1,"weight":0},{"name":"dia_a_green","count":1,"weight":0},{"name":"g_futa_titiyas","count":1,"weight":0},{"name":"key","count":1,"weight":0}],"gates":[]},{"name":"Sublevel 8 - 8","properties":{"unit":"all_units.txt","max_rooms":5,"light":"normal_light_lv0.ini","music":"cavemetal_05_3.cnd","skybox":"none","corridor":0.1,"caps":45,"timer":88,"geyser":false,"clogged":false,"echo":0,"plane":false,"seesaw":false,"version":1,"max_entities":null,"max_trasures":null,"max_gates":null},"entities":[{"name":"Hanachirashi","count":1,"weight":0,"dead_end":false,"group":0,"treasure":"cookie","fall":""},{"name":"Hanachirashi","count":1,"weight":0,"dead_end":false,"group":0,"treasure":"fue_a","fall":""},{"name":"BlackMan","count":1,"weight":0,"dead_end":true,"group":0,"treasure":null,"fall":""},{"name":"Hanachirashi","count":1,"weight":0,"dead_end":false,"group":0,"treasure":"key","fall":""},{"name":"Hanachirashi","count":1,"weight":0,"dead_end":false,"group":0,"treasure":null,"fall":""},{"name":"PanModoki","count":10,"weight":0,"dead_end":false,"group":0,"treasure":null,"fall":""},{"name":"LeafChappy","count":1,"weight":0,"dead_end":false,"group":0,"treasure":null,"fall":""},{"name":"LeafChappy","count":1,"weight":0,"dead_end":false,"group":1,"treasure":null,"fall":""}],"treasures":[{"name":"g_futa_kitaama","count":1,"weight":0},{"name":"ahiru","count":1,"weight":0},{"name":"nut","count":1,"weight":0},{"name":"be_dama_yellow_l","count":1,"weight":0},{"name":"fue_b","count":1,"weight":0},{"name":"toy_ring_b_blue","count":1,"weight":0}],"gates":[]},{"name":"Sublevel 9 - 9","properties":{"unit":"2_units_ike2_ike3_snow.txt","max_rooms":2,"light":"suityu_light_lv1.ini","music":"caverelax.cnd","skybox":"none","corridor":0.145,"caps":35,"timer":0,"geyser":false,"clogged":false,"echo":0,"plane":false,"seesaw":false,"version":1,"max_entities":null,"max_trasures":null,"max_gates":null},"entities":[{"name":"Hana","count":1,"weight":0,"dead_end":false,"group":0,"treasure":null,"fall":""},{"name":"MiniHoudai","count":1,"weight":0,"dead_end":false,"group":0,"treasure":null,"fall":""},{"name":"YellowChappy","count":1,"weight":0,"dead_end":false,"group":0,"treasure":"loozy","fall":""},{"name":"Wealthy","count":1,"weight":0,"dead_end":false,"group":0,"treasure":"toy_ring_c_blue","fall":""},{"name":"Kogane","count":1,"weight":0,"dead_end":false,"group":0,"treasure":null,"fall":""},{"name":"Fart","count":1,"weight":0,"dead_end":false,"group":0,"treasure":null,"fall":""},{"name":"Frog","count":1,"weight":0,"dead_end":false,"group":0,"treasure":"kumakibori","fall":""},{"name":"GasOtakara","count":1,"weight":0,"dead_end":false,"group":1,"treasure":"diamond_red_l","fall":""},{"name":"UjiA","count":1,"weight":0,"dead_end":false,"group":1,"treasure":null,"fall":""},{"name":"Miulin","count":1,"weight":0,"dead_end":false,"group":1,"treasure":null,"fall":""},{"name":"Wtank","count":1,"weight":0,"dead_end":false,"group":1,"treasure":"teala_dia_a","fall":""},{"name":"Mar","count":1,"weight":0,"dead_end":false,"group":1,"treasure":null,"fall":""},{"name":"Tank","count":1,"weight":0,"dead_end":false,"group":1,"treasure":null,"fall":""},{"name":"Baby","count":1,"weight":0,"dead_end":false,"group":1,"treasure":null,"fall":""},{"name":"BombSarai","count":1,"weight":0,"dead_end":false,"group":1,"treasure":"denchi_2_black","fall":""},{"name":"Tobi","count":1,"weight":0,"dead_end":false,"group":0,"treasure":"akagai","fall":""},{"name":"FireOtakara","count":1,"weight":0,"dead_end":false,"group":0,"treasure":null,"fall":""},{"name":"WaterOtakara","count":1,"weight":0,"dead_end":false,"group":0,"treasure":null,"fall":""},{"name":"Armor","count":1,"weight":0,"dead_end":false,"group":0,"treasure":null,"fall":""},{"name":"UjiA","count":1,"weight":0,"dead_end":false,"group":1,"treasure":null,"fall":""}],"treasures":[{"name":"kinoko","count":1,"weight":0},{"name":"key","count":1,"weight":0}],"gates":[]},{"name":"Sublevel 10 - 10","properties":{"unit":"2_units_Oashi_s_yuko_conc.txt","max_rooms":5,"light":"normal_light_lv4.ini","music":"cavesoil_05_1.cnd","skybox":"none","corridor":0.21,"caps":38,"timer":0,"geyser":false,"clogged":false,"echo":0,"plane":false,"seesaw":false,"version":1,"max_entities":null,"max_trasures":null,"max_gates":null},"entities":[{"name":"PanModoki","count":5,"weight":0,"dead_end":false,"group":5,"treasure":null,"fall":""},{"name":"Fart","count":1,"weight":0,"dead_end":false,"group":5,"treasure":"key","fall":""},{"name":"MiniHoudai","count":1,"weight":0,"dead_end":false,"group":1,"treasure":"donutsichigo_s","fall":""},{"name":"MiniHoudai","count":1,"weight":0,"dead_end":false,"group":1,"treasure":"gum_tape","fall":""},{"name":"BombSarai","count":4,"weight":0,"dead_end":false,"group":1,"treasure":null,"fall":""},{"name":"BombSarai","count":4,"weight":0,"dead_end":false,"group":0,"treasure":null,"fall":""}],"treasures":[{"name":"toy_ring_b_green","count":1,"weight":0},{"name":"ahiru_head","count":1,"weight":0},{"name":"leaf_normal","count":1,"weight":0},{"name":"kan_b_silver","count":1,"weight":0},{"name":"donutswhite_s","count":1,"weight":0},{"name":"chocoichigo","count":1,"weight":0}],"gates":[]},{"name":"Sublevel 11 - 11","properties":{"unit":"3_ABE_5X5a_ike_big_kusachi.txt","max_rooms":7,"light":"normal_light_lv2.ini","music":"caveglass_10_0.cnd","skybox":"none","corridor":0.09,"caps":37,"timer":0,"geyser":false,"clogged":false,"echo":0,"plane":true,"seesaw":false,"version":1,"max_entities":null,"max_trasures":null,"max_gates":null},"entities":[{"name":"ElecHiba","count":5,"weight":0,"dead_end":false,"group":5,"treasure":null,"fall":""},{"name":"Hiba","count":5,"weight":0,"dead_end":false,"group":5,"treasure":null,"fall":""},{"name":"Bomb","count":5,"weight":0,"dead_end":false,"group":5,"treasure":null,"fall":""},{"name":"HikariKinoko","count":50,"weight":0,"dead_end":false,"group":6,"treasure":null,"fall":""},{"name":"Watage","count":50,"weight":0,"dead_end":false,"group":6,"treasure":null,"fall":""},{"name":"Clover","count":50,"weight":0,"dead_end":false,"group":6,"treasure":null,"fall":""},{"name":"Nekojarashi","count":50,"weight":0,"dead_end":false,"group":6,"treasure":null,"fall":""},{"name":"Chappy","count":1,"weight":0,"dead_end":false,"group":0,"treasure":null,"fall":""},{"name":"Chappy","count":1,"weight":0,"dead_end":false,"group":1,"treasure":null,"fall":""},{"name":"LeafChappy","count":1,"weight":0,"dead_end":false,"group":1,"treasure":null,"fall":""},{"name":"LeafChappy","count":1,"weight":0,"dead_end":false,"group":0,"treasure":null,"fall":""},{"name":"LeafChappy","count":1,"weight":0,"dead_end":false,"group":1,"treasure":null,"fall":""},{"name":"LeafChappy","count":1,"weight":0,"dead_end":false,"group":0,"treasure":null,"fall":""},{"name":"RandPom","count":1,"weight":0,"dead_end":false,"group":0,"treasure":null,"fall":""},{"name":"RandPom","count":1,"weight":0,"dead_end":false,"group":1,"treasure":null,"fall":""},{"name":"RandPom","count":1,"weight":0,"dead_end":true,"group":0,"treasure":null,"fall":""},{"name":"RandPom","count":1,"weight":0,"dead_end":true,"group":0,"treasure":null,"fall":""},{"name":"BluePom","count":1,"weight":0,"dead_end":true,"group":0,"treasure":null,"fall":""},{"name":"Catfish","count":1,"weight":0,"dead_end":false,"group":1,"treasure":"key","fall":""},{"name":"Catfish","count":2,"weight":0,"dead_end":false,"group":1,"treasure":null,"fall":""}],"treasures":[{"name":"gum_tape_s","count":1,"weight":0},{"name":"j_block_yellow","count":1,"weight":0},{"name":"kuri","count":1,"weight":0},{"name":"chess_queen_black","count":1,"weight":0},{"name":"g_futa_sakotani","count":1,"weight":0},{"name":"juji_key_fc","count":1,"weight":0},{"name":"hotate","count":1,"weight":0},{"name":"g_futa_kyusyu","count":1,"weight":0}],"gates":[]},{"name":"Sublevel 12 - 12","properties":{"unit":"all_units_toy.txt","max_rooms":4,"light":"toy_light_lv4.ini","music":"new_07_0.cnd","skybox":"flooring","corridor":0.13,"caps":50,"timer":78,"geyser":false,"clogged":false,"echo":0,"plane":true,"seesaw":false,"version":1,"max_entities":null,"max_trasures":null,"max_gates":null},"entities":[{"name":"LeafChappy","count":5,"weight":0,"dead_end":false,"group":0,"treasure":null,"fall":""},{"name":"LeafChappy","count":1,"weight":0,"dead_end":false,"group":1,"treasure":"dia_a_red","fall":""},{"name":"Hanachirashi","count":1,"weight":0,"dead_end":false,"group":0,"treasure":null,"fall":""},{"name":"Hanachirashi","count":1,"weight":0,"dead_end":false,"group":1,"treasure":null,"fall":""},{"name":"Hanachirashi","count":1,"weight":0,"dead_end":false,"group":0,"treasure":null,"fall":""},{"name":"Hanachirashi","count":1,"weight":0,"dead_end":false,"group":1,"treasure":null,"fall":""},{"name":"BlackMan","count":1,"weight":0,"dead_end":true,"group":0,"treasure":null,"fall":""},{"name":"Hanachirashi","count":1,"weight":0,"dead_end":false,"group":1,"treasure":"key","fall":""}],"treasures":[{"name":"kan_b_gold","count":1,"weight":0},{"name":"flower_blue","count":1,"weight":0},{"name":"toy_dog","count":1,"weight":0},{"name":"g_futa_kyosin","count":1,"weight":0},{"name":"nut_l","count":1,"weight":0},{"name":"cookie_m_l","count":1,"weight":0},{"name":"denchi_1_black","count":1,"weight":0}],"gates":[]},{"name":"Sublevel 13 - 13","properties":{"unit":"E3_units_metal.txt","max_rooms":4,"light":"suityu_light_lv2.ini","music":"cavemetal_05_4.cnd","skybox":"none","corridor":0.09,"caps":25,"timer":0,"geyser":true,"clogged":false,"echo":0,"plane":false,"seesaw":false,"version":1,"max_entities":null,"max_trasures":null,"max_gates":null},"entities":[{"name":"RandPom","count":1,"weight":0,"dead_end":true,"group":0,"treasure":null,"fall":""},{"name":"RandPom","count":1,"weight":0,"dead_end":true,"group":0,"treasure":null,"fall":""},{"name":"RandPom","count":1,"weight":0,"dead_end":true,"group":0,"treasure":null,"fall":""},{"name":"RandPom","count":1,"weight":0,"dead_end":true,"group":0,"treasure":null,"fall":""},{"name":"BlackPom","count":1,"weight":0,"dead_end":true,"group":0,"treasure":null,"fall":""},{"name":"BlackPom","count":1,"weight":0,"dead_end":true,"group":0,"treasure":null,"fall":""},{"name":"UjiB","count":7,"weight":0,"dead_end":false,"group":0,"treasure":null,"fall":""},{"name":"UjiB","count":7,"weight":0,"dead_end":false,"group":1,"treasure":null,"fall":""},{"name":"Baby","count":12,"weight":0,"dead_end":false,"group":1,"treasure":null,"fall":""},{"name":"Baby","count":12,"weight":0,"dead_end":false,"group":0,"treasure":null,"fall":""},{"name":"Demon","count":1,"weight":0,"dead_end":false,"group":0,"treasure":"bell_red","fall":""},{"name":"Demon","count":1,"weight":0,"dead_end":false,"group":0,"treasure":"chocolate_l","fall":""},{"name":"Sarai","count":1,"weight":0,"dead_end":false,"group":1,"treasure":"dia_a_blue","fall":""},{"name":"Sarai","count":1,"weight":0,"dead_end":false,"group":1,"treasure":"haniwa","fall":""}],"treasures":[{"name":"yoyo_blue","count":1,"weight":0},{"name":"dia_b_blue","count":1,"weight":0},{"name":"sinkukan","count":1,"weight":0},{"name":"kouseki_suisyou","count":1,"weight":0},{"name":"key","count":1,"weight":0}],"gates":[]},{"name":"Sublevel 14 - 14","properties":{"unit":"4_MAT_nor4_hit4_ike2_blk1_tsuchi.txt","max_rooms":5,"light":"normal_light_lv0.ini","music":"cavesoil_05_1.cnd","skybox":"none","corridor":0.1,"caps":41,"timer":0,"geyser":false,"clogged":false,"echo":0,"plane":true,"seesaw":false,"version":1,"max_entities":null,"max_trasures":null,"max_gates":null},"entities":[{"name":"YellowChappy","count":1,"weight":0,"dead_end":false,"group":1,"treasure":null,"fall":""},{"name":"YellowKochappy","count":4,"weight":0,"dead_end":false,"group":1,"treasure":null,"fall":""},{"name":"YellowKochappy","count":1,"weight":0,"dead_end":false,"group":1,"treasure":"toy_teala","fall":""},{"name":"FireChappy","count":1,"weight":0,"dead_end":false,"group":1,"treasure":"cookie_s_l","fall":"$2"},{"name":"Hana","count":2,"weight":0,"dead_end":false,"group":0,"treasure":null,"fall":""},{"name":"Hana","count":1,"weight":0,"dead_end":false,"group":1,"treasure":null,"fall":""},{"name":"Hana","count":1,"weight":0,"dead_end":false,"group":1,"treasure":"key","fall":""}],"treasures":[{"name":"cookie_u","count":1,"weight":0},{"name":"g_futa_daisen","count":1,"weight":0},{"name":"kinoko_tubu","count":1,"weight":0},{"name":"compact_make","count":1,"weight":0},{"name":"toy_gentle","count":1,"weight":0},{"name":"gear","count":1,"weight":0}],"gates":[]},{"name":"Sublevel 15 - 15","properties":{"unit":"all_units_water-ike4.txt","max_rooms":5,"light":"normal_light_lv0.ini","music":"caveconc_00_0.cnd","skybox":"none","corridor":0.085,"caps":50,"timer":0,"geyser":false,"clogged":false,"echo":0,"plane":false,"seesaw":false,"version":1,"max_entities":null,"max_trasures":null,"max_gates":null},"entities":[{"name":"Chappy","count":2,"weight":0,"dead_end":false,"group":0,"treasure":null,"fall":""},{"name":"WaterOtakara","count":10,"weight":0,"dead_end":false,"group":0,"treasure":null,"fall":""},{"name":"WaterOtakara","count":10,"weight":0,"dead_end":false,"group":1,"treasure":null,"fall":""},{"name":"Catfish","count":3,"weight":0,"dead_end":false,"group":1,"treasure":null,"fall":""},{"name":"UmiMushiBlind","count":1,"weight":0,"dead_end":false,"group":0,"treasure":null,"fall":""},{"name":"YellowChappy","count":1,"weight":0,"dead_end":false,"group":0,"treasure":null,"fall":""},{"name":"Magaret","count":1,"weight":0,"dead_end":false,"group":0,"treasure":null,"fall":""},{"name":"Frog","count":2,"weight":0,"dead_end":false,"group":1,"treasure":null,"fall":""},{"name":"Chappy","count":1,"weight":0,"dead_end":false,"group":0,"treasure":"apple","fall":""},{"name":"Chappy","count":1,"weight":0,"dead_end":false,"group":0,"treasure":null,"fall":""},{"name":"Kogane","count":1,"weight":0,"dead_end":false,"group":1,"treasure":"g_futa_hiruzen","fall":""},{"name":"Kogane","count":9,"weight":0,"dead_end":false,"group":1,"treasure":null,"fall":""},{"name":"Kogane","count":3,"weight":0,"dead_end":false,"group":1,"treasure":"g_futa_hiruzen","fall":""},{"name":"UjiA","count":1,"weight":0,"dead_end":false,"group":5,"treasure":"key","fall":""}],"treasures":[{"name":"tape_yellow","count":1,"weight":0},{"name":"denchi_3_red","count":1,"weight":0},{"name":"momiji_kare","count":1,"weight":0},{"name":"bird_hane","count":1,"weight":0},{"name":"kan_imuraya","count":1,"weight":0},{"name":"donutschoco","count":1,"weight":0}],"gates":[]},{"name":"Sublevel 16 - 16","properties":{"unit":"7_ABE_b_c_f_g_i_l_pypn_conc.txt","max_rooms":5,"light":"sirohana_light_lv1.ini","music":"caveconc_05_0.cnd","skybox":"none","corridor":0.1,"caps":50,"timer":80,"geyser":false,"clogged":false,"echo":0,"plane":false,"seesaw":false,"version":1,"max_entities":null,"max_trasures":null,"max_gates":null},"entities":[{"name":"PanModoki","count":2,"weight":0,"dead_end":false,"group":1,"treasure":null,"fall":""},{"name":"PanModoki","count":2,"weight":0,"dead_end":false,"group":0,"treasure":null,"fall":""},{"name":"Nekojarashi","count":30,"weight":0,"dead_end":false,"group":6,"treasure":null,"fall":""},{"name":"Nekojarashi","count":30,"weight":0,"dead_end":false,"group":6,"treasure":null,"fall":""},{"name":"GasHiba","count":1,"weight":0,"dead_end":false,"group":5,"treasure":null,"fall":""},{"name":"GasHiba","count":1,"weight":0,"dead_end":false,"group":5,"treasure":null,"fall":""},{"name":"GasHiba","count":1,"weight":0,"dead_end":false,"group":5,"treasure":null,"fall":""},{"name":"GasHiba","count":1,"weight":0,"dead_end":false,"group":5,"treasure":null,"fall":""},{"name":"BlackMan","count":1,"weight":0,"dead_end":false,"group":1,"treasure":null,"fall":""},{"name":"BlackMan","count":1,"weight":0,"dead_end":false,"group":0,"treasure":null,"fall":""},{"name":"ElecBug","count":1,"weight":0,"dead_end":false,"group":0,"treasure":"key","fall":""}],"treasures":[{"name":"toy_ring_b_red","count":1,"weight":0},{"name":"water","count":1,"weight":0},{"name":"locket","count":1,"weight":0},{"name":"light_a","count":1,"weight":0},{"name":"chess_king_white","count":1,"weight":0},{"name":"denchi_3_black","count":1,"weight":0},{"name":"chocolate","count":1,"weight":0},{"name":"toy_ring_c_green","count":1,"weight":0}],"gates":[{"word":"gate","health":1000,"weight":1},{"word":"gate","health":1000,"weight":1},{"word":"gate","health":1000,"weight":1},{"word":"gate","health":1000,"weight":1},{"word":"gate","health":1000,"weight":1}]},{"name":"Sublevel 17 - 17","properties":{"unit":"all_units_renga.txt","max_rooms":4,"light":"vs_10_light.ini","music":"new_08_1.cnd","skybox":"none","corridor":0.17,"caps":50,"timer":0,"geyser":false,"clogged":false,"echo":0,"plane":false,"seesaw":false,"version":1,"max_entities":null,"max_trasures":null,"max_gates":null},"entities":[{"name":"BlackPom","count":1,"weight":0,"dead_end":false,"group":5,"treasure":null,"fall":""},{"name":"BlackPom","count":1,"weight":0,"dead_end":false,"group":5,"treasure":null,"fall":""},{"name":"BlackPom","count":1,"weight":0,"dead_end":false,"group":5,"treasure":null,"fall":""},{"name":"RandPom","count":1,"weight":0,"dead_end":false,"group":5,"treasure":null,"fall":""},{"name":"RandPom","count":1,"weight":0,"dead_end":false,"group":5,"treasure":null,"fall":""},{"name":"Egg","count":1,"weight":0,"dead_end":true,"group":0,"treasure":null,"fall":"$"},{"name":"Egg","count":1,"weight":0,"dead_end":true,"group":0,"treasure":null,"fall":"$"},{"name":"Egg","count":1,"weight":0,"dead_end":true,"group":0,"treasure":null,"fall":"$"},{"name":"OniKurage","count":1,"weight":0,"dead_end":false,"group":0,"treasure":null,"fall":"$"},{"name":"OniKurage","count":1,"weight":0,"dead_end":false,"group":0,"treasure":null,"fall":"$"},{"name":"OniKurage","count":1,"weight":0,"dead_end":false,"group":0,"treasure":null,"fall":"$"},{"name":"OniKurage","count":1,"weight":0,"dead_end":false,"group":1,"treasure":null,"fall":"$"},{"name":"Mar","count":1,"weight":0,"dead_end":false,"group":1,"treasure":null,"fall":"$"},{"name":"Mar","count":1,"weight":0,"dead_end":false,"group":1,"treasure":null,"fall":"$"},{"name":"Mar","count":1,"weight":0,"dead_end":false,"group":1,"treasure":null,"fall":"$"},{"name":"Mar","count":1,"weight":0,"dead_end":false,"group":0,"treasure":null,"fall":"$"},{"name":"Rkabuto","count":1,"weight":0,"dead_end":false,"group":0,"treasure":"j_block_red","fall":""},{"name":"Rkabuto","count":1,"weight":0,"dead_end":false,"group":1,"treasure":"j_block_blue","fall":""},{"name":"Wealthy","count":1,"weight":0,"dead_end":true,"group":0,"treasure":"teala_dia_b","fall":""}],"treasures":[{"name":"bane_red","count":1,"weight":0},{"name":"g_futa_kyodo","count":1,"weight":0},{"name":"chess_queen_white","count":1,"weight":0},{"name":"futa_a_silver","count":1,"weight":0},{"name":"milk_cap","count":1,"weight":0},{"name":"key","count":1,"weight":0}],"gates":[]},{"name":"Sublevel 18 - 18","properties":{"unit":"4_units_f_g_i_spiral_conc.txt","max_rooms":4,"light":"suityu_light_lv3.ini","music":"cavemetal_10_4.cnd","skybox":"none","corridor":0.1,"caps":45,"timer":0,"geyser":false,"clogged":false,"echo":0,"plane":false,"seesaw":false,"version":1,"max_entities":null,"max_trasures":null,"max_gates":null},"entities":[{"name":"FminiHoudai","count":1,"weight":0,"dead_end":true,"group":0,"treasure":"donutswhite","fall":"$"},{"name":"FminiHoudai","count":1,"weight":0,"dead_end":true,"group":0,"treasure":"g_futa_hirosima","fall":"$"},{"name":"FminiHoudai","count":1,"weight":0,"dead_end":true,"group":0,"treasure":null,"fall":"$"},{"name":"FminiHoudai","count":1,"weight":0,"dead_end":true,"group":0,"treasure":null,"fall":"$"},{"name":"BombOtakara","count":1,"weight":0,"dead_end":false,"group":0,"treasure":null,"fall":"$4"},{"name":"BombOtakara","count":1,"weight":0,"dead_end":false,"group":0,"treasure":null,"fall":"$4"},{"name":"BombOtakara","count":1,"weight":0,"dead_end":false,"group":0,"treasure":null,"fall":"$4"},{"name":"BombOtakara","count":1,"weight":0,"dead_end":false,"group":0,"treasure":null,"fall":"$4"},{"name":"BombOtakara","count":1,"weight":0,"dead_end":false,"group":0,"treasure":null,"fall":"$4"},{"name":"BombOtakara","count":1,"weight":0,"dead_end":false,"group":0,"treasure":null,"fall":"$4"},{"name":"BombOtakara","count":1,"weight":0,"dead_end":false,"group":0,"treasure":null,"fall":"$4"},{"name":"BombOtakara","count":1,"weight":0,"dead_end":false,"group":0,"treasure":null,"fall":"$4"},{"name":"BombOtakara","count":1,"weight":0,"dead_end":false,"group":0,"treasure":null,"fall":"$4"},{"name":"BombOtakara","count":1,"weight":0,"dead_end":false,"group":0,"treasure":null,"fall":"$4"},{"name":"BombOtakara","count":1,"weight":0,"dead_end":false,"group":1,"treasure":null,"fall":"$4"},{"name":"BombOtakara","count":1,"weight":0,"dead_end":false,"group":1,"treasure":null,"fall":"$4"},{"name":"BombOtakara","count":1,"weight":0,"dead_end":false,"group":1,"treasure":null,"fall":"$4"},{"name":"BombOtakara","count":1,"weight":0,"dead_end":false,"group":1,"treasure":null,"fall":"$4"},{"name":"BombOtakara","count":1,"weight":0,"dead_end":false,"group":1,"treasure":null,"fall":"$4"},{"name":"BombOtakara","count":1,"weight":0,"dead_end":false,"group":1,"treasure":null,"fall":"$4"},{"name":"BombOtakara","count":1,"weight":0,"dead_end":false,"group":1,"treasure":null,"fall":"$4"},{"name":"BombOtakara","count":1,"weight":0,"dead_end":false,"group":1,"treasure":null,"fall":"$4"},{"name":"BombOtakara","count":1,"weight":0,"dead_end":false,"group":1,"treasure":null,"fall":"$4"},{"name":"BombOtakara","count":1,"weight":0,"dead_end":false,"group":1,"treasure":null,"fall":"$4"},{"name":"BombOtakara","count":1,"weight":0,"dead_end":false,"group":1,"treasure":null,"fall":"$4"},{"name":"BombOtakara","count":1,"weight":0,"dead_end":false,"group":5,"treasure":null,"fall":""},{"name":"BombOtakara","count":1,"weight":0,"dead_end":false,"group":5,"treasure":null,"fall":""},{"name":"BombOtakara","count":1,"weight":0,"dead_end":false,"group":5,"treasure":null,"fall":""},{"name":"BombOtakara","count":1,"weight":0,"dead_end":false,"group":5,"treasure":null,"fall":""},{"name":"BombOtakara","count":1,"weight":0,"dead_end":false,"group":5,"treasure":null,"fall":""},{"name":"BombOtakara","count":1,"weight":0,"dead_end":false,"group":5,"treasure":null,"fall":""},{"name":"BombOtakara","count":1,"weight":0,"dead_end":false,"group":5,"treasure":null,"fall":""},{"name":"FireOtakara","count":1,"weight":0,"dead_end":false,"group":0,"treasure":"key","fall":""},{"name":"ElecOtakara","count":1,"weight":0,"dead_end":false,"group":0,"treasure":null,"fall":""},{"name":"WaterOtakara","count":1,"weight":0,"dead_end":false,"group":0,"treasure":null,"fall":""},{"name":"GasOtakara","count":1,"weight":0,"dead_end":false,"group":0,"treasure":null,"fall":""}],"treasures":[{"name":"dia_c_blue","count":1,"weight":0},{"name":"whistle","count":1,"weight":0},{"name":"juji_key","count":1,"weight":0},{"name":"wadou_kaichin","count":1,"weight":0},{"name":"donutsichigo","count":1,"weight":0},{"name":"g_futa_kajiwara","count":1,"weight":0}],"gates":[]},{"name":"Sublevel 19 - 19","properties":{"unit":"2_units_mid1_nor22_metal.txt","max_rooms":6,"light":"qchap_light.ini","music":"cavemetal_05_3.cnd","skybox":"none","corridor":0.07,"caps":30,"timer":0,"geyser":false,"clogged":false,"echo":0,"plane":false,"seesaw":false,"version":1,"max_entities":null,"max_trasures":null,"max_gates":null},"entities":[{"name":"BlueKochappy","count":15,"weight":0,"dead_end":false,"group":0,"treasure":null,"fall":""},{"name":"BlueKochappy","count":15,"weight":0,"dead_end":false,"group":1,"treasure":null,"fall":""},{"name":"FireChappy","count":1,"weight":0,"dead_end":false,"group":1,"treasure":null,"fall":""},{"name":"FireChappy","count":1,"weight":0,"dead_end":false,"group":0,"treasure":null,"fall":""},{"name":"FireChappy","count":1,"weight":0,"dead_end":false,"group":5,"treasure":null,"fall":""},{"name":"FireChappy","count":1,"weight":0,"dead_end":false,"group":1,"treasure":"key","fall":""}],"treasures":[{"name":"gas","count":1,"weight":0},{"name":"tape_blue","count":1,"weight":0},{"name":"toy_ring_c_red","count":1,"weight":0},{"name":"tape_red","count":1,"weight":0},{"name":"gear_silver","count":1,"weight":0},{"name":"bey_goma","count":1,"weight":0},{"name":"j_block_white","count":1,"weight":0}],"gates":[]},{"name":"Sublevel 20 - 20","properties":{"unit":"3_ABE_mid2_hit3_hit5_metal.txt","max_rooms":4,"light":"sirohana_light_lv2.ini","music":"cavesoil_00_4.cnd","skybox":"none","corridor":0.09,"caps":30,"timer":0,"geyser":false,"clogged":false,"echo":0,"plane":false,"seesaw":false,"version":1,"max_entities":null,"max_trasures":null,"max_gates":null},"entities":[{"name":"Kochappy","count":7,"weight":0,"dead_end":false,"group":0,"treasure":null,"fall":""},{"name":"Kochappy","count":7,"weight":0,"dead_end":false,"group":1,"treasure":null,"fall":""},{"name":"Rkabuto","count":1,"weight":0,"dead_end":false,"group":1,"treasure":"fue_wide","fall":""},{"name":"UjiB","count":1,"weight":0,"dead_end":false,"group":0,"treasure":null,"fall":""},{"name":"UjiB","count":1,"weight":0,"dead_end":false,"group":0,"treasure":null,"fall":""},{"name":"UjiB","count":1,"weight":0,"dead_end":false,"group":0,"treasure":"momiji_normal","fall":""},{"name":"UmiMushi","count":1,"weight":0,"dead_end":false,"group":1,"treasure":"momiji_red","fall":"$"}],"treasures":[{"name":"Xmas_item","count":1,"weight":0},{"name":"compact","count":1,"weight":0},{"name":"dia_c_green","count":1,"weight":0},{"name":"key","count":1,"weight":0},{"name":"sensya","count":1,"weight":0},{"name":"tatebue","count":1,"weight":0}],"gates":[]},{"name":"Sublevel 21 - 21","properties":{"unit":"1_MIYA_manh2_conc.txt","max_rooms":5,"light":"sirohana_light_lv0.ini","music":"cavemetal_05_0.cnd","skybox":"none","corridor":0.37,"caps":40,"timer":0,"geyser":false,"clogged":false,"echo":0,"plane":false,"seesaw":true,"version":1,"max_entities":null,"max_trasures":null,"max_gates":null},"entities":[{"name":"PanModoki","count":1,"weight":0,"dead_end":false,"group":5,"treasure":null,"fall":""},{"name":"PanModoki","count":1,"weight":0,"dead_end":false,"group":5,"treasure":null,"fall":""},{"name":"PanModoki","count":1,"weight":0,"dead_end":false,"group":5,"treasure":null,"fall":""},{"name":"PanModoki","count":1,"weight":0,"dead_end":false,"group":5,"treasure":null,"fall":""},{"name":"Jigumo","count":1,"weight":0,"dead_end":false,"group":1,"treasure":"bell_yellow","fall":""},{"name":"Jigumo","count":1,"weight":0,"dead_end":false,"group":0,"treasure":"dia_b_green","fall":""},{"name":"Sarai","count":1,"weight":0,"dead_end":false,"group":1,"treasure":"key","fall":""},{"name":"Jigumo","count":2,"weight":0,"dead_end":false,"group":1,"treasure":null,"fall":""},{"name":"GasHiba","count":1,"weight":0,"dead_end":false,"group":0,"treasure":null,"fall":""},{"name":"GasHiba","count":1,"weight":0,"dead_end":false,"group":0,"treasure":null,"fall":""},{"name":"GasHiba","count":1,"weight":0,"dead_end":false,"group":0,"treasure":null,"fall":""},{"name":"GasHiba","count":1,"weight":0,"dead_end":false,"group":1,"treasure":null,"fall":""},{"name":"GasHiba","count":1,"weight":0,"dead_end":false,"group":1,"treasure":null,"fall":""},{"name":"GasHiba","count":1,"weight":0,"dead_end":false,"group":1,"treasure":null,"fall":""},{"name":"Egg","count":4,"weight":0,"dead_end":false,"group":1,"treasure":null,"fall":"$"},{"name":"Miulin","count":1,"weight":0,"dead_end":false,"group":0,"treasure":"elec","fall":""},{"name":"Miulin","count":1,"weight":0,"dead_end":false,"group":1,"treasure":null,"fall":""}],"treasures":[{"name":"kan","count":1,"weight":0},{"name":"diamond_green_l","count":1,"weight":0},{"name":"futa_a_gold","count":1,"weight":0},{"name":"cookie_u_l","count":1,"weight":0},{"name":"bolt_l","count":1,"weight":0}],"gates":[]},{"name":"Sublevel 22 - 22","properties":{"unit":"2_units_mid2_north_metal.txt","max_rooms":4,"light":"normal_light_lv4.ini","music":"cavetile_00_0.cnd","skybox":"none","corridor":0.245,"caps":45,"timer":50,"geyser":false,"clogged":true,"echo":0,"plane":false,"seesaw":false,"version":1,"max_entities":null,"max_trasures":null,"max_gates":null},"entities":[{"name":"Houdai","count":1,"weight":0,"dead_end":false,"group":0,"treasure":"halloween","fall":""},{"name":"MiniHoudai","count":1,"weight":0,"dead_end":false,"group":1,"treasure":"dia_b_red","fall":"$"},{"name":"ElecBug","count":4,"weight":0,"dead_end":false,"group":1,"treasure":null,"fall":""},{"name":"ElecBug","count":4,"weight":0,"dead_end":false,"group":0,"treasure":null,"fall":""},{"name":"ElecBug","count":4,"weight":0,"dead_end":false,"group":0,"treasure":null,"fall":""},{"name":"Armor","count":2,"weight":0,"dead_end":false,"group":0,"treasure":null,"fall":""},{"name":"Armor","count":2,"weight":0,"dead_end":false,"group":1,"treasure":null,"fall":""},{"name":"Armor","count":1,"weight":0,"dead_end":false,"group":1,"treasure":"cookie_s","fall":""},{"name":"Armor","count":1,"weight":0,"dead_end":false,"group":0,"treasure":"chess_king_black","fall":""},{"name":"BlackMan","count":1,"weight":0,"dead_end":true,"group":0,"treasure":"fue_pullout","fall":"$"},{"name":"Kochappy","count":7,"weight":0,"dead_end":true,"group":0,"treasure":null,"fall":""},{"name":"Kochappy","count":1,"weight":0,"dead_end":true,"group":0,"treasure":"denchi_2_red","fall":"$3"}],"treasures":[{"name":"g_futa_nihonraku","count":1,"weight":0},{"name":"leaf_kare","count":1,"weight":0},{"name":"key","count":1,"weight":0}],"gates":[]},{"name":"Sublevel 23 - 23","properties":{"unit":"1_MAT_tower2_toy.txt","max_rooms":4,"light":"sniper_light_lv0.ini","music":"caveconc_10_1.cnd","skybox":"none","corridor":0.17,"caps":35,"timer":0,"geyser":false,"clogged":false,"echo":0,"plane":false,"seesaw":false,"version":1,"max_entities":null,"max_trasures":null,"max_gates":null},"entities":[{"name":"Rkabuto","count":1,"weight":0,"dead_end":true,"group":0,"treasure":"flask","fall":"$5"},{"name":"Rkabuto","count":1,"weight":0,"dead_end":true,"group":0,"treasure":null,"fall":"$4"},{"name":"Rkabuto","count":1,"weight":0,"dead_end":true,"group":0,"treasure":null,"fall":"$4"},{"name":"Rkabuto","count":1,"weight":0,"dead_end":true,"group":0,"treasure":null,"fall":"$4"},{"name":"Rkabuto","count":1,"weight":0,"dead_end":true,"group":0,"treasure":null,"fall":"$4"},{"name":"Rkabuto","count":1,"weight":0,"dead_end":true,"group":0,"treasure":null,"fall":"$4"},{"name":"Rkabuto","count":1,"weight":0,"dead_end":true,"group":0,"treasure":null,"fall":"$4"},{"name":"Rkabuto","count":1,"weight":0,"dead_end":true,"group":0,"treasure":null,"fall":"$4"},{"name":"Rkabuto","count":1,"weight":0,"dead_end":true,"group":0,"treasure":null,"fall":"$4"},{"name":"Rkabuto","count":1,"weight":0,"dead_end":true,"group":0,"treasure":null,"fall":"$4"},{"name":"Rkabuto","count":1,"weight":0,"dead_end":true,"group":0,"treasure":null,"fall":"$4"},{"name":"Rkabuto","count":1,"weight":0,"dead_end":true,"group":0,"treasure":null,"fall":"$4"},{"name":"Rkabuto","count":1,"weight":0,"dead_end":true,"group":0,"treasure":null,"fall":"$4"},{"name":"Rkabuto","count":1,"weight":0,"dead_end":true,"group":0,"treasure":null,"fall":"$4"},{"name":"Rkabuto","count":1,"weight":0,"dead_end":true,"group":0,"treasure":null,"fall":"$4"},{"name":"Rkabuto","count":1,"weight":0,"dead_end":true,"group":0,"treasure":null,"fall":"$4"},{"name":"Rkabuto","count":1,"weight":0,"dead_end":true,"group":0,"treasure":null,"fall":"$4"},{"name":"Rkabuto","count":1,"weight":0,"dead_end":true,"group":0,"treasure":null,"fall":"$4"},{"name":"Rkabuto","count":1,"weight":0,"dead_end":true,"group":0,"treasure":null,"fall":"$4"},{"name":"Rkabuto","count":1,"weight":0,"dead_end":true,"group":0,"treasure":null,"fall":"$4"},{"name":"Rock","count":8,"weight":0,"dead_end":false,"group":0,"treasure":null,"fall":"$"},{"name":"Rock","count":8,"weight":0,"dead_end":false,"group":1,"treasure":null,"fall":"$"},{"name":"Rock","count":8,"weight":0,"dead_end":false,"group":1,"treasure":null,"fall":"$"},{"name":"Rock","count":8,"weight":0,"dead_end":false,"group":0,"treasure":null,"fall":"$"},{"name":"ElecHiba","count":2,"weight":0,"dead_end":false,"group":5,"treasure":null,"fall":"$"},{"name":"ElecHiba","count":2,"weight":0,"dead_end":false,"group":5,"treasure":null,"fall":"$"},{"name":"ElecHiba","count":2,"weight":0,"dead_end":false,"group":5,"treasure":null,"fall":"$"},{"name":"Tyre","count":1,"weight":0,"dead_end":false,"group":5,"treasure":null,"fall":"$"},{"name":"Tukushi","count":60,"weight":0,"dead_end":false,"group":6,"treasure":null,"fall":"$"},{"name":"Tukushi","count":60,"weight":0,"dead_end":false,"group":6,"treasure":null,"fall":""},{"name":"Tukushi","count":60,"weight":0,"dead_end":false,"group":6,"treasure":null,"fall":""},{"name":"Tukushi","count":60,"weight":0,"dead_end":false,"group":6,"treasure":null,"fall":""}],"treasures":[{"name":"creap","count":1,"weight":0},{"name":"matu_bokkuri","count":1,"weight":0},{"name":"j_block_green","count":1,"weight":0},{"name":"tel_dial","count":1,"weight":0},{"name":"chocowhite","count":1,"weight":0},{"name":"uji_jisyaku","count":1,"weight":0},{"name":"toy_lady","count":1,"weight":0},{"name":"key","count":1,"weight":0}],"gates":[{"word":"gate","health":900,"weight":1},{"word":"gate","health":900,"weight":1},{"word":"gate","health":900,"weight":1},{"word":"gate","health":900,"weight":1},{"word":"gate","health":900,"weight":1},{"word":"gate","health":900,"weight":1},{"word":"gate","health":900,"weight":1},{"word":"gate","health":900,"weight":1},{"word":"gate","health":900,"weight":1},{"word":"gate","health":900,"weight":1},{"word":"gate","health":900,"weight":1},{"word":"gate","health":900,"weight":1},{"word":"gate","health":900,"weight":1},{"word":"gate","health":900,"weight":1},{"word":"gate","health":900,"weight":1},{"word":"gate","health":900,"weight":1},{"word":"gate","health":900,"weight":1},{"word":"gate","health":900,"weight":1},{"word":"gate","health":900,"weight":1}]},{"name":"Sublevel 24 - 24","properties":{"unit":"3_units_small_mid_large_toy.txt","max_rooms":5,"light":"light.ini","music":"new_02_0.cnd","skybox":"tatami","corridor":0.095,"caps":45,"timer":120,"geyser":false,"clogged":true,"echo":0,"plane":true,"seesaw":false,"version":1,"max_entities":null,"max_trasures":null,"max_gates":null},"entities":[{"name":"UmiMushiBlind","count":1,"weight":0,"dead_end":false,"group":5,"treasure":null,"fall":""},{"name":"UmiMushiBlind","count":1,"weight":0,"dead_end":false,"group":5,"treasure":null,"fall":""},{"name":"UmiMushiBlind","count":1,"weight":0,"dead_end":false,"group":5,"treasure":null,"fall":""},{"name":"UmiMushiBlind","count":1,"weight":0,"dead_end":false,"group":1,"treasure":null,"fall":""},{"name":"UmiMushiBlind","count":1,"weight":0,"dead_end":false,"group":1,"treasure":null,"fall":""},{"name":"UmiMushiBlind","count":1,"weight":0,"dead_end":false,"group":0,"treasure":null,"fall":""},{"name":"Wealthy","count":1,"weight":0,"dead_end":false,"group":0,"treasure":"donutschoco_s","fall":""},{"name":"BombOtakara","count":1,"weight":0,"dead_end":false,"group":0,"treasure":null,"fall":"$4"},{"name":"BombOtakara","count":1,"weight":0,"dead_end":false,"group":1,"treasure":null,"fall":"$4"},{"name":"BombOtakara","count":1,"weight":0,"dead_end":false,"group":1,"treasure":null,"fall":"$4"},{"name":"BombOtakara","count":1,"weight":0,"dead_end":false,"group":5,"treasure":null,"fall":"$4"},{"name":"BombOtakara","count":1,"weight":0,"dead_end":false,"group":5,"treasure":null,"fall":"$4"},{"name":"BombOtakara","count":1,"weight":0,"dead_end":false,"group":5,"treasure":null,"fall":"$4"},{"name":"BombOtakara","count":1,"weight":0,"dead_end":false,"group":5,"treasure":null,"fall":"$4"},{"name":"BombOtakara","count":1,"weight":0,"dead_end":false,"group":8,"treasure":null,"fall":"$4"},{"name":"Hanachirashi","count":1,"weight":0,"dead_end":true,"group":0,"treasure":"yoyo_red","fall":"$2"},{"name":"MiniHoudai","count":1,"weight":0,"dead_end":false,"group":5,"treasure":"fire","fall":""},{"name":"MiniHoudai","count":1,"weight":0,"dead_end":false,"group":5,"treasure":null,"fall":""},{"name":"MiniHoudai","count":1,"weight":0,"dead_end":false,"group":5,"treasure":null,"fall":""},{"name":"MiniHoudai","count":1,"weight":0,"dead_end":false,"group":5,"treasure":null,"fall":""}],"treasures":[{"name":"otama","count":1,"weight":0},{"name":"baum_kuchen_s","count":1,"weight":0},{"name":"chocowhite_l","count":1,"weight":0},{"name":"toy_cat","count":1,"weight":0},{"name":"mojiban","count":1,"weight":0},{"name":"key","count":1,"weight":0}],"gates":[]},{"name":"Sublevel 25 - 25","properties":{"unit":"1_units_bunki_2_tile.txt","max_rooms":6,"light":"forest_3_light.ini","music":"cavetile_00_0.cnd","skybox":"none","corridor":0.115,"caps":50,"timer":0,"geyser":true,"clogged":false,"echo":0,"plane":false,"seesaw":false,"version":1,"max_entities":null,"max_trasures":null,"max_gates":null},"entities":[{"name":"UjiA","count":1,"weight":0,"dead_end":false,"group":1,"treasure":"bell","fall":""},{"name":"UjiA","count":2,"weight":0,"dead_end":false,"group":1,"treasure":null,"fall":""},{"name":"UjiA","count":2,"weight":0,"dead_end":false,"group":1,"treasure":null,"fall":""},{"name":"UjiA","count":2,"weight":0,"dead_end":false,"group":1,"treasure":null,"fall":""},{"name":"UjiA","count":2,"weight":0,"dead_end":false,"group":0,"treasure":null,"fall":""},{"name":"UjiA","count":2,"weight":0,"dead_end":false,"group":8,"treasure":null,"fall":""},{"name":"UjiA","count":2,"weight":0,"dead_end":false,"group":1,"treasure":null,"fall":""},{"name":"BigFoot","count":1,"weight":0,"dead_end":false,"group":0,"treasure":"bane","fall":""},{"name":"DaiodoRed","count":60,"weight":0,"dead_end":false,"group":6,"treasure":"bane","fall":""},{"name":"DaiodoGreen","count":60,"weight":0,"dead_end":false,"group":6,"treasure":"bane","fall":""},{"name":"GasHiba","count":5,"weight":0,"dead_end":false,"group":5,"treasure":null,"fall":""},{"name":"GasHiba","count":5,"weight":0,"dead_end":false,"group":5,"treasure":null,"fall":""},{"name":"GasHiba","count":5,"weight":0,"dead_end":false,"group":5,"treasure":null,"fall":""},{"name":"YellowChappy","count":2,"weight":0,"dead_end":true,"group":0,"treasure":null,"fall":""},{"name":"ElecBug","count":10,"weight":0,"dead_end":false,"group":0,"treasure":null,"fall":"$2"},{"name":"PanModoki","count":1,"weight":0,"dead_end":true,"group":0,"treasure":"kan_meidiya","fall":""},{"name":"PanModoki","count":3,"weight":0,"dead_end":false,"group":0,"treasure":null,"fall":""},{"name":"OoPanModoki","count":1,"weight":0,"dead_end":false,"group":5,"treasure":"bell_blue","fall":""},{"name":"SnakeCrow","count":1,"weight":0,"dead_end":false,"group":1,"treasure":"key","fall":""}],"treasures":[{"name":"baum_kuchen","count":1,"weight":0},{"name":"badminton","count":1,"weight":0},{"name":"turi_uki","count":1,"weight":0},{"name":"channel","count":1,"weight":0},{"name":"castanets","count":1,"weight":0}],"gates":[{"word":"gate","health":700,"weight":1}]}],"content":null}