{"sublevels":[{"name":"Sublevel 1 - Rocks","properties":{"unit":"1_MAT_mid2_tsuchi.txt","max_rooms":2,"light":"normal_light_lv2.ini","music":"cavesoil_10_0.cnd","skybox":"none","corridor":0.0,"caps":50,"timer":0,"geyser":false,"clogged":false,"echo":0,"plane":false,"seesaw":false,"version":1,"max_entities":null,"max_trasures":null,"max_gates":null},"entities":[{"name":"BlueKochappy","count":2,"weight":0,"dead_end":false,"group":0,"treasure":"donguri","fall":""},{"name":"BlueKochappy","count":2,"weight":0,"dead_end":false,"group":0,"treasure":"donguri","fall":""},{"name":"BlueKochappy","count":2,"weight":0,"dead_end":false,"group":0,"treasure":"donguri","fall":""},{"name":"BlueKochappy","count":2,"weight":0,"dead_end":false,"group":0,"treasure":"donguri","fall":""},{"name":"Kabuto","count":1,"weight":0,"dead_end":false,"group":1,"treasure":"hotate","fall":""},{"name":"Rock","count":10,"weight":0,"dead_end":false,"group":1,"treasure":null,"fall":""},{"name":"Rock","count":5,"weight":0,"dead_end":false,"group":5,"treasure":null,"fall":""},{"name":"Rock","count":10,"weight":0,"dead_end":false,"group":6,"treasure":null,"fall":""}],"treasures":[{"name":"key","count":1,"weight":0},{"name":"donguri_l","count":1,"weight":0},{"name":"dia_c_blue","count":1,"weight":0},{"name":"kinoko","count":1,"weight":0},{"name":"kouseki_suisyou","count":1,"weight":0}],"gates":[]},{"name":"Sublevel 2 - Rocky rocks","properties":{"unit":"3_MAT_cnt2_nor3_uzu1_tsuchi.txt","max_rooms":3,"light":"normal_light_lv0.ini","music":"cavesoil_05_3.cnd","skybox":"none","corridor":0.2,"caps":50,"timer":0,"geyser":false,"clogged":false,"echo":0,"plane":false,"seesaw":false,"version":1,"max_entities":null,"max_trasures":null,"max_gates":null},"entities":[{"name":"Rkabuto","count":1,"weight":0,"dead_end":false,"group":1,"treasure":"j_block_red","fall":""},{"name":"Rkabuto","count":1,"weight":0,"dead_end":false,"group":1,"treasure":"j_block_red","fall":""},{"name":"Kabuto","count":1,"weight":0,"dead_end":false,"group":1,"treasure":"j_block_green","fall":""},{"name":"Kabuto","count":1,"weight":0,"dead_end":false,"group":1,"treasure":"j_block_green","fall":""},{"name":"Armor","count":1,"weight":0,"dead_end":false,"group":1,"treasure":"j_block_white","fall":""},{"name":"Armor","count":1,"weight":0,"dead_end":false,"group":1,"treasure":"j_block_white","fall":""},{"name":"Rock","count":10,"weight":0,"dead_end":false,"group":0,"treasure":null,"fall":""},{"name":"Rock","count":10,"weight":0,"dead_end":false,"group":5,"treasure":null,"fall":""},{"name":"Rock","count":10,"weight":0,"dead_end":false,"group":6,"treasure":null,"fall":""},{"name":"YellowKochappy","count":1,"weight":0,"dead_end":true,"group":0,"treasure":"g_futa_hiruzen","fall":"$"}],"treasures":[{"name":"key","count":1,"weight":0},{"name":"juji_key_fc","count":1,"weight":0},{"name":"kan_imuraya","count":1,"weight":0},{"name":"radar_b","count":1,"weight":0},{"name":"kinoko_tubu","count":1,"weight":0}],"gates":[]},{"name":"Sublevel 3 - Rocks that are rocky","properties":{"unit":"2_ABE_blk_hit3_tsuchi.txt","max_rooms":3,"light":"normal_light_lv1.ini","music":"cavesoil_05_1.cnd","skybox":"none","corridor":0.1,"caps":50,"timer":0,"geyser":false,"clogged":false,"echo":0,"plane":false,"seesaw":false,"version":1,"max_entities":null,"max_trasures":null,"max_gates":null},"entities":[{"name":"Fkabuto","count":1,"weight":0,"dead_end":false,"group":0,"treasure":"wadou_kaichin","fall":""},{"name":"Fkabuto","count":1,"weight":0,"dead_end":false,"group":0,"treasure":"wadou_kaichin","fall":""},{"name":"Fkabuto","count":1,"weight":0,"dead_end":false,"group":0,"treasure":"wadou_kaichin","fall":""},{"name":"Kabuto","count":1,"weight":0,"dead_end":false,"group":0,"treasure":"toy_ring_b_green","fall":""},{"name":"BlueChappy","count":1,"weight":0,"dead_end":false,"group":1,"treasure":"key","fall":""},{"name":"Rock","count":10,"weight":0,"dead_end":false,"group":6,"treasure":null,"fall":""},{"name":"Rock","count":5,"weight":0,"dead_end":false,"group":1,"treasure":null,"fall":""},{"name":"Rock","count":5,"weight":0,"dead_end":false,"group":1,"treasure":null,"fall":""},{"name":"Rock","count":5,"weight":0,"dead_end":false,"group":5,"treasure":null,"fall":""},{"name":"Rock","count":5,"weight":0,"dead_end":false,"group":5,"treasure":null,"fall":""},{"name":"BlueKochappy","count":3,"weight":0,"dead_end":false,"group":0,"treasure":null,"fall":""},{"name":"BlueKochappy","count":3,"weight":0,"dead_end":false,"group":0,"treasure":null,"fall":""},{"name":"BlueKochappy","count":3,"weight":0,"dead_end":false,"group":0,"treasure":null,"fall":"$"}],"treasures":[{"name":"kinoko_doku","count":1,"weight":0},{"name":"g_futa_nihonraku","count":1,"weight":0},{"name":"donutschoco_s","count":1,"weight":0},{"name":"dia_a_green","count":1,"weight":0},{"name":"apple","count":1,"weight":0}],"gates":[]}],"content":null}