{"sublevels":[{"name":"Sublevel 1","properties":{"unit":"1_ABE_ari_metal.txt","max_rooms":1,"light":"forest_3_light.ini","music":"cavemetal_10_2.cnd","skybox":"build","corridor":0.12,"caps":50,"timer":0,"geyser":false,"clogged":false,"echo":0,"plane":false,"seesaw":false,"version":1,"max_entities":null,"max_trasures":null,"max_gates":null},"entities":[{"name":"Hanachirashi","count":1,"weight":0,"dead_end":false,"group":0,"treasure":"key","fall":""},{"name":"ElecBug","count":5,"weight":0,"dead_end":false,"group":1,"treasure":null,"fall":""},{"name":"Hanachirashi","count":1,"weight":0,"dead_end":true,"group":0,"treasure":"chess_queen_black","fall":""},{"name":"Hanachirashi","count":2,"weight":0,"dead_end":false,"group":0,"treasure":"chess_queen_black","fall":""},{"name":"Hanachirashi","count":3,"weight":0,"dead_end":false,"group":0,"treasure":null,"fall":""},{"name":"Hanachirashi","count":3,"weight":0,"dead_end":false,"group":0,"treasure":null,"fall":""}],"treasures":[{"name":"chess_king_white","count":1,"weight":0},{"name":"chess_king_white","count":1,"weight":0}],"gates":[]},{"name":"Sublevel 2 -  Duplicate of Sublevel 1","properties":{"unit":"1_units_hit224_metal.txt","max_rooms":3,"light":"toy_light_lv0.ini","music":"cavemetal_10_3.cnd","skybox":"build","corridor":0.12,"caps":50,"timer":0,"geyser":false,"clogged":false,"echo":0,"plane":false,"seesaw":false,"version":1,"max_entities":null,"max_trasures":null,"max_gates":null},"entities":[{"name":"Hanachirashi","count":1,"weight":0,"dead_end":false,"group":0,"treasure":"key","fall":""},{"name":"ShijimiChou","count":1,"weight":0,"dead_end":false,"group":0,"treasure":null,"fall":""},{"name":"ElecBug","count":3,"weight":0,"dead_end":false,"group":1,"treasure":null,"fall":""},{"name":"Hanachirashi","count":3,"weight":0,"dead_end":false,"group":1,"treasure":null,"fall":""},{"name":"Hanachirashi","count":2,"weight":0,"dead_end":true,"group":0,"treasure":"chess_queen_black","fall":""}],"treasures":[{"name":"chess_king_white","count":1,"weight":0},{"name":"ahiru_head","count":1,"weight":0},{"name":"toy_ring_c_green","count":1,"weight":0}],"gates":[]},{"name":"Sublevel 3 -  Duplicate of Sublevel 2","properties":{"unit":"3_units_mid2_hit6_hit7_metal.txt","max_rooms":2,"light":"metal_light_lv1.ini","music":"cavemetal_05_1.cnd","skybox":"build","corridor":0.12,"caps":50,"timer":0,"geyser":false,"clogged":false,"echo":0,"plane":false,"seesaw":false,"version":1,"max_entities":null,"max_trasures":null,"max_gates":null},"entities":[{"name":"Hanachirashi","count":1,"weight":0,"dead_end":false,"group":0,"treasure":"key","fall":""},{"name":"ElecBug","count":1,"weight":0,"dead_end":false,"group":1,"treasure":null,"fall":""},{"name":"ShijimiChou","count":3,"weight":0,"dead_end":false,"group":0,"treasure":null,"fall":""},{"name":"Hanachirashi","count":1,"weight":0,"dead_end":true,"group":0,"treasure":"chess_queen_black","fall":""},{"name":"Hanachirashi","count":1,"weight":0,"dead_end":false,"group":1,"treasure":"chess_queen_black","fall":""},{"name":"Hanachirashi","count":1,"weight":0,"dead_end":false,"group":0,"treasure":"chess_queen_black","fall":""}],"treasures":[{"name":"radar_a","count":1,"weight":0}],"gates":[]},{"name":"Sublevel 4","properties":{"unit":"1_units_houdai_metal.txt","max_rooms":1,"light":"metal_light_cha.ini","music":"cavemetal_00_0.cnd","skybox":"none","corridor":0.12,"caps":50,"timer":0,"geyser":false,"clogged":false,"echo":0,"plane":false,"seesaw":false,"version":1,"max_entities":null,"max_trasures":null,"max_gates":null},"entities":[{"name":"Queen","count":1,"weight":0,"dead_end":false,"group":1,"treasure":"key","fall":""},{"name":"Mar","count":1,"weight":0,"dead_end":false,"group":0,"treasure":null,"fall":""}],"treasures":[{"name":"diamond_blue","count":1,"weight":0},{"name":"diamond_blue","count":1,"weight":0}],"gates":[]}],"content":null}