{"sublevels":[{"name":"Sublevel 1 - Sublevel 1","properties":{"unit":"all_units_snow.txt","max_rooms":3,"light":"houdai_light.ini","music":"cavesoil_00_0.cnd","skybox":"ice","corridor":0.13,"caps":100,"timer":999999,"geyser":false,"clogged":true,"echo":0,"plane":false,"seesaw":false,"version":1,"max_entities":null,"max_trasures":null,"max_gates":null},"entities":[{"name":"YellowChappy","count":3,"weight":0,"dead_end":true,"group":0,"treasure":null,"fall":""},{"name":"Tobi","count":5,"weight":0,"dead_end":false,"group":1,"treasure":null,"fall":""},{"name":"YellowKochappy","count":12,"weight":0,"dead_end":false,"group":0,"treasure":null,"fall":""},{"name":"Zenmai","count":14,"weight":0,"dead_end":false,"group":6,"treasure":null,"fall":""},{"name":"BlueChappy","count":1,"weight":0,"dead_end":false,"group":1,"treasure":"gum_tape_s","fall":""},{"name":"BlueChappy","count":1,"weight":0,"dead_end":false,"group":1,"treasure":null,"fall":""},{"name":"GasHiba","count":11,"weight":0,"dead_end":false,"group":5,"treasure":null,"fall":""}],"treasures":[{"name":"tel_dial","count":1,"weight":0}],"gates":[{"word":"gate","health":2500,"weight":1}]},{"name":"Sublevel 2 - Sublevel 2","properties":{"unit":"1_MAT_h446_metal.txt","max_rooms":3,"light":"houdai_light.ini","music":"cavesoil_10_0.cnd","skybox":"none","corridor":0.145,"caps":100,"timer":0,"geyser":false,"clogged":false,"echo":0,"plane":false,"seesaw":false,"version":1,"max_entities":null,"max_trasures":null,"max_gates":null},"entities":[{"name":"Hiba","count":15,"weight":0,"dead_end":false,"group":5,"treasure":null,"fall":""},{"name":"Kabuto","count":6,"weight":0,"dead_end":false,"group":1,"treasure":null,"fall":""},{"name":"Kochappy","count":13,"weight":0,"dead_end":false,"group":0,"treasure":null,"fall":""},{"name":"Mar","count":1,"weight":0,"dead_end":false,"group":0,"treasure":"gear_silver","fall":"$"},{"name":"Demon","count":3,"weight":0,"dead_end":false,"group":1,"treasure":null,"fall":"$"}],"treasures":[{"name":"sinkukan_c","count":1,"weight":0}],"gates":[]},{"name":"Sublevel 3 - Sublevel 3","properties":{"unit":"1_units_nobo2_metal.txt","max_rooms":2,"light":"key_light_lv0.ini","music":"new_05_0.cnd","skybox":"none","corridor":0.13,"caps":100,"timer":99999,"geyser":false,"clogged":true,"echo":0,"plane":false,"seesaw":false,"version":1,"max_entities":null,"max_trasures":null,"max_gates":null},"entities":[{"name":"ElecBug","count":25,"weight":0,"dead_end":false,"group":0,"treasure":null,"fall":""},{"name":"ElecOtakara","count":17,"weight":0,"dead_end":false,"group":1,"treasure":null,"fall":""},{"name":"Wealthy","count":1,"weight":0,"dead_end":true,"group":0,"treasure":"bolt","fall":""},{"name":"BlueChappy","count":1,"weight":0,"dead_end":true,"group":0,"treasure":"bane","fall":""},{"name":"Rock","count":10,"weight":0,"dead_end":false,"group":5,"treasure":null,"fall":"$"}],"treasures":[{"name":"gear","count":1,"weight":0}],"gates":[]},{"name":"Sublevel 4 - Sublevel 4","properties":{"unit":"3_MAT_nor4_hit2_blk1_snow.txt","max_rooms":2,"light":"tutorial_1_light.ini","music":"caverelax.cnd","skybox":"ice","corridor":0.13,"caps":100,"timer":999999,"geyser":true,"clogged":false,"echo":0,"plane":false,"seesaw":false,"version":1,"max_entities":null,"max_trasures":null,"max_gates":null},"entities":[{"name":"WhitePom","count":3,"weight":0,"dead_end":true,"group":0,"treasure":null,"fall":""},{"name":"BlackPom","count":3,"weight":0,"dead_end":false,"group":6,"treasure":null,"fall":""},{"name":"Egg","count":6,"weight":0,"dead_end":false,"group":0,"treasure":null,"fall":"$"},{"name":"Miulin","count":2,"weight":0,"dead_end":false,"group":1,"treasure":null,"fall":"$"},{"name":"RandPom","count":2,"weight":0,"dead_end":false,"group":1,"treasure":null,"fall":"$"},{"name":"LeafChappy","count":1,"weight":0,"dead_end":false,"group":5,"treasure":null,"fall":""}],"treasures":[],"gates":[]},{"name":"Sublevel 5 - Sublevel 5","properties":{"unit":"1_ABE_ari_metal.txt","max_rooms":3,"light":"metal_light_cha.ini","music":"cavemetal_00_0.cnd","skybox":"none","corridor":0.135,"caps":100,"timer":999999,"geyser":false,"clogged":true,"echo":0,"plane":false,"seesaw":false,"version":1,"max_entities":null,"max_trasures":null,"max_gates":null},"entities":[{"name":"ElecHiba","count":15,"weight":0,"dead_end":false,"group":5,"treasure":null,"fall":""},{"name":"MiniHoudai","count":1,"weight":0,"dead_end":true,"group":0,"treasure":"mojiban","fall":""},{"name":"FminiHoudai","count":1,"weight":0,"dead_end":false,"group":0,"treasure":"nut","fall":""},{"name":"BlueKochappy","count":7,"weight":0,"dead_end":false,"group":0,"treasure":null,"fall":""},{"name":"MaroFrog","count":1,"weight":0,"dead_end":false,"group":0,"treasure":null,"fall":"$"},{"name":"Fart","count":2,"weight":0,"dead_end":false,"group":1,"treasure":null,"fall":"$"},{"name":"YellowPom","count":1,"weight":0,"dead_end":true,"group":0,"treasure":null,"fall":""}],"treasures":[{"name":"bolt_l","count":1,"weight":0}],"gates":[]},{"name":"Sublevel 6 - Sublevel 6","properties":{"unit":"4_units_mid2_north_hit3_hit5_metal.txt","max_rooms":4,"light":"metal_light_lv1.ini","music":"caveconc_10_0.cnd","skybox":"none","corridor":0.125,"caps":100,"timer":999999,"geyser":false,"clogged":false,"echo":0,"plane":false,"seesaw":false,"version":1,"max_entities":null,"max_trasures":null,"max_gates":null},"entities":[{"name":"GasOtakara","count":16,"weight":0,"dead_end":false,"group":0,"treasure":null,"fall":""},{"name":"FireOtakara","count":13,"weight":0,"dead_end":false,"group":1,"treasure":null,"fall":""},{"name":"BombOtakara","count":6,"weight":0,"dead_end":false,"group":5,"treasure":null,"fall":"$2"},{"name":"Kabuto","count":1,"weight":0,"dead_end":true,"group":0,"treasure":"sinkukan","fall":""},{"name":"Kabuto","count":5,"weight":0,"dead_end":true,"group":0,"treasure":null,"fall":""},{"name":"YellowKochappy","count":12,"weight":0,"dead_end":false,"group":6,"treasure":null,"fall":""},{"name":"GasHiba","count":5,"weight":0,"dead_end":false,"group":5,"treasure":null,"fall":""}],"treasures":[{"name":"channel","count":1,"weight":0}],"gates":[]},{"name":"Sublevel 7 - Sublevel 7","properties":{"unit":"3_units_cent_h235_tower_metal.txt","max_rooms":3,"light":"bluefog00.ini","music":"cavesoil_00_4.cnd","skybox":"none","corridor":0.135,"caps":100,"timer":99999,"geyser":false,"clogged":true,"echo":0,"plane":false,"seesaw":false,"version":1,"max_entities":null,"max_trasures":null,"max_gates":null},"entities":[{"name":"BombSarai","count":11,"weight":0,"dead_end":false,"group":1,"treasure":null,"fall":""},{"name":"FminiHoudai","count":3,"weight":0,"dead_end":false,"group":0,"treasure":null,"fall":""},{"name":"Rock","count":15,"weight":0,"dead_end":false,"group":5,"treasure":null,"fall":"$4"},{"name":"BlueKochappy","count":6,"weight":0,"dead_end":false,"group":0,"treasure":null,"fall":""},{"name":"Rkabuto","count":1,"weight":0,"dead_end":true,"group":0,"treasure":"sinkukan_b","fall":""},{"name":"Hiba","count":7,"weight":0,"dead_end":false,"group":5,"treasure":null,"fall":""}],"treasures":[{"name":"tape_red","count":1,"weight":0}],"gates":[{"word":"gate","health":3500,"weight":1},{"word":"gate","health":3500,"weight":1},{"word":"gate","health":3500,"weight":1}]},{"name":"Sublevel 8 - Sublevel 8","properties":{"unit":"1_units_houdai2_metal.txt","max_rooms":2,"light":"hiroba_light.ini","music":"cavemetal_10_4.cnd","skybox":"none","corridor":0.13,"caps":100,"timer":999999,"geyser":false,"clogged":true,"echo":0,"plane":false,"seesaw":false,"version":1,"max_entities":null,"max_trasures":null,"max_gates":null},"entities":[{"name":"ElecBug","count":25,"weight":0,"dead_end":false,"group":0,"treasure":null,"fall":""},{"name":"SnakeCrow","count":1,"weight":0,"dead_end":false,"group":1,"treasure":"tel_dial","fall":""},{"name":"SnakeCrow","count":1,"weight":0,"dead_end":false,"group":1,"treasure":"ahiru","fall":""},{"name":"PanModoki","count":3,"weight":0,"dead_end":false,"group":0,"treasure":null,"fall":""},{"name":"PanHouse","count":3,"weight":0,"dead_end":true,"group":0,"treasure":null,"fall":""},{"name":"ElecHiba","count":7,"weight":0,"dead_end":false,"group":5,"treasure":null,"fall":""},{"name":"MaroFrog","count":3,"weight":0,"dead_end":false,"group":5,"treasure":null,"fall":"$2"}],"treasures":[{"name":"gear_silver","count":1,"weight":0}],"gates":[]},{"name":"Sublevel 9 - Sublevel 9","properties":{"unit":"3_ABE_cent_4x4_mid1_metal.txt","max_rooms":2,"light":"normal_light_lv0.ini","music":"caverelax.cnd","skybox":"none","corridor":0.125,"caps":100,"timer":99999,"geyser":true,"clogged":false,"echo":0,"plane":false,"seesaw":false,"version":1,"max_entities":null,"max_trasures":null,"max_gates":null},"entities":[{"name":"ShijimiChou","count":50,"weight":0,"dead_end":false,"group":0,"treasure":null,"fall":""},{"name":"Qurione","count":3,"weight":0,"dead_end":false,"group":1,"treasure":null,"fall":""},{"name":"UjiA","count":8,"weight":0,"dead_end":false,"group":1,"treasure":null,"fall":""},{"name":"BlackPom","count":2,"weight":0,"dead_end":true,"group":0,"treasure":null,"fall":""},{"name":"WhitePom","count":2,"weight":0,"dead_end":false,"group":5,"treasure":null,"fall":""},{"name":"RandPom","count":2,"weight":0,"dead_end":false,"group":0,"treasure":null,"fall":""},{"name":"Egg","count":3,"weight":0,"dead_end":true,"group":0,"treasure":null,"fall":"$"},{"name":"Tukushi","count":7,"weight":0,"dead_end":false,"group":6,"treasure":null,"fall":""},{"name":"Wealthy","count":1,"weight":0,"dead_end":false,"group":1,"treasure":"sinkukan","fall":""}],"treasures":[],"gates":[]},{"name":"Sublevel 10 - Sublevel 10","properties":{"unit":"1_units_houdai_metal.txt","max_rooms":1,"light":"chikahimi_metal_light_lv4.ini","music":"","skybox":"none","corridor":0.12,"caps":100,"timer":999999,"geyser":true,"clogged":false,"echo":0,"plane":false,"seesaw":false,"version":1,"max_entities":null,"max_trasures":null,"max_gates":null},"entities":[{"name":"Houdai","count":1,"weight":0,"dead_end":false,"group":0,"treasure":"light_a","fall":""},{"name":"GasHiba","count":8,"weight":0,"dead_end":false,"group":5,"treasure":null,"fall":""},{"name":"Sokkuri","count":15,"weight":0,"dead_end":false,"group":1,"treasure":null,"fall":""}],"treasures":[],"gates":[]}],"content":null}