{"sublevels":[{"name":"Sublevel 1","properties":{"unit":"1_MAT_danh_conc.txt","max_rooms":3,"light":"normal_light_lv2.ini","music":"caveconc_00_0.cnd","skybox":"none","corridor":0.0,"caps":50,"timer":0,"geyser":false,"clogged":false,"echo":0,"plane":false,"seesaw":false,"version":1,"max_entities":null,"max_trasures":null,"max_gates":null},"entities":[{"name":"Fkabuto","count":1,"weight":0,"dead_end":false,"group":0,"treasure":"key","fall":""},{"name":"Rock","count":6,"weight":0,"dead_end":false,"group":1,"treasure":null,"fall":""},{"name":"Rock","count":5,"weight":0,"dead_end":false,"group":0,"treasure":null,"fall":""},{"name":"Rkabuto","count":1,"weight":0,"dead_end":false,"group":1,"treasure":"wadou_kaichin","fall":""},{"name":"Rock","count":4,"weight":0,"dead_end":false,"group":5,"treasure":null,"fall":""}],"treasures":[{"name":"donguri","count":1,"weight":0},{"name":"donguri_l","count":1,"weight":0}],"gates":[]},{"name":"Sublevel 2","properties":{"unit":"2_MAT_a_m_conc.txt","max_rooms":3,"light":"normal_light_lv2.ini","music":"new_05_0.cnd","skybox":"none","corridor":0.06,"caps":100,"timer":0,"geyser":false,"clogged":false,"echo":0,"plane":false,"seesaw":false,"version":1,"max_entities":null,"max_trasures":null,"max_gates":null},"entities":[{"name":"Rock","count":15,"weight":0,"dead_end":false,"group":0,"treasure":null,"fall":""},{"name":"Fkabuto","count":1,"weight":0,"dead_end":false,"group":1,"treasure":"donutschoco","fall":""},{"name":"Rock","count":5,"weight":0,"dead_end":false,"group":5,"treasure":null,"fall":""},{"name":"Rock","count":10,"weight":0,"dead_end":false,"group":6,"treasure":null,"fall":""},{"name":"BombSarai","count":1,"weight":0,"dead_end":false,"group":1,"treasure":"donutsichigo","fall":""},{"name":"Rkabuto","count":1,"weight":0,"dead_end":false,"group":1,"treasure":"key","fall":""}],"treasures":[{"name":"tape_yellow","count":1,"weight":0},{"name":"chocoichigo_l","count":1,"weight":0},{"name":"g_futa_sikoku","count":1,"weight":0}],"gates":[]},{"name":"Sublevel 3","properties":{"unit":"3_MAT_d_i_m_conc.txt","max_rooms":3,"light":"normal_light_lv2.ini","music":"cavesoil_10_3.cnd","skybox":"none","corridor":0.1,"caps":100,"timer":0,"geyser":false,"clogged":false,"echo":0,"plane":false,"seesaw":false,"version":1,"max_entities":null,"max_trasures":null,"max_gates":null},"entities":[{"name":"Rock","count":20,"weight":0,"dead_end":false,"group":6,"treasure":null,"fall":""},{"name":"Rock","count":8,"weight":0,"dead_end":false,"group":5,"treasure":null,"fall":""},{"name":"Rkabuto","count":1,"weight":0,"dead_end":false,"group":8,"treasure":"key","fall":""},{"name":"Rock","count":4,"weight":0,"dead_end":false,"group":1,"treasure":null,"fall":""},{"name":"Fkabuto","count":1,"weight":0,"dead_end":false,"group":1,"treasure":"cookie_s","fall":""},{"name":"BombSarai","count":1,"weight":0,"dead_end":false,"group":0,"treasure":"baum_kuchen","fall":""},{"name":"Demon","count":1,"weight":0,"dead_end":false,"group":0,"treasure":"apple","fall":""}],"treasures":[{"name":"chocoichigo","count":1,"weight":0},{"name":"chocolate","count":1,"weight":0},{"name":"cookie_s","count":1,"weight":0},{"name":"chocowhite_l","count":1,"weight":0}],"gates":[]},{"name":"Sublevel 4","properties":{"unit":"4_ABE_d_pypeo_pypen_dani_conc.txt","max_rooms":4,"light":"normal_light_lv2.ini","music":"caveconc_05_0.cnd","skybox":"none","corridor":0.0,"caps":100,"timer":0,"geyser":false,"clogged":false,"echo":0,"plane":false,"seesaw":false,"version":1,"max_entities":null,"max_trasures":null,"max_gates":null},"entities":[{"name":"Rock","count":10,"weight":0,"dead_end":false,"group":5,"treasure":null,"fall":""},{"name":"Rock","count":25,"weight":0,"dead_end":false,"group":6,"treasure":null,"fall":""},{"name":"Rock","count":15,"weight":0,"dead_end":false,"group":0,"treasure":null,"fall":""},{"name":"Kabuto","count":1,"weight":0,"dead_end":false,"group":1,"treasure":"key","fall":""},{"name":"Fkabuto","count":1,"weight":0,"dead_end":false,"group":0,"treasure":"cookie","fall":""},{"name":"Rkabuto","count":1,"weight":0,"dead_end":false,"group":1,"treasure":"apple_blue","fall":""},{"name":"BombSarai","count":1,"weight":0,"dead_end":false,"group":1,"treasure":"kan_meidiya","fall":""},{"name":"Demon","count":1,"weight":0,"dead_end":false,"group":1,"treasure":"tape_yellow","fall":""},{"name":"Mar","count":1,"weight":0,"dead_end":false,"group":0,"treasure":"kuri","fall":""},{"name":"BluePom","count":2,"weight":0,"dead_end":true,"group":0,"treasure":null,"fall":""}],"treasures":[{"name":"diamond_blue_l","count":1,"weight":0},{"name":"diamond_red","count":1,"weight":0},{"name":"diamond_red_l","count":1,"weight":0}],"gates":[]},{"name":"Sublevel 5","properties":{"unit":"1_MAT_manq_conc.txt","max_rooms":1,"light":"vs_10_light.ini","music":"cavetile_00_0.cnd","skybox":"none","corridor":0.0,"caps":100,"timer":0,"geyser":false,"clogged":false,"echo":0,"plane":false,"seesaw":false,"version":1,"max_entities":null,"max_trasures":null,"max_gates":null},"entities":[{"name":"Rock","count":6,"weight":0,"dead_end":false,"group":5,"treasure":null,"fall":""},{"name":"DangoMushi","count":1,"weight":0,"dead_end":false,"group":1,"treasure":"key","fall":""},{"name":"Rock","count":4,"weight":0,"dead_end":false,"group":0,"treasure":null,"fall":""}],"treasures":[{"name":"j_block_white","count":1,"weight":0},{"name":"j_block_yellow","count":1,"weight":0},{"name":"j_block_green","count":1,"weight":0},{"name":"j_block_blue","count":1,"weight":0},{"name":"j_block_red","count":1,"weight":0}],"gates":[]}],"content":null}