{"sublevels":[{"name":"Sublevel 1","properties":{"unit":"2_MAT_h335_h447_metal.txt","max_rooms":4,"light":"metal_light_lv0.ini","music":"cavemetal_10_0.cnd","skybox":"build","corridor":1E-05,"caps":50,"timer":0,"geyser":false,"clogged":false,"echo":0,"plane":false,"seesaw":false,"version":1,"max_entities":null,"max_trasures":null,"max_gates":null},"entities":[{"name":"MiniHoudai","count":1,"weight":0,"dead_end":false,"group":1,"treasure":"key","fall":""},{"name":"UjiA","count":4,"weight":0,"dead_end":false,"group":1,"treasure":"flower_blue","fall":""},{"name":"Kabuto","count":2,"weight":0,"dead_end":false,"group":1,"treasure":"g_futa_kajiwara","fall":""},{"name":"Kabuto","count":2,"weight":0,"dead_end":false,"group":0,"treasure":"g_futa_kajiwara","fall":""}],"treasures":[{"name":"nut","count":1,"weight":0},{"name":"dia_c_blue","count":1,"weight":0},{"name":"donguri_l","count":1,"weight":0},{"name":"fue_b","count":1,"weight":0}],"gates":[]},{"name":"Sublevel 2","properties":{"unit":"1_units_houdai_metal.txt","max_rooms":1,"light":"sniper_light_lv0.ini","music":"cavemetal_05_0.cnd","skybox":"build","corridor":0.0,"caps":50,"timer":0,"geyser":false,"clogged":false,"echo":0,"plane":false,"seesaw":false,"version":1,"max_entities":null,"max_trasures":null,"max_gates":null},"entities":[{"name":"Houdai","count":1,"weight":0,"dead_end":false,"group":1,"treasure":"key","fall":""},{"name":"Kabuto","count":3,"weight":0,"dead_end":false,"group":0,"treasure":"g_futa_kyosin","fall":""}],"treasures":[{"name":"dia_a_blue","count":1,"weight":0},{"name":"flower_red","count":1,"weight":0},{"name":"toy_ring_c_red","count":1,"weight":0}],"gates":[]}],"content":null}