{"sublevels":[{"name":"Sublevel 1 - Omega Borb","properties":{"unit":"2_MAT_kingA_kingB_tsuchi.txt","max_rooms":1,"light":"normal_light_lv0.ini","music":"caveconc_00_0.cnd","skybox":"none","corridor":0.12,"caps":50,"timer":0,"geyser":false,"clogged":false,"echo":0,"plane":false,"seesaw":false,"version":1,"max_entities":null,"max_trasures":null,"max_gates":null},"entities":[{"name":"Zenmai","count":2,"weight":0,"dead_end":false,"group":6,"treasure":null,"fall":""},{"name":"Wakame_l","count":1,"weight":0,"dead_end":false,"group":6,"treasure":null,"fall":""},{"name":"Chappy","count":1,"weight":0,"dead_end":false,"group":1,"treasure":"key","fall":""}],"treasures":[],"gates":[]},{"name":"Sublevel 2 - Quantum Entanglement Dweevil","properties":{"unit":"1_MOI_white_metal_boss.txt","max_rooms":1,"light":"normal_light_lv0.ini","music":"cavemetal_05_2.cnd","skybox":"none","corridor":0.12,"caps":50,"timer":0,"geyser":false,"clogged":false,"echo":0,"plane":false,"seesaw":false,"version":1,"max_entities":null,"max_trasures":null,"max_gates":null},"entities":[{"name":"ElecOtakara","count":1,"weight":0,"dead_end":false,"group":1,"treasure":"key","fall":""}],"treasures":[{"name":"donutschoco_s","count":1,"weight":0}],"gates":[]},{"name":"Sublevel 3 - Greatest Spotted Jellyfloat","properties":{"unit":"1_MAT_manq_conc.txt","max_rooms":1,"light":"normal_light_lv0.ini","music":"caveconc_00_0.cnd","skybox":"none","corridor":0.12,"caps":50,"timer":0,"geyser":false,"clogged":false,"echo":0,"plane":false,"seesaw":false,"version":1,"max_entities":null,"max_trasures":null,"max_gates":null},"entities":[{"name":"OniKurage","count":1,"weight":0,"dead_end":false,"group":1,"treasure":"key","fall":""}],"treasures":[],"gates":[]},{"name":"Sublevel 4 - Rest Floor - Aquatic Mayhem","properties":{"unit":"1_units_a_tile.txt","max_rooms":2,"light":"toy_light_lv4.ini","music":"caverelax.cnd","skybox":"none","corridor":0.12,"caps":50,"timer":0,"geyser":false,"clogged":false,"echo":0,"plane":false,"seesaw":false,"version":1,"max_entities":null,"max_trasures":null,"max_gates":null},"entities":[{"name":"RandPom","count":2,"weight":0,"dead_end":false,"group":1,"treasure":null,"fall":""},{"name":"Egg","count":2,"weight":0,"dead_end":false,"group":0,"treasure":null,"fall":""},{"name":"Egg","count":2,"weight":0,"dead_end":false,"group":0,"treasure":null,"fall":""},{"name":"Egg","count":2,"weight":0,"dead_end":false,"group":0,"treasure":null,"fall":""}],"treasures":[{"name":"key","count":1,"weight":0}],"gates":[]},{"name":"Sublevel 5 - King W0lly: Revenge","properties":{"unit":"1_units_houdai2_metal.txt","max_rooms":1,"light":"normal_light_lv0.ini","music":"new_02_0.cnd","skybox":"none","corridor":0.12,"caps":50,"timer":0,"geyser":false,"clogged":false,"echo":0,"plane":false,"seesaw":false,"version":1,"max_entities":null,"max_trasures":null,"max_gates":null},"entities":[{"name":"Frog","count":1,"weight":0,"dead_end":false,"group":1,"treasure":"key","fall":""}],"treasures":[],"gates":[]},{"name":"Sublevel 6 - Water Fight","properties":{"unit":"1_MOI_manp__water_conc.txt","max_rooms":1,"light":"normal_light_lv0.ini","music":"cavetile_00_0.cnd","skybox":"none","corridor":0.12,"caps":50,"timer":0,"geyser":false,"clogged":false,"echo":0,"plane":false,"seesaw":false,"version":1,"max_entities":null,"max_trasures":null,"max_gates":null},"entities":[{"name":"Catfish","count":1,"weight":0,"dead_end":false,"group":1,"treasure":"key","fall":""},{"name":"Catfish","count":1,"weight":0,"dead_end":false,"group":1,"treasure":"key","fall":""},{"name":"Catfish","count":1,"weight":0,"dead_end":false,"group":0,"treasure":"key","fall":""}],"treasures":[],"gates":[]},{"name":"Sublevel 7 - Jouvenille Raging Bloyster","properties":{"unit":"1_MOI_flooded_opan_toy.txt","max_rooms":1,"light":"normal_light_lv0.ini","music":"new_01_0.cnd","skybox":"flooring","corridor":0.12,"caps":50,"timer":0,"geyser":false,"clogged":false,"echo":0,"plane":true,"seesaw":false,"version":1,"max_entities":null,"max_trasures":null,"max_gates":null},"entities":[{"name":"UmiMushiBlind","count":1,"weight":0,"dead_end":false,"group":8,"treasure":"key","fall":""}],"treasures":[],"gates":[]},{"name":"Sublevel 8 - Rest Floor - Meme Den","properties":{"unit":"1_ABE_mid1_tsuchi.txt","max_rooms":1,"light":"normal_light_lv0.ini","music":"caverelax.cnd","skybox":"none","corridor":0.12,"caps":50,"timer":0,"geyser":false,"clogged":false,"echo":0,"plane":false,"seesaw":false,"version":1,"max_entities":null,"max_trasures":null,"max_gates":null},"entities":[{"name":"RandPom","count":1,"weight":0,"dead_end":false,"group":0,"treasure":null,"fall":""},{"name":"Qurione","count":2,"weight":0,"dead_end":false,"group":1,"treasure":null,"fall":""},{"name":"Kogane","count":1,"weight":0,"dead_end":false,"group":0,"treasure":null,"fall":""}],"treasures":[{"name":"key","count":1,"weight":0}],"gates":[]},{"name":"Sublevel 9 - A Literal Fire Geyser","properties":{"unit":"1_MOI_units_manh_boss_solo.txt","max_rooms":1,"light":"normal_light_lv0.ini","music":"new_04_0.cnd","skybox":"none","corridor":0.12,"caps":50,"timer":0,"geyser":false,"clogged":false,"echo":0,"plane":false,"seesaw":false,"version":1,"max_entities":null,"max_trasures":null,"max_gates":null},"entities":[{"name":"Hiba","count":1,"weight":0,"dead_end":false,"group":1,"treasure":"key","fall":""},{"name":"ElecHiba","count":1,"weight":0,"dead_end":false,"group":8,"treasure":null,"fall":""},{"name":"DaiodoRed","count":4,"weight":0,"dead_end":false,"group":6,"treasure":null,"fall":""}],"treasures":[],"gates":[]},{"name":"Sublevel 10 - Queen Shearwig","properties":{"unit":"1_MOI_queen_shearwig_tsuchi.txt","max_rooms":1,"light":"normal_light_lv0.ini","music":"caveglass_10_0.cnd","skybox":"none","corridor":0.12,"caps":50,"timer":0,"geyser":false,"clogged":false,"echo":0,"plane":false,"seesaw":false,"version":1,"max_entities":null,"max_trasures":null,"max_gates":null},"entities":[{"name":"Tobi","count":1,"weight":0,"dead_end":false,"group":1,"treasure":"key","fall":""},{"name":"Armor","count":3,"weight":0,"dead_end":false,"group":8,"treasure":null,"fall":""},{"name":"UjiB","count":20,"weight":0,"dead_end":false,"group":6,"treasure":null,"fall":""},{"name":"UjiA","count":12,"weight":0,"dead_end":false,"group":0,"treasure":null,"fall":""}],"treasures":[],"gates":[]},{"name":"Sublevel 11 - Armored Crawmad","properties":{"unit":"1_units_DKumo_conc.txt","max_rooms":1,"light":"normal_light_lv0.ini","music":"cavemetal_10_0.cnd","skybox":"none","corridor":0.12,"caps":50,"timer":0,"geyser":false,"clogged":false,"echo":0,"plane":false,"seesaw":false,"version":1,"max_entities":null,"max_trasures":null,"max_gates":null},"entities":[{"name":"Jigumo","count":1,"weight":0,"dead_end":false,"group":1,"treasure":"key","fall":""},{"name":"Bomb","count":1,"weight":0,"dead_end":false,"group":0,"treasure":null,"fall":""},{"name":"Bomb","count":1,"weight":0,"dead_end":false,"group":0,"treasure":null,"fall":""},{"name":"Bomb","count":1,"weight":0,"dead_end":false,"group":0,"treasure":null,"fall":""},{"name":"Bomb","count":1,"weight":0,"dead_end":false,"group":0,"treasure":null,"fall":""},{"name":"Bomb","count":1,"weight":0,"dead_end":false,"group":0,"treasure":null,"fall":""},{"name":"Bomb","count":1,"weight":0,"dead_end":false,"group":0,"treasure":null,"fall":""},{"name":"Bomb","count":1,"weight":0,"dead_end":false,"group":0,"treasure":null,"fall":""}],"treasures":[],"gates":[]},{"name":"Sublevel 12 - Rest Floor - Double Trouble","properties":{"unit":"1_units_cent2_tsuchi.txt","max_rooms":2,"light":"sniper_light_lv0.ini","music":"caverelax.cnd","skybox":"none","corridor":0.0,"caps":100,"timer":0,"geyser":false,"clogged":false,"echo":0,"plane":false,"seesaw":false,"version":1,"max_entities":null,"max_trasures":null,"max_gates":null},"entities":[{"name":"Ooinu_s","count":3,"weight":0,"dead_end":false,"group":6,"treasure":null,"fall":""},{"name":"Watage","count":2,"weight":0,"dead_end":false,"group":6,"treasure":null,"fall":""},{"name":"RandPom","count":1,"weight":0,"dead_end":false,"group":1,"treasure":null,"fall":""},{"name":"RedPom","count":4,"weight":0,"dead_end":false,"group":5,"treasure":null,"fall":""},{"name":"Qurione","count":2,"weight":0,"dead_end":false,"group":0,"treasure":null,"fall":""},{"name":"Qurione","count":1,"weight":0,"dead_end":false,"group":0,"treasure":null,"fall":""}],"treasures":[{"name":"key","count":1,"weight":0}],"gates":[]},{"name":"Sublevel 13 - Demon","properties":{"unit":"1_MOI_units_houdai_metal_close_boss.txt","max_rooms":1,"light":"sirohana_light_lv1.ini","music":"cavemetal_10_3.cnd","skybox":"build","corridor":0.12,"caps":50,"timer":0,"geyser":false,"clogged":false,"echo":0,"plane":false,"seesaw":false,"version":1,"max_entities":null,"max_trasures":null,"max_gates":null},"entities":[{"name":"Demon","count":1,"weight":0,"dead_end":false,"group":1,"treasure":"key","fall":""},{"name":"Sarai","count":2,"weight":0,"dead_end":false,"group":8,"treasure":null,"fall":""}],"treasures":[],"gates":[]},{"name":"Sublevel 14 - Blonghong Empire","properties":{"unit":"1_MOI_dangomushi_tile_multi_enemies.txt","max_rooms":1,"light":"normal_light_lv0.ini","music":"new_05_0.cnd","skybox":"none","corridor":0.12,"caps":50,"timer":0,"geyser":false,"clogged":false,"echo":0,"plane":false,"seesaw":false,"version":1,"max_entities":null,"max_trasures":null,"max_gates":null},"entities":[{"name":"Tank","count":1,"weight":0,"dead_end":false,"group":0,"treasure":"key","fall":""},{"name":"Mar","count":1,"weight":0,"dead_end":false,"group":1,"treasure":"key","fall":""}],"treasures":[],"gates":[]},{"name":"Sublevel 15 - Amiga Crew","properties":{"unit":"1_MOI_units_purple_boss.txt","max_rooms":1,"light":"normal_light_lv0.ini","music":"cavetsumiki_00_0.cnd","skybox":"none","corridor":0.12,"caps":50,"timer":0,"geyser":false,"clogged":false,"echo":0,"plane":false,"seesaw":false,"version":1,"max_entities":null,"max_trasures":null,"max_gates":null},"entities":[{"name":"Miulin","count":1,"weight":0,"dead_end":false,"group":1,"treasure":"key","fall":""},{"name":"Fuefuki","count":1,"weight":0,"dead_end":false,"group":0,"treasure":null,"fall":""},{"name":"Fuefuki","count":1,"weight":0,"dead_end":false,"group":0,"treasure":null,"fall":""},{"name":"Fuefuki","count":1,"weight":0,"dead_end":false,"group":0,"treasure":null,"fall":""},{"name":"Fuefuki","count":1,"weight":0,"dead_end":false,"group":0,"treasure":null,"fall":""}],"treasures":[],"gates":[]},{"name":"Sublevel 16 - Rest Floor - Death","properties":{"unit":"2_MAT_a_b_conc.txt","max_rooms":3,"light":"vs_2_light.ini","music":"caverelax.cnd","skybox":"none","corridor":0.07,"caps":50,"timer":0,"geyser":false,"clogged":false,"echo":0,"plane":false,"seesaw":false,"version":1,"max_entities":null,"max_trasures":null,"max_gates":null},"entities":[{"name":"RandPom","count":1,"weight":0,"dead_end":false,"group":5,"treasure":null,"fall":""},{"name":"Watage","count":2,"weight":0,"dead_end":false,"group":6,"treasure":null,"fall":""},{"name":"LeafChappy","count":1,"weight":0,"dead_end":false,"group":0,"treasure":null,"fall":""},{"name":"LeafChappy","count":1,"weight":0,"dead_end":false,"group":0,"treasure":null,"fall":""},{"name":"TamagoMushi","count":6,"weight":0,"dead_end":false,"group":1,"treasure":null,"fall":""},{"name":"Wakame_l","count":1,"weight":0,"dead_end":false,"group":1,"treasure":null,"fall":""},{"name":"Tanpopo","count":1,"weight":0,"dead_end":false,"group":1,"treasure":null,"fall":""}],"treasures":[{"name":"key","count":1,"weight":0}],"gates":[{"word":"gate","health":1000,"weight":1},{"word":"gate","health":1000,"weight":1},{"word":"gate","health":1000,"weight":1}]},{"name":"Sublevel 17 - Orange Empress","properties":{"unit":"1_units_boss_tsuchi.txt","max_rooms":1,"light":"normal_light_lv0.ini","music":"cavemetal_05_2.cnd","skybox":"none","corridor":0.12,"caps":50,"timer":0,"geyser":false,"clogged":false,"echo":0,"plane":false,"seesaw":false,"version":1,"max_entities":null,"max_trasures":null,"max_gates":null},"entities":[{"name":"BombSarai","count":1,"weight":0,"dead_end":false,"group":0,"treasure":"key","fall":""}],"treasures":[],"gates":[]},{"name":"Sublevel 18 - El Cazador","properties":{"unit":"1_units_snake_tsuchi.txt","max_rooms":1,"light":"normal_light_lv0.ini","music":"caveconc_05_1.cnd","skybox":"none","corridor":0.12,"caps":50,"timer":0,"geyser":false,"clogged":true,"echo":0,"plane":false,"seesaw":false,"version":1,"max_entities":null,"max_trasures":null,"max_gates":null},"entities":[{"name":"Kochappy","count":1,"weight":0,"dead_end":false,"group":0,"treasure":null,"fall":""},{"name":"Kochappy","count":2,"weight":0,"dead_end":false,"group":8,"treasure":null,"fall":""},{"name":"Kochappy","count":15,"weight":0,"dead_end":false,"group":6,"treasure":null,"fall":""},{"name":"KumaChappy","count":1,"weight":0,"dead_end":false,"group":1,"treasure":"key","fall":"$2"}],"treasures":[],"gates":[]},{"name":"Sublevel 19 - Crack Groink","properties":{"unit":"1_units_sara_toy.txt","max_rooms":1,"light":"normal_light_lv0.ini","music":"new_03_0.cnd","skybox":"flooring","corridor":0.12,"caps":50,"timer":0,"geyser":false,"clogged":false,"echo":0,"plane":true,"seesaw":false,"version":1,"max_entities":null,"max_trasures":null,"max_gates":null},"entities":[{"name":"MiniHoudai","count":1,"weight":0,"dead_end":false,"group":8,"treasure":"key","fall":""}],"treasures":[],"gates":[]},{"name":"Sublevel 20 - Rest Floor - ...","properties":{"unit":"1_units_north_snow.txt","max_rooms":1,"light":"normal_light_lv0.ini","music":"new_00_0.cnd","skybox":"none","corridor":0.12,"caps":50,"timer":0,"geyser":false,"clogged":false,"echo":0,"plane":false,"seesaw":false,"version":1,"max_entities":null,"max_trasures":null,"max_gates":null},"entities":[{"name":"BlackPom","count":1,"weight":0,"dead_end":false,"group":5,"treasure":null,"fall":""},{"name":"Wealthy","count":1,"weight":0,"dead_end":false,"group":6,"treasure":null,"fall":""}],"treasures":[{"name":"key","count":1,"weight":0}],"gates":[]},{"name":"Sublevel 21 - Emperor Bulbax Larva","properties":{"unit":"1_units_otakara_tile.txt","max_rooms":1,"light":"yakushima_2_light.ini","music":"new_00_1.cnd","skybox":"none","corridor":0.12,"caps":50,"timer":0,"geyser":false,"clogged":false,"echo":0,"plane":false,"seesaw":false,"version":1,"max_entities":null,"max_trasures":null,"max_gates":null},"entities":[{"name":"Baby","count":1,"weight":0,"dead_end":false,"group":1,"treasure":"key","fall":"$"},{"name":"ElecHiba","count":1,"weight":0,"dead_end":false,"group":0,"treasure":null,"fall":""},{"name":"ElecHiba","count":1,"weight":0,"dead_end":false,"group":0,"treasure":null,"fall":""},{"name":"ElecHiba","count":1,"weight":0,"dead_end":false,"group":0,"treasure":null,"fall":""},{"name":"ElecHiba","count":1,"weight":0,"dead_end":false,"group":0,"treasure":null,"fall":""}],"treasures":[],"gates":[]}],"content":null}