{"sublevels":[{"name":"Sublevel 1","properties":{"unit":"1_MAT_danh_conc.txt","max_rooms":4,"light":"normal_light_lv0.ini","music":"caveconc_10_0.cnd","skybox":"none","corridor":0.1,"caps":50,"timer":0,"geyser":false,"clogged":false,"echo":0,"plane":false,"seesaw":false,"version":1,"max_entities":null,"max_trasures":null,"max_gates":null},"entities":[{"name":"Chappy","count":1,"weight":0,"dead_end":false,"group":0,"treasure":"key","fall":""},{"name":"Chappy","count":2,"weight":0,"dead_end":false,"group":0,"treasure":"toy_cat","fall":""},{"name":"YellowChappy","count":4,"weight":0,"dead_end":false,"group":0,"treasure":"bell_yellow","fall":""},{"name":"Kochappy","count":11,"weight":0,"dead_end":false,"group":1,"treasure":"flower_blue","fall":""},{"name":"YellowKochappy","count":11,"weight":0,"dead_end":false,"group":1,"treasure":"flower_blue","fall":""},{"name":"Hiba","count":5,"weight":0,"dead_end":false,"group":5,"treasure":null,"fall":""}],"treasures":[{"name":"turi_uki","count":1,"weight":0},{"name":"saru_head","count":1,"weight":0}],"gates":[]},{"name":"Sublevel 2","properties":{"unit":"2_units_Oashi_d_conc.txt","max_rooms":2,"light":"normal_light_lv0.ini","music":"caveconc_00_0.cnd","skybox":"none","corridor":0.12,"caps":50,"timer":0,"geyser":false,"clogged":false,"echo":0,"plane":false,"seesaw":false,"version":1,"max_entities":null,"max_trasures":null,"max_gates":null},"entities":[{"name":"KingChappy","count":1,"weight":0,"dead_end":false,"group":8,"treasure":"key","fall":""},{"name":"BlueChappy","count":4,"weight":0,"dead_end":false,"group":6,"treasure":"diamond_red","fall":""}],"treasures":[],"gates":[{"word":"gate","health":1000,"weight":1},{"word":"gate","health":1000,"weight":1},{"word":"gate","health":1000,"weight":1},{"word":"gate","health":1000,"weight":1}]},{"name":"Sublevel 3","properties":{"unit":"2_units_tak22_yuko_tile.txt","max_rooms":5,"light":"normal_light_lv0.ini","music":"cavesoil_00_2.cnd","skybox":"none","corridor":0.12,"caps":50,"timer":0,"geyser":false,"clogged":false,"echo":0,"plane":false,"seesaw":false,"version":1,"max_entities":null,"max_trasures":null,"max_gates":null},"entities":[{"name":"KumaChappy","count":1,"weight":0,"dead_end":false,"group":0,"treasure":"key","fall":""},{"name":"KumaChappy","count":2,"weight":0,"dead_end":false,"group":0,"treasure":"toy_teala","fall":""},{"name":"BlueKochappy","count":12,"weight":0,"dead_end":false,"group":1,"treasure":"be_dama_yellow","fall":""}],"treasures":[],"gates":[]},{"name":"Sublevel 4","properties":{"unit":"1_units_queen_c_tsuchi.txt","max_rooms":1,"light":"normal_light_lv0.ini","music":"cavesoil_00_0.cnd","skybox":"none","corridor":0.12,"caps":50,"timer":0,"geyser":false,"clogged":false,"echo":0,"plane":false,"seesaw":false,"version":1,"max_entities":null,"max_trasures":null,"max_gates":null},"entities":[{"name":"Queen","count":1,"weight":0,"dead_end":false,"group":8,"treasure":"key","fall":""},{"name":"KumaKochappy","count":6,"weight":0,"dead_end":false,"group":8,"treasure":"be_dama_blue","fall":""}],"treasures":[],"gates":[]},{"name":"Sublevel 5","properties":{"unit":"3_MAT_a_h_m_renga.txt","max_rooms":5,"light":"normal_light_lv0.ini","music":"new_06_0.cnd","skybox":"none","corridor":0.08,"caps":50,"timer":0,"geyser":false,"clogged":false,"echo":0,"plane":false,"seesaw":false,"version":1,"max_entities":null,"max_trasures":null,"max_gates":null},"entities":[{"name":"FireChappy","count":1,"weight":0,"dead_end":false,"group":0,"treasure":"key","fall":""},{"name":"KumaChappy","count":1,"weight":0,"dead_end":false,"group":0,"treasure":"doll","fall":""},{"name":"BlueChappy","count":5,"weight":0,"dead_end":false,"group":0,"treasure":"dia_b_green","fall":""},{"name":"ElecHiba","count":5,"weight":0,"dead_end":false,"group":5,"treasure":null,"fall":""}],"treasures":[{"name":"cookie_u","count":1,"weight":0},{"name":"cookie_s","count":1,"weight":0},{"name":"ichigo_l","count":1,"weight":0}],"gates":[]},{"name":"Sublevel 6","properties":{"unit":"1_MIYA_bunki_tile.txt","max_rooms":1,"light":"normal_light_lv0.ini","music":"new_02_0.cnd","skybox":"none","corridor":0.12,"caps":50,"timer":0,"geyser":false,"clogged":false,"echo":0,"plane":false,"seesaw":false,"version":1,"max_entities":null,"max_trasures":null,"max_gates":null},"entities":[{"name":"KingChappy","count":1,"weight":0,"dead_end":false,"group":6,"treasure":"key","fall":""},{"name":"KingChappy","count":5,"weight":0,"dead_end":false,"group":0,"treasure":"sensya","fall":""},{"name":"KingChappy","count":4,"weight":0,"dead_end":false,"group":1,"treasure":"sensya","fall":""}],"treasures":[{"name":"chocoichigo","count":1,"weight":0},{"name":"chocolate_l","count":1,"weight":0}],"gates":[]}],"content":null}