{"sublevels":[{"name":"Sublevel 1","properties":{"unit":"1_NARI_north4_tsuchi.txt","max_rooms":2,"light":"forest_3_light.ini","music":"cavetsumiki_00_0.cnd","skybox":"none","corridor":0.12,"caps":100,"timer":0,"geyser":false,"clogged":false,"echo":0,"plane":false,"seesaw":false,"version":1,"max_entities":null,"max_trasures":null,"max_gates":null},"entities":[{"name":"Qurione","count":10,"weight":0,"dead_end":false,"group":0,"treasure":null,"fall":""},{"name":"Qurione","count":10,"weight":0,"dead_end":false,"group":1,"treasure":null,"fall":""},{"name":"DaiodoRed","count":1,"weight":0,"dead_end":false,"group":6,"treasure":null,"fall":""},{"name":"DaiodoGreen","count":1,"weight":0,"dead_end":false,"group":6,"treasure":null,"fall":""}],"treasures":[{"name":"key","count":1,"weight":0}],"gates":[]},{"name":"Sublevel 2","properties":{"unit":"3_units_small2_small_mid_toy.txt","max_rooms":2,"light":"forest_3_light.ini","music":"cavetile_00_0.cnd","skybox":"none","corridor":0.12,"caps":100,"timer":0,"geyser":false,"clogged":true,"echo":0,"plane":true,"seesaw":false,"version":1,"max_entities":null,"max_trasures":null,"max_gates":null},"entities":[{"name":"Rock","count":10,"weight":0,"dead_end":false,"group":0,"treasure":null,"fall":"$"},{"name":"Rock","count":10,"weight":0,"dead_end":false,"group":1,"treasure":null,"fall":"$"},{"name":"Rock","count":10,"weight":0,"dead_end":true,"group":0,"treasure":null,"fall":"$"},{"name":"Rock","count":10,"weight":0,"dead_end":false,"group":5,"treasure":null,"fall":""},{"name":"BombOtakara","count":1,"weight":0,"dead_end":false,"group":1,"treasure":"key","fall":"$"}],"treasures":[{"name":"key","count":1,"weight":0},{"name":"suit_fire","count":1,"weight":0},{"name":"suit_powerup","count":1,"weight":0},{"name":"fue_b","count":1,"weight":0},{"name":"dashboots","count":1,"weight":0},{"name":"chess_king_black","count":1,"weight":0}],"gates":[]},{"name":"Sublevel 3","properties":{"unit":"2_units_north_pool_tile.txt","max_rooms":4,"light":"forest_3_light.ini","music":"cavetile_00_0.cnd","skybox":"none","corridor":0.12,"caps":50,"timer":0,"geyser":false,"clogged":false,"echo":0,"plane":false,"seesaw":false,"version":1,"max_entities":null,"max_trasures":null,"max_gates":null},"entities":[{"name":"Rock","count":5,"weight":0,"dead_end":false,"group":0,"treasure":null,"fall":""},{"name":"Hiba","count":2,"weight":0,"dead_end":false,"group":5,"treasure":null,"fall":""},{"name":"ElecHiba","count":2,"weight":0,"dead_end":false,"group":5,"treasure":null,"fall":""},{"name":"GasHiba","count":2,"weight":0,"dead_end":false,"group":5,"treasure":null,"fall":""},{"name":"Bomb","count":5,"weight":0,"dead_end":false,"group":1,"treasure":null,"fall":""},{"name":"Hiba","count":5,"weight":0,"dead_end":false,"group":0,"treasure":null,"fall":""},{"name":"ElecHiba","count":5,"weight":0,"dead_end":false,"group":1,"treasure":null,"fall":""},{"name":"GasHiba","count":5,"weight":0,"dead_end":false,"group":0,"treasure":null,"fall":""},{"name":"PanHouse","count":5,"weight":0,"dead_end":false,"group":1,"treasure":null,"fall":""},{"name":"Egg","count":2,"weight":0,"dead_end":false,"group":0,"treasure":null,"fall":""},{"name":"Egg","count":2,"weight":0,"dead_end":false,"group":0,"treasure":null,"fall":"$"}],"treasures":[{"name":"key","count":1,"weight":0},{"name":"doll","count":1,"weight":0},{"name":"doll","count":1,"weight":0},{"name":"doll","count":1,"weight":0},{"name":"doll","count":1,"weight":0},{"name":"doll","count":1,"weight":0},{"name":"doll","count":1,"weight":0},{"name":"doll","count":1,"weight":0}],"gates":[{"word":"gate","health":200,"weight":1},{"word":"gate","health":200,"weight":1},{"word":"gate","health":200,"weight":1},{"word":"gate","health":200,"weight":1},{"word":"gate","health":200,"weight":1}]},{"name":"Sublevel 4","properties":{"unit":"all_units_renga.txt","max_rooms":5,"light":"forest_2_siro_light.ini","music":"cavetsumiki_00_0.cnd","skybox":"none","corridor":0.2,"caps":100,"timer":0,"geyser":false,"clogged":false,"echo":0,"plane":false,"seesaw":false,"version":1,"max_entities":null,"max_trasures":null,"max_gates":null},"entities":[{"name":"DaiodoRed","count":1,"weight":0,"dead_end":false,"group":6,"treasure":null,"fall":""},{"name":"DaiodoGreen","count":1,"weight":0,"dead_end":false,"group":6,"treasure":null,"fall":""},{"name":"KumaChappy","count":1,"weight":0,"dead_end":false,"group":0,"treasure":null,"fall":"$2"},{"name":"KumaChappy","count":1,"weight":0,"dead_end":false,"group":1,"treasure":null,"fall":"$4"},{"name":"KumaChappy","count":1,"weight":0,"dead_end":false,"group":1,"treasure":null,"fall":"$"}],"treasures":[{"name":"key","count":1,"weight":0},{"name":"doll","count":1,"weight":0},{"name":"saru_head","count":1,"weight":0}],"gates":[{"word":"gate","health":100,"weight":1},{"word":"gate","health":100,"weight":1},{"word":"gate","health":100,"weight":1},{"word":"gate","health":100,"weight":1},{"word":"gate","health":100,"weight":1},{"word":"gate","health":100,"weight":1},{"word":"gate","health":100,"weight":1},{"word":"gate","health":100,"weight":1},{"word":"gate","health":100,"weight":1},{"word":"gate","health":100,"weight":1},{"word":"gate","health":100,"weight":1},{"word":"gate","health":100,"weight":1}]},{"name":"Sublevel 5","properties":{"unit":"1_units_nobo2_metal.txt","max_rooms":2,"light":"forest_3_light.ini","music":"","skybox":"none","corridor":0.2,"caps":100,"timer":0,"geyser":false,"clogged":false,"echo":0,"plane":false,"seesaw":false,"version":1,"max_entities":null,"max_trasures":null,"max_gates":null},"entities":[{"name":"KumaChappy","count":1,"weight":0,"dead_end":false,"group":0,"treasure":null,"fall":"$"},{"name":"Hiba","count":5,"weight":0,"dead_end":false,"group":5,"treasure":null,"fall":""},{"name":"ElecHiba","count":5,"weight":0,"dead_end":false,"group":5,"treasure":null,"fall":""},{"name":"GasHiba","count":5,"weight":0,"dead_end":false,"group":5,"treasure":null,"fall":""},{"name":"Rock","count":10,"weight":0,"dead_end":false,"group":1,"treasure":null,"fall":"$2"}],"treasures":[{"name":"key","count":1,"weight":0},{"name":"saru_head","count":1,"weight":0},{"name":"saru_head","count":1,"weight":0},{"name":"saru_head","count":1,"weight":0},{"name":"saru_head","count":1,"weight":0},{"name":"saru_head","count":1,"weight":0},{"name":"saru_head","count":1,"weight":0},{"name":"saru_head","count":1,"weight":0}],"gates":[{"word":"gate","health":200,"weight":1}]}],"content":null}