{"sublevels":[{"name":"Sublevel 1","properties":{"unit":"all_units_hitode_toy.txt","max_rooms":3,"light":"normal_light_lv0.ini","music":"caveconc_00_0.cnd","skybox":"flooring","corridor":0.12,"caps":50,"timer":0,"geyser":false,"clogged":false,"echo":0,"plane":true,"seesaw":false,"version":1,"max_entities":null,"max_trasures":null,"max_gates":null},"entities":[{"name":"ElecHiba","count":10,"weight":0,"dead_end":false,"group":5,"treasure":null,"fall":""},{"name":"ElecBug","count":4,"weight":0,"dead_end":false,"group":0,"treasure":"be_dama_yellow","fall":""},{"name":"ElecBug","count":4,"weight":0,"dead_end":false,"group":0,"treasure":"be_dama_yellow","fall":""},{"name":"Tank","count":1,"weight":0,"dead_end":false,"group":0,"treasure":"be_dama_red_l","fall":""},{"name":"Chiyogami","count":1,"weight":0,"dead_end":false,"group":6,"treasure":null,"fall":""},{"name":"Chiyogami","count":1,"weight":0,"dead_end":false,"group":6,"treasure":null,"fall":""},{"name":"Hanachirashi","count":1,"weight":0,"dead_end":false,"group":1,"treasure":null,"fall":""},{"name":"Hanachirashi","count":1,"weight":0,"dead_end":false,"group":0,"treasure":null,"fall":""},{"name":"Kabuto","count":1,"weight":0,"dead_end":false,"group":0,"treasure":"ichigo","fall":""},{"name":"Kabuto","count":1,"weight":0,"dead_end":false,"group":1,"treasure":"ichigo","fall":""},{"name":"Kabuto","count":1,"weight":0,"dead_end":false,"group":8,"treasure":"ichigo","fall":""},{"name":"Tank","count":1,"weight":0,"dead_end":false,"group":1,"treasure":"key","fall":""}],"treasures":[{"name":"be_dama_red_l","count":1,"weight":0},{"name":"leaf_kare","count":1,"weight":0},{"name":"teala_dia_b","count":1,"weight":0}],"gates":[]},{"name":"Sublevel 2","properties":{"unit":"1_ABE_vshit67_toy.txt","max_rooms":2,"light":"normal_light_lv0.ini","music":"caveconc_00_0.cnd","skybox":"flooring","corridor":0.12,"caps":50,"timer":0,"geyser":false,"clogged":false,"echo":0,"plane":true,"seesaw":false,"version":1,"max_entities":null,"max_trasures":null,"max_gates":null},"entities":[{"name":"Rkabuto","count":1,"weight":0,"dead_end":false,"group":1,"treasure":"dia_c_red","fall":""},{"name":"Rkabuto","count":1,"weight":0,"dead_end":false,"group":1,"treasure":"dia_c_red","fall":""},{"name":"FireChappy","count":1,"weight":0,"dead_end":false,"group":0,"treasure":"cookie_s_l","fall":""},{"name":"FireChappy","count":1,"weight":0,"dead_end":false,"group":0,"treasure":"cookie_s_l","fall":""},{"name":"Hiba","count":20,"weight":0,"dead_end":false,"group":5,"treasure":null,"fall":""},{"name":"Chiyogami","count":5,"weight":0,"dead_end":false,"group":6,"treasure":null,"fall":""},{"name":"FireChappy","count":1,"weight":0,"dead_end":false,"group":0,"treasure":"key","fall":""}],"treasures":[{"name":"be_dama_blue","count":1,"weight":0},{"name":"be_dama_blue","count":1,"weight":0},{"name":"tel_dial","count":1,"weight":0}],"gates":[]},{"name":"Sublevel 3","properties":{"unit":"1_MAT_tower2_toy.txt","max_rooms":1,"light":"normal_light_lv0.ini","music":"caveconc_00_0.cnd","skybox":"flooring","corridor":0.12,"caps":50,"timer":0,"geyser":false,"clogged":false,"echo":0,"plane":false,"seesaw":false,"version":1,"max_entities":null,"max_trasures":null,"max_gates":null},"entities":[{"name":"RandPom","count":2,"weight":0,"dead_end":true,"group":0,"treasure":null,"fall":""},{"name":"LeafChappy","count":1,"weight":0,"dead_end":false,"group":0,"treasure":"key","fall":""},{"name":"BlackPom","count":1,"weight":0,"dead_end":false,"group":1,"treasure":null,"fall":""},{"name":"BlackPom","count":1,"weight":0,"dead_end":false,"group":1,"treasure":null,"fall":""},{"name":"RandPom","count":1,"weight":0,"dead_end":false,"group":0,"treasure":null,"fall":""},{"name":"Egg","count":1,"weight":0,"dead_end":true,"group":0,"treasure":null,"fall":""},{"name":"Egg","count":1,"weight":0,"dead_end":true,"group":0,"treasure":null,"fall":""},{"name":"Egg","count":1,"weight":0,"dead_end":true,"group":0,"treasure":null,"fall":""}],"treasures":[{"name":"be_dama_blue_l","count":1,"weight":0},{"name":"be_dama_yellow_l","count":1,"weight":0},{"name":"be_dama_red_l","count":1,"weight":0}],"gates":[]},{"name":"Sublevel 4","properties":{"unit":"1_MAT_tower2_toy.txt","max_rooms":4,"light":"normal_light_lv0.ini","music":"caveconc_00_0.cnd","skybox":"flooring","corridor":0.12,"caps":50,"timer":0,"geyser":true,"clogged":false,"echo":0,"plane":true,"seesaw":false,"version":1,"max_entities":null,"max_trasures":null,"max_gates":null},"entities":[{"name":"UjiA","count":1,"weight":0,"dead_end":true,"group":0,"treasure":"key","fall":""},{"name":"KumaChappy","count":1,"weight":0,"dead_end":true,"group":0,"treasure":"key","fall":""},{"name":"KumaKochappy","count":4,"weight":0,"dead_end":true,"group":0,"treasure":null,"fall":""},{"name":"KumaKochappy","count":2,"weight":0,"dead_end":true,"group":0,"treasure":null,"fall":""},{"name":"Hiba","count":5,"weight":0,"dead_end":false,"group":5,"treasure":null,"fall":""},{"name":"ElecHiba","count":5,"weight":0,"dead_end":false,"group":5,"treasure":null,"fall":""},{"name":"BombSarai","count":1,"weight":0,"dead_end":false,"group":0,"treasure":null,"fall":""},{"name":"BombSarai","count":1,"weight":0,"dead_end":false,"group":1,"treasure":null,"fall":""},{"name":"FireChappy","count":1,"weight":0,"dead_end":false,"group":1,"treasure":"futa_a_gold","fall":""},{"name":"FireChappy","count":1,"weight":0,"dead_end":false,"group":1,"treasure":"futa_a_gold","fall":""},{"name":"FireChappy","count":1,"weight":0,"dead_end":false,"group":1,"treasure":"futa_a_gold","fall":""},{"name":"Sarai","count":1,"weight":0,"dead_end":false,"group":1,"treasure":"kouseki_suisyou","fall":""},{"name":"Sarai","count":1,"weight":0,"dead_end":false,"group":1,"treasure":"kouseki_suisyou","fall":""},{"name":"Sarai","count":1,"weight":0,"dead_end":false,"group":0,"treasure":"kouseki_suisyou","fall":""}],"treasures":[{"name":"flask","count":1,"weight":0},{"name":"apple","count":1,"weight":0},{"name":"sinjyu","count":1,"weight":0}],"gates":[]}],"content":null}