{"sublevels":[{"name":"Sublevel 1 - Sublevel 1","properties":{"unit":"2_ABE_d_dry_tile.txt","max_rooms":3,"light":"normal_light_cha.ini","music":"cavetile_00_0.cnd","skybox":"none","corridor":0.125,"caps":100,"timer":99999,"geyser":false,"clogged":false,"echo":0,"plane":false,"seesaw":false,"version":1,"max_entities":null,"max_trasures":null,"max_gates":null},"entities":[{"name":"Catfish","count":12,"weight":0,"dead_end":false,"group":0,"treasure":null,"fall":""},{"name":"UmiMushiBlind","count":2,"weight":0,"dead_end":false,"group":1,"treasure":null,"fall":""},{"name":"UmiMushiBlind","count":1,"weight":0,"dead_end":false,"group":1,"treasure":"otama","fall":""},{"name":"Fkabuto","count":5,"weight":0,"dead_end":false,"group":5,"treasure":null,"fall":""}],"treasures":[],"gates":[]},{"name":"Sublevel 2 - Sublevel 2","properties":{"unit":"2_MAT_tak22_nor22_tile.txt","max_rooms":5,"light":"normal_light_lv0.ini","music":"cavetile_00_0.cnd","skybox":"none","corridor":0.125,"caps":100,"timer":99999,"geyser":false,"clogged":true,"echo":0,"plane":false,"seesaw":false,"version":1,"max_entities":null,"max_trasures":null,"max_gates":null},"entities":[{"name":"GasOtakara","count":13,"weight":0,"dead_end":false,"group":0,"treasure":null,"fall":""},{"name":"GasHiba","count":15,"weight":0,"dead_end":false,"group":5,"treasure":null,"fall":""},{"name":"Chappy","count":7,"weight":0,"dead_end":false,"group":1,"treasure":null,"fall":""},{"name":"Chappy","count":1,"weight":0,"dead_end":false,"group":1,"treasure":"denchi_2_black","fall":""},{"name":"Kochappy","count":16,"weight":0,"dead_end":false,"group":1,"treasure":null,"fall":""},{"name":"Rock","count":11,"weight":0,"dead_end":false,"group":5,"treasure":null,"fall":"$2"}],"treasures":[{"name":"toy_dog","count":1,"weight":0}],"gates":[{"word":"gate","health":7500,"weight":1}]},{"name":"Sublevel 3 - Sublevel 3","properties":{"unit":"3_units_a_l_yuko_tile.txt","max_rooms":4,"light":"bluefog00.ini","music":"new_05_0.cnd","skybox":"none","corridor":0.105,"caps":100,"timer":99999,"geyser":false,"clogged":false,"echo":0,"plane":false,"seesaw":false,"version":1,"max_entities":null,"max_trasures":null,"max_gates":null},"entities":[{"name":"Tank","count":11,"weight":0,"dead_end":false,"group":0,"treasure":null,"fall":""},{"name":"Wtank","count":11,"weight":0,"dead_end":false,"group":1,"treasure":null,"fall":""},{"name":"Fkabuto","count":6,"weight":0,"dead_end":true,"group":0,"treasure":null,"fall":""},{"name":"Fkabuto","count":1,"weight":0,"dead_end":true,"group":0,"treasure":"compact_make","fall":""},{"name":"UjiB","count":18,"weight":0,"dead_end":false,"group":6,"treasure":null,"fall":""},{"name":"Hiba","count":16,"weight":0,"dead_end":false,"group":5,"treasure":null,"fall":""}],"treasures":[{"name":"futa_a_gold","count":1,"weight":0}],"gates":[{"word":"gate","health":2500,"weight":1},{"word":"gate","health":2500,"weight":1},{"word":"gate","health":2500,"weight":1},{"word":"gate","health":2500,"weight":1}]},{"name":"Sublevel 4 - Sublevel 4","properties":{"unit":"1_units_bunki_2_tile.txt","max_rooms":1,"light":"toy_light_cha.ini","music":"","skybox":"none","corridor":0.13,"caps":100,"timer":999999,"geyser":true,"clogged":false,"echo":0,"plane":false,"seesaw":false,"version":1,"max_entities":null,"max_trasures":null,"max_gates":null},"entities":[{"name":"UmiMushi","count":1,"weight":0,"dead_end":false,"group":0,"treasure":"hotate","fall":""},{"name":"UmiMushiBlind","count":6,"weight":0,"dead_end":false,"group":1,"treasure":null,"fall":""},{"name":"Bomb","count":4,"weight":0,"dead_end":true,"group":0,"treasure":null,"fall":"$"}],"treasures":[],"gates":[{"word":"gate","health":2500,"weight":1},{"word":"gate","health":2500,"weight":1},{"word":"gate","health":2500,"weight":1},{"word":"gate","health":2500,"weight":1}]},{"name":"Sublevel 5 - Sublevel 5","properties":{"unit":"1_MIYA_big_kusachi.txt","max_rooms":4,"light":"toy_light_cha.ini","music":"new_02_0.cnd","skybox":"hiroba","corridor":0.125,"caps":100,"timer":999999,"geyser":false,"clogged":false,"echo":0,"plane":true,"seesaw":false,"version":1,"max_entities":null,"max_trasures":null,"max_gates":null},"entities":[{"name":"Hana","count":17,"weight":0,"dead_end":false,"group":0,"treasure":null,"fall":""},{"name":"UmiMushiBlind","count":6,"weight":0,"dead_end":false,"group":1,"treasure":null,"fall":""},{"name":"Jigumo","count":10,"weight":0,"dead_end":false,"group":1,"treasure":null,"fall":""},{"name":"MaroFrog","count":6,"weight":0,"dead_end":false,"group":0,"treasure":null,"fall":""},{"name":"Mar","count":4,"weight":0,"dead_end":true,"group":0,"treasure":null,"fall":"$2"},{"name":"Mar","count":1,"weight":0,"dead_end":true,"group":0,"treasure":"momiji_normal","fall":"$2"},{"name":"ElecOtakara","count":8,"weight":0,"dead_end":false,"group":6,"treasure":null,"fall":""}],"treasures":[{"name":"ichigo","count":1,"weight":0},{"name":"ichigo","count":1,"weight":0},{"name":"ichigo","count":1,"weight":0}],"gates":[]},{"name":"Sublevel 6 - Sublevel 6","properties":{"unit":"2_units_ike2_ike4_tsuchi.txt","max_rooms":4,"light":"light.ini","music":"new_06_0.cnd","skybox":"none","corridor":0.14,"caps":100,"timer":999999,"geyser":false,"clogged":true,"echo":0,"plane":false,"seesaw":false,"version":1,"max_entities":null,"max_trasures":null,"max_gates":null},"entities":[{"name":"KingChappy","count":1,"weight":0,"dead_end":false,"group":0,"treasure":"toy_lady","fall":""},{"name":"KingChappy","count":1,"weight":0,"dead_end":false,"group":0,"treasure":"kan_iwate","fall":""},{"name":"Bomb","count":23,"weight":0,"dead_end":false,"group":6,"treasure":null,"fall":""},{"name":"GasHiba","count":16,"weight":0,"dead_end":false,"group":5,"treasure":null,"fall":""},{"name":"UmiMushiBlind","count":7,"weight":0,"dead_end":false,"group":1,"treasure":null,"fall":""},{"name":"Kurage","count":3,"weight":0,"dead_end":false,"group":1,"treasure":null,"fall":""},{"name":"Kurage","count":1,"weight":0,"dead_end":false,"group":1,"treasure":"g_futa_kitaama","fall":"$"},{"name":"BluePom","count":2,"weight":0,"dead_end":true,"group":0,"treasure":null,"fall":""},{"name":"Tank","count":2,"weight":0,"dead_end":true,"group":0,"treasure":null,"fall":""}],"treasures":[{"name":"ichigo","count":1,"weight":0},{"name":"ichigo","count":1,"weight":0},{"name":"ichigo","count":1,"weight":0}],"gates":[{"word":"gate","health":4000,"weight":1},{"word":"gate","health":4000,"weight":1}]},{"name":"Sublevel 7 - Sublevel 7","properties":{"unit":"3_units_north_ud_pool_tile.txt","max_rooms":3,"light":"normal_light_lv0.ini","music":"caverelax.cnd","skybox":"none","corridor":0.13,"caps":100,"timer":99999,"geyser":true,"clogged":false,"echo":0,"plane":false,"seesaw":false,"version":1,"max_entities":null,"max_trasures":null,"max_gates":null},"entities":[{"name":"RandPom","count":2,"weight":0,"dead_end":false,"group":0,"treasure":null,"fall":""},{"name":"BlackPom","count":3,"weight":0,"dead_end":false,"group":1,"treasure":null,"fall":""},{"name":"BluePom","count":2,"weight":0,"dead_end":false,"group":5,"treasure":null,"fall":""},{"name":"YellowPom","count":2,"weight":0,"dead_end":false,"group":5,"treasure":null,"fall":""},{"name":"Egg","count":3,"weight":0,"dead_end":true,"group":0,"treasure":null,"fall":"$"},{"name":"Qurione","count":4,"weight":0,"dead_end":true,"group":0,"treasure":null,"fall":""},{"name":"LeafChappy","count":1,"weight":0,"dead_end":false,"group":6,"treasure":null,"fall":""}],"treasures":[{"name":"flower_red","count":1,"weight":0}],"gates":[]},{"name":"Sublevel 8 - Sublevel 8","properties":{"unit":"3_units_pool_nor_ujikou_tile.txt","max_rooms":4,"light":"normal_light_lv0.ini","music":"new_02_0.cnd","skybox":"none","corridor":0.125,"caps":100,"timer":99999,"geyser":false,"clogged":false,"echo":0,"plane":false,"seesaw":false,"version":1,"max_entities":null,"max_trasures":null,"max_gates":null},"entities":[{"name":"OniKurage","count":8,"weight":0,"dead_end":false,"group":0,"treasure":null,"fall":""},{"name":"Kurage","count":5,"weight":0,"dead_end":false,"group":1,"treasure":null,"fall":""},{"name":"Hiba","count":9,"weight":0,"dead_end":false,"group":5,"treasure":null,"fall":""},{"name":"ElecHiba","count":7,"weight":0,"dead_end":false,"group":5,"treasure":null,"fall":""},{"name":"ElecBug","count":13,"weight":0,"dead_end":false,"group":0,"treasure":null,"fall":""},{"name":"PanModoki","count":2,"weight":0,"dead_end":true,"group":0,"treasure":null,"fall":""},{"name":"PanHouse","count":2,"weight":0,"dead_end":false,"group":6,"treasure":null,"fall":""},{"name":"UmiMushiBlind","count":1,"weight":0,"dead_end":false,"group":1,"treasure":"ahiru","fall":""}],"treasures":[{"name":"leaf_kare","count":1,"weight":0},{"name":"leaf_kare","count":1,"weight":0}],"gates":[]},{"name":"Sublevel 9 - Sublevel 9","properties":{"unit":"1_units_dangomushi_tile.txt","max_rooms":1,"light":"bluefog00.ini","music":"","skybox":"none","corridor":0.135,"caps":100,"timer":99999,"geyser":false,"clogged":false,"echo":0,"plane":false,"seesaw":false,"version":1,"max_entities":null,"max_trasures":null,"max_gates":null},"entities":[{"name":"UmiMushi","count":1,"weight":0,"dead_end":false,"group":0,"treasure":"dia_a_blue","fall":""},{"name":"UmiMushi","count":1,"weight":0,"dead_end":false,"group":0,"treasure":"milk_cap","fall":""},{"name":"UmiMushi","count":1,"weight":0,"dead_end":false,"group":1,"treasure":"fue_wide","fall":""}],"treasures":[],"gates":[]}],"content":null}