{"sublevels":[{"name":"Sublevel 1","properties":{"unit":"vs_8_spiral_conc.txt","max_rooms":2,"light":"toy_light_lv4.ini","music":"cavemetal_10_4.cnd","skybox":"ice","corridor":0.12,"caps":50,"timer":0,"geyser":false,"clogged":false,"echo":0,"plane":false,"seesaw":false,"version":1,"max_entities":null,"max_trasures":null,"max_gates":null},"entities":[{"name":"Chappy","count":1,"weight":0,"dead_end":false,"group":1,"treasure":null,"fall":""},{"name":"YellowChappy","count":1,"weight":0,"dead_end":true,"group":0,"treasure":null,"fall":""},{"name":"UjiA","count":5,"weight":0,"dead_end":false,"group":0,"treasure":null,"fall":""},{"name":"Wealthy","count":1,"weight":0,"dead_end":false,"group":0,"treasure":"key","fall":""},{"name":"UjiB","count":5,"weight":0,"dead_end":false,"group":1,"treasure":null,"fall":""},{"name":"TamagoMushi","count":1,"weight":0,"dead_end":false,"group":1,"treasure":null,"fall":""},{"name":"Chiyogami","count":5,"weight":0,"dead_end":false,"group":0,"treasure":null,"fall":""},{"name":"ShijimiChou","count":50,"weight":0,"dead_end":false,"group":0,"treasure":null,"fall":""}],"treasures":[],"gates":[]},{"name":"Sublevel 2","properties":{"unit":"1_ABE_king_tsuchi.txt","max_rooms":1,"light":"normal_light_lv1.ini","music":"caveconc_00_1.cnd","skybox":"test","corridor":0.12,"caps":50,"timer":0,"geyser":false,"clogged":false,"echo":0,"plane":false,"seesaw":false,"version":1,"max_entities":null,"max_trasures":null,"max_gates":null},"entities":[{"name":"Watage","count":10,"weight":0,"dead_end":false,"group":1,"treasure":null,"fall":""},{"name":"LeafChappy","count":1,"weight":0,"dead_end":false,"group":0,"treasure":"key","fall":""}],"treasures":[],"gates":[]},{"name":"Sublevel 3","properties":{"unit":"1_ABE_vshit67_toy.txt","max_rooms":1,"light":"vs_10_light.ini","music":"cavesoil_00_2.cnd","skybox":"flooring","corridor":0.12,"caps":50,"timer":0,"geyser":false,"clogged":false,"echo":0,"plane":true,"seesaw":false,"version":1,"max_entities":null,"max_trasures":null,"max_gates":null},"entities":[{"name":"UjiA","count":1,"weight":0,"dead_end":false,"group":0,"treasure":"key","fall":""}],"treasures":[],"gates":[]},{"name":"Sublevel 4","properties":{"unit":"vs_7_kusachi.txt","max_rooms":1,"light":"vs_10_light.ini","music":"new_08_1.cnd","skybox":"hiroba","corridor":0.12,"caps":50,"timer":0,"geyser":false,"clogged":false,"echo":0,"plane":true,"seesaw":false,"version":1,"max_entities":null,"max_trasures":null,"max_gates":null},"entities":[],"treasures":[{"name":"cookie_u","count":1,"weight":0},{"name":"key","count":1,"weight":0}],"gates":[{"word":"gate","health":1000,"weight":1},{"word":"gate","health":1000,"weight":1},{"word":"gate","health":800,"weight":1},{"word":"gate","health":0,"weight":1},{"word":"gate","health":0,"weight":1}]},{"name":"Sublevel 5","properties":{"unit":"1_units_manh_boss_conc.txt","max_rooms":1,"light":"toy_light_lv4.ini","music":"cavetsumiki_00_0.cnd","skybox":"none","corridor":0.12,"caps":50,"timer":0,"geyser":false,"clogged":false,"echo":0,"plane":false,"seesaw":false,"version":1,"max_entities":null,"max_trasures":null,"max_gates":null},"entities":[{"name":"BigFoot","count":1,"weight":0,"dead_end":false,"group":1,"treasure":"key","fall":""}],"treasures":[],"gates":[]}],"content":null}