{"sublevels":[{"name":"Sublevel 1 - Unfriendly Entrance","properties":{"unit":"1_units_a_conc.txt","max_rooms":3,"light":"normal_light_lv0.ini","music":"caveconc_10_0.cnd","skybox":"none","corridor":0.12,"caps":80,"timer":0,"geyser":false,"clogged":true,"echo":0,"plane":false,"seesaw":false,"version":1,"max_entities":null,"max_trasures":null,"max_gates":null},"entities":[{"name":"Zenmai","count":10,"weight":0,"dead_end":false,"group":6,"treasure":null,"fall":""},{"name":"RedPom","count":1,"weight":0,"dead_end":true,"group":0,"treasure":null,"fall":""},{"name":"KumaKochappy","count":3,"weight":0,"dead_end":false,"group":0,"treasure":"cookie","fall":""},{"name":"KumaKochappy","count":3,"weight":0,"dead_end":false,"group":0,"treasure":"cookie","fall":""},{"name":"KumaKochappy","count":3,"weight":0,"dead_end":false,"group":0,"treasure":"cookie","fall":""},{"name":"KumaKochappy","count":3,"weight":0,"dead_end":false,"group":0,"treasure":"cookie","fall":""},{"name":"UjiB","count":4,"weight":0,"dead_end":false,"group":5,"treasure":null,"fall":""},{"name":"UjiB","count":1,"weight":0,"dead_end":false,"group":5,"treasure":"key","fall":""},{"name":"UjiB","count":4,"weight":0,"dead_end":false,"group":5,"treasure":null,"fall":""}],"treasures":[{"name":"milk_cap","count":1,"weight":0},{"name":"denchi_2_red","count":1,"weight":0},{"name":"g_futa_kyosin","count":1,"weight":0},{"name":"fire_helmet","count":1,"weight":0}],"gates":[]},{"name":"Sublevel 2 - Prowl of the Hunters","properties":{"unit":"3_MAT_d_i_m_conc.txt","max_rooms":3,"light":"normal_light_lv0.ini","music":"caveconc_00_0.cnd","skybox":"none","corridor":0.0,"caps":70,"timer":0,"geyser":false,"clogged":false,"echo":0,"plane":false,"seesaw":false,"version":1,"max_entities":null,"max_trasures":null,"max_gates":null},"entities":[{"name":"KumaChappy","count":1,"weight":0,"dead_end":false,"group":1,"treasure":"ahiru","fall":""},{"name":"KumaKochappy","count":5,"weight":0,"dead_end":false,"group":0,"treasure":null,"fall":""},{"name":"KumaKochappy","count":1,"weight":0,"dead_end":false,"group":0,"treasure":"key","fall":""},{"name":"KumaKochappy","count":5,"weight":0,"dead_end":false,"group":0,"treasure":null,"fall":""},{"name":"KumaKochappy","count":1,"weight":0,"dead_end":false,"group":0,"treasure":"futa_a_gold","fall":""},{"name":"Hanachirashi","count":1,"weight":0,"dead_end":false,"group":1,"treasure":"bane_blue","fall":""},{"name":"Hanachirashi","count":1,"weight":0,"dead_end":false,"group":1,"treasure":"toy_cat","fall":""},{"name":"Sokkuri","count":8,"weight":0,"dead_end":false,"group":6,"treasure":null,"fall":""},{"name":"Egg","count":2,"weight":0,"dead_end":true,"group":0,"treasure":null,"fall":"$"},{"name":"Zenmai","count":7,"weight":0,"dead_end":false,"group":6,"treasure":null,"fall":""},{"name":"LeafChappy","count":1,"weight":0,"dead_end":false,"group":1,"treasure":"momiji_normal","fall":""},{"name":"LeafChappy","count":1,"weight":0,"dead_end":false,"group":1,"treasure":"flower_blue","fall":""}],"treasures":[{"name":"donutschoco","count":1,"weight":0},{"name":"donutschoco","count":1,"weight":0},{"name":"donutsichigo","count":1,"weight":0},{"name":"donutsichigo","count":1,"weight":0}],"gates":[]},{"name":"Sublevel 3 - A Dark World, Lit by Fire","properties":{"unit":"4_MAT_c_d_k_n_conc.txt","max_rooms":4,"light":"forest_3_light.ini","music":"cavesoil_05_0.cnd","skybox":"none","corridor":0.05,"caps":50,"timer":0,"geyser":false,"clogged":true,"echo":0,"plane":false,"seesaw":false,"version":1,"max_entities":null,"max_trasures":null,"max_gates":null},"entities":[{"name":"KumaChappy","count":1,"weight":0,"dead_end":false,"group":1,"treasure":"silver_medal","fall":""},{"name":"KumaChappy","count":1,"weight":0,"dead_end":false,"group":1,"treasure":"key","fall":""},{"name":"KumaKochappy","count":10,"weight":0,"dead_end":false,"group":0,"treasure":null,"fall":""},{"name":"KumaKochappy","count":10,"weight":0,"dead_end":false,"group":0,"treasure":null,"fall":""},{"name":"LeafChappy","count":1,"weight":0,"dead_end":false,"group":1,"treasure":"matu_bokkuri","fall":""},{"name":"Zenmai","count":10,"weight":0,"dead_end":false,"group":6,"treasure":null,"fall":""},{"name":"Hiba","count":5,"weight":0,"dead_end":false,"group":6,"treasure":null,"fall":""},{"name":"Hiba","count":10,"weight":0,"dead_end":false,"group":5,"treasure":null,"fall":""},{"name":"Tank","count":4,"weight":0,"dead_end":true,"group":0,"treasure":null,"fall":"$"}],"treasures":[{"name":"kinoko_doku","count":1,"weight":0},{"name":"kinoko","count":1,"weight":0},{"name":"kinoko_tubu","count":1,"weight":0},{"name":"haniwa","count":1,"weight":0}],"gates":[]},{"name":"Sublevel 4 - Brief Rest before the Storm","properties":{"unit":"1_units_spiral_conc.txt","max_rooms":1,"light":"sirohana_light_lv0.ini","music":"caverelax.cnd","skybox":"hiroba","corridor":0.0,"caps":100,"timer":0,"geyser":false,"clogged":false,"echo":0,"plane":false,"seesaw":false,"version":1,"max_entities":null,"max_trasures":null,"max_gates":null},"entities":[{"name":"RandPom","count":1,"weight":0,"dead_end":true,"group":0,"treasure":null,"fall":""},{"name":"WhitePom","count":2,"weight":0,"dead_end":true,"group":0,"treasure":null,"fall":""},{"name":"BlackPom","count":1,"weight":0,"dead_end":true,"group":0,"treasure":null,"fall":""},{"name":"Wealthy","count":1,"weight":0,"dead_end":false,"group":0,"treasure":null,"fall":""},{"name":"Wealthy","count":1,"weight":0,"dead_end":false,"group":0,"treasure":"key","fall":""},{"name":"Egg","count":1,"weight":0,"dead_end":false,"group":1,"treasure":null,"fall":""},{"name":"Egg","count":1,"weight":0,"dead_end":false,"group":1,"treasure":null,"fall":""},{"name":"Egg","count":1,"weight":0,"dead_end":false,"group":1,"treasure":null,"fall":""}],"treasures":[],"gates":[]},{"name":"Sublevel 5 - Many Roaming","properties":{"unit":"2_MAT_cent_mid2_tsuchi.txt","max_rooms":4,"light":"toy_light_cha.ini","music":"new_05_0.cnd","skybox":"none","corridor":0.0,"caps":70,"timer":0,"geyser":false,"clogged":true,"echo":0,"plane":false,"seesaw":false,"version":1,"max_entities":null,"max_trasures":null,"max_gates":null},"entities":[{"name":"Armor","count":2,"weight":0,"dead_end":false,"group":5,"treasure":null,"fall":""},{"name":"Armor","count":2,"weight":0,"dead_end":false,"group":5,"treasure":null,"fall":""},{"name":"Armor","count":2,"weight":0,"dead_end":false,"group":5,"treasure":null,"fall":""},{"name":"Armor","count":2,"weight":0,"dead_end":false,"group":5,"treasure":null,"fall":""},{"name":"KumaChappy","count":1,"weight":0,"dead_end":false,"group":1,"treasure":"be_dama_blue_l","fall":""},{"name":"KumaChappy","count":1,"weight":0,"dead_end":false,"group":1,"treasure":"be_dama_yellow_l","fall":""},{"name":"KumaChappy","count":1,"weight":0,"dead_end":false,"group":1,"treasure":"key","fall":""},{"name":"KumaChappy","count":1,"weight":0,"dead_end":false,"group":1,"treasure":"be_dama_red_l","fall":""},{"name":"Zenmai","count":12,"weight":0,"dead_end":false,"group":6,"treasure":null,"fall":""},{"name":"ShijimiChou","count":1,"weight":0,"dead_end":false,"group":0,"treasure":null,"fall":""}],"treasures":[{"name":"castanets","count":1,"weight":0},{"name":"nut_l","count":1,"weight":0},{"name":"cookie_s_l","count":1,"weight":0}],"gates":[]},{"name":"Sublevel 6 - Hunters of Steel","properties":{"unit":"2_ABE_nor1_cen2_metal.txt","max_rooms":4,"light":"metal_light_lv4.ini","music":"new_01_0.cnd","skybox":"ice","corridor":0.0,"caps":50,"timer":0,"geyser":false,"clogged":true,"echo":0,"plane":false,"seesaw":false,"version":1,"max_entities":null,"max_trasures":null,"max_gates":null},"entities":[{"name":"BombSarai","count":8,"weight":0,"dead_end":false,"group":5,"treasure":null,"fall":""},{"name":"MiniHoudai","count":1,"weight":0,"dead_end":false,"group":1,"treasure":"bey_goma","fall":""},{"name":"MiniHoudai","count":1,"weight":0,"dead_end":false,"group":1,"treasure":"bey_goma","fall":""},{"name":"MiniHoudai","count":1,"weight":0,"dead_end":false,"group":1,"treasure":"bey_goma","fall":""},{"name":"FminiHoudai","count":1,"weight":0,"dead_end":false,"group":1,"treasure":"kan_b_silver","fall":""},{"name":"MiniHoudai","count":1,"weight":0,"dead_end":false,"group":1,"treasure":"key","fall":""},{"name":"ElecHiba","count":3,"weight":0,"dead_end":false,"group":0,"treasure":null,"fall":""},{"name":"ElecHiba","count":3,"weight":0,"dead_end":false,"group":0,"treasure":null,"fall":""},{"name":"ElecHiba","count":3,"weight":0,"dead_end":false,"group":0,"treasure":null,"fall":""},{"name":"ElecHiba","count":3,"weight":0,"dead_end":false,"group":0,"treasure":null,"fall":""},{"name":"ElecHiba","count":3,"weight":0,"dead_end":false,"group":0,"treasure":null,"fall":""},{"name":"Bomb","count":1,"weight":0,"dead_end":true,"group":0,"treasure":null,"fall":""},{"name":"DaiodoRed","count":4,"weight":0,"dead_end":false,"group":6,"treasure":null,"fall":""},{"name":"DaiodoGreen","count":4,"weight":0,"dead_end":false,"group":6,"treasure":null,"fall":""}],"treasures":[{"name":"toy_ring_c_green","count":1,"weight":0},{"name":"mojiban","count":1,"weight":0},{"name":"sinkukan_c","count":1,"weight":0},{"name":"bane","count":1,"weight":0}],"gates":[]},{"name":"Sublevel 7 - Babies Falling from the Sky","properties":{"unit":"3_units_mid2_hit6_hit7_metal.txt","max_rooms":3,"light":"normal_light_lv0.ini","music":"cavemetal_00_4.cnd","skybox":"none","corridor":0.02,"caps":69,"timer":0,"geyser":false,"clogged":false,"echo":0,"plane":false,"seesaw":false,"version":1,"max_entities":null,"max_trasures":null,"max_gates":null},"entities":[{"name":"HikariKinoko","count":19,"weight":0,"dead_end":false,"group":5,"treasure":null,"fall":""},{"name":"KingChappy","count":1,"weight":0,"dead_end":false,"group":1,"treasure":"key","fall":""},{"name":"Baby","count":20,"weight":0,"dead_end":false,"group":6,"treasure":null,"fall":"$"},{"name":"KumaChappy","count":1,"weight":0,"dead_end":false,"group":1,"treasure":"watch","fall":""},{"name":"KumaChappy","count":1,"weight":0,"dead_end":false,"group":1,"treasure":"robot_head","fall":""},{"name":"Baby","count":10,"weight":0,"dead_end":false,"group":1,"treasure":null,"fall":"$"},{"name":"KumaKochappy","count":5,"weight":0,"dead_end":false,"group":0,"treasure":null,"fall":""},{"name":"MaroFrog","count":1,"weight":0,"dead_end":false,"group":0,"treasure":null,"fall":""},{"name":"KumaKochappy","count":5,"weight":0,"dead_end":false,"group":0,"treasure":null,"fall":""},{"name":"Baby","count":10,"weight":0,"dead_end":false,"group":0,"treasure":null,"fall":"$"}],"treasures":[{"name":"locket","count":1,"weight":0},{"name":"cookie_u","count":1,"weight":0},{"name":"flower_red","count":1,"weight":0},{"name":"flask","count":1,"weight":0}],"gates":[]},{"name":"Sublevel 8 - Point of No Return","properties":{"unit":"2_units_small2_mid2_toy.txt","max_rooms":3,"light":"normal_light_lv0.ini","music":"cavetsumiki_00_0.cnd","skybox":"none","corridor":0.12,"caps":50,"timer":0,"geyser":false,"clogged":true,"echo":0,"plane":true,"seesaw":false,"version":1,"max_entities":null,"max_trasures":null,"max_gates":null},"entities":[{"name":"BlueChappy","count":1,"weight":0,"dead_end":false,"group":5,"treasure":null,"fall":"$"},{"name":"BlueChappy","count":1,"weight":0,"dead_end":false,"group":5,"treasure":null,"fall":"$"},{"name":"BlueChappy","count":1,"weight":0,"dead_end":false,"group":5,"treasure":null,"fall":"$"},{"name":"KumaChappy","count":1,"weight":0,"dead_end":false,"group":1,"treasure":"key","fall":""},{"name":"Fkabuto","count":1,"weight":0,"dead_end":false,"group":1,"treasure":"g_futa_kajiwara","fall":""},{"name":"Fkabuto","count":1,"weight":0,"dead_end":false,"group":1,"treasure":"g_futa_kajiwara","fall":""},{"name":"KumaKochappy","count":2,"weight":0,"dead_end":false,"group":0,"treasure":null,"fall":""},{"name":"KumaKochappy","count":2,"weight":0,"dead_end":false,"group":0,"treasure":null,"fall":""},{"name":"KumaKochappy","count":2,"weight":0,"dead_end":false,"group":0,"treasure":null,"fall":""},{"name":"KumaKochappy","count":2,"weight":0,"dead_end":false,"group":0,"treasure":null,"fall":""},{"name":"KumaKochappy","count":2,"weight":0,"dead_end":false,"group":0,"treasure":null,"fall":""},{"name":"BlueKochappy","count":2,"weight":0,"dead_end":false,"group":0,"treasure":null,"fall":"$"},{"name":"KumaKochappy","count":2,"weight":0,"dead_end":false,"group":0,"treasure":null,"fall":""},{"name":"BlueKochappy","count":2,"weight":0,"dead_end":false,"group":0,"treasure":null,"fall":"$"},{"name":"BlueKochappy","count":2,"weight":0,"dead_end":false,"group":0,"treasure":null,"fall":"$"},{"name":"BlueKochappy","count":2,"weight":0,"dead_end":false,"group":0,"treasure":null,"fall":"$"},{"name":"BlueKochappy","count":2,"weight":0,"dead_end":false,"group":0,"treasure":null,"fall":"$"},{"name":"TamagoMushi","count":4,"weight":0,"dead_end":false,"group":6,"treasure":null,"fall":""}],"treasures":[{"name":"creap","count":1,"weight":0},{"name":"bell_blue","count":1,"weight":0},{"name":"kan_b_gold","count":1,"weight":0},{"name":"kan_iwate","count":1,"weight":0}],"gates":[]},{"name":"Sublevel 9 - Not Quite a Rest Level","properties":{"unit":"1_ABE_mid1_tsuchi.txt","max_rooms":1,"light":"forest_3_light.ini","music":"cavesoil_00_4.cnd","skybox":"build","corridor":0.12,"caps":50,"timer":20,"geyser":false,"clogged":false,"echo":0,"plane":true,"seesaw":false,"version":1,"max_entities":null,"max_trasures":null,"max_gates":null},"entities":[{"name":"BlackMan","count":1,"weight":0,"dead_end":false,"group":1,"treasure":"halloween","fall":""},{"name":"KumaChappy","count":1,"weight":0,"dead_end":true,"group":0,"treasure":"key","fall":"$2"},{"name":"KumaKochappy","count":8,"weight":0,"dead_end":false,"group":0,"treasure":null,"fall":""},{"name":"RandPom","count":2,"weight":0,"dead_end":true,"group":0,"treasure":null,"fall":""},{"name":"BlackPom","count":1,"weight":0,"dead_end":true,"group":0,"treasure":null,"fall":""},{"name":"ElecHiba","count":2,"weight":0,"dead_end":false,"group":5,"treasure":null,"fall":""},{"name":"Hiba","count":2,"weight":0,"dead_end":false,"group":5,"treasure":null,"fall":""},{"name":"GasHiba","count":2,"weight":0,"dead_end":false,"group":5,"treasure":null,"fall":""},{"name":"Fart","count":1,"weight":0,"dead_end":true,"group":0,"treasure":null,"fall":""},{"name":"Egg","count":3,"weight":0,"dead_end":true,"group":0,"treasure":null,"fall":"$"},{"name":"Watage","count":8,"weight":0,"dead_end":false,"group":6,"treasure":null,"fall":"$"}],"treasures":[],"gates":[]},{"name":"Sublevel 10 - Audience with the Queen","properties":{"unit":"1_units_houdai2_metal.txt","max_rooms":1,"light":"houdai_light.ini","music":"new_06_0.cnd","skybox":"none","corridor":0.0,"caps":100,"timer":0,"geyser":false,"clogged":false,"echo":0,"plane":false,"seesaw":false,"version":1,"max_entities":null,"max_trasures":null,"max_gates":null},"entities":[{"name":"Queen","count":1,"weight":0,"dead_end":false,"group":1,"treasure":"key","fall":""},{"name":"Baby","count":10,"weight":0,"dead_end":false,"group":6,"treasure":null,"fall":""},{"name":"BluePom","count":3,"weight":0,"dead_end":true,"group":0,"treasure":null,"fall":""},{"name":"KumaChappy","count":1,"weight":0,"dead_end":false,"group":0,"treasure":null,"fall":""},{"name":"KumaChappy","count":1,"weight":0,"dead_end":false,"group":0,"treasure":null,"fall":""},{"name":"KumaKochappy","count":8,"weight":0,"dead_end":false,"group":5,"treasure":null,"fall":""}],"treasures":[{"name":"map01","count":1,"weight":0},{"name":"bolt_l","count":1,"weight":0},{"name":"bell_red","count":1,"weight":0}],"gates":[]}],"content":null}