{"sublevels":[{"name":"Sublevel 1","properties":{"unit":"1_NARI_4x4b_conc.txt","max_rooms":3,"light":"normal_light_lv0.ini","music":"caveconc_10_1.cnd","skybox":"none","corridor":0.2,"caps":35,"timer":0,"geyser":false,"clogged":false,"echo":0,"plane":false,"seesaw":false,"version":1,"max_entities":null,"max_trasures":null,"max_gates":null},"entities":[{"name":"KumaChappy","count":3,"weight":0,"dead_end":false,"group":0,"treasure":null,"fall":""},{"name":"KumaKochappy","count":20,"weight":0,"dead_end":false,"group":0,"treasure":null,"fall":""},{"name":"KumaKochappy","count":20,"weight":0,"dead_end":false,"group":1,"treasure":null,"fall":""},{"name":"Rock","count":20,"weight":0,"dead_end":true,"group":0,"treasure":null,"fall":""}],"treasures":[{"name":"key","count":1,"weight":0}],"gates":[]},{"name":"Sublevel 2","properties":{"unit":"1_units_big2_kusachi.txt","max_rooms":3,"light":"normal_light_lv0.ini","music":"cavesoil_00_0.cnd","skybox":"none","corridor":0.2,"caps":40,"timer":0,"geyser":false,"clogged":false,"echo":0,"plane":false,"seesaw":false,"version":1,"max_entities":null,"max_trasures":null,"max_gates":null},"entities":[{"name":"Rock","count":20,"weight":0,"dead_end":true,"group":0,"treasure":null,"fall":""},{"name":"Rock","count":20,"weight":0,"dead_end":false,"group":0,"treasure":null,"fall":""},{"name":"Rock","count":20,"weight":0,"dead_end":false,"group":1,"treasure":null,"fall":""},{"name":"DangoMushi","count":3,"weight":0,"dead_end":false,"group":0,"treasure":null,"fall":""},{"name":"DangoMushi","count":2,"weight":0,"dead_end":false,"group":1,"treasure":null,"fall":""}],"treasures":[{"name":"key","count":1,"weight":0}],"gates":[]},{"name":"Sublevel 3","properties":{"unit":"1_units_spiral_conc.txt","max_rooms":3,"light":"normal_light_lv0.ini","music":"","skybox":"none","corridor":0.2,"caps":50,"timer":0,"geyser":false,"clogged":false,"echo":0,"plane":false,"seesaw":false,"version":1,"max_entities":null,"max_trasures":null,"max_gates":null},"entities":[{"name":"BlackMan","count":3,"weight":0,"dead_end":false,"group":0,"treasure":null,"fall":""}],"treasures":[{"name":"key","count":1,"weight":0}],"gates":[]}],"content":null}