{"sublevels":[{"name":"Sublevel 1","properties":{"unit":"1_ABE_mid1_boss_tsuchi.txt","max_rooms":1,"light":"normal_light_lv0.ini","music":"cavesoil_10_0.cnd","skybox":"none","corridor":0.0,"caps":50,"timer":0,"geyser":false,"clogged":false,"echo":0,"plane":false,"seesaw":false,"version":1,"max_entities":null,"max_trasures":null,"max_gates":null},"entities":[{"name":"BigFoot","count":1,"weight":0,"dead_end":false,"group":0,"treasure":"fue_wide","fall":""},{"name":"BigFoot","count":1,"weight":0,"dead_end":false,"group":0,"treasure":"key","fall":""}],"treasures":[{"name":"fire_helmet","count":1,"weight":0},{"name":"dia_a_blue","count":1,"weight":0},{"name":"donutschoco_s","count":1,"weight":0},{"name":"bane","count":1,"weight":0}],"gates":[]}],"content":null}