{"sublevels":[{"name":"Sublevel 1","properties":{"unit":"2_ABE_nor1_cen2_metal.txt","max_rooms":3,"light":"normal_light_lv0.ini","music":"cavemetal_00_1.cnd","skybox":"none","corridor":0.12,"caps":50,"timer":0,"geyser":false,"clogged":false,"echo":0,"plane":false,"seesaw":false,"version":1,"max_entities":null,"max_trasures":null,"max_gates":null},"entities":[{"name":"KumaKochappy","count":7,"weight":0,"dead_end":false,"group":0,"treasure":"cookie","fall":""},{"name":"Tobi","count":3,"weight":0,"dead_end":false,"group":5,"treasure":"flower_blue","fall":""},{"name":"BombSarai","count":4,"weight":0,"dead_end":false,"group":1,"treasure":"juji_key_fc","fall":""},{"name":"Fkabuto","count":1,"weight":0,"dead_end":false,"group":1,"treasure":"key","fall":""}],"treasures":[{"name":"turi_uki","count":1,"weight":0}],"gates":[]},{"name":"Sublevel 2","properties":{"unit":"3_ABE_cent_4x4_mid1_metal.txt","max_rooms":3,"light":"normal_light_lv0.ini","music":"cavemetal_10_0.cnd","skybox":"none","corridor":0.12,"caps":50,"timer":0,"geyser":false,"clogged":false,"echo":0,"plane":false,"seesaw":false,"version":1,"max_entities":null,"max_trasures":null,"max_gates":null},"entities":[{"name":"KumaChappy","count":1,"weight":0,"dead_end":false,"group":1,"treasure":"key","fall":""},{"name":"KumaChappy","count":1,"weight":0,"dead_end":false,"group":0,"treasure":"toy_dog","fall":""},{"name":"KumaChappy","count":1,"weight":0,"dead_end":false,"group":0,"treasure":"toy_ring_b_green","fall":""},{"name":"KumaChappy","count":1,"weight":0,"dead_end":false,"group":1,"treasure":"dia_b_red","fall":""},{"name":"BlueKochappy","count":5,"weight":0,"dead_end":false,"group":0,"treasure":"be_dama_blue","fall":""},{"name":"BlueKochappy","count":5,"weight":0,"dead_end":false,"group":1,"treasure":"be_dama_blue","fall":""},{"name":"BlueKochappy","count":5,"weight":0,"dead_end":false,"group":5,"treasure":"be_dama_blue","fall":""}],"treasures":[{"name":"donguri","count":1,"weight":0},{"name":"toy_lady","count":1,"weight":0},{"name":"dia_c_blue","count":1,"weight":0}],"gates":[]},{"name":"Sublevel 3","properties":{"unit":"1_units_houdai2_metal.txt","max_rooms":1,"light":"normal_light_lv0.ini","music":"cavemetal_05_0.cnd","skybox":"none","corridor":0.0,"caps":50,"timer":0,"geyser":false,"clogged":false,"echo":0,"plane":false,"seesaw":false,"version":1,"max_entities":null,"max_trasures":null,"max_gates":null},"entities":[{"name":"Damagumo","count":1,"weight":0,"dead_end":false,"group":0,"treasure":"key","fall":""},{"name":"Fkabuto","count":3,"weight":0,"dead_end":true,"group":0,"treasure":"ichigo","fall":""}],"treasures":[{"name":"j_block_white","count":1,"weight":0}],"gates":[]},{"name":"Sublevel 4","properties":{"unit":"4_units_mid1_cent_hit3_hit4_metal.txt","max_rooms":4,"light":"normal_light_lv0.ini","music":"cavemetal_10_0.cnd","skybox":"none","corridor":0.01,"caps":50,"timer":0,"geyser":false,"clogged":false,"echo":0,"plane":false,"seesaw":false,"version":1,"max_entities":null,"max_trasures":null,"max_gates":null},"entities":[{"name":"Mar","count":3,"weight":0,"dead_end":false,"group":0,"treasure":"futa_a_silver","fall":""},{"name":"Rkabuto","count":2,"weight":0,"dead_end":false,"group":1,"treasure":"ichigo","fall":""},{"name":"Catfish","count":6,"weight":0,"dead_end":false,"group":5,"treasure":"be_dama_yellow","fall":"$"},{"name":"BombSarai","count":2,"weight":0,"dead_end":false,"group":0,"treasure":"dia_b_red","fall":""},{"name":"MiniHoudai","count":1,"weight":0,"dead_end":false,"group":1,"treasure":"key","fall":""}],"treasures":[{"name":"denchi_1_black","count":1,"weight":0},{"name":"g_futa_kajiwara","count":1,"weight":0},{"name":"bell_blue","count":1,"weight":0}],"gates":[]},{"name":"Sublevel 5","properties":{"unit":"1_units_houdai_metal.txt","max_rooms":1,"light":"normal_light_lv0.ini","music":"cavemetal_00_0.cnd","skybox":"none","corridor":0.0,"caps":50,"timer":0,"geyser":false,"clogged":false,"echo":0,"plane":false,"seesaw":false,"version":1,"max_entities":null,"max_trasures":null,"max_gates":null},"entities":[{"name":"MiniHoudai","count":1,"weight":0,"dead_end":false,"group":0,"treasure":"key","fall":""},{"name":"MiniHoudai","count":2,"weight":0,"dead_end":false,"group":0,"treasure":"diamond_blue_l","fall":""},{"name":"MiniHoudai","count":3,"weight":0,"dead_end":false,"group":1,"treasure":"diamond_blue_l","fall":""}],"treasures":[],"gates":[]}],"content":null}