{"sublevels":[{"name":"Sublevel 1","properties":{"unit":"3_MAT_ike3_mid2_sak1_snow.txt","max_rooms":3,"light":"forest_2_siro_light.ini","music":"new_00_1.cnd","skybox":"none","corridor":0.1,"caps":50,"timer":0,"geyser":false,"clogged":false,"echo":0,"plane":false,"seesaw":false,"version":1,"max_entities":null,"max_trasures":null,"max_gates":null},"entities":[{"name":"YellowKochappy","count":1,"weight":0,"dead_end":false,"group":0,"treasure":"flower_red","fall":""},{"name":"YellowKochappy","count":3,"weight":0,"dead_end":false,"group":1,"treasure":"flower_red","fall":""},{"name":"HikariKinoko","count":3,"weight":0,"dead_end":false,"group":6,"treasure":null,"fall":""},{"name":"Ooinu_l","count":2,"weight":0,"dead_end":false,"group":6,"treasure":null,"fall":""},{"name":"KareOoinu_s","count":1,"weight":0,"dead_end":false,"group":6,"treasure":null,"fall":""},{"name":"ElecHiba","count":2,"weight":0,"dead_end":false,"group":5,"treasure":null,"fall":""},{"name":"GasHiba","count":3,"weight":0,"dead_end":false,"group":5,"treasure":null,"fall":""},{"name":"Kurage","count":1,"weight":0,"dead_end":false,"group":1,"treasure":"toy_ring_c_blue","fall":""},{"name":"YellowChappy","count":1,"weight":0,"dead_end":false,"group":0,"treasure":"bell_red","fall":""},{"name":"YellowChappy","count":1,"weight":0,"dead_end":false,"group":1,"treasure":"bell_red","fall":""},{"name":"Fart","count":1,"weight":0,"dead_end":false,"group":1,"treasure":null,"fall":""},{"name":"Fart","count":1,"weight":0,"dead_end":false,"group":0,"treasure":null,"fall":""},{"name":"KareOoinu_s","count":4,"weight":0,"dead_end":false,"group":6,"treasure":null,"fall":""},{"name":"Wakame_s","count":2,"weight":0,"dead_end":false,"group":6,"treasure":null,"fall":""},{"name":"Wakame_l","count":2,"weight":0,"dead_end":false,"group":6,"treasure":null,"fall":""},{"name":"HikariKinoko","count":1,"weight":0,"dead_end":false,"group":6,"treasure":null,"fall":""},{"name":"Rock","count":3,"weight":0,"dead_end":false,"group":5,"treasure":null,"fall":"$"},{"name":"YellowChappy","count":1,"weight":0,"dead_end":false,"group":1,"treasure":"diamond_red","fall":""},{"name":"YellowChappy","count":1,"weight":0,"dead_end":false,"group":1,"treasure":"key","fall":""},{"name":"YellowKochappy","count":1,"weight":0,"dead_end":false,"group":1,"treasure":"be_dama_yellow","fall":""},{"name":"YellowKochappy","count":1,"weight":0,"dead_end":false,"group":1,"treasure":"be_dama_yellow","fall":""},{"name":"YellowKochappy","count":1,"weight":0,"dead_end":false,"group":1,"treasure":"be_dama_yellow","fall":""},{"name":"YellowKochappy","count":1,"weight":0,"dead_end":false,"group":0,"treasure":"be_dama_yellow","fall":""},{"name":"YellowKochappy","count":1,"weight":0,"dead_end":false,"group":0,"treasure":"be_dama_yellow","fall":""},{"name":"YellowKochappy","count":1,"weight":0,"dead_end":false,"group":0,"treasure":"be_dama_yellow","fall":""},{"name":"YellowKochappy","count":1,"weight":0,"dead_end":false,"group":0,"treasure":"be_dama_yellow","fall":""},{"name":"YellowKochappy","count":1,"weight":0,"dead_end":false,"group":0,"treasure":"be_dama_yellow","fall":""},{"name":"YellowKochappy","count":1,"weight":0,"dead_end":false,"group":1,"treasure":"be_dama_yellow","fall":""},{"name":"YellowKochappy","count":1,"weight":0,"dead_end":false,"group":1,"treasure":"be_dama_yellow","fall":""},{"name":"YellowKochappy","count":1,"weight":0,"dead_end":false,"group":0,"treasure":"be_dama_yellow","fall":"$"},{"name":"YellowKochappy","count":1,"weight":0,"dead_end":false,"group":1,"treasure":"be_dama_yellow","fall":"$"},{"name":"Ooinu_s","count":2,"weight":0,"dead_end":false,"group":6,"treasure":null,"fall":""},{"name":"Wakame_s","count":2,"weight":0,"dead_end":false,"group":6,"treasure":null,"fall":""},{"name":"Wakame_s","count":2,"weight":0,"dead_end":false,"group":6,"treasure":null,"fall":""},{"name":"Clover","count":3,"weight":0,"dead_end":false,"group":6,"treasure":null,"fall":""},{"name":"KareOoinu_l","count":1,"weight":0,"dead_end":false,"group":6,"treasure":null,"fall":""},{"name":"Rock","count":1,"weight":0,"dead_end":false,"group":5,"treasure":null,"fall":"$2"},{"name":"SnakeCrow","count":1,"weight":0,"dead_end":false,"group":1,"treasure":"silver_medal","fall":""},{"name":"BlackPom","count":2,"weight":0,"dead_end":true,"group":0,"treasure":null,"fall":""},{"name":"Clover","count":4,"weight":0,"dead_end":false,"group":6,"treasure":null,"fall":""},{"name":"Ooinu_l","count":1,"weight":0,"dead_end":false,"group":6,"treasure":null,"fall":""}],"treasures":[{"name":"chess_king_black","count":1,"weight":0},{"name":"toy_ring_c_red","count":1,"weight":0},{"name":"toy_ring_c_green","count":1,"weight":0},{"name":"chess_king_black","count":1,"weight":0},{"name":"bird_hane","count":1,"weight":0},{"name":"bell_yellow","count":1,"weight":0},{"name":"Xmas_item","count":1,"weight":0}],"gates":[{"word":"gate","health":2000,"weight":1}]},{"name":"Sublevel 2","properties":{"unit":"3_MAT_mid1_mid2_uzu1_snow.txt","max_rooms":3,"light":"forest_2_siro_light.ini","music":"new_00_0.cnd","skybox":"none","corridor":0.100069,"caps":50,"timer":0,"geyser":false,"clogged":false,"echo":0,"plane":false,"seesaw":false,"version":1,"max_entities":null,"max_trasures":null,"max_gates":null},"entities":[{"name":"Clover","count":4,"weight":0,"dead_end":false,"group":6,"treasure":null,"fall":""},{"name":"HikariKinoko","count":4,"weight":0,"dead_end":false,"group":6,"treasure":null,"fall":""},{"name":"Zenmai","count":2,"weight":0,"dead_end":false,"group":6,"treasure":null,"fall":""},{"name":"KareOoinu_l","count":2,"weight":0,"dead_end":false,"group":6,"treasure":null,"fall":""},{"name":"KareOoinu_l","count":2,"weight":0,"dead_end":false,"group":6,"treasure":null,"fall":""},{"name":"Ooinu_l","count":1,"weight":0,"dead_end":false,"group":6,"treasure":null,"fall":""},{"name":"Ooinu_s","count":5,"weight":0,"dead_end":false,"group":6,"treasure":null,"fall":""},{"name":"KareOoinu_s","count":3,"weight":0,"dead_end":false,"group":6,"treasure":null,"fall":""},{"name":"Wakame_s","count":6,"weight":0,"dead_end":false,"group":6,"treasure":null,"fall":""},{"name":"Wakame_l","count":2,"weight":0,"dead_end":false,"group":6,"treasure":null,"fall":""},{"name":"YellowChappy","count":1,"weight":0,"dead_end":false,"group":0,"treasure":"leaf_normal","fall":""},{"name":"YellowChappy","count":1,"weight":0,"dead_end":false,"group":1,"treasure":"leaf_kare","fall":""},{"name":"YellowChappy","count":1,"weight":0,"dead_end":false,"group":0,"treasure":"chocolate_l","fall":""},{"name":"YellowChappy","count":1,"weight":0,"dead_end":false,"group":0,"treasure":"kan_meidiya","fall":""},{"name":"YellowKochappy","count":1,"weight":0,"dead_end":false,"group":0,"treasure":"g_futa_titiyas","fall":""},{"name":"YellowKochappy","count":1,"weight":0,"dead_end":false,"group":1,"treasure":"chocoichigo_l","fall":""},{"name":"YellowKochappy","count":1,"weight":0,"dead_end":false,"group":0,"treasure":"tape_yellow","fall":""},{"name":"YellowKochappy","count":1,"weight":0,"dead_end":false,"group":1,"treasure":"g_futa_sikoku","fall":""},{"name":"YellowKochappy","count":1,"weight":0,"dead_end":false,"group":0,"treasure":"be_dama_blue","fall":""},{"name":"YellowKochappy","count":1,"weight":0,"dead_end":false,"group":1,"treasure":"be_dama_yellow","fall":""},{"name":"YellowKochappy","count":1,"weight":0,"dead_end":false,"group":0,"treasure":"be_dama_red","fall":""},{"name":"LeafChappy","count":1,"weight":0,"dead_end":false,"group":0,"treasure":"donguri_l","fall":""},{"name":"SnakeCrow","count":1,"weight":0,"dead_end":false,"group":1,"treasure":"key","fall":""},{"name":"YellowKochappy","count":1,"weight":0,"dead_end":false,"group":0,"treasure":"flower_red","fall":""},{"name":"YellowKochappy","count":1,"weight":0,"dead_end":false,"group":1,"treasure":"flower_red","fall":""},{"name":"YellowKochappy","count":1,"weight":0,"dead_end":false,"group":0,"treasure":"flower_red","fall":""},{"name":"YellowKochappy","count":1,"weight":0,"dead_end":false,"group":1,"treasure":"flower_red","fall":""},{"name":"YellowKochappy","count":1,"weight":0,"dead_end":false,"group":0,"treasure":"flower_red","fall":""},{"name":"ShijimiChou","count":1,"weight":0,"dead_end":false,"group":8,"treasure":null,"fall":""},{"name":"BlackPom","count":1,"weight":0,"dead_end":true,"group":0,"treasure":null,"fall":""},{"name":"BlackPom","count":1,"weight":0,"dead_end":true,"group":0,"treasure":null,"fall":""},{"name":"KareOoinu_s","count":4,"weight":0,"dead_end":false,"group":6,"treasure":null,"fall":""},{"name":"Ooinu_s","count":4,"weight":0,"dead_end":false,"group":6,"treasure":null,"fall":""},{"name":"ElecHiba","count":2,"weight":0,"dead_end":false,"group":5,"treasure":null,"fall":""},{"name":"GasHiba","count":1,"weight":0,"dead_end":false,"group":5,"treasure":null,"fall":""}],"treasures":[{"name":"kinoko","count":1,"weight":0},{"name":"bird_hane","count":1,"weight":0},{"name":"diamond_blue","count":1,"weight":0},{"name":"teala_dia_a","count":1,"weight":0},{"name":"chess_king_white","count":1,"weight":0},{"name":"denchi_1_red","count":1,"weight":0}],"gates":[{"word":"gate","health":1000,"weight":1}]},{"name":"Sublevel 3","properties":{"unit":"4_MAT_mid1_mid2_sak2_uzu1_snow.txt","max_rooms":4,"light":"forest_2_siro_light.ini","music":"new_00_1.cnd","skybox":"none","corridor":0.1,"caps":50,"timer":0,"geyser":false,"clogged":false,"echo":0,"plane":false,"seesaw":false,"version":1,"max_entities":null,"max_trasures":null,"max_gates":null},"entities":[{"name":"GasHiba","count":2,"weight":0,"dead_end":false,"group":5,"treasure":null,"fall":""},{"name":"ElecHiba","count":2,"weight":0,"dead_end":false,"group":5,"treasure":null,"fall":""},{"name":"Wakame_l","count":2,"weight":0,"dead_end":false,"group":6,"treasure":null,"fall":""},{"name":"Wakame_s","count":5,"weight":0,"dead_end":false,"group":6,"treasure":null,"fall":""},{"name":"KareOoinu_s","count":6,"weight":0,"dead_end":false,"group":6,"treasure":null,"fall":""},{"name":"Ooinu_s","count":8,"weight":0,"dead_end":false,"group":6,"treasure":null,"fall":""},{"name":"Ooinu_l","count":4,"weight":0,"dead_end":false,"group":6,"treasure":null,"fall":""},{"name":"KareOoinu_l","count":2,"weight":0,"dead_end":false,"group":6,"treasure":null,"fall":""},{"name":"KareOoinu_l","count":2,"weight":0,"dead_end":false,"group":6,"treasure":null,"fall":""},{"name":"Zenmai","count":2,"weight":0,"dead_end":false,"group":6,"treasure":null,"fall":""},{"name":"HikariKinoko","count":3,"weight":0,"dead_end":false,"group":6,"treasure":null,"fall":""},{"name":"Clover","count":6,"weight":0,"dead_end":false,"group":6,"treasure":null,"fall":""},{"name":"BlackPom","count":1,"weight":0,"dead_end":true,"group":0,"treasure":null,"fall":""},{"name":"BlackPom","count":1,"weight":0,"dead_end":true,"group":0,"treasure":null,"fall":""},{"name":"YellowChappy","count":1,"weight":0,"dead_end":false,"group":0,"treasure":"gas","fall":""},{"name":"YellowChappy","count":1,"weight":0,"dead_end":false,"group":1,"treasure":"fire","fall":""},{"name":"YellowChappy","count":1,"weight":0,"dead_end":false,"group":0,"treasure":"water","fall":""},{"name":"YellowChappy","count":1,"weight":0,"dead_end":false,"group":1,"treasure":"elec","fall":""},{"name":"YellowKochappy","count":1,"weight":0,"dead_end":false,"group":0,"treasure":"be_dama_red","fall":""},{"name":"YellowKochappy","count":1,"weight":0,"dead_end":false,"group":1,"treasure":"be_dama_red","fall":""},{"name":"YellowKochappy","count":1,"weight":0,"dead_end":false,"group":0,"treasure":"be_dama_red","fall":""},{"name":"YellowKochappy","count":1,"weight":0,"dead_end":false,"group":1,"treasure":"be_dama_red","fall":""},{"name":"YellowKochappy","count":1,"weight":0,"dead_end":false,"group":0,"treasure":"be_dama_yellow","fall":""},{"name":"YellowKochappy","count":1,"weight":0,"dead_end":false,"group":1,"treasure":"be_dama_yellow","fall":""},{"name":"YellowKochappy","count":1,"weight":0,"dead_end":false,"group":0,"treasure":"be_dama_yellow","fall":""},{"name":"YellowKochappy","count":1,"weight":0,"dead_end":false,"group":1,"treasure":"be_dama_yellow","fall":""},{"name":"SnakeCrow","count":1,"weight":0,"dead_end":false,"group":0,"treasure":"diamond_red_l","fall":""},{"name":"ElecOtakara","count":1,"weight":0,"dead_end":false,"group":1,"treasure":"be_dama_blue","fall":""},{"name":"ElecOtakara","count":1,"weight":0,"dead_end":false,"group":0,"treasure":"be_dama_blue","fall":""},{"name":"ElecOtakara","count":1,"weight":0,"dead_end":false,"group":1,"treasure":"be_dama_blue","fall":""},{"name":"Magaret","count":5,"weight":0,"dead_end":false,"group":6,"treasure":null,"fall":""},{"name":"Hana","count":1,"weight":0,"dead_end":false,"group":0,"treasure":"gold_medal","fall":""},{"name":"BlueChappy","count":1,"weight":0,"dead_end":false,"group":1,"treasure":"key","fall":""},{"name":"BlueKochappy","count":3,"weight":0,"dead_end":false,"group":1,"treasure":"diamond_green","fall":""}],"treasures":[{"name":"robot_head","count":1,"weight":0},{"name":"denchi_3_black","count":1,"weight":0},{"name":"kan_kyokuyo","count":1,"weight":0},{"name":"g_futa_nihonraku","count":1,"weight":0}],"gates":[{"word":"gate","health":3000,"weight":1},{"word":"gate","health":10000,"weight":1}]},{"name":"Sublevel 4","properties":{"unit":"3_MAT_nor4_hit2_blk1_snow.txt","max_rooms":4,"light":"forest_2_siro_light.ini","music":"new_00_1.cnd","skybox":"none","corridor":0.2,"caps":50,"timer":0,"geyser":false,"clogged":false,"echo":0,"plane":false,"seesaw":false,"version":1,"max_entities":null,"max_trasures":null,"max_gates":null},"entities":[{"name":"Wakame_l","count":3,"weight":0,"dead_end":false,"group":6,"treasure":null,"fall":""},{"name":"Wakame_s","count":5,"weight":0,"dead_end":false,"group":6,"treasure":null,"fall":""},{"name":"KareOoinu_s","count":4,"weight":0,"dead_end":false,"group":6,"treasure":null,"fall":""},{"name":"Ooinu_s","count":7,"weight":0,"dead_end":false,"group":6,"treasure":null,"fall":""},{"name":"Magaret","count":2,"weight":0,"dead_end":false,"group":6,"treasure":null,"fall":""},{"name":"Ooinu_l","count":3,"weight":0,"dead_end":false,"group":6,"treasure":null,"fall":""},{"name":"KareOoinu_l","count":4,"weight":0,"dead_end":false,"group":6,"treasure":null,"fall":""},{"name":"Zenmai","count":2,"weight":0,"dead_end":false,"group":6,"treasure":null,"fall":""},{"name":"HikariKinoko","count":3,"weight":0,"dead_end":false,"group":6,"treasure":null,"fall":""},{"name":"Clover","count":6,"weight":0,"dead_end":false,"group":6,"treasure":null,"fall":""},{"name":"ElecHiba","count":2,"weight":0,"dead_end":false,"group":5,"treasure":null,"fall":""},{"name":"GasHiba","count":2,"weight":0,"dead_end":false,"group":5,"treasure":null,"fall":""},{"name":"Egg","count":1,"weight":0,"dead_end":true,"group":0,"treasure":null,"fall":"$"},{"name":"YellowChappy","count":1,"weight":0,"dead_end":false,"group":0,"treasure":"teala_dia_a","fall":""},{"name":"YellowChappy","count":1,"weight":0,"dead_end":false,"group":0,"treasure":"teala_dia_c","fall":""},{"name":"YellowChappy","count":1,"weight":0,"dead_end":false,"group":0,"treasure":"teala_dia_d","fall":""},{"name":"YellowKochappy","count":3,"weight":0,"dead_end":false,"group":1,"treasure":"be_dama_blue","fall":""},{"name":"YellowKochappy","count":1,"weight":0,"dead_end":false,"group":1,"treasure":"flower_red","fall":""},{"name":"YellowKochappy","count":1,"weight":0,"dead_end":false,"group":0,"treasure":"be_dama_red","fall":""},{"name":"YellowKochappy","count":1,"weight":0,"dead_end":false,"group":0,"treasure":"be_dama_red","fall":""},{"name":"Magaret","count":2,"weight":0,"dead_end":false,"group":0,"treasure":null,"fall":""},{"name":"YellowChappy","count":1,"weight":0,"dead_end":false,"group":1,"treasure":"key","fall":""},{"name":"SnakeCrow","count":1,"weight":0,"dead_end":false,"group":1,"treasure":"silver_medal","fall":""}],"treasures":[{"name":"tape_blue","count":1,"weight":0},{"name":"gear","count":1,"weight":0},{"name":"gum_tape","count":1,"weight":0},{"name":"toy_teala","count":1,"weight":0},{"name":"diamond_red_l","count":1,"weight":0}],"gates":[{"word":"gate","health":5000,"weight":1},{"word":"gate","health":10000,"weight":1}]},{"name":"Sublevel 5 - Rest","properties":{"unit":"1_ABE_mid1_metal.txt","max_rooms":1,"light":"forest_2_siro_light.ini","music":"caverelax.cnd","skybox":"ice","corridor":0.12,"caps":50,"timer":0,"geyser":false,"clogged":false,"echo":0,"plane":false,"seesaw":false,"version":1,"max_entities":null,"max_trasures":null,"max_gates":null},"entities":[{"name":"BlackPom","count":1,"weight":0,"dead_end":false,"group":0,"treasure":null,"fall":""},{"name":"BlackPom","count":1,"weight":0,"dead_end":false,"group":0,"treasure":null,"fall":""},{"name":"RandPom","count":1,"weight":0,"dead_end":false,"group":1,"treasure":null,"fall":""},{"name":"RandPom","count":1,"weight":0,"dead_end":false,"group":1,"treasure":null,"fall":""},{"name":"YellowPom","count":1,"weight":0,"dead_end":false,"group":1,"treasure":null,"fall":""},{"name":"WhitePom","count":1,"weight":0,"dead_end":false,"group":0,"treasure":null,"fall":""},{"name":"Egg","count":1,"weight":0,"dead_end":false,"group":0,"treasure":null,"fall":"$"},{"name":"Egg","count":1,"weight":0,"dead_end":false,"group":1,"treasure":null,"fall":"$"},{"name":"Egg","count":1,"weight":0,"dead_end":false,"group":1,"treasure":null,"fall":"$"},{"name":"DaiodoRed","count":1,"weight":0,"dead_end":false,"group":6,"treasure":null,"fall":""},{"name":"DaiodoRed","count":1,"weight":0,"dead_end":false,"group":6,"treasure":null,"fall":""},{"name":"DaiodoGreen","count":1,"weight":0,"dead_end":false,"group":6,"treasure":null,"fall":""},{"name":"DaiodoGreen","count":1,"weight":0,"dead_end":false,"group":6,"treasure":null,"fall":""},{"name":"DaiodoGreen","count":1,"weight":0,"dead_end":false,"group":6,"treasure":null,"fall":""},{"name":"Egg","count":1,"weight":0,"dead_end":true,"group":0,"treasure":null,"fall":""},{"name":"Egg","count":1,"weight":0,"dead_end":true,"group":0,"treasure":null,"fall":""}],"treasures":[{"name":"key","count":1,"weight":0}],"gates":[{"word":"gate","health":5000,"weight":1}]},{"name":"Sublevel 6 - Bosses","properties":{"unit":"3_MAT_hit2_hit3_blk1_snow.txt","max_rooms":3,"light":"forest_2_siro_light.ini","music":"new_00_0.cnd","skybox":"none","corridor":0.12,"caps":50,"timer":0,"geyser":false,"clogged":false,"echo":0,"plane":false,"seesaw":false,"version":1,"max_entities":null,"max_trasures":null,"max_gates":null},"entities":[{"name":"Ooinu_l","count":2,"weight":0,"dead_end":false,"group":6,"treasure":null,"fall":""},{"name":"KareOoinu_s","count":1,"weight":0,"dead_end":false,"group":6,"treasure":null,"fall":""},{"name":"Ooinu_s","count":3,"weight":0,"dead_end":false,"group":6,"treasure":null,"fall":""},{"name":"Ooinu_l","count":1,"weight":0,"dead_end":false,"group":6,"treasure":null,"fall":""},{"name":"Wakame_l","count":2,"weight":0,"dead_end":false,"group":6,"treasure":null,"fall":""},{"name":"Clover","count":3,"weight":0,"dead_end":false,"group":6,"treasure":null,"fall":""},{"name":"ElecHiba","count":2,"weight":0,"dead_end":false,"group":5,"treasure":null,"fall":""},{"name":"GasHiba","count":2,"weight":0,"dead_end":false,"group":5,"treasure":null,"fall":""},{"name":"SnakeCrow","count":1,"weight":0,"dead_end":false,"group":1,"treasure":"silver_medal","fall":""},{"name":"SnakeCrow","count":1,"weight":0,"dead_end":false,"group":0,"treasure":"silver_medal","fall":""},{"name":"SnakeCrow","count":1,"weight":0,"dead_end":false,"group":0,"treasure":"silver_medal","fall":""},{"name":"KingChappy","count":1,"weight":0,"dead_end":false,"group":0,"treasure":"silver_medal","fall":""},{"name":"KingChappy","count":1,"weight":0,"dead_end":false,"group":0,"treasure":"silver_medal","fall":""},{"name":"YellowChappy","count":1,"weight":0,"dead_end":false,"group":0,"treasure":"momiji_red","fall":""},{"name":"YellowChappy","count":1,"weight":0,"dead_end":false,"group":1,"treasure":"momiji_red","fall":""},{"name":"Houdai","count":1,"weight":0,"dead_end":false,"group":0,"treasure":"key","fall":""}],"treasures":[],"gates":[{"word":"gate","health":7000,"weight":1}]},{"name":"Sublevel 7 - Final","properties":{"unit":"3_MAT_mid1_mid2_uzu1_snow.txt","max_rooms":3,"light":"forest_2_siro_light.ini","music":"new_00_1.cnd","skybox":"none","corridor":0.12,"caps":100,"timer":0,"geyser":false,"clogged":false,"echo":0,"plane":false,"seesaw":false,"version":1,"max_entities":null,"max_trasures":null,"max_gates":null},"entities":[{"name":"SnakeCrow","count":1,"weight":0,"dead_end":false,"group":0,"treasure":"silver_medal","fall":""},{"name":"SnakeCrow","count":1,"weight":0,"dead_end":false,"group":1,"treasure":"silver_medal","fall":""},{"name":"SnakeCrow","count":1,"weight":0,"dead_end":false,"group":0,"treasure":"silver_medal","fall":""},{"name":"Zenmai","count":2,"weight":0,"dead_end":false,"group":6,"treasure":null,"fall":""},{"name":"ElecHiba","count":4,"weight":0,"dead_end":false,"group":5,"treasure":null,"fall":""},{"name":"GasHiba","count":3,"weight":0,"dead_end":false,"group":5,"treasure":null,"fall":""},{"name":"RandPom","count":1,"weight":0,"dead_end":true,"group":0,"treasure":null,"fall":""},{"name":"RandPom","count":1,"weight":0,"dead_end":true,"group":0,"treasure":null,"fall":""},{"name":"KingChappy","count":1,"weight":0,"dead_end":false,"group":0,"treasure":"gold_medal","fall":""},{"name":"KingChappy","count":1,"weight":0,"dead_end":false,"group":1,"treasure":"gold_medal","fall":""},{"name":"YellowChappy","count":1,"weight":0,"dead_end":false,"group":0,"treasure":"toy_ring_a_red","fall":""},{"name":"YellowChappy","count":1,"weight":0,"dead_end":false,"group":1,"treasure":"toy_ring_b_green","fall":""},{"name":"YellowChappy","count":1,"weight":0,"dead_end":false,"group":1,"treasure":"toy_ring_b_blue","fall":""},{"name":"YellowKochappy","count":5,"weight":0,"dead_end":false,"group":0,"treasure":"flower_red","fall":""},{"name":"Damagumo","count":1,"weight":0,"dead_end":false,"group":1,"treasure":"key","fall":"$2"},{"name":"Qurione","count":1,"weight":0,"dead_end":false,"group":0,"treasure":null,"fall":""},{"name":"Ooinu_s","count":3,"weight":0,"dead_end":false,"group":6,"treasure":null,"fall":""},{"name":"Ooinu_l","count":2,"weight":0,"dead_end":false,"group":6,"treasure":null,"fall":""}],"treasures":[{"name":"dia_c_red","count":1,"weight":0},{"name":"dia_c_green","count":1,"weight":0},{"name":"yoyo_red","count":1,"weight":0}],"gates":[{"word":"gate","health":10000,"weight":1}]}],"content":null}