{"sublevels":[{"name":"Sublevel 1 - Marketplace","properties":{"unit":"1_units_manh_boss_conc.txt","max_rooms":1,"light":"toy_light_cha.ini","music":"","skybox":"build","corridor":0.0,"caps":1,"timer":0,"geyser":false,"clogged":false,"echo":0,"plane":false,"seesaw":false,"version":1,"max_entities":null,"max_trasures":null,"max_gates":null},"entities":[{"name":"Houdai","count":1,"weight":0,"dead_end":false,"group":0,"treasure":"key","fall":""}],"treasures":[],"gates":[]},{"name":"Sublevel 2 - Forgotten Hallway","properties":{"unit":"1_units_manh_boss_conc.txt","max_rooms":1,"light":"toy_light_cha.ini","music":"","skybox":"none","corridor":0.0,"caps":1,"timer":0,"geyser":false,"clogged":false,"echo":0,"plane":false,"seesaw":false,"version":1,"max_entities":null,"max_trasures":null,"max_gates":null},"entities":[{"name":"UmiMushi","count":1,"weight":0,"dead_end":false,"group":0,"treasure":"key","fall":""}],"treasures":[],"gates":[]},{"name":"Sublevel 3 - Enchanted Forest","properties":{"unit":"vs_7_kusachi.txt","max_rooms":1,"light":"toy_light_cha.ini","music":"","skybox":"ice","corridor":0.0,"caps":1,"timer":0,"geyser":false,"clogged":false,"echo":0,"plane":true,"seesaw":false,"version":1,"max_entities":null,"max_trasures":null,"max_gates":null},"entities":[{"name":"SnakeCrow","count":1,"weight":0,"dead_end":false,"group":0,"treasure":"key","fall":""}],"treasures":[],"gates":[]},{"name":"Sublevel 4 - Whispery Woods","properties":{"unit":"vs_7_kusachi.txt","max_rooms":1,"light":"bluefog00.ini","music":"","skybox":"ice","corridor":0.0,"caps":1,"timer":0,"geyser":false,"clogged":false,"echo":0,"plane":true,"seesaw":false,"version":1,"max_entities":null,"max_trasures":null,"max_gates":null},"entities":[{"name":"SnakeWhole","count":1,"weight":0,"dead_end":false,"group":0,"treasure":"key","fall":""}],"treasures":[],"gates":[]},{"name":"Sublevel 5 - Piney Path","properties":{"unit":"1_ABE_ari_metal.txt","max_rooms":1,"light":"normal_light_lv0.ini","music":"","skybox":"none","corridor":0.12,"caps":50,"timer":0,"geyser":false,"clogged":false,"echo":0,"plane":false,"seesaw":false,"version":1,"max_entities":null,"max_trasures":null,"max_gates":null},"entities":[{"name":"BigFoot","count":1,"weight":0,"dead_end":false,"group":0,"treasure":"key","fall":""}],"treasures":[],"gates":[]},{"name":"Sublevel 6 - Tangled Woods","properties":{"unit":"vs_7_kusachi.txt","max_rooms":1,"light":"light.ini","music":"","skybox":"none","corridor":0.12,"caps":50,"timer":0,"geyser":false,"clogged":false,"echo":0,"plane":true,"seesaw":false,"version":1,"max_entities":null,"max_trasures":null,"max_gates":null},"entities":[{"name":"BlackMan","count":1,"weight":0,"dead_end":false,"group":0,"treasure":"key","fall":""}],"treasures":[],"gates":[]},{"name":"Sublevel 7 - Pixie's Treehouse","properties":{"unit":"vs_3_toy.txt","max_rooms":1,"light":"normal_light_lv0.ini","music":"caverelax.cnd","skybox":"test","corridor":0.12,"caps":50,"timer":0,"geyser":true,"clogged":false,"echo":0,"plane":true,"seesaw":false,"version":1,"max_entities":null,"max_trasures":null,"max_gates":null},"entities":[{"name":"Wealthy","count":1,"weight":0,"dead_end":false,"group":0,"treasure":"gold_medal","fall":"$"}],"treasures":[{"name":"key","count":1,"weight":1}],"gates":[]},{"name":"Sublevel 8 - Moth's Layer","properties":{"unit":"vs_6_nobo_metal.txt","max_rooms":1,"light":"normal_light_lv0.ini","music":"caveconc_00_0.cnd","skybox":"none","corridor":0.12,"caps":50,"timer":0,"geyser":true,"clogged":false,"echo":0,"plane":false,"seesaw":false,"version":1,"max_entities":null,"max_trasures":null,"max_gates":null},"entities":[{"name":"BigTreasure","count":1,"weight":0,"dead_end":false,"group":0,"treasure":"key","fall":""}],"treasures":[],"gates":[]}],"content":null}