{"sublevels":[{"name":"Sublevel 1","properties":{"unit":"2_units_small2_mid2_toy.txt","max_rooms":3,"light":"normal_light_lv0.ini","music":"cavesoil_00_0.cnd","skybox":"flooring","corridor":0.2,"caps":0,"timer":0,"geyser":false,"clogged":false,"echo":0,"plane":true,"seesaw":false,"version":1,"max_entities":null,"max_trasures":null,"max_gates":null},"entities":[{"name":"Kochappy","count":2,"weight":0,"dead_end":false,"group":1,"treasure":"diamond_blue","fall":""},{"name":"Chappy","count":1,"weight":0,"dead_end":false,"group":0,"treasure":"key","fall":""}],"treasures":[{"name":"donutschoco_s","count":1,"weight":0},{"name":"fue_a","count":1,"weight":0}],"gates":[]},{"name":"Sublevel 2","properties":{"unit":"1_units_mid2_snow.txt","max_rooms":3,"light":"normal_light_lv0.ini","music":"caveglass_10_0.cnd","skybox":"none","corridor":0.2,"caps":10,"timer":0,"geyser":false,"clogged":false,"echo":0,"plane":false,"seesaw":false,"version":1,"max_entities":null,"max_trasures":null,"max_gates":null},"entities":[{"name":"YellowKochappy","count":3,"weight":0,"dead_end":false,"group":0,"treasure":"dia_c_red","fall":""},{"name":"YellowKochappy","count":3,"weight":0,"dead_end":true,"group":0,"treasure":"dia_c_red","fall":""},{"name":"YellowChappy","count":1,"weight":0,"dead_end":false,"group":0,"treasure":"key","fall":""}],"treasures":[{"name":"kinoko","count":1,"weight":0},{"name":"donguri_l","count":1,"weight":0}],"gates":[]},{"name":"Sublevel 3","properties":{"unit":"1_units_a_tile.txt","max_rooms":3,"light":"normal_light_lv0.ini","music":"new_08_0.cnd","skybox":"none","corridor":0.2,"caps":10,"timer":0,"geyser":false,"clogged":false,"echo":0,"plane":false,"seesaw":false,"version":1,"max_entities":null,"max_trasures":null,"max_gates":null},"entities":[{"name":"BlueKochappy","count":10,"weight":0,"dead_end":true,"group":0,"treasure":"j_block_white","fall":""},{"name":"BlueChappy","count":2,"weight":0,"dead_end":false,"group":0,"treasure":"toy_dog","fall":""},{"name":"BlueChappy","count":1,"weight":0,"dead_end":false,"group":1,"treasure":"key","fall":""},{"name":"BlueKochappy","count":4,"weight":0,"dead_end":false,"group":0,"treasure":"chess_queen_white","fall":""},{"name":"BlueKochappy","count":4,"weight":0,"dead_end":false,"group":1,"treasure":"ichigo","fall":""}],"treasures":[{"name":"toy_ring_b_red","count":1,"weight":0},{"name":"toy_ring_b_green","count":1,"weight":0}],"gates":[]},{"name":"Sublevel 4","properties":{"unit":"1_units_a_conc.txt","max_rooms":3,"light":"normal_light_lv0.ini","music":"caveconc_00_0.cnd","skybox":"none","corridor":0.2,"caps":25,"timer":0,"geyser":false,"clogged":false,"echo":0,"plane":false,"seesaw":false,"version":1,"max_entities":null,"max_trasures":null,"max_gates":null},"entities":[{"name":"KumaChappy","count":1,"weight":0,"dead_end":false,"group":0,"treasure":"key","fall":""},{"name":"KumaKochappy","count":25,"weight":0,"dead_end":true,"group":0,"treasure":"locket","fall":""},{"name":"KumaKochappy","count":8,"weight":0,"dead_end":false,"group":0,"treasure":"gum_tape","fall":""},{"name":"KumaKochappy","count":8,"weight":0,"dead_end":false,"group":1,"treasure":"diamond_blue_l","fall":""}],"treasures":[{"name":"kan_imuraya","count":1,"weight":0},{"name":"toy_ring_a_green","count":1,"weight":0}],"gates":[]},{"name":"Sublevel 5","properties":{"unit":"1_units_spiral_conc.txt","max_rooms":3,"light":"normal_light_lv0.ini","music":"caveconc_05_1.cnd","skybox":"none","corridor":0.2,"caps":0,"timer":0,"geyser":false,"clogged":false,"echo":0,"plane":false,"seesaw":false,"version":1,"max_entities":null,"max_trasures":null,"max_gates":null},"entities":[{"name":"KumaKochappy","count":1,"weight":0,"dead_end":false,"group":0,"treasure":"cookie_s_l","fall":""},{"name":"KumaKochappy","count":1,"weight":0,"dead_end":false,"group":1,"treasure":"cookie_s_l","fall":""},{"name":"BlueKochappy","count":1,"weight":0,"dead_end":false,"group":0,"treasure":"cookie_s_l","fall":""},{"name":"BlueKochappy","count":1,"weight":0,"dead_end":false,"group":1,"treasure":"cookie_s_l","fall":""},{"name":"Kochappy","count":1,"weight":0,"dead_end":false,"group":0,"treasure":"cookie_s_l","fall":""},{"name":"Kochappy","count":1,"weight":0,"dead_end":false,"group":1,"treasure":"cookie_s_l","fall":""},{"name":"YellowKochappy","count":1,"weight":0,"dead_end":false,"group":0,"treasure":"cookie_s_l","fall":""},{"name":"YellowKochappy","count":1,"weight":0,"dead_end":false,"group":1,"treasure":"cookie_s_l","fall":""},{"name":"FireChappy","count":1,"weight":0,"dead_end":false,"group":1,"treasure":"key","fall":""}],"treasures":[{"name":"compact","count":1,"weight":0},{"name":"denchi_1_red","count":1,"weight":0}],"gates":[]},{"name":"Sublevel 6","properties":{"unit":"1_MAT_vs_drypool_tile.txt","max_rooms":2,"light":"normal_light_lv0.ini","music":"","skybox":"none","corridor":0.2,"caps":50,"timer":0,"geyser":false,"clogged":false,"echo":0,"plane":false,"seesaw":false,"version":1,"max_entities":null,"max_trasures":null,"max_gates":null},"entities":[{"name":"Queen","count":1,"weight":0,"dead_end":false,"group":0,"treasure":"key","fall":""}],"treasures":[{"name":"saru_head","count":1,"weight":0},{"name":"matu_bokkuri","count":1,"weight":0}],"gates":[]},{"name":"Sublevel 7","properties":{"unit":"1_ABE_manp_boss_conc.txt","max_rooms":2,"light":"normal_light_lv0.ini","music":"caveconc_00_0.cnd","skybox":"none","corridor":0.2,"caps":0,"timer":0,"geyser":false,"clogged":false,"echo":0,"plane":false,"seesaw":false,"version":1,"max_entities":null,"max_trasures":null,"max_gates":null},"entities":[{"name":"KingChappy","count":1,"weight":0,"dead_end":false,"group":0,"treasure":"key","fall":""}],"treasures":[{"name":"cookie_u","count":1,"weight":0},{"name":"flower_red","count":1,"weight":0}],"gates":[]}],"content":null}