{"sublevels":[{"name":"Sublevel 1 - Garden Forest","properties":{"unit":"2_ABE_units_5x5a_mid_kusachi.txt","max_rooms":6,"light":"toy_light_cha.ini","music":"caverelax.cnd","skybox":"hiroba","corridor":0.12,"caps":100,"timer":0,"geyser":false,"clogged":false,"echo":0,"plane":true,"seesaw":false,"version":1,"max_entities":null,"max_trasures":null,"max_gates":null},"entities":[{"name":"ShijimiChou","count":1,"weight":0,"dead_end":false,"group":0,"treasure":null,"fall":""},{"name":"Sokkuri","count":10,"weight":0,"dead_end":false,"group":0,"treasure":null,"fall":""},{"name":"Miulin","count":2,"weight":0,"dead_end":false,"group":1,"treasure":null,"fall":""},{"name":"Fuefuki","count":1,"weight":0,"dead_end":false,"group":1,"treasure":null,"fall":""},{"name":"Kogane","count":1,"weight":0,"dead_end":false,"group":0,"treasure":null,"fall":""},{"name":"Wealthy","count":1,"weight":0,"dead_end":false,"group":0,"treasure":"key","fall":""},{"name":"Magaret","count":10,"weight":0,"dead_end":false,"group":6,"treasure":null,"fall":""},{"name":"Clover","count":10,"weight":0,"dead_end":false,"group":6,"treasure":null,"fall":""},{"name":"Tanpopo","count":10,"weight":0,"dead_end":false,"group":6,"treasure":null,"fall":""},{"name":"Watage","count":10,"weight":0,"dead_end":false,"group":6,"treasure":null,"fall":""},{"name":"Ooinu_l","count":10,"weight":0,"dead_end":false,"group":6,"treasure":null,"fall":""},{"name":"Ooinu_s","count":10,"weight":0,"dead_end":false,"group":6,"treasure":null,"fall":""},{"name":"Wakame_s","count":10,"weight":0,"dead_end":false,"group":6,"treasure":null,"fall":""},{"name":"Chappy","count":1,"weight":0,"dead_end":false,"group":0,"treasure":null,"fall":""}],"treasures":[],"gates":[]},{"name":"Sublevel 2 - Battlefield","properties":{"unit":"2_ABE_units_5x5a_mid_kusachi.txt","max_rooms":6,"light":"vs_10_light.ini","music":"new_05_0.cnd","skybox":"hiroba","corridor":0.12,"caps":100,"timer":0,"geyser":false,"clogged":false,"echo":0,"plane":true,"seesaw":false,"version":1,"max_entities":null,"max_trasures":null,"max_gates":null},"entities":[{"name":"MiniHoudai","count":5,"weight":0,"dead_end":false,"group":0,"treasure":null,"fall":""},{"name":"Houdai","count":1,"weight":0,"dead_end":false,"group":0,"treasure":"key","fall":""},{"name":"BigFoot","count":1,"weight":0,"dead_end":false,"group":1,"treasure":"bolt_l","fall":""},{"name":"BombSarai","count":5,"weight":0,"dead_end":false,"group":1,"treasure":null,"fall":""},{"name":"Fkabuto","count":4,"weight":0,"dead_end":false,"group":1,"treasure":null,"fall":""},{"name":"KareOoinu_s","count":10,"weight":0,"dead_end":false,"group":6,"treasure":null,"fall":""},{"name":"WhitePom","count":2,"weight":0,"dead_end":false,"group":5,"treasure":null,"fall":""},{"name":"BlackPom","count":2,"weight":0,"dead_end":false,"group":5,"treasure":null,"fall":""},{"name":"BombOtakara","count":5,"weight":0,"dead_end":false,"group":1,"treasure":null,"fall":""}],"treasures":[],"gates":[]},{"name":"Sublevel 3 - Aftermath","properties":{"unit":"2_ABE_units_5x5a_mid_kusachi.txt","max_rooms":6,"light":"forest_3_light.ini","music":"cavetile_00_0.cnd","skybox":"hiroba","corridor":0.12,"caps":100,"timer":0,"geyser":false,"clogged":false,"echo":0,"plane":true,"seesaw":false,"version":1,"max_entities":null,"max_trasures":null,"max_gates":null},"entities":[{"name":"Qurione","count":5,"weight":0,"dead_end":false,"group":0,"treasure":null,"fall":""}],"treasures":[{"name":"key","count":1,"weight":0},{"name":"saru_head","count":9,"weight":0},{"name":"saru_head","count":9,"weight":0},{"name":"saru_head","count":9,"weight":0},{"name":"saru_head","count":9,"weight":0}],"gates":[]},{"name":"Sublevel 4 - Remembrance","properties":{"unit":"2_ABE_units_5x5a_mid_kusachi.txt","max_rooms":6,"light":"vs_7_light.ini","music":"new_00_0.cnd","skybox":"hiroba","corridor":0.12,"caps":100,"timer":0,"geyser":false,"clogged":false,"echo":0,"plane":true,"seesaw":false,"version":1,"max_entities":null,"max_trasures":null,"max_gates":null},"entities":[{"name":"Miulin","count":5,"weight":0,"dead_end":false,"group":0,"treasure":null,"fall":""},{"name":"ShijimiChou","count":1,"weight":0,"dead_end":false,"group":1,"treasure":null,"fall":""},{"name":"Sokkuri","count":10,"weight":0,"dead_end":false,"group":1,"treasure":null,"fall":""},{"name":"Ooinu_s","count":10,"weight":0,"dead_end":false,"group":6,"treasure":null,"fall":""},{"name":"Ooinu_l","count":10,"weight":0,"dead_end":false,"group":6,"treasure":null,"fall":""},{"name":"Chiyogami","count":20,"weight":0,"dead_end":false,"group":6,"treasure":null,"fall":""}],"treasures":[{"name":"key","count":1,"weight":0},{"name":"flower_blue","count":1,"weight":0},{"name":"haniwa","count":1,"weight":0},{"name":"haniwa","count":1,"weight":0},{"name":"dia_c_blue","count":1,"weight":0},{"name":"dia_c_blue","count":1,"weight":0},{"name":"diamond_red","count":1,"weight":0},{"name":"diamond_red","count":1,"weight":0}],"gates":[]}],"content":null}