{"sublevels":[{"name":"Sublevel 1 - Christmas","properties":{"unit":"3_units_dan4_4x4g_a_renga.txt","max_rooms":5,"light":"light_christmas.ini","music":"new_06_0.cnd","skybox":"none","corridor":0.0,"caps":50,"timer":0,"geyser":false,"clogged":false,"echo":0,"plane":false,"seesaw":false,"version":1,"max_entities":null,"max_trasures":null,"max_gates":null},"entities":[{"name":"LeafChappy","count":1,"weight":0,"dead_end":false,"group":0,"treasure":"toy_ring_c_red","fall":""},{"name":"DaiodoRed","count":10,"weight":0,"dead_end":false,"group":6,"treasure":null,"fall":""},{"name":"DaiodoGreen","count":10,"weight":0,"dead_end":false,"group":6,"treasure":null,"fall":""},{"name":"Rkabuto","count":1,"weight":0,"dead_end":false,"group":0,"treasure":"toy_ring_c_blue","fall":""},{"name":"Kochappy","count":7,"weight":0,"dead_end":false,"group":1,"treasure":"be_dama_red","fall":""},{"name":"Tobi","count":3,"weight":0,"dead_end":false,"group":1,"treasure":null,"fall":""},{"name":"Tobi","count":3,"weight":0,"dead_end":false,"group":1,"treasure":null,"fall":""},{"name":"Tobi","count":3,"weight":0,"dead_end":false,"group":1,"treasure":null,"fall":""},{"name":"Hiba","count":9,"weight":0,"dead_end":false,"group":5,"treasure":null,"fall":""},{"name":"FireChappy","count":1,"weight":0,"dead_end":false,"group":0,"treasure":"key","fall":""},{"name":"YellowChappy","count":1,"weight":0,"dead_end":false,"group":1,"treasure":"toy_ring_c_green","fall":""},{"name":"YellowChappy","count":1,"weight":0,"dead_end":false,"group":1,"treasure":"toy_ring_c_green","fall":""},{"name":"Kabuto","count":1,"weight":0,"dead_end":false,"group":0,"treasure":null,"fall":""},{"name":"Qurione","count":1,"weight":0,"dead_end":false,"group":0,"treasure":null,"fall":""},{"name":"BombSarai","count":1,"weight":0,"dead_end":false,"group":1,"treasure":"bell_red","fall":""}],"treasures":[{"name":"bell_yellow","count":2,"weight":0},{"name":"donutsichigo_s","count":1,"weight":0},{"name":"juji_key","count":1,"weight":0},{"name":"Xmas_item","count":1,"weight":0},{"name":"chess_king_black","count":2,"weight":0}],"gates":[]},{"name":"Sublevel 2 - Out With A Bang","properties":{"unit":"3_units_north_north4_mid2_snow.txt","max_rooms":4,"light":"hiroba_light.ini","music":"new_01_0.cnd","skybox":"none","corridor":0.2,"caps":50,"timer":0,"geyser":false,"clogged":false,"echo":0,"plane":false,"seesaw":false,"version":1,"max_entities":null,"max_trasures":null,"max_gates":null},"entities":[{"name":"BlueChappy","count":1,"weight":0,"dead_end":false,"group":1,"treasure":"key","fall":""},{"name":"YellowKochappy","count":3,"weight":0,"dead_end":false,"group":0,"treasure":null,"fall":""},{"name":"YellowKochappy","count":3,"weight":0,"dead_end":false,"group":0,"treasure":null,"fall":""},{"name":"ElecHiba","count":9,"weight":0,"dead_end":false,"group":5,"treasure":null,"fall":""},{"name":"Egg","count":1,"weight":0,"dead_end":false,"group":1,"treasure":null,"fall":""},{"name":"Egg","count":1,"weight":0,"dead_end":false,"group":1,"treasure":null,"fall":""},{"name":"BombSarai","count":1,"weight":0,"dead_end":false,"group":0,"treasure":"compact","fall":""},{"name":"BombSarai","count":1,"weight":0,"dead_end":false,"group":0,"treasure":"compact","fall":""},{"name":"BombSarai","count":1,"weight":0,"dead_end":false,"group":0,"treasure":"compact","fall":""},{"name":"Tank","count":2,"weight":0,"dead_end":false,"group":0,"treasure":null,"fall":""},{"name":"Bomb","count":5,"weight":0,"dead_end":false,"group":0,"treasure":null,"fall":"$2"},{"name":"Bomb","count":5,"weight":0,"dead_end":false,"group":0,"treasure":null,"fall":"$2"},{"name":"Hiba","count":2,"weight":0,"dead_end":false,"group":1,"treasure":null,"fall":""},{"name":"Sarai","count":2,"weight":0,"dead_end":false,"group":1,"treasure":"gas","fall":""},{"name":"FireOtakara","count":4,"weight":0,"dead_end":false,"group":0,"treasure":null,"fall":""},{"name":"YellowKochappy","count":7,"weight":0,"dead_end":false,"group":0,"treasure":null,"fall":""},{"name":"KareOoinu_l","count":150,"weight":0,"dead_end":false,"group":6,"treasure":null,"fall":""},{"name":"YellowChappy","count":1,"weight":0,"dead_end":false,"group":0,"treasure":"toy_lady","fall":""}],"treasures":[{"name":"denchi_3_red","count":1,"weight":0},{"name":"denchi_2_black","count":1,"weight":0},{"name":"denchi_1_red","count":1,"weight":0},{"name":"denchi_3_black","count":1,"weight":0},{"name":"tape_blue","count":4,"weight":0}],"gates":[]},{"name":"Sublevel 3 - Winter Doldrums","properties":{"unit":"3_units_hitode3_ike3_north4_snow.txt","max_rooms":6,"light":"sniper_light_lv0.ini","music":"new_02_0.cnd","skybox":"none","corridor":0.4,"caps":40,"timer":0,"geyser":false,"clogged":false,"echo":0,"plane":false,"seesaw":false,"version":1,"max_entities":null,"max_trasures":null,"max_gates":null},"entities":[{"name":"YellowChappy","count":2,"weight":0,"dead_end":false,"group":0,"treasure":null,"fall":""},{"name":"Chappy","count":1,"weight":0,"dead_end":false,"group":0,"treasure":null,"fall":""},{"name":"YellowKochappy","count":4,"weight":0,"dead_end":false,"group":1,"treasure":null,"fall":""},{"name":"YellowKochappy","count":4,"weight":0,"dead_end":false,"group":1,"treasure":null,"fall":""},{"name":"Hana","count":1,"weight":0,"dead_end":false,"group":5,"treasure":null,"fall":""},{"name":"Rock","count":5,"weight":0,"dead_end":false,"group":5,"treasure":null,"fall":""},{"name":"KareOoinu_s","count":150,"weight":0,"dead_end":false,"group":6,"treasure":null,"fall":""},{"name":"Clover","count":20,"weight":0,"dead_end":false,"group":6,"treasure":null,"fall":""},{"name":"Tadpole","count":4,"weight":0,"dead_end":false,"group":0,"treasure":null,"fall":"$"},{"name":"FminiHoudai","count":1,"weight":0,"dead_end":false,"group":1,"treasure":"toy_teala","fall":""},{"name":"FminiHoudai","count":1,"weight":0,"dead_end":false,"group":1,"treasure":"key","fall":""},{"name":"Baby","count":9,"weight":0,"dead_end":false,"group":0,"treasure":null,"fall":"$"},{"name":"Kochappy","count":2,"weight":0,"dead_end":false,"group":1,"treasure":"be_dama_red","fall":""},{"name":"Kochappy","count":2,"weight":0,"dead_end":false,"group":1,"treasure":"be_dama_red","fall":""},{"name":"RandPom","count":1,"weight":0,"dead_end":false,"group":0,"treasure":null,"fall":""},{"name":"Kogane","count":1,"weight":0,"dead_end":false,"group":0,"treasure":null,"fall":""},{"name":"PanModoki","count":1,"weight":0,"dead_end":false,"group":1,"treasure":null,"fall":""}],"treasures":[{"name":"diamond_red","count":2,"weight":0},{"name":"kumakibori","count":1,"weight":0},{"name":"diamond_blue_l","count":2,"weight":0},{"name":"leaf_yellow","count":1,"weight":0}],"gates":[{"word":"gate","health":3000,"weight":1},{"word":"gate","health":3000,"weight":1}]},{"name":"Sublevel 4 - Warming Up","properties":{"unit":"4_units_block1_cent3_h_s_tsuchi.txt","max_rooms":5,"light":"tutorial_1_light.ini","music":"cavesoil_00_0.cnd","skybox":"none","corridor":0.2,"caps":50,"timer":0,"geyser":false,"clogged":false,"echo":0,"plane":false,"seesaw":false,"version":1,"max_entities":null,"max_trasures":null,"max_gates":null},"entities":[{"name":"KingChappy","count":1,"weight":0,"dead_end":false,"group":0,"treasure":"key","fall":""},{"name":"Sokkuri","count":5,"weight":0,"dead_end":false,"group":5,"treasure":null,"fall":""},{"name":"BlackPom","count":1,"weight":0,"dead_end":true,"group":0,"treasure":null,"fall":""},{"name":"Chappy","count":1,"weight":0,"dead_end":false,"group":0,"treasure":"ichigo_l","fall":""},{"name":"Chappy","count":1,"weight":0,"dead_end":false,"group":0,"treasure":"ichigo_l","fall":""},{"name":"Chappy","count":1,"weight":0,"dead_end":false,"group":0,"treasure":"ichigo_l","fall":""},{"name":"Armor","count":1,"weight":0,"dead_end":false,"group":1,"treasure":"momiji_red","fall":""},{"name":"Egg","count":2,"weight":0,"dead_end":false,"group":5,"treasure":null,"fall":"$"},{"name":"YellowKochappy","count":2,"weight":0,"dead_end":false,"group":0,"treasure":"flower_blue","fall":""},{"name":"Fuefuki","count":1,"weight":0,"dead_end":false,"group":0,"treasure":"teala_dia_b","fall":""},{"name":"Clover","count":10,"weight":0,"dead_end":false,"group":6,"treasure":null,"fall":""},{"name":"Wakame_l","count":5,"weight":0,"dead_end":false,"group":6,"treasure":null,"fall":""},{"name":"Wealthy","count":1,"weight":0,"dead_end":false,"group":1,"treasure":"fue_a","fall":""},{"name":"Armor","count":1,"weight":0,"dead_end":false,"group":1,"treasure":"momiji_red","fall":""},{"name":"Demon","count":1,"weight":0,"dead_end":false,"group":1,"treasure":"light_a","fall":""}],"treasures":[{"name":"j_block_green","count":1,"weight":0},{"name":"donutswhite_s","count":1,"weight":0},{"name":"leaf_kare","count":1,"weight":0},{"name":"momiji_normal","count":1,"weight":0}],"gates":[{"word":"gate","health":5000,"weight":1},{"word":"gate","health":5000,"weight":1}]},{"name":"Sublevel 5 - Spring","properties":{"unit":"3_units_mid2_cent3_ike2_tsuchi.txt","max_rooms":4,"light":"normal_light_cha.ini","music":"cavesoil_10_3.cnd","skybox":"none","corridor":0.2,"caps":50,"timer":0,"geyser":false,"clogged":false,"echo":0,"plane":false,"seesaw":false,"version":1,"max_entities":null,"max_trasures":null,"max_gates":null},"entities":[{"name":"OniKurage","count":1,"weight":0,"dead_end":false,"group":0,"treasure":"key","fall":""},{"name":"Jigumo","count":1,"weight":0,"dead_end":false,"group":1,"treasure":"dia_c_blue","fall":""},{"name":"Armor","count":1,"weight":0,"dead_end":false,"group":0,"treasure":"kan_b_silver","fall":""},{"name":"Mar","count":1,"weight":0,"dead_end":false,"group":0,"treasure":"flask","fall":""},{"name":"ElecHiba","count":4,"weight":0,"dead_end":false,"group":5,"treasure":null,"fall":""},{"name":"Rock","count":7,"weight":0,"dead_end":false,"group":5,"treasure":null,"fall":""},{"name":"Ooinu_l","count":3,"weight":0,"dead_end":false,"group":6,"treasure":null,"fall":""},{"name":"Magaret","count":8,"weight":0,"dead_end":false,"group":6,"treasure":null,"fall":""},{"name":"Wakame_l","count":6,"weight":0,"dead_end":false,"group":6,"treasure":null,"fall":""},{"name":"Hana","count":2,"weight":0,"dead_end":false,"group":5,"treasure":"chess_queen_black","fall":""},{"name":"WaterOtakara","count":2,"weight":0,"dead_end":false,"group":0,"treasure":"diamond_blue_l","fall":""},{"name":"Catfish","count":2,"weight":0,"dead_end":false,"group":0,"treasure":"diamond_blue_l","fall":""},{"name":"Frog","count":2,"weight":0,"dead_end":false,"group":0,"treasure":"g_futa_koiwai","fall":""},{"name":"BluePom","count":2,"weight":0,"dead_end":true,"group":0,"treasure":null,"fall":""},{"name":"Sarai","count":2,"weight":0,"dead_end":false,"group":1,"treasure":"creap","fall":""},{"name":"Catfish","count":4,"weight":0,"dead_end":false,"group":0,"treasure":null,"fall":""}],"treasures":[{"name":"chess_king_white","count":1,"weight":0},{"name":"donutschoco_s","count":1,"weight":0},{"name":"dia_b_blue","count":1,"weight":0}],"gates":[]},{"name":"Sublevel 6 - Outside","properties":{"unit":"3_units_5x5a_big2_tower2_kusachi.txt","max_rooms":3,"light":"vs_8_light.ini","music":"caveglass_10_0.cnd","skybox":"hiroba","corridor":0.0,"caps":50,"timer":0,"geyser":false,"clogged":false,"echo":0,"plane":true,"seesaw":false,"version":1,"max_entities":null,"max_trasures":null,"max_gates":null},"entities":[{"name":"FminiHoudai","count":1,"weight":0,"dead_end":false,"group":8,"treasure":"key","fall":""},{"name":"SnakeCrow","count":1,"weight":0,"dead_end":false,"group":5,"treasure":"chocolate_l","fall":""},{"name":"SnakeCrow","count":1,"weight":0,"dead_end":false,"group":0,"treasure":"chocoichigo","fall":""},{"name":"Magaret","count":16,"weight":0,"dead_end":false,"group":6,"treasure":null,"fall":""},{"name":"Tanpopo","count":19,"weight":0,"dead_end":false,"group":6,"treasure":null,"fall":""},{"name":"OoPanModoki","count":1,"weight":0,"dead_end":false,"group":0,"treasure":"baum_kuchen","fall":""},{"name":"PanModoki","count":2,"weight":0,"dead_end":false,"group":1,"treasure":"kan","fall":""},{"name":"BlueChappy","count":1,"weight":0,"dead_end":false,"group":1,"treasure":"apple_blue","fall":""},{"name":"BlueChappy","count":1,"weight":0,"dead_end":false,"group":1,"treasure":"apple_blue","fall":""},{"name":"Frog","count":2,"weight":0,"dead_end":false,"group":8,"treasure":"g_futa_kyosin","fall":""},{"name":"ElecBug","count":3,"weight":0,"dead_end":false,"group":0,"treasure":null,"fall":""},{"name":"ElecBug","count":3,"weight":0,"dead_end":false,"group":0,"treasure":null,"fall":""},{"name":"UjiB","count":5,"weight":0,"dead_end":false,"group":0,"treasure":null,"fall":""},{"name":"UjiB","count":5,"weight":0,"dead_end":false,"group":0,"treasure":null,"fall":""},{"name":"Hanachirashi","count":1,"weight":0,"dead_end":false,"group":1,"treasure":"g_futa_nihonraku","fall":""},{"name":"Egg","count":1,"weight":0,"dead_end":true,"group":0,"treasure":null,"fall":""},{"name":"Egg","count":1,"weight":0,"dead_end":true,"group":0,"treasure":null,"fall":""}],"treasures":[{"name":"medama_yaki","count":1,"weight":0},{"name":"futa_a_silver","count":1,"weight":0},{"name":"cookie_s_l","count":1,"weight":0},{"name":"donutschoco","count":1,"weight":0},{"name":"loozy","count":1,"weight":0},{"name":"chocowhite_l","count":1,"weight":0}],"gates":[]}],"content":null}