{"sublevels":[{"name":"Sublevel 1","properties":{"unit":"3_ABE_5X5a_ike_big_kusachi.txt","max_rooms":4,"light":"kusachi_light_cha.ini","music":"caveglass_00_0.cnd","skybox":"hiroba","corridor":0.3,"caps":80,"timer":0,"geyser":false,"clogged":false,"echo":0,"plane":true,"seesaw":false,"version":1,"max_entities":null,"max_trasures":null,"max_gates":null},"entities":[{"name":"Ooinu_s","count":14,"weight":0,"dead_end":false,"group":6,"treasure":null,"fall":""},{"name":"Ooinu_l","count":11,"weight":0,"dead_end":false,"group":6,"treasure":null,"fall":""},{"name":"Tanpopo","count":11,"weight":0,"dead_end":false,"group":6,"treasure":null,"fall":""},{"name":"Clover","count":15,"weight":0,"dead_end":false,"group":6,"treasure":null,"fall":""},{"name":"Wakame_s","count":11,"weight":0,"dead_end":false,"group":6,"treasure":null,"fall":""},{"name":"Wakame_l","count":11,"weight":0,"dead_end":false,"group":6,"treasure":null,"fall":""},{"name":"PanModoki","count":1,"weight":0,"dead_end":false,"group":0,"treasure":"be_dama_yellow","fall":""},{"name":"PanModoki","count":1,"weight":0,"dead_end":false,"group":0,"treasure":"be_dama_yellow","fall":""},{"name":"Armor","count":1,"weight":0,"dead_end":false,"group":1,"treasure":"tape_yellow","fall":""},{"name":"Armor","count":1,"weight":0,"dead_end":false,"group":1,"treasure":"tape_yellow","fall":""},{"name":"Armor","count":1,"weight":0,"dead_end":false,"group":1,"treasure":"tape_yellow","fall":""},{"name":"Armor","count":1,"weight":0,"dead_end":false,"group":1,"treasure":"tape_yellow","fall":""},{"name":"Armor","count":1,"weight":0,"dead_end":false,"group":1,"treasure":"tape_yellow","fall":""},{"name":"ElecHiba","count":5,"weight":0,"dead_end":false,"group":5,"treasure":null,"fall":""},{"name":"UjiB","count":4,"weight":0,"dead_end":false,"group":0,"treasure":"flower_blue","fall":""},{"name":"UjiB","count":4,"weight":0,"dead_end":false,"group":0,"treasure":"flower_blue","fall":""},{"name":"UjiB","count":4,"weight":0,"dead_end":false,"group":0,"treasure":"flower_blue","fall":""},{"name":"UjiA","count":2,"weight":0,"dead_end":false,"group":0,"treasure":"momiji_normal","fall":""},{"name":"UjiA","count":2,"weight":0,"dead_end":false,"group":0,"treasure":"momiji_normal","fall":""}],"treasures":[{"name":"leaf_normal","count":1,"weight":0},{"name":"kinoko_tubu","count":1,"weight":0},{"name":"apple","count":1,"weight":0},{"name":"ichigo","count":1,"weight":0},{"name":"key","count":1,"weight":0}],"gates":[{"word":"gate","health":3500,"weight":1},{"word":"gate","health":3500,"weight":1},{"word":"gate","health":6000,"weight":1}]},{"name":"Sublevel 2","properties":{"unit":"2_units_mid_ike_kusachi.txt","max_rooms":3,"light":"normal_light_lv0.ini","music":"caveglass_10_0.cnd","skybox":"hiroba","corridor":0.2,"caps":50,"timer":0,"geyser":false,"clogged":false,"echo":0,"plane":true,"seesaw":false,"version":1,"max_entities":null,"max_trasures":null,"max_gates":null},"entities":[{"name":"Magaret","count":1,"weight":0,"dead_end":false,"group":0,"treasure":null,"fall":""},{"name":"Magaret","count":1,"weight":0,"dead_end":false,"group":0,"treasure":null,"fall":""},{"name":"Magaret","count":1,"weight":0,"dead_end":false,"group":0,"treasure":null,"fall":""},{"name":"Magaret","count":1,"weight":0,"dead_end":false,"group":0,"treasure":null,"fall":""},{"name":"Magaret","count":1,"weight":0,"dead_end":false,"group":0,"treasure":null,"fall":""},{"name":"Magaret","count":1,"weight":0,"dead_end":false,"group":0,"treasure":null,"fall":""},{"name":"Hana","count":1,"weight":0,"dead_end":false,"group":0,"treasure":"ichigo_l","fall":""},{"name":"Hana","count":1,"weight":0,"dead_end":false,"group":0,"treasure":"ichigo_l","fall":""},{"name":"Rock","count":6,"weight":0,"dead_end":false,"group":5,"treasure":null,"fall":""},{"name":"Clover","count":4,"weight":0,"dead_end":false,"group":6,"treasure":null,"fall":""},{"name":"HikariKinoko","count":2,"weight":0,"dead_end":false,"group":6,"treasure":null,"fall":""},{"name":"Ooinu_s","count":3,"weight":0,"dead_end":false,"group":6,"treasure":null,"fall":""},{"name":"KareOoinu_s","count":1,"weight":0,"dead_end":false,"group":6,"treasure":null,"fall":""},{"name":"Chappy","count":1,"weight":0,"dead_end":false,"group":1,"treasure":"be_dama_blue_l","fall":""},{"name":"Chappy","count":1,"weight":0,"dead_end":false,"group":1,"treasure":"be_dama_blue_l","fall":""},{"name":"Chappy","count":1,"weight":0,"dead_end":false,"group":1,"treasure":"be_dama_blue_l","fall":""},{"name":"Rock","count":2,"weight":1,"dead_end":false,"group":1,"treasure":null,"fall":"$5"},{"name":"Rock","count":2,"weight":1,"dead_end":false,"group":1,"treasure":null,"fall":"$5"},{"name":"Rock","count":2,"weight":1,"dead_end":false,"group":1,"treasure":null,"fall":"$5"},{"name":"Rock","count":2,"weight":1,"dead_end":false,"group":1,"treasure":null,"fall":"$5"},{"name":"Rock","count":2,"weight":1,"dead_end":false,"group":1,"treasure":null,"fall":"$5"}],"treasures":[{"name":"key","count":1,"weight":0},{"name":"dia_a_green","count":1,"weight":0},{"name":"leaf_kare","count":1,"weight":0},{"name":"kan_iwate","count":1,"weight":0}],"gates":[]},{"name":"Sublevel 3","properties":{"unit":"colgar1.txt","max_rooms":3,"light":"normal_light_lv0.ini","music":"cavesoil_05_0.cnd","skybox":"none","corridor":0.4,"caps":50,"timer":0,"geyser":false,"clogged":false,"echo":0,"plane":false,"seesaw":false,"version":1,"max_entities":null,"max_trasures":null,"max_gates":null},"entities":[{"name":"Ooinu_s","count":2,"weight":0,"dead_end":false,"group":6,"treasure":null,"fall":""},{"name":"HikariKinoko","count":3,"weight":0,"dead_end":false,"group":6,"treasure":null,"fall":""},{"name":"Clover","count":3,"weight":0,"dead_end":false,"group":6,"treasure":null,"fall":""},{"name":"KareOoinu_s","count":1,"weight":0,"dead_end":false,"group":6,"treasure":null,"fall":""},{"name":"Fkabuto","count":3,"weight":0,"dead_end":true,"group":0,"treasure":"kouseki_suisyou","fall":""},{"name":"Rock","count":5,"weight":0,"dead_end":false,"group":5,"treasure":null,"fall":""},{"name":"GasHiba","count":2,"weight":0,"dead_end":false,"group":5,"treasure":null,"fall":""},{"name":"ElecHiba","count":2,"weight":0,"dead_end":false,"group":5,"treasure":null,"fall":""},{"name":"Catfish","count":4,"weight":0,"dead_end":false,"group":0,"treasure":"j_block_green","fall":""},{"name":"Catfish","count":4,"weight":0,"dead_end":false,"group":0,"treasure":"j_block_green","fall":""},{"name":"Catfish","count":4,"weight":0,"dead_end":false,"group":0,"treasure":"j_block_green","fall":""},{"name":"Tobi","count":4,"weight":0,"dead_end":false,"group":1,"treasure":"flower_blue","fall":""},{"name":"Tobi","count":4,"weight":0,"dead_end":false,"group":1,"treasure":"flower_blue","fall":""},{"name":"Tobi","count":4,"weight":0,"dead_end":false,"group":1,"treasure":"flower_blue","fall":""},{"name":"Tobi","count":4,"weight":0,"dead_end":false,"group":1,"treasure":"flower_blue","fall":""},{"name":"Kabuto","count":1,"weight":0,"dead_end":false,"group":0,"treasure":"key","fall":"$"},{"name":"Kabuto","count":1,"weight":0,"dead_end":false,"group":0,"treasure":"kouseki_suisyou","fall":"$"},{"name":"Kabuto","count":1,"weight":0,"dead_end":false,"group":0,"treasure":"kouseki_suisyou","fall":"$"},{"name":"Kabuto","count":1,"weight":0,"dead_end":false,"group":1,"treasure":"kouseki_suisyou","fall":"$"}],"treasures":[{"name":"kan_imuraya","count":1,"weight":0},{"name":"j_block_blue","count":1,"weight":0},{"name":"dia_a_green","count":1,"weight":0},{"name":"ahiru_head","count":1,"weight":0}],"gates":[{"word":"gate","health":3500,"weight":1},{"word":"gate","health":3500,"weight":1},{"word":"gate","health":7000,"weight":1}]},{"name":"Sublevel 4","properties":{"unit":"colgar2.txt","max_rooms":2,"light":"normal_light_lv2.ini","music":"cavesoil_10_1.cnd","skybox":"none","corridor":0.0,"caps":50,"timer":0,"geyser":false,"clogged":false,"echo":0,"plane":false,"seesaw":false,"version":1,"max_entities":35,"max_trasures":null,"max_gates":null},"entities":[{"name":"Rock","count":0,"weight":6,"dead_end":false,"group":0,"treasure":null,"fall":""},{"name":"Rock","count":1,"weight":0,"dead_end":false,"group":1,"treasure":null,"fall":""},{"name":"Rock","count":1,"weight":0,"dead_end":false,"group":1,"treasure":null,"fall":""},{"name":"Rock","count":1,"weight":0,"dead_end":false,"group":1,"treasure":null,"fall":""},{"name":"Rock","count":1,"weight":0,"dead_end":false,"group":1,"treasure":null,"fall":""},{"name":"Rock","count":1,"weight":0,"dead_end":false,"group":1,"treasure":null,"fall":""},{"name":"Rock","count":1,"weight":0,"dead_end":false,"group":1,"treasure":null,"fall":""},{"name":"Rock","count":1,"weight":0,"dead_end":false,"group":1,"treasure":null,"fall":""},{"name":"DangoMushi","count":1,"weight":0,"dead_end":false,"group":8,"treasure":"key","fall":""},{"name":"Kurage","count":1,"weight":0,"dead_end":false,"group":1,"treasure":"denchi_2_black","fall":""},{"name":"Kurage","count":1,"weight":0,"dead_end":false,"group":1,"treasure":"denchi_2_black","fall":""},{"name":"Kurage","count":1,"weight":0,"dead_end":false,"group":1,"treasure":"denchi_2_black","fall":""},{"name":"HikariKinoko","count":7,"weight":0,"dead_end":false,"group":6,"treasure":null,"fall":""},{"name":"KareOoinu_s","count":1,"weight":0,"dead_end":false,"group":6,"treasure":null,"fall":""},{"name":"Clover","count":1,"weight":0,"dead_end":false,"group":6,"treasure":null,"fall":""}],"treasures":[{"name":"saru_head","count":1,"weight":0},{"name":"leaf_kare","count":1,"weight":0},{"name":"ichigo","count":1,"weight":0},{"name":"apple","count":1,"weight":0}],"gates":[]}],"content":null}