{"sublevels":[{"name":"Sublevel 1","properties":{"unit":"2_units_blk1_nor4_tsuchi.txt","max_rooms":3,"light":"sirohana_light_lv2.ini","music":"caveconc_00_0.cnd","skybox":"hiroba","corridor":0.2,"caps":50,"timer":0,"geyser":false,"clogged":false,"echo":0,"plane":false,"seesaw":false,"version":1,"max_entities":6,"max_trasures":null,"max_gates":null},"entities":[{"name":"Kochappy","count":2,"weight":0,"dead_end":false,"group":0,"treasure":null,"fall":""},{"name":"Kochappy","count":1,"weight":0,"dead_end":false,"group":0,"treasure":null,"fall":""},{"name":"PanModoki","count":1,"weight":0,"dead_end":true,"group":0,"treasure":"apple","fall":""},{"name":"Sarai","count":1,"weight":0,"dead_end":true,"group":0,"treasure":"flower_red","fall":"$2"},{"name":"PanModoki","count":1,"weight":0,"dead_end":false,"group":0,"treasure":"key","fall":""}],"treasures":[{"name":"ichigo","count":1,"weight":0}],"gates":[]},{"name":"Sublevel 2","properties":{"unit":"1_units_spiral_conc.txt","max_rooms":1,"light":"forest_2_siro_light.ini","music":"caveconc_00_0.cnd","skybox":"none","corridor":0.0,"caps":50,"timer":0,"geyser":false,"clogged":false,"echo":0,"plane":false,"seesaw":false,"version":1,"max_entities":8,"max_trasures":null,"max_gates":null},"entities":[{"name":"Hiba","count":1,"weight":0,"dead_end":false,"group":5,"treasure":null,"fall":""},{"name":"Hiba","count":1,"weight":0,"dead_end":false,"group":5,"treasure":null,"fall":""},{"name":"Hiba","count":1,"weight":0,"dead_end":false,"group":5,"treasure":null,"fall":""},{"name":"FireOtakara","count":1,"weight":0,"dead_end":false,"group":0,"treasure":null,"fall":"$4"},{"name":"FireOtakara","count":1,"weight":0,"dead_end":false,"group":0,"treasure":null,"fall":"$4"},{"name":"FireOtakara","count":1,"weight":0,"dead_end":false,"group":0,"treasure":null,"fall":"$4"},{"name":"FireOtakara","count":1,"weight":0,"dead_end":false,"group":1,"treasure":null,"fall":"$4"},{"name":"PanModoki","count":1,"weight":0,"dead_end":false,"group":1,"treasure":"dia_b_green","fall":""},{"name":"PanModoki","count":1,"weight":0,"dead_end":false,"group":0,"treasure":null,"fall":""}],"treasures":[{"name":"medama_yaki","count":1,"weight":0},{"name":"apple_blue","count":1,"weight":0},{"name":"key","count":1,"weight":0}],"gates":[]},{"name":"Sublevel 3","properties":{"unit":"1_units_dangomushi_tile.txt","max_rooms":1,"light":"normal_light_lv0.ini","music":"caveconc_00_0.cnd","skybox":"none","corridor":0.1,"caps":50,"timer":0,"geyser":true,"clogged":false,"echo":0,"plane":false,"seesaw":false,"version":1,"max_entities":7,"max_trasures":null,"max_gates":null},"entities":[{"name":"PanModoki","count":3,"weight":0,"dead_end":false,"group":1,"treasure":null,"fall":""},{"name":"OoPanModoki","count":1,"weight":0,"dead_end":false,"group":1,"treasure":"donutsichigo","fall":""},{"name":"GasHiba","count":1,"weight":0,"dead_end":false,"group":5,"treasure":"donutsichigo","fall":""},{"name":"GasHiba","count":1,"weight":0,"dead_end":false,"group":5,"treasure":"donutsichigo","fall":""},{"name":"GasHiba","count":1,"weight":0,"dead_end":false,"group":5,"treasure":"donutsichigo","fall":""}],"treasures":[{"name":"donutschoco","count":1,"weight":0},{"name":"chocolate_l","count":1,"weight":0},{"name":"chocolate","count":1,"weight":0},{"name":"loozy","count":1,"weight":0},{"name":"key","count":1,"weight":0}],"gates":[]}],"content":null}