{"sublevels":[{"name":"Sublevel 1 - Main","properties":{"unit":"conveyor.txt","max_rooms":1,"light":"metal_light_lv0.ini","music":"cavemetal_05_3.cnd","skybox":"build","corridor":0.0,"caps":50,"timer":0,"geyser":true,"clogged":false,"echo":0,"plane":false,"seesaw":false,"version":1,"max_entities":null,"max_trasures":null,"max_gates":null},"entities":[{"name":"Kabuto","count":3,"weight":0,"dead_end":false,"group":0,"treasure":"juji_key","fall":""},{"name":"Catfish","count":3,"weight":0,"dead_end":false,"group":8,"treasure":"be_dama_yellow","fall":""},{"name":"DaiodoRed","count":60,"weight":0,"dead_end":false,"group":6,"treasure":null,"fall":""},{"name":"DaiodoGreen","count":60,"weight":0,"dead_end":false,"group":6,"treasure":null,"fall":""},{"name":"Tobi","count":4,"weight":0,"dead_end":false,"group":1,"treasure":"bird_hane","fall":""},{"name":"Fuefuki","count":1,"weight":0,"dead_end":false,"group":0,"treasure":"sinkukan_c","fall":""},{"name":"KumaKochappy","count":7,"weight":0,"dead_end":false,"group":1,"treasure":"denchi_3_red","fall":""}],"treasures":[{"name":"bane","count":1,"weight":0},{"name":"bolt_l","count":1,"weight":0},{"name":"light_a","count":1,"weight":0},{"name":"nut_l","count":1,"weight":0},{"name":"key","count":1,"weight":0}],"gates":[]}],"content":null}