{"sublevels":[{"name":"Sublevel 1","properties":{"unit":"1_MAT_ike_kusachi.txt","max_rooms":3,"light":"modded_night_light.ini","music":"cavetile_00_0.cnd","skybox":"hiroba","corridor":0.105,"caps":75,"timer":0,"geyser":false,"clogged":false,"echo":0,"plane":true,"seesaw":false,"version":1,"max_entities":23,"max_trasures":null,"max_gates":null},"entities":[{"name":"Tadpole","count":1,"weight":0,"dead_end":false,"group":5,"treasure":"be_dama_blue","fall":"$"},{"name":"Ooinu_s","count":2,"weight":0,"dead_end":false,"group":1,"treasure":null,"fall":""},{"name":"Tadpole","count":2,"weight":0,"dead_end":false,"group":0,"treasure":null,"fall":""},{"name":"Frog","count":1,"weight":0,"dead_end":false,"group":1,"treasure":"juji_key","fall":""},{"name":"Ooinu_l","count":1,"weight":0,"dead_end":false,"group":0,"treasure":null,"fall":""},{"name":"Magaret","count":4,"weight":0,"dead_end":false,"group":6,"treasure":null,"fall":""},{"name":"Tanpopo","count":2,"weight":0,"dead_end":false,"group":1,"treasure":null,"fall":""},{"name":"Frog","count":1,"weight":0,"dead_end":false,"group":0,"treasure":"j_block_green","fall":""},{"name":"Hana","count":1,"weight":0,"dead_end":false,"group":6,"treasure":"gold_medal","fall":""}],"treasures":[{"name":"key","count":1,"weight":0},{"name":"ahiru_head","count":1,"weight":0},{"name":"ichigo","count":1,"weight":0},{"name":"dia_b_red","count":1,"weight":0}],"gates":[]},{"name":"Sublevel 2","properties":{"unit":"1_units_ike4_tsuchi.txt","max_rooms":1,"light":"modded_demon_light_dim.ini","music":"new_01_0.cnd","skybox":"none","corridor":0.135,"caps":55,"timer":0,"geyser":false,"clogged":false,"echo":0,"plane":false,"seesaw":false,"version":1,"max_entities":23,"max_trasures":null,"max_gates":null},"entities":[{"name":"DaiodoRed","count":3,"weight":0,"dead_end":false,"group":0,"treasure":null,"fall":""},{"name":"Chappy","count":1,"weight":0,"dead_end":true,"group":0,"treasure":"be_dama_red_l","fall":""},{"name":"MaroFrog","count":1,"weight":0,"dead_end":false,"group":1,"treasure":"j_block_red","fall":""},{"name":"Hiba","count":4,"weight":0,"dead_end":false,"group":5,"treasure":null,"fall":""},{"name":"FireChappy","count":1,"weight":0,"dead_end":false,"group":8,"treasure":"fire","fall":""},{"name":"Catfish","count":3,"weight":0,"dead_end":false,"group":0,"treasure":"flower_red","fall":""},{"name":"KareOoinu_s","count":4,"weight":0,"dead_end":false,"group":6,"treasure":null,"fall":""},{"name":"Kochappy","count":4,"weight":0,"dead_end":false,"group":1,"treasure":"donguri","fall":""},{"name":"Wakame_s","count":3,"weight":0,"dead_end":false,"group":6,"treasure":null,"fall":""},{"name":"Egg","count":1,"weight":0,"dead_end":true,"group":0,"treasure":null,"fall":""},{"name":"Tank","count":1,"weight":0,"dead_end":false,"group":8,"treasure":"diamond_red","fall":""}],"treasures":[{"name":"key","count":1,"weight":0},{"name":"tape_blue","count":1,"weight":1}],"gates":[]},{"name":"Sublevel 3","properties":{"unit":"1_unit_16x17r_conc.txt","max_rooms":1,"light":"modded_gloomy_light.ini","music":"caverelax.cnd","skybox":"none","corridor":0.12,"caps":50,"timer":0,"geyser":false,"clogged":false,"echo":0,"plane":false,"seesaw":false,"version":1,"max_entities":12,"max_trasures":null,"max_gates":null},"entities":[{"name":"LeafChappy","count":1,"weight":0,"dead_end":false,"group":1,"treasure":"cookie_s","fall":""},{"name":"Ooinu_l","count":2,"weight":0,"dead_end":false,"group":6,"treasure":null,"fall":""},{"name":"Kogane","count":1,"weight":0,"dead_end":false,"group":1,"treasure":null,"fall":""},{"name":"Sokkuri","count":3,"weight":0,"dead_end":false,"group":6,"treasure":"flower_blue","fall":""},{"name":"Fart","count":1,"weight":0,"dead_end":false,"group":1,"treasure":null,"fall":""},{"name":"HikariKinoko","count":3,"weight":0,"dead_end":false,"group":0,"treasure":null,"fall":""},{"name":"Clover","count":2,"weight":0,"dead_end":false,"group":6,"treasure":null,"fall":""}],"treasures":[{"name":"key","count":1,"weight":0},{"name":"diamond_blue_l","count":1,"weight":0}],"gates":[]},{"name":"Sublevel 4","properties":{"unit":"2_ABE_a_dry_tile.txt","max_rooms":4,"light":"modded_gloomy_light.ini","music":"new_02_0.cnd","skybox":"none","corridor":0.085,"caps":45,"timer":370,"geyser":false,"clogged":false,"echo":0,"plane":false,"seesaw":false,"version":1,"max_entities":48,"max_trasures":null,"max_gates":null},"entities":[{"name":"OniKurage","count":1,"weight":0,"dead_end":false,"group":8,"treasure":"g_futa_koiwai","fall":""},{"name":"BlackMan","count":1,"weight":0,"dead_end":false,"group":1,"treasure":null,"fall":""},{"name":"HikariKinoko","count":3,"weight":0,"dead_end":false,"group":0,"treasure":null,"fall":""},{"name":"Kurage","count":1,"weight":0,"dead_end":false,"group":1,"treasure":"diamond_green","fall":""},{"name":"LeafChappy","count":1,"weight":0,"dead_end":false,"group":1,"treasure":"bey_goma","fall":""},{"name":"Kurage","count":1,"weight":0,"dead_end":false,"group":6,"treasure":"be_dama_blue_l","fall":""},{"name":"BlueKochappy","count":3,"weight":0,"dead_end":false,"group":1,"treasure":"be_dama_red","fall":""},{"name":"YellowKochappy","count":9,"weight":0,"dead_end":false,"group":0,"treasure":null,"fall":""},{"name":"ElecOtakara","count":1,"weight":0,"dead_end":true,"group":0,"treasure":"denchi_3_red","fall":"$2"},{"name":"YellowKochappy","count":9,"weight":0,"dead_end":false,"group":6,"treasure":null,"fall":""},{"name":"ElecHiba","count":4,"weight":0,"dead_end":false,"group":5,"treasure":null,"fall":""},{"name":"FireOtakara","count":3,"weight":0,"dead_end":false,"group":1,"treasure":null,"fall":""},{"name":"BlueKochappy","count":3,"weight":0,"dead_end":false,"group":0,"treasure":"be_dama_yellow","fall":""}],"treasures":[{"name":"key","count":1,"weight":0},{"name":"ahiru","count":1,"weight":0},{"name":"diamond_green_l","count":1,"weight":0},{"name":"chess_queen_black","count":1,"weight":0}],"gates":[]},{"name":"Sublevel 5","properties":{"unit":"1_MIYA_bunki_tile.txt","max_rooms":1,"light":"modded_small_light.ini","music":"cavetile_00_0.cnd","skybox":"none","corridor":0.12,"caps":50,"timer":330,"geyser":false,"clogged":false,"echo":0,"plane":false,"seesaw":false,"version":1,"max_entities":14,"max_trasures":null,"max_gates":null},"entities":[{"name":"DangoMushi","count":1,"weight":0,"dead_end":false,"group":6,"treasure":"water","fall":""},{"name":"HikariKinoko","count":2,"weight":0,"dead_end":false,"group":0,"treasure":null,"fall":""},{"name":"Egg","count":2,"weight":0,"dead_end":true,"group":0,"treasure":null,"fall":"$"},{"name":"HikariKinoko","count":1,"weight":0,"dead_end":false,"group":0,"treasure":null,"fall":""},{"name":"DaiodoGreen","count":1,"weight":0,"dead_end":false,"group":0,"treasure":null,"fall":""},{"name":"DaiodoGreen","count":1,"weight":0,"dead_end":false,"group":0,"treasure":null,"fall":""},{"name":"Jigumo","count":2,"weight":0,"dead_end":false,"group":0,"treasure":"be_dama_blue","fall":""},{"name":"Jigumo","count":1,"weight":0,"dead_end":false,"group":1,"treasure":"diamond_green","fall":""},{"name":"Jigumo","count":1,"weight":0,"dead_end":false,"group":0,"treasure":"kan","fall":""},{"name":"BlackMan","count":1,"weight":0,"dead_end":false,"group":1,"treasure":null,"fall":""},{"name":"UmiMushiBlind","count":1,"weight":0,"dead_end":false,"group":1,"treasure":"milk_cap","fall":""}],"treasures":[{"name":"key","count":1,"weight":0},{"name":"toy_dog","count":1,"weight":0}],"gates":[]},{"name":"Sublevel 6","properties":{"unit":"2_units_Oashi_d_conc.txt","max_rooms":2,"light":"modded_gloomy_light.ini","music":"cavetile_00_0.cnd","skybox":"none","corridor":0.12,"caps":80,"timer":150,"geyser":false,"clogged":false,"echo":0,"plane":false,"seesaw":false,"version":1,"max_entities":18,"max_trasures":null,"max_gates":null},"entities":[{"name":"BlackMan","count":1,"weight":0,"dead_end":false,"group":8,"treasure":"key","fall":""},{"name":"HikariKinoko","count":4,"weight":0,"dead_end":false,"group":0,"treasure":null,"fall":""},{"name":"DaiodoRed","count":2,"weight":0,"dead_end":false,"group":0,"treasure":null,"fall":""},{"name":"TamagoMushi","count":1,"weight":0,"dead_end":true,"group":0,"treasure":null,"fall":""},{"name":"MiniHoudai","count":2,"weight":0,"dead_end":false,"group":6,"treasure":"denchi_3_red","fall":""},{"name":"BlackPom","count":1,"weight":0,"dead_end":true,"group":0,"treasure":null,"fall":""},{"name":"BlackPom","count":1,"weight":0,"dead_end":false,"group":1,"treasure":null,"fall":""},{"name":"KumaKochappy","count":1,"weight":0,"dead_end":false,"group":6,"treasure":"be_dama_blue","fall":"$5"},{"name":"KumaKochappy","count":1,"weight":0,"dead_end":false,"group":1,"treasure":"be_dama_yellow","fall":"$5"},{"name":"KumaKochappy","count":1,"weight":0,"dead_end":false,"group":5,"treasure":"be_dama_red","fall":"$5"}],"treasures":[],"gates":[]}],"content":null}