{"sublevels":[{"name":"Sublevel 1","properties":{"unit":"all_units_kusachi.txt","max_rooms":4,"light":"metal_light_lv0.ini","music":"new_03_0.cnd","skybox":"wireframe","corridor":0.12,"caps":50,"timer":0,"geyser":false,"clogged":false,"echo":0,"plane":true,"seesaw":false,"version":1,"max_entities":null,"max_trasures":null,"max_gates":null},"entities":[{"name":"ElecBug","count":10,"weight":0,"dead_end":false,"group":0,"treasure":null,"fall":""},{"name":"Demon","count":4,"weight":0,"dead_end":false,"group":5,"treasure":null,"fall":""},{"name":"MiniHoudai","count":1,"weight":0,"dead_end":false,"group":0,"treasure":null,"fall":""},{"name":"BombSarai","count":1,"weight":0,"dead_end":false,"group":0,"treasure":null,"fall":""},{"name":"BombSarai","count":1,"weight":0,"dead_end":false,"group":0,"treasure":"key","fall":""},{"name":"MaroFrog","count":2,"weight":0,"dead_end":false,"group":1,"treasure":null,"fall":""},{"name":"BlueChappy","count":1,"weight":0,"dead_end":false,"group":1,"treasure":null,"fall":""},{"name":"BlueKochappy","count":2,"weight":0,"dead_end":false,"group":1,"treasure":null,"fall":""},{"name":"DaiodoRed","count":10,"weight":0,"dead_end":false,"group":6,"treasure":null,"fall":""},{"name":"DaiodoGreen","count":10,"weight":0,"dead_end":false,"group":6,"treasure":null,"fall":""}],"treasures":[{"name":"be_dama_red","count":1,"weight":0},{"name":"be_dama_red_l","count":1,"weight":0},{"name":"be_dama_yellow","count":1,"weight":0},{"name":"be_dama_yellow_l","count":1,"weight":0},{"name":"be_dama_blue","count":1,"weight":0},{"name":"be_dama_blue_l","count":1,"weight":0}],"gates":[]},{"name":"Sublevel 2","properties":{"unit":"2_units_mid1_nor22_metal.txt","max_rooms":4,"light":"space_light.ini","music":"new_02_0.cnd","skybox":"space","corridor":0.15,"caps":100,"timer":0,"geyser":false,"clogged":false,"echo":0,"plane":false,"seesaw":false,"version":1,"max_entities":null,"max_trasures":null,"max_gates":null},"entities":[{"name":"Wealthy","count":1,"weight":0,"dead_end":true,"group":0,"treasure":"key","fall":""},{"name":"Hanachirashi","count":2,"weight":0,"dead_end":false,"group":0,"treasure":null,"fall":""},{"name":"WaterOtakara","count":2,"weight":0,"dead_end":false,"group":0,"treasure":null,"fall":""},{"name":"Tank","count":1,"weight":0,"dead_end":false,"group":1,"treasure":null,"fall":"$"},{"name":"Wtank","count":1,"weight":0,"dead_end":false,"group":1,"treasure":null,"fall":"$"},{"name":"Demon","count":2,"weight":0,"dead_end":false,"group":1,"treasure":null,"fall":"$3"},{"name":"ElecHiba","count":6,"weight":0,"dead_end":false,"group":5,"treasure":null,"fall":""},{"name":"DaiodoGreen","count":2,"weight":0,"dead_end":false,"group":6,"treasure":null,"fall":""},{"name":"RedPom","count":1,"weight":0,"dead_end":false,"group":5,"treasure":null,"fall":""},{"name":"Egg","count":5,"weight":0,"dead_end":false,"group":1,"treasure":null,"fall":"$"},{"name":"DaiodoRed","count":5,"weight":0,"dead_end":false,"group":6,"treasure":null,"fall":""},{"name":"DaiodoGreen","count":5,"weight":0,"dead_end":false,"group":6,"treasure":null,"fall":""}],"treasures":[{"name":"channel","count":1,"weight":0},{"name":"bell_blue","count":1,"weight":0},{"name":"ahiru","count":1,"weight":0},{"name":"donutschoco","count":1,"weight":0},{"name":"donutsichigo","count":1,"weight":0}],"gates":[{"word":"gate","health":1000,"weight":1},{"word":"gate","health":1000,"weight":1}]},{"name":"Sublevel 3","properties":{"unit":"3_units_small_mid_large_toy.txt","max_rooms":3,"light":"arcade_light.ini","music":"new_07_0.cnd","skybox":"arcade","corridor":0.12,"caps":50,"timer":0,"geyser":false,"clogged":false,"echo":0,"plane":true,"seesaw":false,"version":1,"max_entities":null,"max_trasures":null,"max_gates":null},"entities":[{"name":"Wealthy","count":1,"weight":0,"dead_end":false,"group":1,"treasure":"key","fall":""},{"name":"Kurage","count":2,"weight":0,"dead_end":false,"group":0,"treasure":null,"fall":""},{"name":"OniKurage","count":1,"weight":0,"dead_end":false,"group":0,"treasure":null,"fall":""},{"name":"Fuefuki","count":2,"weight":0,"dead_end":false,"group":1,"treasure":null,"fall":""},{"name":"Hana","count":2,"weight":0,"dead_end":false,"group":1,"treasure":null,"fall":""},{"name":"PanModoki","count":2,"weight":0,"dead_end":false,"group":1,"treasure":null,"fall":""},{"name":"OoPanModoki","count":2,"weight":0,"dead_end":false,"group":1,"treasure":null,"fall":""},{"name":"Qurione","count":5,"weight":0,"dead_end":false,"group":0,"treasure":null,"fall":""},{"name":"Miulin","count":1,"weight":0,"dead_end":false,"group":1,"treasure":null,"fall":""},{"name":"HikariKinoko","count":5,"weight":0,"dead_end":false,"group":6,"treasure":null,"fall":""},{"name":"WhitePom","count":1,"weight":0,"dead_end":false,"group":5,"treasure":null,"fall":""},{"name":"BlackPom","count":1,"weight":0,"dead_end":false,"group":5,"treasure":null,"fall":""}],"treasures":[{"name":"silver_medal","count":1,"weight":0},{"name":"gold_medal","count":1,"weight":0},{"name":"sensya","count":1,"weight":0},{"name":"juji_key","count":1,"weight":0},{"name":"juji_key_fc","count":1,"weight":0},{"name":"diamond_blue","count":1,"weight":0},{"name":"j_block_blue","count":1,"weight":0},{"name":"j_block_red","count":1,"weight":0},{"name":"j_block_green","count":1,"weight":0},{"name":"j_block_yellow","count":1,"weight":0},{"name":"j_block_white","count":1,"weight":0}],"gates":[]},{"name":"Sublevel 4","properties":{"unit":"1_units_houdai_metal.txt","max_rooms":1,"light":"space_light.ini","music":"new_00_0.cnd","skybox":"disco","corridor":0.12,"caps":50,"timer":0,"geyser":false,"clogged":false,"echo":0,"plane":false,"seesaw":false,"version":1,"max_entities":null,"max_trasures":null,"max_gates":null},"entities":[{"name":"Damagumo","count":1,"weight":0,"dead_end":false,"group":1,"treasure":"key","fall":""},{"name":"ShijimiChou","count":2,"weight":0,"dead_end":false,"group":0,"treasure":null,"fall":""},{"name":"Clover","count":5,"weight":0,"dead_end":false,"group":6,"treasure":null,"fall":""}],"treasures":[{"name":"cookie_s","count":1,"weight":0},{"name":"cookie_s_l","count":1,"weight":0},{"name":"bell_yellow","count":1,"weight":0},{"name":"dashboots","count":1,"weight":0}],"gates":[]}],"content":null}