{"sublevels":[{"name":"Sublevel 1","properties":{"unit":"1_DEFT_woods_unique.txt","max_rooms":1,"light":"kusachi_light_cha.ini","music":"cavesoil_10_0.cnd","skybox":"none","corridor":0.0,"caps":50,"timer":0,"geyser":false,"clogged":false,"echo":0,"plane":false,"seesaw":false,"version":1,"max_entities":null,"max_trasures":null,"max_gates":null},"entities":[{"name":"UjiA","count":3,"weight":0,"dead_end":false,"group":0,"treasure":"momiji_normal","fall":""},{"name":"UjiB","count":4,"weight":0,"dead_end":false,"group":0,"treasure":"flower_blue","fall":""},{"name":"Kochappy","count":5,"weight":0,"dead_end":false,"group":0,"treasure":"flower_red","fall":""},{"name":"BlueKochappy","count":2,"weight":0,"dead_end":false,"group":0,"treasure":"ichigo","fall":""},{"name":"Sarai","count":2,"weight":0,"dead_end":false,"group":0,"treasure":"donguri","fall":""},{"name":"Chappy","count":3,"weight":0,"dead_end":false,"group":1,"treasure":"apple","fall":""},{"name":"BlueChappy","count":1,"weight":0,"dead_end":false,"group":1,"treasure":"key","fall":""},{"name":"BlueChappy","count":1,"weight":0,"dead_end":false,"group":1,"treasure":"ichigo_l","fall":""},{"name":"Tank","count":2,"weight":0,"dead_end":false,"group":1,"treasure":"momiji_red","fall":""},{"name":"Wtank","count":1,"weight":0,"dead_end":false,"group":1,"treasure":"donguri_l","fall":""},{"name":"Jigumo","count":2,"weight":0,"dead_end":false,"group":8,"treasure":"g_futa_koiwai","fall":""},{"name":"Tadpole","count":4,"weight":0,"dead_end":false,"group":8,"treasure":"bird_hane","fall":""},{"name":"ShijimiChou","count":1,"weight":0,"dead_end":false,"group":0,"treasure":null,"fall":""},{"name":"Clover","count":4,"weight":0,"dead_end":false,"group":6,"treasure":null,"fall":""},{"name":"Tanpopo","count":1,"weight":0,"dead_end":false,"group":6,"treasure":null,"fall":""},{"name":"Ooinu_l","count":2,"weight":0,"dead_end":false,"group":6,"treasure":null,"fall":""}],"treasures":[{"name":"leaf_kare","count":1,"weight":0},{"name":"futa_a_silver","count":1,"weight":0},{"name":"leaf_normal","count":1,"weight":0},{"name":"matu_bokkuri","count":1,"weight":0},{"name":"hotate","count":1,"weight":0},{"name":"kuri","count":1,"weight":0}],"gates":[]}],"content":null}