{"sublevels":[{"name":"Sublevel 1 - Retailed Pipes","properties":{"unit":"1 16 x 17 conc.txt","max_rooms":2,"light":"vs 7 light.ini","music":"cave metal .cnd","skybox":"tatami","corridor":0.165,"caps":5,"timer":0,"geyser":true,"clogged":false,"echo":0,"plane":true,"seesaw":false,"version":1,"max_entities":null,"max_trasures":null,"max_gates":null},"entities":[{"name":"DangoMushi","count":1,"weight":0,"dead_end":false,"group":0,"treasure":"gas","fall":"$"},{"name":"YellowChappy","count":1,"weight":0,"dead_end":false,"group":0,"treasure":"g_futa_hirosima","fall":""},{"name":"YellowChappy","count":4,"weight":0,"dead_end":false,"group":0,"treasure":"toy_ring_c_red","fall":""},{"name":"Rkabuto","count":2,"weight":0,"dead_end":false,"group":1,"treasure":"toy_ring_b_red","fall":""},{"name":"PanModoki","count":1,"weight":0,"dead_end":false,"group":0,"treasure":"toy_ring_c_green","fall":""},{"name":"Hanachirashi","count":2,"weight":0,"dead_end":false,"group":0,"treasure":"juji_key","fall":""},{"name":"KumaChappy","count":4,"weight":0,"dead_end":false,"group":0,"treasure":"toy_ring_b_green","fall":""},{"name":"SnakeCrow","count":1,"weight":0,"dead_end":false,"group":0,"treasure":"key","fall":""},{"name":"PanHouse","count":1,"weight":0,"dead_end":false,"group":1,"treasure":null,"fall":""},{"name":"Rock","count":15,"weight":0,"dead_end":false,"group":0,"treasure":null,"fall":"$2"},{"name":"Fart","count":1,"weight":0,"dead_end":false,"group":0,"treasure":"ichigo","fall":""},{"name":"Demon","count":1,"weight":0,"dead_end":false,"group":0,"treasure":"diamond_blue_l","fall":""},{"name":"Demon","count":1,"weight":0,"dead_end":false,"group":0,"treasure":"chess_queen_white","fall":""},{"name":"Armor","count":4,"weight":0,"dead_end":false,"group":0,"treasure":"kan_b_gold","fall":""}],"treasures":[],"gates":[]}],"content":null}