{"sublevels":[{"name":"Sublevel 1","properties":{"unit":"4_MAT_nor3_mid1_hit3_sak1_tsuchi.txt","max_rooms":3,"light":"normal_light_lv0.ini","music":"caveconc_10_1.cnd","skybox":"none","corridor":0.2,"caps":5,"timer":0,"geyser":false,"clogged":false,"echo":0,"plane":false,"seesaw":false,"version":1,"max_entities":null,"max_trasures":null,"max_gates":null},"entities":[{"name":"Miulin","count":1,"weight":0,"dead_end":false,"group":0,"treasure":"juji_key","fall":""},{"name":"Kochappy","count":3,"weight":0,"dead_end":false,"group":1,"treasure":"juji_key","fall":""},{"name":"Chappy","count":1,"weight":0,"dead_end":false,"group":0,"treasure":"j_block_green","fall":""},{"name":"UjiB","count":7,"weight":0,"dead_end":false,"group":0,"treasure":"water","fall":""},{"name":"Kogane","count":1,"weight":0,"dead_end":false,"group":1,"treasure":null,"fall":""},{"name":"SnakeCrow","count":1,"weight":0,"dead_end":false,"group":0,"treasure":"key","fall":""}],"treasures":[{"name":"milk_cap","count":1,"weight":0},{"name":"bane","count":1,"weight":0}],"gates":[]},{"name":"Sublevel 2","properties":{"unit":"2_units_north_dry_tile.txt","max_rooms":3,"light":"normal_light_lv0.ini","music":"caveglass_10_0.cnd","skybox":"none","corridor":0.2,"caps":10,"timer":0,"geyser":false,"clogged":false,"echo":0,"plane":false,"seesaw":false,"version":1,"max_entities":null,"max_trasures":null,"max_gates":null},"entities":[{"name":"MaroFrog","count":3,"weight":0,"dead_end":false,"group":0,"treasure":"wadou_kaichin","fall":""},{"name":"Frog","count":3,"weight":0,"dead_end":false,"group":1,"treasure":"g_futa_kyosin","fall":""},{"name":"Tobi","count":7,"weight":0,"dead_end":false,"group":0,"treasure":"g_futa_kajiwara","fall":""},{"name":"Sarai","count":2,"weight":0,"dead_end":false,"group":0,"treasure":"g_futa_kajiwara","fall":""},{"name":"Damagumo","count":1,"weight":0,"dead_end":false,"group":1,"treasure":"key","fall":""},{"name":"Tank","count":2,"weight":0,"dead_end":false,"group":1,"treasure":"key","fall":""}],"treasures":[{"name":"dia_a_blue","count":3,"weight":0}],"gates":[]},{"name":"Sublevel 3","properties":{"unit":"1_units_manh_boss_conc.txt","max_rooms":3,"light":"normal_light_lv0.ini","music":"","skybox":"none","corridor":0.2,"caps":0,"timer":0,"geyser":false,"clogged":false,"echo":0,"plane":false,"seesaw":false,"version":1,"max_entities":null,"max_trasures":null,"max_gates":null},"entities":[{"name":"KumaChappy","count":2,"weight":0,"dead_end":false,"group":1,"treasure":"sinkukan","fall":""},{"name":"KingChappy","count":1,"weight":0,"dead_end":false,"group":1,"treasure":"key","fall":""}],"treasures":[],"gates":[]}],"content":null}