{"sublevels":[{"name":"Sublevel 1 - HAHA","properties":{"unit":"4_units_c_e_j_l_conc.txt","max_rooms":4,"light":"normal_light_lv0.ini","music":"caveconc_00_0.cnd","skybox":"none","corridor":0.0,"caps":50,"timer":0,"geyser":false,"clogged":false,"echo":0,"plane":false,"seesaw":true,"version":1,"max_entities":null,"max_trasures":null,"max_gates":null},"entities":[{"name":"LeafChappy","count":2,"weight":0,"dead_end":false,"group":0,"treasure":null,"fall":""},{"name":"LeafChappy","count":2,"weight":0,"dead_end":false,"group":0,"treasure":null,"fall":""},{"name":"LeafChappy","count":2,"weight":0,"dead_end":false,"group":0,"treasure":null,"fall":""},{"name":"LeafChappy","count":2,"weight":0,"dead_end":false,"group":1,"treasure":null,"fall":""},{"name":"LeafChappy","count":2,"weight":0,"dead_end":false,"group":1,"treasure":null,"fall":""},{"name":"LeafChappy","count":2,"weight":0,"dead_end":false,"group":1,"treasure":null,"fall":""},{"name":"Houdai","count":8,"weight":0,"dead_end":false,"group":5,"treasure":null,"fall":""},{"name":"Egg","count":80,"weight":0,"dead_end":false,"group":6,"treasure":"key","fall":""}],"treasures":[{"name":"bell","count":1,"weight":0},{"name":"bell","count":1,"weight":0},{"name":"bell","count":1,"weight":0},{"name":"bell","count":1,"weight":0},{"name":"key","count":1,"weight":0},{"name":"chocowhite_l","count":1,"weight":0},{"name":"chocowhite_l","count":1,"weight":0},{"name":"chocowhite_l","count":1,"weight":0},{"name":"chocowhite_l","count":1,"weight":0}],"gates":[]},{"name":"Sublevel 2 - GET","properties":{"unit":"1_units_queen_b_tsuchi.txt","max_rooms":1,"light":"normal_light_lv0.ini","music":"caveconc_00_0.cnd","skybox":"none","corridor":0.1,"caps":50,"timer":0,"geyser":false,"clogged":false,"echo":0,"plane":false,"seesaw":false,"version":1,"max_entities":null,"max_trasures":null,"max_gates":null},"entities":[{"name":"BlackPom","count":1,"weight":0,"dead_end":false,"group":1,"treasure":null,"fall":""},{"name":"BlackMan","count":6,"weight":0,"dead_end":false,"group":0,"treasure":"key","fall":""}],"treasures":[{"name":"gas","count":9,"weight":0}],"gates":[]},{"name":"Sublevel 3 - CRUSHED","properties":{"unit":"1_ABE_ari_metal.txt","max_rooms":1,"light":"normal_light_lv0.ini","music":"caveconc_00_0.cnd","skybox":"none","corridor":0.1,"caps":50,"timer":0,"geyser":false,"clogged":false,"echo":0,"plane":false,"seesaw":false,"version":1,"max_entities":null,"max_trasures":null,"max_gates":null},"entities":[{"name":"BigTreasure","count":69,"weight":0,"dead_end":false,"group":0,"treasure":"toy_ring_c_green","fall":""},{"name":"Tyre","count":420,"weight":0,"dead_end":false,"group":0,"treasure":"toy_ring_c_green","fall":""},{"name":"Egg","count":666,"weight":0,"dead_end":false,"group":0,"treasure":"key","fall":""}],"treasures":[],"gates":[{"word":"gate","health":5,"weight":1}]}],"content":null}