{"sublevels":[{"name":"Sublevel 1 - Winter","properties":{"unit":"3_MAT_d_g_m_renga.txt","max_rooms":4,"light":"hiroba_light.ini","music":"new_00_0.cnd","skybox":"ice","corridor":0.15,"caps":100,"timer":0,"geyser":false,"clogged":true,"echo":0,"plane":false,"seesaw":false,"version":1,"max_entities":null,"max_trasures":null,"max_gates":null},"entities":[{"name":"YellowChappy","count":2,"weight":0,"dead_end":false,"group":0,"treasure":null,"fall":"$"},{"name":"YellowKochappy","count":4,"weight":0,"dead_end":false,"group":0,"treasure":null,"fall":""},{"name":"UmiMushiBlind","count":3,"weight":0,"dead_end":false,"group":1,"treasure":null,"fall":""},{"name":"UmiMushiBlind","count":1,"weight":0,"dead_end":false,"group":1,"treasure":"key","fall":""},{"name":"Fkabuto","count":2,"weight":0,"dead_end":false,"group":5,"treasure":null,"fall":""},{"name":"Miulin","count":2,"weight":0,"dead_end":false,"group":1,"treasure":null,"fall":""},{"name":"Tukushi","count":5,"weight":0,"dead_end":false,"group":6,"treasure":null,"fall":""},{"name":"PanModoki","count":2,"weight":0,"dead_end":false,"group":1,"treasure":null,"fall":""},{"name":"OoPanModoki","count":1,"weight":0,"dead_end":false,"group":1,"treasure":"j_block_white","fall":""}],"treasures":[{"name":"bell_red","count":1,"weight":0},{"name":"toy_ring_c_green","count":1,"weight":0},{"name":"toy_ring_c_blue","count":1,"weight":0},{"name":"chess_king_black","count":1,"weight":0},{"name":"kouseki_suisyou","count":1,"weight":0},{"name":"bell_yellow","count":1,"weight":0},{"name":"locket","count":1,"weight":0},{"name":"diamond_red","count":1,"weight":0}],"gates":[]},{"name":"Sublevel 2 - Spring","properties":{"unit":"4_ABE_ike1_ike2_blk1_cnt_tsuchi.txt","max_rooms":4,"light":"metal_light_cha.ini","music":"new_01_0.cnd","skybox":"none","corridor":0.12,"caps":100,"timer":0,"geyser":false,"clogged":true,"echo":0,"plane":false,"seesaw":false,"version":1,"max_entities":null,"max_trasures":null,"max_gates":null},"entities":[{"name":"Sokkuri","count":5,"weight":0,"dead_end":false,"group":0,"treasure":null,"fall":""},{"name":"Hana","count":3,"weight":0,"dead_end":false,"group":0,"treasure":null,"fall":""},{"name":"Hana","count":1,"weight":0,"dead_end":false,"group":0,"treasure":"key","fall":""},{"name":"LeafChappy","count":1,"weight":0,"dead_end":false,"group":1,"treasure":null,"fall":""},{"name":"Kogane","count":2,"weight":0,"dead_end":false,"group":1,"treasure":null,"fall":""},{"name":"Miulin","count":1,"weight":0,"dead_end":false,"group":5,"treasure":null,"fall":"$"},{"name":"Frog","count":2,"weight":0,"dead_end":false,"group":5,"treasure":null,"fall":""},{"name":"MaroFrog","count":2,"weight":0,"dead_end":false,"group":5,"treasure":null,"fall":""},{"name":"BluePom","count":5,"weight":0,"dead_end":false,"group":1,"treasure":null,"fall":""},{"name":"Clover","count":5,"weight":0,"dead_end":false,"group":6,"treasure":null,"fall":""},{"name":"Ooinu_l","count":5,"weight":0,"dead_end":false,"group":6,"treasure":null,"fall":""},{"name":"Wakame_s","count":10,"weight":0,"dead_end":false,"group":6,"treasure":null,"fall":""},{"name":"KingChappy","count":1,"weight":0,"dead_end":false,"group":5,"treasure":"j_block_green","fall":""}],"treasures":[{"name":"flower_blue","count":1,"weight":0},{"name":"flower_red","count":1,"weight":0},{"name":"donguri","count":1,"weight":0},{"name":"ichigo","count":1,"weight":0},{"name":"ahiru","count":1,"weight":0},{"name":"leaf_normal","count":1,"weight":0},{"name":"dia_a_green","count":1,"weight":0},{"name":"diamond_green_l","count":1,"weight":0}],"gates":[]},{"name":"Sublevel 3 - Summer","properties":{"unit":"all_units_kusachi.txt","max_rooms":5,"light":"kumomei_light_cha.ini","music":"caveglass_00_0.cnd","skybox":"hiroba","corridor":0.15,"caps":100,"timer":0,"geyser":false,"clogged":true,"echo":0,"plane":true,"seesaw":false,"version":1,"max_entities":null,"max_trasures":null,"max_gates":null},"entities":[{"name":"Jigumo","count":4,"weight":0,"dead_end":false,"group":0,"treasure":null,"fall":""},{"name":"MiniHoudai","count":1,"weight":0,"dead_end":false,"group":0,"treasure":null,"fall":""},{"name":"FireChappy","count":1,"weight":0,"dead_end":false,"group":1,"treasure":null,"fall":""},{"name":"FireChappy","count":1,"weight":0,"dead_end":false,"group":1,"treasure":"key","fall":""},{"name":"RedPom","count":4,"weight":0,"dead_end":false,"group":5,"treasure":null,"fall":""},{"name":"RedPom","count":1,"weight":0,"dead_end":true,"group":0,"treasure":null,"fall":""},{"name":"ShijimiChou","count":1,"weight":0,"dead_end":false,"group":1,"treasure":null,"fall":""},{"name":"Wealthy","count":2,"weight":0,"dead_end":false,"group":1,"treasure":null,"fall":""},{"name":"Fuefuki","count":1,"weight":0,"dead_end":false,"group":1,"treasure":null,"fall":""},{"name":"Armor","count":2,"weight":0,"dead_end":false,"group":5,"treasure":null,"fall":""},{"name":"Magaret","count":5,"weight":0,"dead_end":false,"group":6,"treasure":null,"fall":""},{"name":"Tanpopo","count":5,"weight":0,"dead_end":false,"group":6,"treasure":null,"fall":""},{"name":"Watage","count":5,"weight":0,"dead_end":false,"group":6,"treasure":null,"fall":""},{"name":"Damagumo","count":1,"weight":0,"dead_end":false,"group":5,"treasure":"j_block_yellow","fall":""},{"name":"BigFoot","count":1,"weight":0,"dead_end":false,"group":5,"treasure":"j_block_blue","fall":""}],"treasures":[{"name":"dia_a_red","count":1,"weight":0},{"name":"chocoichigo","count":1,"weight":0},{"name":"akagai","count":1,"weight":0},{"name":"makigai","count":1,"weight":0},{"name":"turi_uki","count":1,"weight":0},{"name":"momiji_red","count":1,"weight":0},{"name":"dashboots","count":1,"weight":0}],"gates":[]},{"name":"Sublevel 4 - Autumn","properties":{"unit":"3_units_cent_cent2_north_tsuchi.txt","max_rooms":5,"light":"jyoou_light_lv2.ini","music":"new_07_0.cnd","skybox":"none","corridor":0.12,"caps":100,"timer":0,"geyser":false,"clogged":false,"echo":0,"plane":false,"seesaw":false,"version":1,"max_entities":null,"max_trasures":null,"max_gates":null},"entities":[{"name":"Fart","count":3,"weight":0,"dead_end":false,"group":0,"treasure":null,"fall":""},{"name":"Fart","count":1,"weight":0,"dead_end":false,"group":0,"treasure":"key","fall":""},{"name":"Sarai","count":4,"weight":0,"dead_end":false,"group":0,"treasure":null,"fall":"$2"},{"name":"Demon","count":4,"weight":0,"dead_end":false,"group":0,"treasure":null,"fall":"$3"},{"name":"Mar","count":3,"weight":0,"dead_end":false,"group":5,"treasure":null,"fall":""},{"name":"SnakeCrow","count":1,"weight":0,"dead_end":false,"group":1,"treasure":"j_block_red","fall":""},{"name":"SnakeCrow","count":1,"weight":0,"dead_end":false,"group":1,"treasure":"donutsichigo_s","fall":""},{"name":"SnakeWhole","count":1,"weight":0,"dead_end":false,"group":1,"treasure":"robot_head","fall":""},{"name":"Nekojarashi","count":5,"weight":0,"dead_end":false,"group":6,"treasure":null,"fall":""},{"name":"HikariKinoko","count":5,"weight":0,"dead_end":false,"group":6,"treasure":null,"fall":""},{"name":"KareOoinu_s","count":5,"weight":0,"dead_end":false,"group":6,"treasure":null,"fall":""},{"name":"KareOoinu_l","count":5,"weight":0,"dead_end":false,"group":6,"treasure":null,"fall":""},{"name":"YellowPom","count":2,"weight":0,"dead_end":false,"group":5,"treasure":null,"fall":"$"},{"name":"BlackPom","count":2,"weight":0,"dead_end":false,"group":5,"treasure":null,"fall":"$"}],"treasures":[{"name":"kinoko_doku","count":1,"weight":0},{"name":"halloween","count":1,"weight":0},{"name":"matu_bokkuri","count":1,"weight":0},{"name":"donguri_l","count":1,"weight":0},{"name":"kinoko","count":1,"weight":0},{"name":"kuri","count":1,"weight":0},{"name":"kinoko_tubu","count":1,"weight":0}],"gates":[]}],"content":null}