{"sublevels":[{"name":"Sublevel 1 - 1","properties":{"unit":"2_ABE_nor1_cen2_metal.txt","max_rooms":2,"light":"metal_light_lv0.ini","music":"cavemetal_00_0.cnd","skybox":"test","corridor":0.07,"caps":60,"timer":0,"geyser":false,"clogged":false,"echo":0,"plane":false,"seesaw":false,"version":1,"max_entities":null,"max_trasures":null,"max_gates":null},"entities":[{"name":"UjiB","count":5,"weight":0,"dead_end":false,"group":0,"treasure":null,"fall":""},{"name":"UjiB","count":5,"weight":0,"dead_end":false,"group":1,"treasure":null,"fall":""},{"name":"Sarai","count":1,"weight":0,"dead_end":false,"group":6,"treasure":null,"fall":""},{"name":"Demon","count":1,"weight":0,"dead_end":false,"group":6,"treasure":null,"fall":""},{"name":"DaiodoGreen","count":1,"weight":0,"dead_end":false,"group":6,"treasure":null,"fall":""},{"name":"Fart","count":1,"weight":0,"dead_end":false,"group":5,"treasure":"denchi_1_red","fall":""}],"treasures":[{"name":"fire_helmet","count":1,"weight":0},{"name":"key","count":1,"weight":0}],"gates":[]},{"name":"Sublevel 2 - 2","properties":{"unit":"1_ABE_ari_metal.txt","max_rooms":1,"light":"metal_light_lv1.ini","music":"caveconc_00_0.cnd","skybox":"none","corridor":0.0,"caps":60,"timer":0,"geyser":false,"clogged":false,"echo":0,"plane":false,"seesaw":false,"version":1,"max_entities":null,"max_trasures":null,"max_gates":null},"entities":[{"name":"Tank","count":3,"weight":0,"dead_end":false,"group":0,"treasure":null,"fall":""},{"name":"FireChappy","count":1,"weight":0,"dead_end":false,"group":0,"treasure":"key","fall":""},{"name":"Hanachirashi","count":1,"weight":0,"dead_end":false,"group":1,"treasure":"diamond_red","fall":""},{"name":"Sarai","count":2,"weight":0,"dead_end":false,"group":1,"treasure":null,"fall":""},{"name":"Rock","count":3,"weight":0,"dead_end":false,"group":5,"treasure":null,"fall":"$"},{"name":"DaiodoGreen","count":2,"weight":0,"dead_end":false,"group":6,"treasure":null,"fall":""},{"name":"Fart","count":1,"weight":0,"dead_end":false,"group":1,"treasure":"denchi_1_red","fall":""}],"treasures":[{"name":"chocoichigo_l","count":1,"weight":0}],"gates":[]},{"name":"Sublevel 3 - 3","properties":{"unit":"1_units_white_metal.txt","max_rooms":1,"light":"forest_2_siro_light.ini","music":"caverelax.cnd","skybox":"none","corridor":0.0,"caps":50,"timer":0,"geyser":false,"clogged":false,"echo":0,"plane":false,"seesaw":false,"version":1,"max_entities":null,"max_trasures":null,"max_gates":null},"entities":[{"name":"Clover","count":2,"weight":0,"dead_end":false,"group":6,"treasure":null,"fall":""},{"name":"Ooinu_l","count":2,"weight":0,"dead_end":false,"group":6,"treasure":null,"fall":""},{"name":"DaiodoGreen","count":2,"weight":0,"dead_end":false,"group":6,"treasure":null,"fall":""},{"name":"Ooinu_s","count":6,"weight":0,"dead_end":false,"group":6,"treasure":null,"fall":""},{"name":"Tobi","count":1,"weight":0,"dead_end":false,"group":0,"treasure":"key","fall":""},{"name":"WhitePom","count":3,"weight":0,"dead_end":false,"group":1,"treasure":null,"fall":""},{"name":"Fart","count":1,"weight":0,"dead_end":false,"group":8,"treasure":"denchi_1_red","fall":""},{"name":"Fart","count":1,"weight":0,"dead_end":false,"group":8,"treasure":null,"fall":""}],"treasures":[{"name":"gum_tape","count":1,"weight":0}],"gates":[]},{"name":"Sublevel 4 - 4","properties":{"unit":"3_ABE_sak1_sak2_hit1_tsuchi.txt","max_rooms":4,"light":"normal_light_lv3.ini","music":"cavesoil_10_3.cnd","skybox":"none","corridor":0.12,"caps":50,"timer":0,"geyser":false,"clogged":false,"echo":0,"plane":false,"seesaw":false,"version":1,"max_entities":null,"max_trasures":null,"max_gates":null},"entities":[{"name":"GasHiba","count":10,"weight":0,"dead_end":false,"group":5,"treasure":null,"fall":""},{"name":"Fart","count":5,"weight":0,"dead_end":false,"group":0,"treasure":"tape_yellow","fall":""},{"name":"Fart","count":5,"weight":0,"dead_end":false,"group":1,"treasure":"chocoichigo_l","fall":""}],"treasures":[{"name":"g_futa_kajiwara","count":1,"weight":0},{"name":"kinoko_doku","count":1,"weight":0},{"name":"key","count":1,"weight":0}],"gates":[]},{"name":"Sublevel 5 - 5","properties":{"unit":"1_units_snake_tsuchi.txt","max_rooms":1,"light":"normal_light_lv2.ini","music":"caveconc_00_0.cnd","skybox":"none","corridor":0.12,"caps":50,"timer":0,"geyser":false,"clogged":false,"echo":0,"plane":false,"seesaw":false,"version":1,"max_entities":null,"max_trasures":null,"max_gates":null},"entities":[{"name":"SnakeCrow","count":1,"weight":0,"dead_end":false,"group":1,"treasure":"radar_b","fall":""},{"name":"SnakeCrow","count":1,"weight":0,"dead_end":false,"group":8,"treasure":"key","fall":""},{"name":"Egg","count":3,"weight":0,"dead_end":false,"group":0,"treasure":null,"fall":""},{"name":"Zenmai","count":5,"weight":0,"dead_end":false,"group":6,"treasure":null,"fall":""},{"name":"Ooinu_l","count":3,"weight":0,"dead_end":false,"group":6,"treasure":null,"fall":""},{"name":"Ooinu_s","count":7,"weight":0,"dead_end":false,"group":6,"treasure":null,"fall":""}],"treasures":[],"gates":[]}],"content":null}