{"sublevels":[{"name":"Sublevel 1 - SnagretFloor","properties":{"unit":"2_ABE_mid_big_kusachi.txt","max_rooms":2,"light":"kumomei_light_cha.ini","music":"caveglass_00_0.cnd","skybox":"hiroba","corridor":0.12,"caps":50,"timer":0,"geyser":false,"clogged":false,"echo":0,"plane":true,"seesaw":false,"version":1,"max_entities":null,"max_trasures":null,"max_gates":null},"entities":[{"name":"SnakeCrow","count":1,"weight":0,"dead_end":false,"group":0,"treasure":"key","fall":""},{"name":"Catfish","count":4,"weight":0,"dead_end":false,"group":1,"treasure":"denchi_1_black","fall":""},{"name":"Sarai","count":2,"weight":0,"dead_end":false,"group":0,"treasure":"toy_ring_c_green","fall":""},{"name":"Wakame_s","count":2,"weight":0,"dead_end":false,"group":6,"treasure":null,"fall":""},{"name":"Magaret","count":2,"weight":0,"dead_end":false,"group":6,"treasure":null,"fall":""}],"treasures":[{"name":"donutschoco_s","count":1,"weight":0},{"name":"g_futa_titiyas","count":1,"weight":0},{"name":"denchi_2_black","count":1,"weight":0}],"gates":[{"word":"gate","health":1300,"weight":1},{"word":"gate","health":1300,"weight":1}]},{"name":"Sublevel 2 - ElectricityFloor","properties":{"unit":"2_ABE_units_5x5a_mid_kusachi.txt","max_rooms":3,"light":"kusachi_light_lv0.ini","music":"caveglass_00_0.cnd","skybox":"hiroba","corridor":0.13,"caps":50,"timer":0,"geyser":false,"clogged":false,"echo":0,"plane":true,"seesaw":false,"version":1,"max_entities":null,"max_trasures":null,"max_gates":null},"entities":[{"name":"ElecHiba","count":5,"weight":0,"dead_end":false,"group":5,"treasure":null,"fall":""},{"name":"Fkabuto","count":1,"weight":0,"dead_end":false,"group":0,"treasure":"apple","fall":""},{"name":"Fkabuto","count":1,"weight":0,"dead_end":false,"group":0,"treasure":"chocolate","fall":""},{"name":"Mar","count":2,"weight":0,"dead_end":false,"group":1,"treasure":"j_block_green","fall":""},{"name":"Kochappy","count":9,"weight":0,"dead_end":false,"group":0,"treasure":"dia_b_blue","fall":""},{"name":"Tanpopo","count":3,"weight":0,"dead_end":false,"group":6,"treasure":null,"fall":""}],"treasures":[{"name":"key","count":1,"weight":0},{"name":"gum_tape","count":1,"weight":0},{"name":"sinkukan","count":1,"weight":0},{"name":"chocowhite_l","count":1,"weight":0}],"gates":[]},{"name":"Sublevel 3 - EmperorFloor","properties":{"unit":"3_ABE_blk_uzu1_mid2_tsuchi.txt","max_rooms":3,"light":"normal_light_lv0.ini","music":"cavesoil_00_0.cnd","skybox":"none","corridor":0.14,"caps":50,"timer":0,"geyser":false,"clogged":false,"echo":0,"plane":false,"seesaw":false,"version":1,"max_entities":null,"max_trasures":null,"max_gates":null},"entities":[{"name":"KingChappy","count":1,"weight":0,"dead_end":false,"group":6,"treasure":"key","fall":""},{"name":"Chappy","count":2,"weight":0,"dead_end":false,"group":1,"treasure":"g_futa_kyodo","fall":""},{"name":"Kochappy","count":12,"weight":0,"dead_end":false,"group":0,"treasure":"flower_blue","fall":"$"},{"name":"KareOoinu_s","count":1,"weight":0,"dead_end":false,"group":6,"treasure":null,"fall":""}],"treasures":[{"name":"g_futa_kyosin","count":1,"weight":0},{"name":"toy_cat","count":1,"weight":0},{"name":"toy_ring_b_blue","count":1,"weight":0}],"gates":[]},{"name":"Sublevel 4 - Rock Floor","properties":{"unit":"3_units_cent_mid2_north_tsuchi.txt","max_rooms":2,"light":"normal_light_lv0.ini","music":"cavesoil_10_3.cnd","skybox":"none","corridor":0.1,"caps":50,"timer":0,"geyser":false,"clogged":false,"echo":0,"plane":false,"seesaw":false,"version":1,"max_entities":null,"max_trasures":null,"max_gates":null},"entities":[{"name":"Rock","count":9,"weight":0,"dead_end":false,"group":5,"treasure":null,"fall":""},{"name":"Armor","count":3,"weight":0,"dead_end":false,"group":1,"treasure":"bell_yellow","fall":""},{"name":"HikariKinoko","count":3,"weight":0,"dead_end":false,"group":6,"treasure":null,"fall":""},{"name":"Wtank","count":5,"weight":0,"dead_end":false,"group":0,"treasure":"cookie_s","fall":""}],"treasures":[{"name":"denchi_1_black","count":1,"weight":0},{"name":"key","count":1,"weight":0},{"name":"watch","count":1,"weight":0},{"name":"bolt","count":1,"weight":0}],"gates":[{"word":"gate","health":1700,"weight":1},{"word":"gate","health":1700,"weight":1},{"word":"gate","health":1700,"weight":1},{"word":"gate","health":1700,"weight":1},{"word":"gate","health":1700,"weight":1}]},{"name":"Sublevel 5 - BothFloor","properties":{"unit":"5_NARI_sak1_sak2_nor1_uzu_hit1_tsuchi.txt","max_rooms":5,"light":"king_light.ini","music":"new_05_0.cnd","skybox":"none","corridor":0.2,"caps":50,"timer":0,"geyser":false,"clogged":false,"echo":0,"plane":false,"seesaw":false,"version":1,"max_entities":null,"max_trasures":null,"max_gates":null},"entities":[{"name":"KingChappy","count":1,"weight":0,"dead_end":false,"group":0,"treasure":"light_a","fall":""},{"name":"KingChappy","count":1,"weight":0,"dead_end":false,"group":0,"treasure":"key","fall":""},{"name":"SnakeCrow","count":1,"weight":0,"dead_end":false,"group":1,"treasure":"cookie_s_l","fall":""},{"name":"SnakeCrow","count":1,"weight":0,"dead_end":false,"group":1,"treasure":"bey_goma","fall":""},{"name":"FireOtakara","count":13,"weight":0,"dead_end":false,"group":1,"treasure":"tape_yellow","fall":""}],"treasures":[{"name":"toy_dog","count":1,"weight":0},{"name":"locket","count":1,"weight":0},{"name":"kan_maruha","count":1,"weight":0},{"name":"hotate","count":1,"weight":0},{"name":"bolt_l","count":1,"weight":0},{"name":"diamond_red","count":1,"weight":0}],"gates":[{"word":"gate","health":1700,"weight":1},{"word":"gate","health":1700,"weight":1}]}],"content":null}