{"sublevels":[{"name":"Sublevel 1","properties":{"unit":"1_MAT_mid2_tsuchi.txt","max_rooms":4,"light":"normal_light_lv0.ini","music":"caveconc_00_0.cnd","skybox":"none","corridor":0.12,"caps":50,"timer":0,"geyser":false,"clogged":false,"echo":0,"plane":false,"seesaw":false,"version":1,"max_entities":null,"max_trasures":null,"max_gates":null},"entities":[{"name":"YellowChappy","count":1,"weight":0,"dead_end":false,"group":1,"treasure":"key","fall":""},{"name":"Wtank","count":4,"weight":0,"dead_end":false,"group":0,"treasure":null,"fall":""},{"name":"Mar","count":3,"weight":0,"dead_end":false,"group":0,"treasure":null,"fall":""},{"name":"Hiba","count":3,"weight":0,"dead_end":false,"group":5,"treasure":null,"fall":""},{"name":"YellowKochappy","count":4,"weight":0,"dead_end":false,"group":1,"treasure":null,"fall":""}],"treasures":[],"gates":[]},{"name":"Sublevel 2","properties":{"unit":"1_units_cent_tsuchi.txt","max_rooms":4,"light":"normal_light_lv0.ini","music":"caveconc_00_0.cnd","skybox":"none","corridor":0.12,"caps":50,"timer":0,"geyser":false,"clogged":false,"echo":0,"plane":false,"seesaw":false,"version":1,"max_entities":null,"max_trasures":null,"max_gates":null},"entities":[{"name":"SnakeCrow","count":1,"weight":0,"dead_end":false,"group":1,"treasure":"key","fall":""},{"name":"UmiMushiBlind","count":2,"weight":0,"dead_end":false,"group":0,"treasure":null,"fall":""},{"name":"Rock","count":4,"weight":0,"dead_end":false,"group":5,"treasure":null,"fall":"$2"},{"name":"Tank","count":4,"weight":0,"dead_end":false,"group":1,"treasure":null,"fall":""}],"treasures":[{"name":"badminton","count":3,"weight":0}],"gates":[]},{"name":"Sublevel 3","properties":{"unit":"1_units_bunki_2_tile.txt","max_rooms":3,"light":"normal_light_lv0.ini","music":"caveconc_00_0.cnd","skybox":"none","corridor":0.12,"caps":50,"timer":0,"geyser":false,"clogged":false,"echo":0,"plane":false,"seesaw":false,"version":1,"max_entities":null,"max_trasures":null,"max_gates":null},"entities":[{"name":"Damagumo","count":1,"weight":0,"dead_end":false,"group":8,"treasure":"key","fall":""},{"name":"KumaKochappy","count":5,"weight":0,"dead_end":false,"group":0,"treasure":"locket","fall":""}],"treasures":[],"gates":[]},{"name":"Sublevel 4","properties":{"unit":"2_MAT_hit4_nor2_tsuchi.txt","max_rooms":4,"light":"normal_light_lv0.ini","music":"caveconc_00_0.cnd","skybox":"none","corridor":0.12,"caps":50,"timer":0,"geyser":true,"clogged":false,"echo":0,"plane":false,"seesaw":false,"version":1,"max_entities":null,"max_trasures":null,"max_gates":null},"entities":[{"name":"Hana","count":5,"weight":0,"dead_end":false,"group":0,"treasure":"flower_blue","fall":""},{"name":"YellowKochappy","count":3,"weight":0,"dead_end":false,"group":0,"treasure":"kuri","fall":""}],"treasures":[{"name":"kinoko","count":3,"weight":0},{"name":"key","count":1,"weight":0}],"gates":[]}],"content":null}