{"sublevels":[{"name":"Sublevel 1","properties":{"unit":"1_DEFT_eight.txt","max_rooms":1,"light":"normal_light_lv2.ini","music":"new_03_0.cnd","skybox":"none","corridor":0.0,"caps":50,"timer":0,"geyser":false,"clogged":false,"echo":0,"plane":false,"seesaw":false,"version":1,"max_entities":null,"max_trasures":null,"max_gates":null},"entities":[{"name":"OoPanModoki","count":1,"weight":0,"dead_end":false,"group":8,"treasure":"key","fall":""},{"name":"PanModoki","count":1,"weight":0,"dead_end":false,"group":8,"treasure":"chocowhite_l","fall":""},{"name":"PanModoki","count":1,"weight":0,"dead_end":false,"group":8,"treasure":"baum_kuchen","fall":""},{"name":"Hana","count":1,"weight":0,"dead_end":false,"group":1,"treasure":"kouseki_suisyou","fall":""},{"name":"Hana","count":1,"weight":0,"dead_end":false,"group":1,"treasure":"kouseki_suisyou","fall":""},{"name":"Tobi","count":2,"weight":0,"dead_end":false,"group":0,"treasure":"flower_blue","fall":""},{"name":"Tobi","count":3,"weight":0,"dead_end":false,"group":0,"treasure":"flower_blue","fall":""},{"name":"Miulin","count":1,"weight":0,"dead_end":false,"group":1,"treasure":"juji_key_fc","fall":""},{"name":"Fart","count":1,"weight":0,"dead_end":false,"group":0,"treasure":"juji_key","fall":""},{"name":"Chappy","count":1,"weight":0,"dead_end":false,"group":1,"treasure":"dia_c_red","fall":""},{"name":"Chappy","count":1,"weight":0,"dead_end":false,"group":1,"treasure":"badminton","fall":""},{"name":"WaterOtakara","count":2,"weight":0,"dead_end":false,"group":0,"treasure":"be_dama_blue","fall":""},{"name":"ElecOtakara","count":2,"weight":0,"dead_end":false,"group":0,"treasure":"be_dama_yellow","fall":""},{"name":"FireOtakara","count":2,"weight":0,"dead_end":false,"group":0,"treasure":"be_dama_red","fall":""},{"name":"GasOtakara","count":2,"weight":0,"dead_end":false,"group":0,"treasure":"dia_b_blue","fall":""},{"name":"ElecBug","count":3,"weight":0,"dead_end":false,"group":1,"treasure":"g_futa_kitaama","fall":""},{"name":"ElecBug","count":2,"weight":0,"dead_end":false,"group":1,"treasure":"tape_yellow","fall":""},{"name":"ElecBug","count":2,"weight":0,"dead_end":false,"group":0,"treasure":"g_futa_titiyas","fall":""},{"name":"HikariKinoko","count":10,"weight":0,"dead_end":false,"group":6,"treasure":null,"fall":""},{"name":"DaiodoRed","count":3,"weight":0,"dead_end":false,"group":6,"treasure":null,"fall":""},{"name":"DaiodoGreen","count":3,"weight":0,"dead_end":false,"group":6,"treasure":null,"fall":""},{"name":"Rock","count":5,"weight":0,"dead_end":false,"group":0,"treasure":null,"fall":""}],"treasures":[{"name":"makigai","count":1,"weight":0},{"name":"akagai","count":1,"weight":0},{"name":"halloween","count":1,"weight":0},{"name":"kan_nichiro","count":1,"weight":0}],"gates":[]}],"content":null}