{"sublevels":[{"name":"Sublevel 1 - MazeOfPureEvilAndIll-Intent","properties":{"unit":"2_units_tako_north_tile.txt","max_rooms":30,"light":"suityu_light_lv0.ini","music":"cavetile_00_0.cnd","skybox":"none","corridor":0.3,"caps":100,"timer":0,"geyser":true,"clogged":false,"echo":0,"plane":false,"seesaw":false,"version":1,"max_entities":null,"max_trasures":null,"max_gates":null},"entities":[{"name":"KumaChappy","count":4,"weight":0,"dead_end":false,"group":1,"treasure":"doll","fall":""},{"name":"WaterOtakara","count":99,"weight":0,"dead_end":false,"group":5,"treasure":null,"fall":"$4"},{"name":"YellowChappy","count":99,"weight":0,"dead_end":true,"group":0,"treasure":"be_dama_yellow_l","fall":"$4"},{"name":"Kochappy","count":99,"weight":0,"dead_end":false,"group":0,"treasure":null,"fall":"$4"}],"treasures":[{"name":"key","count":1,"weight":0},{"name":"saru_head","count":1,"weight":0},{"name":"bird_hane","count":1,"weight":0},{"name":"futa_a_gold","count":1,"weight":0},{"name":"otama","count":1,"weight":0},{"name":"toy_lady","count":1,"weight":0},{"name":"haniwa","count":1,"weight":0},{"name":"chess_king_white","count":1,"weight":0},{"name":"chess_queen_black","count":1,"weight":0},{"name":"silver_medal","count":1,"weight":0},{"name":"tatebue","count":1,"weight":0},{"name":"bane_blue","count":1,"weight":0},{"name":"toy_cat","count":1,"weight":0}],"gates":[]}],"content":null}