{"sublevels":[{"name":"Sublevel 1 - Rest Rush","properties":{"unit":"1_units_big2_kusachi.txt","max_rooms":2,"light":"kumomei_light_cha.ini","music":"new_07_0.cnd","skybox":"hiroba","corridor":0.0,"caps":100,"timer":0,"geyser":false,"clogged":false,"echo":0,"plane":true,"seesaw":false,"version":1,"max_entities":null,"max_trasures":null,"max_gates":null},"entities":[{"name":"Sarai","count":2,"weight":0,"dead_end":false,"group":5,"treasure":null,"fall":""},{"name":"Egg","count":10,"weight":0,"dead_end":false,"group":5,"treasure":null,"fall":""},{"name":"ShijimiChou","count":1,"weight":0,"dead_end":false,"group":1,"treasure":null,"fall":""},{"name":"Wakame_l","count":8,"weight":0,"dead_end":false,"group":6,"treasure":null,"fall":""},{"name":"Wakame_s","count":6,"weight":0,"dead_end":false,"group":6,"treasure":null,"fall":""},{"name":"Magaret","count":6,"weight":0,"dead_end":false,"group":6,"treasure":null,"fall":""},{"name":"Fart","count":1,"weight":0,"dead_end":false,"group":1,"treasure":null,"fall":""},{"name":"Fart","count":1,"weight":0,"dead_end":false,"group":1,"treasure":null,"fall":""},{"name":"Wealthy","count":1,"weight":0,"dead_end":false,"group":1,"treasure":null,"fall":""},{"name":"Wealthy","count":1,"weight":0,"dead_end":false,"group":1,"treasure":null,"fall":""},{"name":"Kogane","count":1,"weight":0,"dead_end":false,"group":0,"treasure":null,"fall":""},{"name":"Kogane","count":1,"weight":0,"dead_end":false,"group":0,"treasure":null,"fall":""},{"name":"Kogane","count":1,"weight":0,"dead_end":false,"group":0,"treasure":null,"fall":""},{"name":"Kogane","count":1,"weight":0,"dead_end":false,"group":0,"treasure":null,"fall":""},{"name":"Qurione","count":3,"weight":0,"dead_end":false,"group":0,"treasure":null,"fall":""},{"name":"Qurione","count":3,"weight":0,"dead_end":false,"group":0,"treasure":null,"fall":""},{"name":"PanHouse","count":3,"weight":0,"dead_end":false,"group":6,"treasure":null,"fall":""},{"name":"Sokkuri","count":2,"weight":0,"dead_end":false,"group":1,"treasure":null,"fall":""},{"name":"Sokkuri","count":2,"weight":0,"dead_end":false,"group":1,"treasure":null,"fall":""},{"name":"RandPom","count":1,"weight":0,"dead_end":false,"group":0,"treasure":null,"fall":""},{"name":"WhitePom","count":1,"weight":0,"dead_end":false,"group":0,"treasure":null,"fall":""},{"name":"RandPom","count":1,"weight":0,"dead_end":false,"group":0,"treasure":null,"fall":""},{"name":"Egg","count":8,"weight":0,"dead_end":true,"group":0,"treasure":null,"fall":"$"},{"name":"WhitePom","count":1,"weight":0,"dead_end":false,"group":0,"treasure":null,"fall":""},{"name":"WhitePom","count":1,"weight":0,"dead_end":false,"group":1,"treasure":null,"fall":""},{"name":"RandPom","count":3,"weight":0,"dead_end":true,"group":0,"treasure":null,"fall":""}],"treasures":[{"name":"donutschoco_s","count":1,"weight":0},{"name":"key","count":1,"weight":0}],"gates":[]},{"name":"Sublevel 2 - Amprat Plains","properties":{"unit":"2_MAT_a_b_conc.txt","max_rooms":3,"light":"normal_light_cha.ini","music":"caveconc_05_0.cnd","skybox":"none","corridor":0.0,"caps":50,"timer":0,"geyser":false,"clogged":false,"echo":0,"plane":false,"seesaw":false,"version":1,"max_entities":null,"max_trasures":null,"max_gates":null},"entities":[{"name":"ElecOtakara","count":4,"weight":0,"dead_end":false,"group":6,"treasure":null,"fall":""},{"name":"ElecHiba","count":8,"weight":0,"dead_end":false,"group":5,"treasure":null,"fall":""},{"name":"Demon","count":2,"weight":0,"dead_end":false,"group":1,"treasure":"juji_key","fall":""},{"name":"ElecBug","count":4,"weight":0,"dead_end":false,"group":0,"treasure":null,"fall":""},{"name":"ElecBug","count":4,"weight":0,"dead_end":false,"group":0,"treasure":"be_dama_yellow","fall":""},{"name":"Fkabuto","count":1,"weight":0,"dead_end":false,"group":1,"treasure":"key","fall":""},{"name":"BlueKochappy","count":5,"weight":0,"dead_end":false,"group":1,"treasure":null,"fall":"$"},{"name":"BlueKochappy","count":5,"weight":0,"dead_end":false,"group":6,"treasure":null,"fall":"$"},{"name":"Tank","count":2,"weight":0,"dead_end":false,"group":0,"treasure":"j_block_red","fall":""},{"name":"Wtank","count":2,"weight":0,"dead_end":false,"group":1,"treasure":"j_block_blue","fall":""},{"name":"Mar","count":2,"weight":0,"dead_end":false,"group":5,"treasure":"j_block_white","fall":""},{"name":"Tukushi","count":9,"weight":0,"dead_end":false,"group":6,"treasure":null,"fall":""},{"name":"BlueChappy","count":1,"weight":0,"dead_end":false,"group":1,"treasure":"dia_c_blue","fall":"$2"},{"name":"Egg","count":3,"weight":0,"dead_end":true,"group":0,"treasure":null,"fall":""},{"name":"MaroFrog","count":2,"weight":0,"dead_end":true,"group":0,"treasure":"cookie_s","fall":"$2"}],"treasures":[{"name":"toy_ring_a_green","count":1,"weight":0},{"name":"denchi_3_black","count":1,"weight":0},{"name":"donutswhite","count":1,"weight":0}],"gates":[{"word":"gate","health":2000,"weight":1},{"word":"gate","health":2000,"weight":1},{"word":"gate","health":2000,"weight":1}]},{"name":"Sublevel 3 - Snowy Caverns Crawl","properties":{"unit":"3_MAT_hit2_hit3_blk1_snow.txt","max_rooms":4,"light":"metal_light_cha.ini","music":"new_00_0.cnd","skybox":"none","corridor":0.0,"caps":80,"timer":0,"geyser":false,"clogged":false,"echo":0,"plane":false,"seesaw":false,"version":1,"max_entities":null,"max_trasures":null,"max_gates":null},"entities":[{"name":"YellowChappy","count":1,"weight":0,"dead_end":false,"group":1,"treasure":"chocowhite","fall":""},{"name":"YellowChappy","count":1,"weight":0,"dead_end":false,"group":1,"treasure":"chocowhite","fall":""},{"name":"YellowChappy","count":1,"weight":0,"dead_end":false,"group":1,"treasure":"key","fall":""},{"name":"YellowChappy","count":1,"weight":0,"dead_end":false,"group":1,"treasure":"chocowhite","fall":""},{"name":"GasHiba","count":4,"weight":0,"dead_end":false,"group":5,"treasure":null,"fall":""},{"name":"Bomb","count":5,"weight":0,"dead_end":false,"group":6,"treasure":null,"fall":"$2"},{"name":"KareOoinu_s","count":6,"weight":0,"dead_end":false,"group":6,"treasure":null,"fall":""},{"name":"KareOoinu_l","count":6,"weight":0,"dead_end":false,"group":6,"treasure":null,"fall":""},{"name":"SnakeCrow","count":1,"weight":0,"dead_end":false,"group":5,"treasure":"chocowhite_l","fall":""},{"name":"YellowKochappy","count":4,"weight":0,"dead_end":false,"group":0,"treasure":null,"fall":""},{"name":"YellowKochappy","count":4,"weight":0,"dead_end":false,"group":0,"treasure":null,"fall":"$"},{"name":"YellowKochappy","count":5,"weight":0,"dead_end":false,"group":0,"treasure":null,"fall":"$2"},{"name":"YellowKochappy","count":4,"weight":0,"dead_end":false,"group":0,"treasure":null,"fall":""},{"name":"Fart","count":1,"weight":0,"dead_end":false,"group":1,"treasure":"chocolate","fall":""},{"name":"Fart","count":1,"weight":0,"dead_end":false,"group":1,"treasure":null,"fall":""},{"name":"Fart","count":1,"weight":0,"dead_end":false,"group":1,"treasure":"chocolate","fall":""},{"name":"Armor","count":3,"weight":0,"dead_end":true,"group":0,"treasure":"wadou_kaichin","fall":""},{"name":"GasOtakara","count":4,"weight":0,"dead_end":true,"group":0,"treasure":null,"fall":"$"},{"name":"GasHiba","count":1,"weight":0,"dead_end":false,"group":1,"treasure":null,"fall":""},{"name":"GasHiba","count":1,"weight":0,"dead_end":false,"group":1,"treasure":null,"fall":""},{"name":"GasHiba","count":1,"weight":0,"dead_end":false,"group":1,"treasure":null,"fall":""},{"name":"Tank","count":1,"weight":0,"dead_end":false,"group":1,"treasure":null,"fall":"$2"},{"name":"Tank","count":1,"weight":0,"dead_end":false,"group":1,"treasure":null,"fall":"$2"},{"name":"Sarai","count":1,"weight":0,"dead_end":false,"group":1,"treasure":null,"fall":"$2"},{"name":"Sarai","count":1,"weight":0,"dead_end":false,"group":1,"treasure":null,"fall":"$2"}],"treasures":[{"name":"kouseki_suisyou","count":1,"weight":0},{"name":"kouseki_suisyou","count":1,"weight":0},{"name":"chess_king_black","count":1,"weight":0}],"gates":[]},{"name":"Sublevel 4 - Bigger Bloyster's Fort","properties":{"unit":"3_units_pool_nor_ujikou_tile.txt","max_rooms":3,"light":"darktile.ini","music":"cavetile_00_0.cnd","skybox":"none","corridor":0.0,"caps":90,"timer":0,"geyser":false,"clogged":true,"echo":0,"plane":false,"seesaw":false,"version":1,"max_entities":null,"max_trasures":null,"max_gates":null},"entities":[{"name":"BluePom","count":2,"weight":0,"dead_end":false,"group":5,"treasure":null,"fall":""},{"name":"UmiMushi","count":1,"weight":0,"dead_end":false,"group":0,"treasure":"key","fall":""},{"name":"ElecHiba","count":2,"weight":0,"dead_end":false,"group":1,"treasure":null,"fall":""},{"name":"ElecHiba","count":2,"weight":0,"dead_end":false,"group":1,"treasure":null,"fall":""},{"name":"Catfish","count":6,"weight":0,"dead_end":false,"group":6,"treasure":"cookie","fall":"$"},{"name":"UmiMushiBlind","count":1,"weight":0,"dead_end":false,"group":1,"treasure":"medama_yaki","fall":""},{"name":"UmiMushiBlind","count":1,"weight":0,"dead_end":false,"group":1,"treasure":"dia_b_green","fall":""},{"name":"OniKurage","count":1,"weight":0,"dead_end":false,"group":0,"treasure":"kan_meidiya","fall":""},{"name":"OniKurage","count":1,"weight":0,"dead_end":false,"group":0,"treasure":"kan_meidiya","fall":"$"},{"name":"Egg","count":1,"weight":0,"dead_end":false,"group":0,"treasure":null,"fall":"$"},{"name":"Jigumo","count":1,"weight":0,"dead_end":false,"group":1,"treasure":"flower_red","fall":""},{"name":"Jigumo","count":1,"weight":0,"dead_end":false,"group":1,"treasure":"flower_red","fall":""},{"name":"Frog","count":1,"weight":0,"dead_end":false,"group":5,"treasure":"be_dama_yellow_l","fall":""},{"name":"PanModoki","count":1,"weight":0,"dead_end":false,"group":5,"treasure":"silver_medal","fall":""},{"name":"Frog","count":1,"weight":0,"dead_end":false,"group":5,"treasure":"be_dama_yellow_l","fall":"$2"},{"name":"ElecHiba","count":2,"weight":0,"dead_end":false,"group":1,"treasure":null,"fall":""},{"name":"Kurage","count":1,"weight":0,"dead_end":false,"group":0,"treasure":"milk_cap","fall":""},{"name":"Kurage","count":2,"weight":0,"dead_end":false,"group":0,"treasure":"milk_cap","fall":""},{"name":"Rock","count":3,"weight":0,"dead_end":false,"group":0,"treasure":null,"fall":""}],"treasures":[{"name":"sensya","count":1,"weight":0},{"name":"otama","count":1,"weight":0},{"name":"futa_a_gold","count":1,"weight":0},{"name":"toy_lady","count":1,"weight":0},{"name":"mojiban","count":1,"weight":0},{"name":"fue_a","count":1,"weight":0}],"gates":[{"word":"gate","health":2000,"weight":1},{"word":"gate","health":2000,"weight":1},{"word":"gate","health":2000,"weight":1},{"word":"gate","health":2000,"weight":1}]},{"name":"Sublevel 5 - Obligatory Rest Floor","properties":{"unit":"1_MIYA_mid_toy.txt","max_rooms":1,"light":"sirohana_light_lv2.ini","music":"caverelax.cnd","skybox":"flooring","corridor":0.0,"caps":100,"timer":0,"geyser":false,"clogged":false,"echo":0,"plane":true,"seesaw":false,"version":1,"max_entities":null,"max_trasures":null,"max_gates":null},"entities":[{"name":"Miulin","count":1,"weight":0,"dead_end":false,"group":0,"treasure":"channel","fall":""},{"name":"Miulin","count":1,"weight":0,"dead_end":false,"group":0,"treasure":"channel","fall":""},{"name":"ShijimiChou","count":1,"weight":0,"dead_end":false,"group":1,"treasure":null,"fall":""},{"name":"Qurione","count":5,"weight":0,"dead_end":false,"group":5,"treasure":null,"fall":""},{"name":"Kogane","count":1,"weight":0,"dead_end":false,"group":0,"treasure":null,"fall":""},{"name":"RandPom","count":1,"weight":0,"dead_end":true,"group":0,"treasure":null,"fall":""},{"name":"RandPom","count":1,"weight":0,"dead_end":true,"group":0,"treasure":null,"fall":""},{"name":"WhitePom","count":1,"weight":0,"dead_end":true,"group":0,"treasure":null,"fall":""},{"name":"WhitePom","count":1,"weight":0,"dead_end":true,"group":0,"treasure":null,"fall":""},{"name":"Egg","count":1,"weight":0,"dead_end":false,"group":1,"treasure":null,"fall":""},{"name":"Egg","count":1,"weight":0,"dead_end":false,"group":1,"treasure":null,"fall":""},{"name":"Egg","count":1,"weight":0,"dead_end":false,"group":1,"treasure":null,"fall":""},{"name":"Egg","count":1,"weight":0,"dead_end":false,"group":1,"treasure":null,"fall":""},{"name":"Egg","count":1,"weight":0,"dead_end":false,"group":1,"treasure":null,"fall":""}],"treasures":[{"name":"castanets","count":1,"weight":0},{"name":"key","count":1,"weight":0},{"name":"momiji_kare","count":1,"weight":0}],"gates":[]},{"name":"Sublevel 6 - Sunken Stumps","properties":{"unit":"2_units_ike2_ike4_tsuchi.txt","max_rooms":2,"light":"sniper_light_lv0.ini","music":"new_01_0.cnd","skybox":"none","corridor":0.05,"caps":75,"timer":0,"geyser":false,"clogged":true,"echo":0,"plane":false,"seesaw":false,"version":1,"max_entities":null,"max_trasures":null,"max_gates":null},"entities":[{"name":"Tadpole","count":6,"weight":0,"dead_end":false,"group":6,"treasure":null,"fall":""},{"name":"Tadpole","count":1,"weight":0,"dead_end":false,"group":6,"treasure":"key","fall":""},{"name":"Tadpole","count":3,"weight":0,"dead_end":false,"group":6,"treasure":null,"fall":"$"},{"name":"Tank","count":3,"weight":0,"dead_end":false,"group":5,"treasure":"yoyo_blue","fall":""},{"name":"Hiba","count":10,"weight":0,"dead_end":false,"group":0,"treasure":null,"fall":""},{"name":"Hiba","count":10,"weight":0,"dead_end":false,"group":0,"treasure":null,"fall":""},{"name":"Hiba","count":10,"weight":0,"dead_end":false,"group":0,"treasure":null,"fall":""},{"name":"FireChappy","count":1,"weight":0,"dead_end":false,"group":1,"treasure":"bell_red","fall":""},{"name":"Fkabuto","count":1,"weight":0,"dead_end":false,"group":1,"treasure":"locket","fall":""},{"name":"Chappy","count":1,"weight":0,"dead_end":false,"group":1,"treasure":"apple_blue","fall":"$"},{"name":"Chappy","count":1,"weight":0,"dead_end":false,"group":1,"treasure":"apple_blue","fall":"$"},{"name":"Kabuto","count":5,"weight":0,"dead_end":true,"group":0,"treasure":"locket","fall":"$"},{"name":"BluePom","count":2,"weight":0,"dead_end":false,"group":5,"treasure":null,"fall":""},{"name":"Demon","count":1,"weight":0,"dead_end":false,"group":6,"treasure":"g_futa_kyusyu","fall":"$3"},{"name":"Fuefuki","count":1,"weight":0,"dead_end":false,"group":6,"treasure":"light_a","fall":""},{"name":"Frog","count":2,"weight":0,"dead_end":false,"group":8,"treasure":null,"fall":"$2"},{"name":"Demon","count":1,"weight":0,"dead_end":false,"group":6,"treasure":"g_futa_kyusyu","fall":"$3"},{"name":"Demon","count":1,"weight":0,"dead_end":false,"group":6,"treasure":"g_futa_kyusyu","fall":"$3"},{"name":"Demon","count":1,"weight":0,"dead_end":false,"group":6,"treasure":"g_futa_kyusyu","fall":"$3"}],"treasures":[{"name":"kinoko","count":1,"weight":0},{"name":"kinoko_doku","count":1,"weight":0},{"name":"kinoko_tubu","count":1,"weight":0}],"gates":[]},{"name":"Sublevel 7 - Dark Corridors","properties":{"unit":"vs_9_tsuchi.txt","max_rooms":6,"light":"forest_3_light.ini","music":"cavesoil_00_0.cnd","skybox":"none","corridor":0.15,"caps":50,"timer":300,"geyser":false,"clogged":true,"echo":0,"plane":false,"seesaw":false,"version":1,"max_entities":null,"max_trasures":null,"max_gates":null},"entities":[{"name":"BlueChappy","count":1,"weight":0,"dead_end":false,"group":1,"treasure":"be_dama_blue_l","fall":""},{"name":"BlueChappy","count":1,"weight":0,"dead_end":false,"group":1,"treasure":"be_dama_blue_l","fall":""},{"name":"BlueChappy","count":1,"weight":0,"dead_end":false,"group":1,"treasure":"be_dama_blue_l","fall":""},{"name":"BlueChappy","count":1,"weight":0,"dead_end":false,"group":1,"treasure":"be_dama_blue_l","fall":""},{"name":"BlueKochappy","count":6,"weight":0,"dead_end":false,"group":0,"treasure":null,"fall":""},{"name":"BigFoot","count":1,"weight":0,"dead_end":false,"group":0,"treasure":"key","fall":""},{"name":"BlueKochappy","count":6,"weight":0,"dead_end":false,"group":0,"treasure":null,"fall":""},{"name":"KumaKochappy","count":6,"weight":0,"dead_end":false,"group":6,"treasure":null,"fall":"$2"},{"name":"BlackMan","count":1,"weight":0,"dead_end":false,"group":1,"treasure":null,"fall":""},{"name":"BlackMan","count":1,"weight":0,"dead_end":false,"group":1,"treasure":null,"fall":""},{"name":"KumaKochappy","count":6,"weight":0,"dead_end":false,"group":6,"treasure":null,"fall":"$2"},{"name":"BombOtakara","count":1,"weight":0,"dead_end":false,"group":1,"treasure":null,"fall":"$2"},{"name":"BombOtakara","count":1,"weight":0,"dead_end":false,"group":1,"treasure":null,"fall":"$2"},{"name":"BombOtakara","count":1,"weight":0,"dead_end":false,"group":1,"treasure":null,"fall":"$2"},{"name":"BombOtakara","count":1,"weight":0,"dead_end":false,"group":1,"treasure":null,"fall":"$2"},{"name":"BombOtakara","count":1,"weight":0,"dead_end":false,"group":1,"treasure":null,"fall":"$2"},{"name":"BombOtakara","count":1,"weight":0,"dead_end":false,"group":1,"treasure":null,"fall":"$2"},{"name":"BombOtakara","count":1,"weight":0,"dead_end":false,"group":1,"treasure":null,"fall":"$2"},{"name":"ElecBug","count":3,"weight":0,"dead_end":false,"group":0,"treasure":null,"fall":""},{"name":"ElecBug","count":3,"weight":0,"dead_end":false,"group":1,"treasure":null,"fall":""},{"name":"ElecBug","count":3,"weight":0,"dead_end":false,"group":6,"treasure":null,"fall":""},{"name":"Rock","count":15,"weight":0,"dead_end":false,"group":5,"treasure":null,"fall":""}],"treasures":[{"name":"saru_head","count":1,"weight":0},{"name":"haniwa","count":1,"weight":0},{"name":"leaf_yellow","count":1,"weight":0},{"name":"gum_tape_s","count":1,"weight":0}],"gates":[{"word":"gate","health":3000,"weight":1},{"word":"gate","health":3000,"weight":1},{"word":"gate","health":3000,"weight":1},{"word":"gate","health":3000,"weight":1},{"word":"gate","health":3000,"weight":1},{"word":"gate","health":3000,"weight":1}]},{"name":"Sublevel 8 - Monster House!","properties":{"unit":"4_units_a_d_e_h_conc.txt","max_rooms":3,"light":"normal_light_cha.ini","music":"new_03_0.cnd","skybox":"none","corridor":0.0,"caps":100,"timer":0,"geyser":false,"clogged":false,"echo":0,"plane":false,"seesaw":false,"version":1,"max_entities":null,"max_trasures":null,"max_gates":null},"entities":[{"name":"KumaChappy","count":1,"weight":0,"dead_end":false,"group":0,"treasure":null,"fall":""},{"name":"KumaChappy","count":1,"weight":0,"dead_end":false,"group":0,"treasure":null,"fall":""},{"name":"BlueChappy","count":1,"weight":0,"dead_end":false,"group":0,"treasure":null,"fall":""},{"name":"BlueChappy","count":1,"weight":0,"dead_end":false,"group":0,"treasure":null,"fall":""},{"name":"BlueChappy","count":1,"weight":0,"dead_end":false,"group":0,"treasure":null,"fall":""},{"name":"OoPanModoki","count":1,"weight":0,"dead_end":false,"group":1,"treasure":"donutsichigo","fall":""},{"name":"BombSarai","count":5,"weight":0,"dead_end":false,"group":6,"treasure":null,"fall":"$"},{"name":"FireChappy","count":1,"weight":0,"dead_end":false,"group":1,"treasure":"juji_key_fc","fall":"$"},{"name":"FireChappy","count":1,"weight":0,"dead_end":false,"group":1,"treasure":"juji_key_fc","fall":"$"},{"name":"BlueChappy","count":1,"weight":0,"dead_end":false,"group":1,"treasure":null,"fall":"$"},{"name":"BlueChappy","count":1,"weight":0,"dead_end":false,"group":1,"treasure":null,"fall":"$"},{"name":"Rkabuto","count":1,"weight":0,"dead_end":false,"group":5,"treasure":null,"fall":"$"},{"name":"Rkabuto","count":1,"weight":0,"dead_end":false,"group":5,"treasure":null,"fall":"$"},{"name":"Rkabuto","count":1,"weight":0,"dead_end":false,"group":5,"treasure":null,"fall":"$"},{"name":"BlackPom","count":2,"weight":0,"dead_end":true,"group":0,"treasure":null,"fall":""},{"name":"FminiHoudai","count":8,"weight":0,"dead_end":true,"group":0,"treasure":null,"fall":"$2"},{"name":"Zenmai","count":12,"weight":0,"dead_end":false,"group":6,"treasure":null,"fall":""}],"treasures":[{"name":"key","count":1,"weight":0}],"gates":[]},{"name":"Sublevel 9 - Obligatory Rest Floor II","properties":{"unit":"3_MAT_d_g_m_renga.txt","max_rooms":2,"light":"tutorial_1_light.ini","music":"caverelax.cnd","skybox":"none","corridor":0.0,"caps":100,"timer":0,"geyser":false,"clogged":false,"echo":0,"plane":false,"seesaw":false,"version":1,"max_entities":null,"max_trasures":null,"max_gates":null},"entities":[{"name":"WhitePom","count":2,"weight":0,"dead_end":true,"group":0,"treasure":null,"fall":""},{"name":"BlackPom","count":1,"weight":0,"dead_end":true,"group":0,"treasure":null,"fall":""},{"name":"RandPom","count":1,"weight":0,"dead_end":false,"group":5,"treasure":null,"fall":""},{"name":"RandPom","count":1,"weight":0,"dead_end":false,"group":5,"treasure":null,"fall":""},{"name":"Wakame_l","count":5,"weight":0,"dead_end":false,"group":6,"treasure":null,"fall":""},{"name":"Wakame_s","count":5,"weight":0,"dead_end":false,"group":6,"treasure":null,"fall":""},{"name":"Wealthy","count":1,"weight":0,"dead_end":false,"group":1,"treasure":null,"fall":""},{"name":"Qurione","count":2,"weight":0,"dead_end":false,"group":0,"treasure":null,"fall":""},{"name":"Qurione","count":2,"weight":0,"dead_end":false,"group":0,"treasure":null,"fall":""},{"name":"Egg","count":8,"weight":0,"dead_end":false,"group":0,"treasure":null,"fall":"$5"},{"name":"Egg","count":8,"weight":0,"dead_end":false,"group":1,"treasure":null,"fall":"$5"}],"treasures":[{"name":"key","count":1,"weight":0}],"gates":[{"word":"gate","health":3000,"weight":1},{"word":"gate","health":3000,"weight":1}]},{"name":"Sublevel 10 - Rusty Core","properties":{"unit":"2_RAT_core_tower_metal.txt","max_rooms":2,"light":"whitefog.ini","music":"cavemetal_05_4.cnd","skybox":"build","corridor":0.0,"caps":98,"timer":0,"geyser":false,"clogged":false,"echo":0,"plane":false,"seesaw":false,"version":1,"max_entities":null,"max_trasures":null,"max_gates":null},"entities":[{"name":"MaroFrog","count":3,"weight":0,"dead_end":false,"group":5,"treasure":"bolt","fall":"$"},{"name":"Demon","count":4,"weight":0,"dead_end":false,"group":6,"treasure":null,"fall":"$2"},{"name":"Jigumo","count":3,"weight":0,"dead_end":false,"group":0,"treasure":null,"fall":""},{"name":"Jigumo","count":3,"weight":0,"dead_end":false,"group":0,"treasure":null,"fall":""},{"name":"Fkabuto","count":1,"weight":0,"dead_end":false,"group":1,"treasure":"tape_yellow","fall":""},{"name":"Fkabuto","count":1,"weight":0,"dead_end":false,"group":1,"treasure":"tape_yellow","fall":""},{"name":"Fkabuto","count":1,"weight":0,"dead_end":false,"group":1,"treasure":"tape_yellow","fall":""},{"name":"Houdai","count":1,"weight":0,"dead_end":false,"group":8,"treasure":"key","fall":""},{"name":"OniKurage","count":4,"weight":0,"dead_end":false,"group":6,"treasure":null,"fall":"$4"},{"name":"GasHiba","count":10,"weight":0,"dead_end":false,"group":0,"treasure":null,"fall":""},{"name":"ElecHiba","count":10,"weight":0,"dead_end":false,"group":5,"treasure":null,"fall":""},{"name":"Hiba","count":10,"weight":0,"dead_end":false,"group":6,"treasure":null,"fall":""},{"name":"Miulin","count":1,"weight":0,"dead_end":false,"group":1,"treasure":"baum_kuchen_s","fall":""},{"name":"Miulin","count":1,"weight":0,"dead_end":false,"group":1,"treasure":"baum_kuchen_s","fall":""},{"name":"Miulin","count":1,"weight":0,"dead_end":false,"group":1,"treasure":"baum_kuchen_s","fall":""},{"name":"Miulin","count":1,"weight":0,"dead_end":false,"group":1,"treasure":"baum_kuchen_s","fall":""},{"name":"DaiodoRed","count":7,"weight":0,"dead_end":false,"group":6,"treasure":null,"fall":""},{"name":"DaiodoRed","count":1,"weight":0,"dead_end":false,"group":1,"treasure":null,"fall":""},{"name":"DaiodoRed","count":1,"weight":0,"dead_end":false,"group":1,"treasure":null,"fall":""},{"name":"DaiodoRed","count":1,"weight":0,"dead_end":false,"group":1,"treasure":null,"fall":""},{"name":"DaiodoRed","count":1,"weight":0,"dead_end":false,"group":1,"treasure":null,"fall":""},{"name":"DaiodoRed","count":1,"weight":0,"dead_end":false,"group":1,"treasure":null,"fall":""}],"treasures":[{"name":"sinkukan","count":1,"weight":0},{"name":"sinkukan_b","count":1,"weight":0},{"name":"sinkukan_c","count":1,"weight":0},{"name":"bell_blue","count":1,"weight":0},{"name":"gear","count":1,"weight":0}],"gates":[]},{"name":"Sublevel 11 - Bulblax's Road","properties":{"unit":"3_units_north_mid1_mid2_tsuchi.txt","max_rooms":3,"light":"redfog.ini","music":"new_05_0.cnd","skybox":"none","corridor":0.0,"caps":50,"timer":0,"geyser":false,"clogged":true,"echo":0,"plane":false,"seesaw":false,"version":1,"max_entities":null,"max_trasures":null,"max_gates":null},"entities":[{"name":"KingChappy","count":1,"weight":0,"dead_end":false,"group":0,"treasure":"donguri_l","fall":""},{"name":"KingChappy","count":1,"weight":0,"dead_end":false,"group":1,"treasure":"key","fall":""},{"name":"KingChappy","count":1,"weight":0,"dead_end":false,"group":1,"treasure":"donguri_l","fall":""},{"name":"Hanachirashi","count":1,"weight":0,"dead_end":false,"group":5,"treasure":"be_dama_red","fall":"$2"},{"name":"Hanachirashi","count":1,"weight":0,"dead_end":false,"group":5,"treasure":"be_dama_red","fall":"$2"},{"name":"Hanachirashi","count":1,"weight":0,"dead_end":false,"group":1,"treasure":"be_dama_red","fall":"$2"},{"name":"Hanachirashi","count":1,"weight":0,"dead_end":false,"group":1,"treasure":"be_dama_red","fall":"$2"},{"name":"Hanachirashi","count":1,"weight":0,"dead_end":false,"group":0,"treasure":"be_dama_red","fall":"$2"},{"name":"KumaChappy","count":1,"weight":0,"dead_end":false,"group":1,"treasure":"compact_make","fall":""},{"name":"KumaChappy","count":1,"weight":0,"dead_end":false,"group":0,"treasure":"compact_make","fall":"$2"},{"name":"Fart","count":1,"weight":0,"dead_end":true,"group":0,"treasure":null,"fall":""},{"name":"Hana","count":1,"weight":0,"dead_end":false,"group":1,"treasure":"diamond_green_l","fall":""},{"name":"Hana","count":1,"weight":0,"dead_end":false,"group":1,"treasure":"diamond_green_l","fall":""},{"name":"Hana","count":1,"weight":0,"dead_end":false,"group":1,"treasure":"diamond_green_l","fall":""},{"name":"Hiba","count":10,"weight":0,"dead_end":false,"group":6,"treasure":null,"fall":""},{"name":"HikariKinoko","count":5,"weight":0,"dead_end":false,"group":6,"treasure":null,"fall":""},{"name":"Rock","count":10,"weight":0,"dead_end":false,"group":6,"treasure":null,"fall":""},{"name":"HikariKinoko","count":5,"weight":0,"dead_end":false,"group":6,"treasure":null,"fall":""},{"name":"Hiba","count":10,"weight":0,"dead_end":false,"group":5,"treasure":null,"fall":""},{"name":"Rock","count":10,"weight":0,"dead_end":false,"group":0,"treasure":null,"fall":""},{"name":"Catfish","count":4,"weight":0,"dead_end":false,"group":1,"treasure":null,"fall":""},{"name":"Catfish","count":4,"weight":0,"dead_end":false,"group":1,"treasure":null,"fall":""},{"name":"Catfish","count":2,"weight":0,"dead_end":false,"group":1,"treasure":null,"fall":"$"},{"name":"Catfish","count":2,"weight":0,"dead_end":false,"group":1,"treasure":null,"fall":"$"},{"name":"Catfish","count":2,"weight":0,"dead_end":false,"group":1,"treasure":null,"fall":"$"},{"name":"BlueChappy","count":5,"weight":0,"dead_end":true,"group":0,"treasure":null,"fall":""}],"treasures":[],"gates":[{"word":"gate","health":3000,"weight":1},{"word":"gate","health":3000,"weight":1},{"word":"gate","health":3000,"weight":1},{"word":"gate","health":3000,"weight":1}]},{"name":"Sublevel 12 - Chaos Titan","properties":{"unit":"1_RAT_otakara_tile.txt","max_rooms":1,"light":"ootakara_light_v.ini","music":"caveconc_00_0.cnd","skybox":"none","corridor":0.0,"caps":100,"timer":0,"geyser":false,"clogged":false,"echo":0,"plane":false,"seesaw":false,"version":1,"max_entities":null,"max_trasures":null,"max_gates":null},"entities":[{"name":"BigTreasure","count":1,"weight":0,"dead_end":false,"group":1,"treasure":"key","fall":""},{"name":"DangoMushi","count":1,"weight":0,"dead_end":false,"group":1,"treasure":"robot_head","fall":""},{"name":"Kogane","count":1,"weight":0,"dead_end":false,"group":5,"treasure":null,"fall":""},{"name":"RandPom","count":1,"weight":0,"dead_end":false,"group":0,"treasure":null,"fall":""},{"name":"RandPom","count":1,"weight":0,"dead_end":false,"group":0,"treasure":null,"fall":""}],"treasures":[],"gates":[]}],"content":null}