{"sublevels":[{"name":"Sublevel 1","properties":{"unit":"1_units_torigoya_kusachi.txt","max_rooms":1,"light":"suityu_light_lv0.ini","music":"new_07_0.cnd","skybox":"none","corridor":0.2,"caps":50,"timer":0,"geyser":false,"clogged":false,"echo":0,"plane":false,"seesaw":false,"version":1,"max_entities":null,"max_trasures":null,"max_gates":null},"entities":[{"name":"Miulin","count":2,"weight":0,"dead_end":false,"group":0,"treasure":"creap","fall":""},{"name":"Sokkuri","count":2,"weight":0,"dead_end":false,"group":0,"treasure":null,"fall":""},{"name":"Kogane","count":1,"weight":0,"dead_end":false,"group":1,"treasure":"key","fall":""},{"name":"Kochappy","count":2,"weight":0,"dead_end":false,"group":0,"treasure":"denchi_3_red","fall":""}],"treasures":[{"name":"diamond_red","count":1,"weight":0},{"name":"toy_ring_a_red","count":1,"weight":0},{"name":"g_futa_kajiwara","count":1,"weight":0}],"gates":[]},{"name":"Sublevel 2","properties":{"unit":"1_unit_16x17r_conc.txt","max_rooms":1,"light":"vs_6_light.ini","music":"caveglass_10_0.cnd","skybox":"none","corridor":0.19,"caps":50,"timer":0,"geyser":false,"clogged":false,"echo":0,"plane":false,"seesaw":false,"version":1,"max_entities":null,"max_trasures":null,"max_gates":null},"entities":[{"name":"Qurione","count":2,"weight":0,"dead_end":false,"group":0,"treasure":null,"fall":""},{"name":"Tanpopo","count":10,"weight":0,"dead_end":false,"group":6,"treasure":null,"fall":""},{"name":"Magaret","count":10,"weight":0,"dead_end":false,"group":6,"treasure":null,"fall":""},{"name":"UjiA","count":4,"weight":0,"dead_end":false,"group":0,"treasure":"flower_blue","fall":""},{"name":"UjiA","count":4,"weight":0,"dead_end":false,"group":1,"treasure":"flower_blue","fall":""},{"name":"Miulin","count":1,"weight":0,"dead_end":false,"group":0,"treasure":"chocowhite","fall":""},{"name":"Miulin","count":1,"weight":0,"dead_end":false,"group":1,"treasure":"chocowhite","fall":""},{"name":"PanModoki","count":1,"weight":0,"dead_end":false,"group":8,"treasure":"key","fall":""},{"name":"Hanachirashi","count":1,"weight":0,"dead_end":false,"group":0,"treasure":"kan","fall":"$"},{"name":"Hanachirashi","count":1,"weight":0,"dead_end":false,"group":0,"treasure":"kan","fall":"$"},{"name":"Hanachirashi","count":1,"weight":0,"dead_end":false,"group":1,"treasure":"kan","fall":"$"},{"name":"Magaret","count":10,"weight":0,"dead_end":false,"group":6,"treasure":"kan","fall":""},{"name":"ShijimiChou","count":1,"weight":0,"dead_end":false,"group":0,"treasure":null,"fall":""},{"name":"ShijimiChou","count":1,"weight":0,"dead_end":false,"group":0,"treasure":null,"fall":""}],"treasures":[{"name":"toy_dog","count":1,"weight":0},{"name":"g_futa_sakotani","count":1,"weight":0},{"name":"denchi_3_red","count":1,"weight":0},{"name":"be_dama_blue","count":1,"weight":0}],"gates":[]},{"name":"Sublevel 3","properties":{"unit":"3_ABE_blk_uzu1_mid2_tsuchi.txt","max_rooms":3,"light":"vs_6_light.ini","music":"caverelax.cnd","skybox":"none","corridor":0.2,"caps":50,"timer":0,"geyser":false,"clogged":false,"echo":0,"plane":false,"seesaw":false,"version":1,"max_entities":null,"max_trasures":null,"max_gates":null},"entities":[{"name":"PanModoki","count":4,"weight":0,"dead_end":false,"group":0,"treasure":"cookie","fall":""},{"name":"OoPanModoki","count":1,"weight":0,"dead_end":false,"group":1,"treasure":"key","fall":""},{"name":"Wakame_l","count":10,"weight":0,"dead_end":false,"group":6,"treasure":null,"fall":""},{"name":"Wakame_s","count":10,"weight":0,"dead_end":false,"group":6,"treasure":null,"fall":""},{"name":"Wakame_s","count":10,"weight":0,"dead_end":false,"group":6,"treasure":null,"fall":""},{"name":"Sokkuri","count":3,"weight":0,"dead_end":false,"group":0,"treasure":"dia_b_blue","fall":""},{"name":"Wealthy","count":1,"weight":0,"dead_end":false,"group":0,"treasure":"kouseki_suisyou","fall":""},{"name":"Wealthy","count":1,"weight":0,"dead_end":false,"group":1,"treasure":"kouseki_suisyou","fall":""},{"name":"Wealthy","count":1,"weight":0,"dead_end":true,"group":0,"treasure":"kouseki_suisyou","fall":""},{"name":"Miulin","count":4,"weight":0,"dead_end":false,"group":5,"treasure":"bell_red","fall":""},{"name":"ShijimiChou","count":1,"weight":0,"dead_end":false,"group":0,"treasure":null,"fall":""},{"name":"ShijimiChou","count":1,"weight":0,"dead_end":false,"group":1,"treasure":null,"fall":""},{"name":"Hanachirashi","count":3,"weight":0,"dead_end":false,"group":0,"treasure":null,"fall":""},{"name":"PanHouse","count":10,"weight":0,"dead_end":false,"group":6,"treasure":null,"fall":""},{"name":"PanHouse","count":10,"weight":0,"dead_end":false,"group":6,"treasure":null,"fall":""},{"name":"Egg","count":3,"weight":0,"dead_end":true,"group":0,"treasure":null,"fall":"$"},{"name":"UjiA","count":5,"weight":0,"dead_end":false,"group":1,"treasure":null,"fall":"$"},{"name":"UjiA","count":5,"weight":0,"dead_end":false,"group":1,"treasure":null,"fall":"$"},{"name":"TamagoMushi","count":1,"weight":0,"dead_end":false,"group":0,"treasure":null,"fall":""},{"name":"TamagoMushi","count":1,"weight":0,"dead_end":false,"group":1,"treasure":null,"fall":""}],"treasures":[{"name":"be_dama_blue","count":1,"weight":0},{"name":"medama_yaki","count":1,"weight":0},{"name":"dia_b_green","count":1,"weight":0},{"name":"dia_b_green","count":1,"weight":0},{"name":"diamond_red","count":1,"weight":0},{"name":"light_a","count":1,"weight":0},{"name":"juji_key_fc","count":1,"weight":0},{"name":"chess_queen_white","count":1,"weight":0},{"name":"chess_queen_white","count":1,"weight":0},{"name":"chess_queen_black","count":1,"weight":0}],"gates":[]}],"content":null}