{"sublevels":[{"name":"Sublevel 1","properties":{"unit":"2_ABE_nor1_cen2_metal.txt","max_rooms":2,"light":"metal_light_lv0.ini","music":"cavemetal_00_0.cnd","skybox":"test","corridor":0.0,"caps":0,"timer":0,"geyser":false,"clogged":false,"echo":0,"plane":false,"seesaw":false,"version":1,"max_entities":null,"max_trasures":null,"max_gates":null},"entities":[{"name":"UjiB","count":1,"weight":0,"dead_end":false,"group":0,"treasure":"key","fall":""},{"name":"UjiA","count":6,"weight":0,"dead_end":false,"group":0,"treasure":null,"fall":""},{"name":"UjiB","count":3,"weight":0,"dead_end":false,"group":0,"treasure":null,"fall":""}],"treasures":[{"name":"fire_helmet","count":1,"weight":0}],"gates":[]},{"name":"Sublevel 2","properties":{"unit":"1_ABE_ari_metal.txt","max_rooms":1,"light":"metal_light_lv1.ini","music":"cavemetal_05_4.cnd","skybox":"test","corridor":0.0,"caps":0,"timer":0,"geyser":false,"clogged":false,"echo":0,"plane":false,"seesaw":false,"version":1,"max_entities":null,"max_trasures":null,"max_gates":null},"entities":[{"name":"Tank","count":1,"weight":0,"dead_end":false,"group":0,"treasure":"key","fall":""},{"name":"Tank","count":1,"weight":0,"dead_end":false,"group":0,"treasure":"radar_b","fall":""}],"treasures":[{"name":"diamond_red","count":1,"weight":0},{"name":"chocoichigo_l","count":1,"weight":0}],"gates":[]},{"name":"Sublevel 3","properties":{"unit":"1_units_white_metal.txt","max_rooms":1,"light":"forest_2_siro_light.ini","music":"caverelax.cnd","skybox":"none","corridor":0.0,"caps":0,"timer":0,"geyser":false,"clogged":false,"echo":0,"plane":false,"seesaw":false,"version":1,"max_entities":null,"max_trasures":null,"max_gates":null},"entities":[{"name":"KareOoinu_s","count":10,"weight":0,"dead_end":false,"group":6,"treasure":null,"fall":""},{"name":"KareOoinu_l","count":10,"weight":0,"dead_end":false,"group":6,"treasure":null,"fall":""},{"name":"Clover","count":10,"weight":0,"dead_end":false,"group":6,"treasure":null,"fall":""},{"name":"DaiodoGreen","count":10,"weight":0,"dead_end":false,"group":6,"treasure":null,"fall":""},{"name":"WhitePom","count":3,"weight":0,"dead_end":false,"group":1,"treasure":null,"fall":""},{"name":"Qurione","count":2,"weight":0,"dead_end":false,"group":0,"treasure":null,"fall":""}],"treasures":[{"name":"key","count":1,"weight":0}],"gates":[]},{"name":"Sublevel 4","properties":{"unit":"3_ABE_sak1_sak2_hit1_tsuchi.txt","max_rooms":3,"light":"normal_light_lv3.ini","music":"cavesoil_10_3.cnd","skybox":"none","corridor":0.1,"caps":0,"timer":0,"geyser":false,"clogged":false,"echo":0,"plane":false,"seesaw":false,"version":1,"max_entities":null,"max_trasures":null,"max_gates":null},"entities":[{"name":"GasHiba","count":5,"weight":0,"dead_end":false,"group":5,"treasure":null,"fall":""}],"treasures":[{"name":"kinoko_doku","count":1,"weight":0},{"name":"g_futa_kajiwara","count":1,"weight":0},{"name":"key","count":1,"weight":0},{"name":"gum_tape","count":1,"weight":0}],"gates":[]},{"name":"Sublevel 5","properties":{"unit":"1_units_snake_tsuchi.txt","max_rooms":1,"light":"normal_light_lv2.ini","music":"cavesoil_10_3.cnd","skybox":"none","corridor":0.0,"caps":0,"timer":0,"geyser":true,"clogged":false,"echo":0,"plane":false,"seesaw":false,"version":1,"max_entities":null,"max_trasures":null,"max_gates":null},"entities":[{"name":"SnakeCrow","count":1,"weight":0,"dead_end":false,"group":0,"treasure":"key","fall":""},{"name":"KareOoinu_s","count":10,"weight":0,"dead_end":false,"group":6,"treasure":null,"fall":""},{"name":"Zenmai","count":10,"weight":0,"dead_end":false,"group":6,"treasure":null,"fall":""},{"name":"KareOoinu_l","count":10,"weight":0,"dead_end":false,"group":6,"treasure":null,"fall":""},{"name":"Egg","count":3,"weight":0,"dead_end":false,"group":1,"treasure":null,"fall":""}],"treasures":[],"gates":[]}],"content":null}