{"sublevels":[{"name":"Sublevel 1","properties":{"unit":"ascend_ike.txt","max_rooms":1,"light":"Daylight.ini","music":"cavemetal_00_0.cnd","skybox":"none","corridor":0.005,"caps":50,"timer":0,"geyser":false,"clogged":false,"echo":0,"plane":false,"seesaw":false,"version":1,"max_entities":45,"max_trasures":null,"max_gates":null},"entities":[{"name":"BluePom","count":1,"weight":0,"dead_end":false,"group":1,"treasure":null,"fall":""},{"name":"BluePom","count":1,"weight":0,"dead_end":false,"group":1,"treasure":null,"fall":""},{"name":"BluePom","count":1,"weight":0,"dead_end":false,"group":1,"treasure":null,"fall":""},{"name":"Demon","count":2,"weight":0,"dead_end":false,"group":0,"treasure":"bird_hane","fall":""},{"name":"Demon","count":2,"weight":0,"dead_end":false,"group":0,"treasure":"bird_hane","fall":""},{"name":"BlueKochappy","count":6,"weight":0,"dead_end":false,"group":0,"treasure":null,"fall":""},{"name":"BlueChappy","count":2,"weight":0,"dead_end":false,"group":0,"treasure":"bird_hane","fall":""},{"name":"BlueChappy","count":2,"weight":0,"dead_end":false,"group":0,"treasure":"bird_hane","fall":""},{"name":"DaiodoGreen","count":4,"weight":0,"dead_end":false,"group":6,"treasure":null,"fall":""},{"name":"ElecOtakara","count":5,"weight":0,"dead_end":false,"group":1,"treasure":null,"fall":""},{"name":"BlackPom","count":1,"weight":0,"dead_end":false,"group":1,"treasure":null,"fall":""},{"name":"BlackPom","count":1,"weight":0,"dead_end":false,"group":1,"treasure":null,"fall":""},{"name":"BlackPom","count":1,"weight":0,"dead_end":false,"group":1,"treasure":null,"fall":""},{"name":"BlackPom","count":1,"weight":0,"dead_end":false,"group":1,"treasure":null,"fall":""},{"name":"Tank","count":1,"weight":0,"dead_end":false,"group":0,"treasure":null,"fall":""},{"name":"Tank","count":1,"weight":0,"dead_end":false,"group":0,"treasure":null,"fall":""},{"name":"Bomb","count":1,"weight":0,"dead_end":false,"group":0,"treasure":null,"fall":""},{"name":"Bomb","count":1,"weight":0,"dead_end":false,"group":0,"treasure":null,"fall":""},{"name":"Bomb","count":1,"weight":0,"dead_end":false,"group":0,"treasure":null,"fall":""},{"name":"Bomb","count":1,"weight":0,"dead_end":false,"group":0,"treasure":null,"fall":""},{"name":"Bomb","count":1,"weight":0,"dead_end":false,"group":0,"treasure":null,"fall":""},{"name":"ElecBug","count":4,"weight":0,"dead_end":false,"group":1,"treasure":null,"fall":""},{"name":"ElecBug","count":4,"weight":0,"dead_end":false,"group":1,"treasure":null,"fall":""}],"treasures":[{"name":"juji_key_fc","count":1,"weight":0},{"name":"diamond_blue_l","count":1,"weight":0},{"name":"radar_a","count":1,"weight":0},{"name":"key","count":1,"weight":0}],"gates":[]},{"name":"Sublevel 2","properties":{"unit":"all_bucket.txt","max_rooms":5,"light":"pinkdawn.ini","music":"new_00_1.cnd","skybox":"hiroba","corridor":0.0,"caps":50,"timer":0,"geyser":false,"clogged":false,"echo":0,"plane":true,"seesaw":false,"version":1,"max_entities":32,"max_trasures":null,"max_gates":null},"entities":[{"name":"Wealthy","count":1,"weight":0,"dead_end":false,"group":1,"treasure":"key","fall":""},{"name":"BlueChappy","count":4,"weight":0,"dead_end":false,"group":0,"treasure":"bird_hane","fall":""},{"name":"UmiMushiBlind","count":1,"weight":0,"dead_end":false,"group":0,"treasure":null,"fall":""},{"name":"UmiMushiBlind","count":1,"weight":0,"dead_end":false,"group":0,"treasure":null,"fall":""},{"name":"MaroFrog","count":1,"weight":0,"dead_end":false,"group":5,"treasure":null,"fall":"$"},{"name":"MaroFrog","count":1,"weight":0,"dead_end":false,"group":5,"treasure":null,"fall":"$"},{"name":"MaroFrog","count":1,"weight":0,"dead_end":false,"group":5,"treasure":null,"fall":"$"},{"name":"Kurage","count":6,"weight":0,"dead_end":false,"group":0,"treasure":null,"fall":""},{"name":"KumaChappy","count":2,"weight":0,"dead_end":false,"group":8,"treasure":null,"fall":""},{"name":"KumaKochappy","count":9,"weight":0,"dead_end":false,"group":5,"treasure":"dia_b_blue","fall":""}],"treasures":[{"name":"gear_silver","count":1,"weight":0},{"name":"kan_b_silver","count":1,"weight":0},{"name":"kan_maruha","count":1,"weight":0},{"name":"dia_c_green","count":1,"weight":0},{"name":"dia_c_green","count":1,"weight":0}],"gates":[{"word":"gate","health":2,"weight":3},{"word":"gate","health":1,"weight":1}]},{"name":"Sublevel 3","properties":{"unit":"1_units_torigoya_kusachi.txt","max_rooms":1,"light":"Dawn1.ini","music":"new_07_0.cnd","skybox":"none","corridor":0.0,"caps":50,"timer":0,"geyser":false,"clogged":false,"echo":0,"plane":false,"seesaw":false,"version":1,"max_entities":6,"max_trasures":null,"max_gates":null},"entities":[{"name":"FireChappy","count":1,"weight":0,"dead_end":false,"group":0,"treasure":null,"fall":""},{"name":"Hanachirashi","count":4,"weight":0,"dead_end":false,"group":1,"treasure":"flower_blue","fall":""},{"name":"Rkabuto","count":1,"weight":0,"dead_end":false,"group":0,"treasure":"key","fall":""}],"treasures":[],"gates":[]},{"name":"Sublevel 4","properties":{"unit":"2_MAT_sak1_sak2_snow.txt","max_rooms":4,"light":"toy_light_lv4.ini","music":"new_07_0.cnd","skybox":"none","corridor":0.04,"caps":47,"timer":0,"geyser":false,"clogged":false,"echo":0,"plane":false,"seesaw":false,"version":1,"max_entities":31,"max_trasures":null,"max_gates":null},"entities":[{"name":"Tobi","count":6,"weight":0,"dead_end":false,"group":0,"treasure":"bird_hane","fall":""},{"name":"MaroFrog","count":2,"weight":0,"dead_end":false,"group":0,"treasure":"haniwa","fall":""},{"name":"HikariKinoko","count":5,"weight":0,"dead_end":false,"group":6,"treasure":null,"fall":""},{"name":"Armor","count":1,"weight":0,"dead_end":false,"group":1,"treasure":"toy_ring_b_green","fall":""},{"name":"Rock","count":3,"weight":0,"dead_end":false,"group":5,"treasure":null,"fall":"$"},{"name":"Rock","count":3,"weight":0,"dead_end":false,"group":5,"treasure":null,"fall":"$"},{"name":"Frog","count":1,"weight":0,"dead_end":false,"group":0,"treasure":"key","fall":""},{"name":"UjiB","count":3,"weight":0,"dead_end":false,"group":0,"treasure":null,"fall":""},{"name":"MaroFrog","count":1,"weight":0,"dead_end":false,"group":0,"treasure":"bell_yellow","fall":""},{"name":"Frog","count":1,"weight":0,"dead_end":false,"group":0,"treasure":"key","fall":""},{"name":"MaroFrog","count":3,"weight":0,"dead_end":false,"group":0,"treasure":"bird_hane","fall":"$"},{"name":"Frog","count":1,"weight":0,"dead_end":false,"group":0,"treasure":"bird_hane","fall":"$"},{"name":"Frog","count":1,"weight":0,"dead_end":false,"group":1,"treasure":"bird_hane","fall":"$"}],"treasures":[{"name":"uji_jisyaku","count":1,"weight":0},{"name":"flask","count":1,"weight":0},{"name":"kan_b_silver","count":1,"weight":0}],"gates":[]},{"name":"Sublevel 5","properties":{"unit":"3_MAT_mid1_mid2_uzu1_snow.txt","max_rooms":4,"light":"toy_light_lv4.ini","music":"new_07_0.cnd","skybox":"none","corridor":0.045,"caps":47,"timer":0,"geyser":false,"clogged":false,"echo":0,"plane":false,"seesaw":false,"version":1,"max_entities":56,"max_trasures":null,"max_gates":null},"entities":[{"name":"UmiMushiBlind","count":3,"weight":0,"dead_end":false,"group":1,"treasure":"toy_dog","fall":""},{"name":"Rock","count":6,"weight":0,"dead_end":false,"group":5,"treasure":null,"fall":"$"},{"name":"GasHiba","count":6,"weight":0,"dead_end":false,"group":5,"treasure":null,"fall":""},{"name":"YellowKochappy","count":4,"weight":0,"dead_end":false,"group":0,"treasure":"bird_hane","fall":""},{"name":"YellowChappy","count":2,"weight":0,"dead_end":false,"group":0,"treasure":"dia_c_blue","fall":""},{"name":"Rkabuto","count":2,"weight":0,"dead_end":false,"group":1,"treasure":"be_dama_blue_l","fall":""},{"name":"Hanachirashi","count":1,"weight":0,"dead_end":false,"group":1,"treasure":"bell_red","fall":""},{"name":"Hanachirashi","count":1,"weight":0,"dead_end":false,"group":1,"treasure":"bell_red","fall":""},{"name":"Rock","count":4,"weight":0,"dead_end":false,"group":1,"treasure":null,"fall":"$"},{"name":"Rock","count":4,"weight":0,"dead_end":false,"group":1,"treasure":null,"fall":"$"},{"name":"Rock","count":4,"weight":0,"dead_end":false,"group":1,"treasure":null,"fall":"$"},{"name":"Rock","count":4,"weight":0,"dead_end":false,"group":1,"treasure":null,"fall":"$"},{"name":"Rock","count":4,"weight":0,"dead_end":false,"group":1,"treasure":null,"fall":"$"},{"name":"Wtank","count":1,"weight":0,"dead_end":false,"group":0,"treasure":null,"fall":""},{"name":"Wtank","count":1,"weight":0,"dead_end":false,"group":0,"treasure":null,"fall":""},{"name":"Wtank","count":1,"weight":0,"dead_end":false,"group":0,"treasure":null,"fall":""},{"name":"YellowKochappy","count":1,"weight":0,"dead_end":false,"group":0,"treasure":null,"fall":"$4"},{"name":"YellowKochappy","count":1,"weight":0,"dead_end":false,"group":5,"treasure":"chocoichigo","fall":"$4"},{"name":"KareOoinu_l","count":5,"weight":0,"dead_end":false,"group":6,"treasure":null,"fall":""},{"name":"Kabuto","count":1,"weight":0,"dead_end":false,"group":6,"treasure":"key","fall":""}],"treasures":[{"name":"toy_teala","count":1,"weight":0},{"name":"kouseki_suisyou","count":1,"weight":0},{"name":"be_dama_blue_l","count":1,"weight":0},{"name":"toy_lady","count":1,"weight":0}],"gates":[]},{"name":"Sublevel 6","properties":{"unit":"1_units_purple_snow.txt","max_rooms":1,"light":"Dawn1.ini","music":"new_00_0.cnd","skybox":"none","corridor":0.0,"caps":47,"timer":0,"geyser":false,"clogged":false,"echo":0,"plane":false,"seesaw":false,"version":1,"max_entities":9,"max_trasures":null,"max_gates":null},"entities":[{"name":"Houdai","count":1,"weight":0,"dead_end":false,"group":1,"treasure":"key","fall":""},{"name":"MiniHoudai","count":1,"weight":0,"dead_end":false,"group":8,"treasure":"bey_goma","fall":""},{"name":"KumaChappy","count":3,"weight":0,"dead_end":false,"group":1,"treasure":null,"fall":"$4"},{"name":"KumaChappy","count":1,"weight":0,"dead_end":false,"group":1,"treasure":null,"fall":"$4"},{"name":"KumaChappy","count":1,"weight":0,"dead_end":false,"group":1,"treasure":null,"fall":"$4"},{"name":"KumaChappy","count":1,"weight":0,"dead_end":false,"group":0,"treasure":null,"fall":"$4"},{"name":"KumaChappy","count":1,"weight":0,"dead_end":false,"group":0,"treasure":null,"fall":"$4"}],"treasures":[],"gates":[]},{"name":"Sublevel 7","properties":{"unit":"2_units_mid2_north_tsuchi.txt","max_rooms":2,"light":"vs_8_light.ini","music":"caverelax.cnd","skybox":"none","corridor":0.015,"caps":55,"timer":0,"geyser":false,"clogged":false,"echo":0,"plane":false,"seesaw":false,"version":1,"max_entities":30,"max_trasures":null,"max_gates":null},"entities":[{"name":"Magaret","count":6,"weight":0,"dead_end":false,"group":6,"treasure":null,"fall":""},{"name":"Clover","count":4,"weight":0,"dead_end":false,"group":6,"treasure":null,"fall":""},{"name":"LeafChappy","count":1,"weight":0,"dead_end":false,"group":0,"treasure":null,"fall":""},{"name":"BlueChappy","count":1,"weight":0,"dead_end":false,"group":0,"treasure":null,"fall":"$"},{"name":"Kogane","count":1,"weight":0,"dead_end":false,"group":1,"treasure":null,"fall":""},{"name":"Wealthy","count":1,"weight":0,"dead_end":false,"group":1,"treasure":null,"fall":""},{"name":"PanHouse","count":3,"weight":0,"dead_end":false,"group":6,"treasure":null,"fall":""},{"name":"RedPom","count":3,"weight":0,"dead_end":false,"group":0,"treasure":null,"fall":""},{"name":"WhitePom","count":3,"weight":0,"dead_end":false,"group":1,"treasure":null,"fall":""},{"name":"RandPom","count":2,"weight":0,"dead_end":false,"group":6,"treasure":null,"fall":""},{"name":"Egg","count":2,"weight":0,"dead_end":false,"group":5,"treasure":null,"fall":""},{"name":"ShijimiChou","count":1,"weight":0,"dead_end":false,"group":0,"treasure":null,"fall":""},{"name":"ShijimiChou","count":1,"weight":0,"dead_end":false,"group":0,"treasure":null,"fall":""}],"treasures":[{"name":"key","count":1,"weight":0}],"gates":[]},{"name":"Sublevel 8","properties":{"unit":"3_MAT_hit2_blk1_nor3_tsuchi.txt","max_rooms":4,"light":"Scorch1.ini","music":"cavesoil_10_2.cnd","skybox":"none","corridor":0.015,"caps":50,"timer":0,"geyser":false,"clogged":false,"echo":0,"plane":false,"seesaw":false,"version":1,"max_entities":22,"max_trasures":null,"max_gates":null},"entities":[{"name":"Tank","count":2,"weight":0,"dead_end":false,"group":0,"treasure":"dia_c_blue","fall":""},{"name":"Tank","count":1,"weight":0,"dead_end":false,"group":0,"treasure":"whistle","fall":""},{"name":"Hiba","count":1,"weight":0,"dead_end":false,"group":5,"treasure":null,"fall":""},{"name":"Hiba","count":1,"weight":0,"dead_end":false,"group":5,"treasure":null,"fall":""},{"name":"Hiba","count":1,"weight":0,"dead_end":false,"group":5,"treasure":null,"fall":""},{"name":"Hiba","count":1,"weight":0,"dead_end":false,"group":5,"treasure":null,"fall":""},{"name":"FireOtakara","count":4,"weight":0,"dead_end":false,"group":1,"treasure":"chocoichigo","fall":""},{"name":"Hana","count":1,"weight":0,"dead_end":false,"group":0,"treasure":null,"fall":""},{"name":"Hana","count":1,"weight":0,"dead_end":false,"group":0,"treasure":null,"fall":""},{"name":"FireChappy","count":1,"weight":0,"dead_end":false,"group":0,"treasure":"key","fall":""},{"name":"Hiba","count":2,"weight":0,"dead_end":false,"group":1,"treasure":null,"fall":""},{"name":"Ooinu_s","count":4,"weight":0,"dead_end":false,"group":6,"treasure":null,"fall":""},{"name":"BlueChappy","count":1,"weight":0,"dead_end":false,"group":0,"treasure":null,"fall":""},{"name":"BlueChappy","count":1,"weight":0,"dead_end":false,"group":0,"treasure":"kuri","fall":""}],"treasures":[{"name":"g_futa_kyosin","count":1,"weight":0},{"name":"fire","count":1,"weight":0},{"name":"gum_tape_s","count":1,"weight":0},{"name":"tape_blue","count":1,"weight":0},{"name":"g_futa_hiruzen","count":1,"weight":0},{"name":"chess_queen_black","count":1,"weight":0}],"gates":[{"word":"gate","health":10000,"weight":2},{"word":"gate","health":5000,"weight":4}]},{"name":"Sublevel 9","properties":{"unit":"4_MAT_mid2_nor4_ike1_sak2_tsuchi.txt","max_rooms":5,"light":"Scorch1.ini","music":"new_03_0.cnd","skybox":"none","corridor":0.015,"caps":14,"timer":0,"geyser":false,"clogged":false,"echo":0,"plane":false,"seesaw":false,"version":1,"max_entities":26,"max_trasures":null,"max_gates":null},"entities":[{"name":"PanModoki","count":1,"weight":0,"dead_end":false,"group":0,"treasure":"ichigo","fall":""},{"name":"PanModoki","count":1,"weight":0,"dead_end":false,"group":0,"treasure":"ichigo","fall":""},{"name":"PanModoki","count":1,"weight":0,"dead_end":false,"group":0,"treasure":"ichigo","fall":""},{"name":"PanModoki","count":1,"weight":0,"dead_end":false,"group":0,"treasure":"ichigo","fall":""},{"name":"PanModoki","count":1,"weight":0,"dead_end":false,"group":0,"treasure":"ichigo","fall":""},{"name":"PanModoki","count":1,"weight":0,"dead_end":false,"group":0,"treasure":"key","fall":""},{"name":"PanModoki","count":1,"weight":0,"dead_end":false,"group":0,"treasure":"ichigo","fall":""},{"name":"PanModoki","count":1,"weight":0,"dead_end":false,"group":0,"treasure":"ichigo","fall":""},{"name":"OoPanModoki","count":1,"weight":0,"dead_end":false,"group":1,"treasure":"yoyo_yellow","fall":""},{"name":"PanModoki","count":1,"weight":0,"dead_end":false,"group":1,"treasure":null,"fall":""},{"name":"PanModoki","count":1,"weight":0,"dead_end":false,"group":1,"treasure":null,"fall":""},{"name":"PanModoki","count":1,"weight":0,"dead_end":false,"group":1,"treasure":"locket","fall":""},{"name":"PanModoki","count":10,"weight":0,"dead_end":false,"group":0,"treasure":null,"fall":""},{"name":"PanHouse","count":4,"weight":0,"dead_end":false,"group":6,"treasure":null,"fall":""}],"treasures":[{"name":"juji_key","count":1,"weight":0},{"name":"dia_b_red","count":1,"weight":0},{"name":"bird_hane","count":1,"weight":0},{"name":"creap","count":1,"weight":0},{"name":"denchi_3_red","count":1,"weight":0},{"name":"ichigo","count":1,"weight":0},{"name":"toy_cat","count":1,"weight":0},{"name":"dia_b_green","count":1,"weight":0},{"name":"otama","count":1,"weight":0}],"gates":[]},{"name":"Sublevel 10","properties":{"unit":"2_units_ike2_ike4_tsuchi.txt","max_rooms":3,"light":"Water.ini","music":"cavesoil_05_3.cnd","skybox":"none","corridor":0.025,"caps":30,"timer":0,"geyser":false,"clogged":false,"echo":0,"plane":false,"seesaw":false,"version":1,"max_entities":41,"max_trasures":null,"max_gates":null},"entities":[{"name":"Sokkuri","count":1,"weight":0,"dead_end":false,"group":0,"treasure":"key","fall":""},{"name":"Sokkuri","count":5,"weight":0,"dead_end":false,"group":1,"treasure":null,"fall":""},{"name":"Tank","count":1,"weight":0,"dead_end":false,"group":0,"treasure":null,"fall":""},{"name":"Sokkuri","count":20,"weight":0,"dead_end":false,"group":0,"treasure":"momiji_normal","fall":""},{"name":"PanModoki","count":2,"weight":0,"dead_end":false,"group":1,"treasure":"be_dama_yellow_l","fall":""},{"name":"OniKurage","count":4,"weight":0,"dead_end":false,"group":0,"treasure":"dia_a_red","fall":""},{"name":"MiniHoudai","count":2,"weight":0,"dead_end":false,"group":0,"treasure":"chocoichigo","fall":""},{"name":"ElecHiba","count":6,"weight":0,"dead_end":false,"group":5,"treasure":null,"fall":""}],"treasures":[{"name":"ichigo","count":1,"weight":0},{"name":"light_a","count":1,"weight":0},{"name":"futa_a_gold","count":1,"weight":0},{"name":"water","count":1,"weight":0},{"name":"denchi_2_red","count":1,"weight":0},{"name":"suit_powerup","count":1,"weight":0}],"gates":[]},{"name":"Sublevel 11","properties":{"unit":"1_MAT_cent2_tsuchi.txt","max_rooms":3,"light":"suityu_light_lv2.ini","music":"caverelax.cnd","skybox":"none","corridor":0.0,"caps":70,"timer":0,"geyser":false,"clogged":false,"echo":0,"plane":false,"seesaw":false,"version":1,"max_entities":7,"max_trasures":null,"max_gates":null},"entities":[{"name":"BluePom","count":6,"weight":0,"dead_end":false,"group":0,"treasure":null,"fall":""},{"name":"RandPom","count":1,"weight":0,"dead_end":false,"group":1,"treasure":null,"fall":""},{"name":"Egg","count":4,"weight":0,"dead_end":true,"group":0,"treasure":null,"fall":""}],"treasures":[{"name":"key","count":1,"weight":0}],"gates":[]},{"name":"Sublevel 12","properties":{"unit":"4_units_b_f_g_h_conc.txt","max_rooms":7,"light":"gaybabylight.ini","music":"cavemetal_10_1.cnd","skybox":"none","corridor":0.05,"caps":70,"timer":0,"geyser":false,"clogged":false,"echo":0,"plane":false,"seesaw":false,"version":1,"max_entities":20,"max_trasures":null,"max_gates":null},"entities":[{"name":"BlackMan","count":1,"weight":0,"dead_end":false,"group":0,"treasure":null,"fall":""},{"name":"BlackMan","count":1,"weight":0,"dead_end":false,"group":0,"treasure":null,"fall":""},{"name":"BlackMan","count":1,"weight":0,"dead_end":false,"group":0,"treasure":null,"fall":""},{"name":"BlackMan","count":1,"weight":0,"dead_end":false,"group":0,"treasure":null,"fall":""},{"name":"BlackMan","count":1,"weight":0,"dead_end":false,"group":0,"treasure":null,"fall":""},{"name":"Mar","count":1,"weight":0,"dead_end":false,"group":0,"treasure":"tape_blue","fall":""},{"name":"Mar","count":1,"weight":0,"dead_end":false,"group":1,"treasure":"kumakibori","fall":""},{"name":"Mar","count":1,"weight":0,"dead_end":false,"group":1,"treasure":"kumakibori","fall":""},{"name":"Mar","count":1,"weight":0,"dead_end":false,"group":0,"treasure":"kumakibori","fall":""},{"name":"Bomb","count":2,"weight":0,"dead_end":false,"group":0,"treasure":null,"fall":"$"},{"name":"KumaChappy","count":2,"weight":0,"dead_end":false,"group":0,"treasure":null,"fall":"$"},{"name":"KumaChappy","count":2,"weight":0,"dead_end":false,"group":1,"treasure":null,"fall":"$4"},{"name":"MaroFrog","count":1,"weight":0,"dead_end":false,"group":5,"treasure":null,"fall":"$"},{"name":"MaroFrog","count":1,"weight":0,"dead_end":false,"group":5,"treasure":null,"fall":"$"},{"name":"Frog","count":1,"weight":0,"dead_end":false,"group":5,"treasure":null,"fall":"$"},{"name":"ElecOtakara","count":1,"weight":0,"dead_end":false,"group":5,"treasure":null,"fall":"$"},{"name":"ElecOtakara","count":1,"weight":0,"dead_end":false,"group":5,"treasure":null,"fall":"$"},{"name":"UjiA","count":1,"weight":0,"dead_end":true,"group":0,"treasure":null,"fall":""},{"name":"UjiA","count":1,"weight":0,"dead_end":true,"group":0,"treasure":null,"fall":""},{"name":"UjiA","count":1,"weight":0,"dead_end":true,"group":0,"treasure":null,"fall":""},{"name":"UjiA","count":1,"weight":0,"dead_end":true,"group":0,"treasure":null,"fall":""},{"name":"UjiA","count":1,"weight":0,"dead_end":true,"group":0,"treasure":null,"fall":""}],"treasures":[{"name":"watch","count":1,"weight":0},{"name":"haniwa","count":1,"weight":0},{"name":"donutsichigo_s","count":1,"weight":0},{"name":"kumakibori","count":1,"weight":0},{"name":"kinoko_tubu","count":1,"weight":0},{"name":"sinkukan_b","count":1,"weight":0},{"name":"key","count":1,"weight":0},{"name":"light_a","count":1,"weight":0},{"name":"futa_a_gold","count":1,"weight":0},{"name":"wadou_kaichin","count":1,"weight":0}],"gates":[{"word":"gate","health":20000,"weight":1},{"word":"gate","health":20000,"weight":1},{"word":"gate","health":20000,"weight":1},{"word":"gate","health":20000,"weight":1}]},{"name":"Sublevel 13","properties":{"unit":"2_MAT_f_k_conc.txt","max_rooms":8,"light":"gaybabylight.ini","music":"caveconc_05_1.cnd","skybox":"none","corridor":0.04,"caps":70,"timer":0,"geyser":false,"clogged":false,"echo":0,"plane":false,"seesaw":false,"version":1,"max_entities":31,"max_trasures":null,"max_gates":null},"entities":[{"name":"BlackMan","count":1,"weight":0,"dead_end":false,"group":0,"treasure":null,"fall":""},{"name":"BlackMan","count":1,"weight":0,"dead_end":false,"group":0,"treasure":null,"fall":""},{"name":"BlackMan","count":1,"weight":0,"dead_end":false,"group":0,"treasure":null,"fall":""},{"name":"BlackMan","count":1,"weight":0,"dead_end":false,"group":0,"treasure":null,"fall":""},{"name":"BlackMan","count":1,"weight":0,"dead_end":false,"group":0,"treasure":null,"fall":""},{"name":"BlackMan","count":1,"weight":0,"dead_end":false,"group":0,"treasure":null,"fall":""},{"name":"OniKurage","count":4,"weight":0,"dead_end":false,"group":1,"treasure":null,"fall":""},{"name":"OniKurage","count":4,"weight":0,"dead_end":false,"group":1,"treasure":null,"fall":""},{"name":"OniKurage","count":4,"weight":0,"dead_end":false,"group":0,"treasure":null,"fall":""},{"name":"UjiA","count":1,"weight":0,"dead_end":false,"group":1,"treasure":"key","fall":""},{"name":"UjiA","count":1,"weight":0,"dead_end":false,"group":1,"treasure":null,"fall":""},{"name":"UjiA","count":1,"weight":0,"dead_end":false,"group":1,"treasure":null,"fall":""},{"name":"UjiA","count":1,"weight":0,"dead_end":false,"group":1,"treasure":null,"fall":""},{"name":"UjiA","count":1,"weight":0,"dead_end":false,"group":1,"treasure":null,"fall":""},{"name":"UjiA","count":1,"weight":0,"dead_end":false,"group":1,"treasure":null,"fall":""},{"name":"UjiA","count":1,"weight":0,"dead_end":false,"group":1,"treasure":null,"fall":""},{"name":"UjiA","count":1,"weight":0,"dead_end":false,"group":1,"treasure":null,"fall":""},{"name":"UjiA","count":1,"weight":0,"dead_end":false,"group":1,"treasure":null,"fall":""},{"name":"UjiA","count":1,"weight":0,"dead_end":false,"group":1,"treasure":null,"fall":""},{"name":"UjiA","count":1,"weight":0,"dead_end":false,"group":1,"treasure":null,"fall":""},{"name":"UjiA","count":1,"weight":0,"dead_end":false,"group":1,"treasure":null,"fall":""},{"name":"UjiA","count":1,"weight":0,"dead_end":false,"group":1,"treasure":null,"fall":""}],"treasures":[{"name":"cookie_u_l","count":1,"weight":0},{"name":"toy_ring_b_green","count":1,"weight":0},{"name":"momiji_red","count":1,"weight":0},{"name":"dia_b_red","count":1,"weight":0},{"name":"yoyo_blue","count":1,"weight":0},{"name":"cookie_u_l","count":1,"weight":0}],"gates":[{"word":"gate","health":20000,"weight":1},{"word":"gate","health":20000,"weight":1},{"word":"gate","health":20000,"weight":1}]},{"name":"Sublevel 14","properties":{"unit":"1_units_spiral_conc.txt","max_rooms":1,"light":"oootakara_light.ini","music":"new_00_0.cnd","skybox":"none","corridor":0.0,"caps":57,"timer":120,"geyser":false,"clogged":false,"echo":0,"plane":false,"seesaw":false,"version":1,"max_entities":15,"max_trasures":null,"max_gates":null},"entities":[{"name":"BlackMan","count":1,"weight":0,"dead_end":false,"group":0,"treasure":"key","fall":""},{"name":"BlackMan","count":1,"weight":0,"dead_end":false,"group":0,"treasure":"chess_king_white","fall":""},{"name":"BlackMan","count":1,"weight":0,"dead_end":false,"group":0,"treasure":"kan_maruha","fall":""},{"name":"BlackMan","count":1,"weight":0,"dead_end":false,"group":0,"treasure":"juji_key_fc","fall":""},{"name":"BlackMan","count":1,"weight":0,"dead_end":false,"group":0,"treasure":null,"fall":""},{"name":"BlackMan","count":1,"weight":0,"dead_end":false,"group":0,"treasure":null,"fall":""},{"name":"BlackMan","count":1,"weight":0,"dead_end":false,"group":0,"treasure":null,"fall":""},{"name":"BlackMan","count":1,"weight":0,"dead_end":false,"group":0,"treasure":null,"fall":""},{"name":"BlackMan","count":1,"weight":0,"dead_end":false,"group":1,"treasure":null,"fall":""},{"name":"BlackMan","count":1,"weight":0,"dead_end":false,"group":1,"treasure":null,"fall":""},{"name":"BlackMan","count":1,"weight":0,"dead_end":false,"group":1,"treasure":null,"fall":""},{"name":"BlackPom","count":4,"weight":0,"dead_end":false,"group":6,"treasure":null,"fall":""},{"name":"BlackPom","count":4,"weight":0,"dead_end":true,"group":0,"treasure":null,"fall":""}],"treasures":[],"gates":[]},{"name":"Sublevel 15","properties":{"unit":"1_units_white_metal.txt","max_rooms":1,"light":"Dawn1.ini","music":"caverelax.cnd","skybox":"none","corridor":0.0,"caps":57,"timer":0,"geyser":false,"clogged":false,"echo":0,"plane":false,"seesaw":false,"version":1,"max_entities":13,"max_trasures":null,"max_gates":null},"entities":[{"name":"RandPom","count":2,"weight":0,"dead_end":false,"group":1,"treasure":null,"fall":""},{"name":"BlackPom","count":5,"weight":0,"dead_end":false,"group":0,"treasure":null,"fall":""},{"name":"DaiodoRed","count":5,"weight":0,"dead_end":false,"group":6,"treasure":null,"fall":""}],"treasures":[{"name":"key","count":1,"weight":0}],"gates":[]},{"name":"Sublevel 16","properties":{"unit":"2_units_mid2_north_metal.txt","max_rooms":3,"light":"final.ini","music":"cavemetal_05_1.cnd","skybox":"none","corridor":0.02,"caps":70,"timer":0,"geyser":false,"clogged":false,"echo":0,"plane":true,"seesaw":false,"version":1,"max_entities":15,"max_trasures":null,"max_gates":null},"entities":[{"name":"FireChappy","count":1,"weight":0,"dead_end":false,"group":0,"treasure":null,"fall":""},{"name":"FireChappy","count":1,"weight":0,"dead_end":false,"group":0,"treasure":null,"fall":""},{"name":"Jigumo","count":3,"weight":0,"dead_end":false,"group":0,"treasure":"kan_maruha","fall":""},{"name":"BlueChappy","count":3,"weight":0,"dead_end":false,"group":1,"treasure":null,"fall":"$"},{"name":"Wtank","count":3,"weight":0,"dead_end":false,"group":0,"treasure":null,"fall":""},{"name":"Wtank","count":3,"weight":0,"dead_end":false,"group":0,"treasure":null,"fall":""},{"name":"Houdai","count":1,"weight":0,"dead_end":false,"group":0,"treasure":"key","fall":""}],"treasures":[{"name":"milk_cap","count":1,"weight":0},{"name":"bane","count":1,"weight":0},{"name":"map","count":1,"weight":0}],"gates":[]},{"name":"Sublevel 17","properties":{"unit":"3_units_cent_h235_tower_metal.txt","max_rooms":3,"light":"final.ini","music":"cavemetal_00_3.cnd","skybox":"none","corridor":0.03,"caps":50,"timer":0,"geyser":false,"clogged":false,"echo":0,"plane":true,"seesaw":false,"version":1,"max_entities":40,"max_trasures":null,"max_gates":null},"entities":[{"name":"ElecHiba","count":4,"weight":0,"dead_end":false,"group":5,"treasure":null,"fall":""},{"name":"DaiodoRed","count":5,"weight":0,"dead_end":false,"group":6,"treasure":null,"fall":""},{"name":"DaiodoGreen","count":5,"weight":0,"dead_end":false,"group":6,"treasure":null,"fall":""},{"name":"KumaChappy","count":1,"weight":0,"dead_end":false,"group":8,"treasure":"momiji_normal","fall":""},{"name":"KumaKochappy","count":6,"weight":0,"dead_end":false,"group":0,"treasure":null,"fall":""},{"name":"ElecBug","count":8,"weight":0,"dead_end":false,"group":1,"treasure":null,"fall":""},{"name":"ElecOtakara","count":1,"weight":0,"dead_end":false,"group":0,"treasure":"key","fall":"$"},{"name":"ElecOtakara","count":1,"weight":0,"dead_end":false,"group":0,"treasure":null,"fall":"$"},{"name":"BombOtakara","count":4,"weight":0,"dead_end":false,"group":5,"treasure":null,"fall":"$"},{"name":"BombOtakara","count":4,"weight":0,"dead_end":false,"group":5,"treasure":null,"fall":"$4"},{"name":"Mar","count":1,"weight":0,"dead_end":false,"group":1,"treasure":"key","fall":"$4"}],"treasures":[{"name":"chess_king_white","count":1,"weight":0},{"name":"sinkukan","count":1,"weight":0},{"name":"sinkukan_b","count":1,"weight":0},{"name":"j_block_yellow","count":1,"weight":0},{"name":"sinkukan_c","count":1,"weight":0},{"name":"toy_ring_a_red","count":1,"weight":0}],"gates":[{"word":"gate","health":1,"weight":1}]},{"name":"Sublevel 18","properties":{"unit":"5_units_mid2_cent_hit4_hit5_nor2_metal.txt","max_rooms":8,"light":"final.ini","music":"cavemetal_10_3.cnd","skybox":"none","corridor":0.0,"caps":50,"timer":0,"geyser":false,"clogged":false,"echo":0,"plane":true,"seesaw":false,"version":1,"max_entities":26,"max_trasures":null,"max_gates":null},"entities":[{"name":"Mar","count":1,"weight":0,"dead_end":false,"group":0,"treasure":null,"fall":""},{"name":"Mar","count":1,"weight":0,"dead_end":false,"group":0,"treasure":null,"fall":""},{"name":"MiniHoudai","count":1,"weight":0,"dead_end":false,"group":0,"treasure":"bird_hane","fall":""},{"name":"MiniHoudai","count":1,"weight":0,"dead_end":false,"group":0,"treasure":"key","fall":""},{"name":"MiniHoudai","count":1,"weight":0,"dead_end":false,"group":0,"treasure":"bird_hane","fall":""},{"name":"OniKurage","count":3,"weight":0,"dead_end":false,"group":1,"treasure":null,"fall":""},{"name":"BlueChappy","count":2,"weight":0,"dead_end":false,"group":1,"treasure":null,"fall":""},{"name":"Rock","count":7,"weight":0,"dead_end":false,"group":5,"treasure":null,"fall":"$"},{"name":"ElecHiba","count":5,"weight":0,"dead_end":false,"group":5,"treasure":null,"fall":""},{"name":"KumaChappy","count":1,"weight":0,"dead_end":false,"group":1,"treasure":null,"fall":""},{"name":"KumaChappy","count":1,"weight":0,"dead_end":false,"group":1,"treasure":null,"fall":""},{"name":"KumaChappy","count":1,"weight":0,"dead_end":false,"group":1,"treasure":null,"fall":""},{"name":"GasOtakara","count":1,"weight":0,"dead_end":false,"group":0,"treasure":null,"fall":""},{"name":"Egg","count":3,"weight":0,"dead_end":true,"group":0,"treasure":null,"fall":""},{"name":"Rock","count":7,"weight":0,"dead_end":true,"group":0,"treasure":null,"fall":"$"}],"treasures":[{"name":"cookie_s_l","count":1,"weight":0},{"name":"sinkukan","count":1,"weight":0},{"name":"cookie_s_l","count":1,"weight":0},{"name":"gear_silver","count":1,"weight":0},{"name":"locket","count":1,"weight":0}],"gates":[]},{"name":"Sublevel 19","properties":{"unit":"1_units_houdai2_metal.txt","max_rooms":1,"light":"Dusk.ini","music":"new_00_0.cnd","skybox":"none","corridor":0.0,"caps":50,"timer":0,"geyser":false,"clogged":false,"echo":0,"plane":false,"seesaw":false,"version":1,"max_entities":3,"max_trasures":null,"max_gates":null},"entities":[{"name":"UjiA","count":1,"weight":0,"dead_end":false,"group":1,"treasure":"yoyo_yellow","fall":""},{"name":"BigFoot","count":1,"weight":0,"dead_end":false,"group":0,"treasure":"key","fall":""},{"name":"SnakeWhole","count":1,"weight":0,"dead_end":false,"group":0,"treasure":null,"fall":""}],"treasures":[],"gates":[]},{"name":"Sublevel 20","properties":{"unit":"1_unit_16x17r_conc.txt","max_rooms":1,"light":"Dawn1.ini","music":"caverelax.cnd","skybox":"none","corridor":0.0,"caps":50,"timer":0,"geyser":false,"clogged":false,"echo":0,"plane":false,"seesaw":false,"version":1,"max_entities":4,"max_trasures":null,"max_gates":null},"entities":[{"name":"RedPom","count":1,"weight":0,"dead_end":false,"group":1,"treasure":null,"fall":""},{"name":"RedPom","count":1,"weight":0,"dead_end":false,"group":1,"treasure":null,"fall":""},{"name":"RedPom","count":1,"weight":0,"dead_end":false,"group":1,"treasure":null,"fall":""},{"name":"Damagumo","count":1,"weight":0,"dead_end":false,"group":0,"treasure":"key","fall":""}],"treasures":[{"name":"toy_dog","count":1,"weight":0}],"gates":[]},{"name":"Sublevel 21","properties":{"unit":"3_units_a_l_yuko_tile.txt","max_rooms":4,"light":"final.ini","music":"new_02_0.cnd","skybox":"none","corridor":0.04,"caps":43,"timer":0,"geyser":false,"clogged":false,"echo":0,"plane":false,"seesaw":false,"version":1,"max_entities":14,"max_trasures":null,"max_gates":null},"entities":[{"name":"ElecOtakara","count":1,"weight":0,"dead_end":false,"group":0,"treasure":null,"fall":""},{"name":"ElecOtakara","count":1,"weight":0,"dead_end":false,"group":0,"treasure":null,"fall":""},{"name":"ElecOtakara","count":1,"weight":0,"dead_end":false,"group":0,"treasure":null,"fall":""},{"name":"ElecOtakara","count":1,"weight":0,"dead_end":false,"group":0,"treasure":null,"fall":""},{"name":"ElecOtakara","count":1,"weight":0,"dead_end":false,"group":0,"treasure":null,"fall":""},{"name":"ElecOtakara","count":1,"weight":0,"dead_end":false,"group":0,"treasure":null,"fall":""},{"name":"KumaChappy","count":1,"weight":0,"dead_end":false,"group":1,"treasure":null,"fall":""},{"name":"KumaChappy","count":1,"weight":0,"dead_end":false,"group":1,"treasure":null,"fall":""},{"name":"KumaChappy","count":1,"weight":0,"dead_end":false,"group":1,"treasure":"key","fall":""},{"name":"Jigumo","count":5,"weight":0,"dead_end":false,"group":0,"treasure":null,"fall":""},{"name":"BombOtakara","count":1,"weight":0,"dead_end":true,"group":0,"treasure":null,"fall":""},{"name":"BombOtakara","count":1,"weight":0,"dead_end":true,"group":0,"treasure":null,"fall":""},{"name":"BombOtakara","count":1,"weight":0,"dead_end":true,"group":0,"treasure":null,"fall":""},{"name":"BombOtakara","count":1,"weight":0,"dead_end":true,"group":0,"treasure":null,"fall":""},{"name":"BombOtakara","count":1,"weight":0,"dead_end":true,"group":0,"treasure":null,"fall":""},{"name":"BombOtakara","count":1,"weight":0,"dead_end":true,"group":0,"treasure":null,"fall":""}],"treasures":[{"name":"leaf_normal","count":1,"weight":0},{"name":"be_dama_blue","count":1,"weight":0},{"name":"halloween","count":1,"weight":0}],"gates":[]},{"name":"Sublevel 22","properties":{"unit":"all_units_tile.txt","max_rooms":14,"light":"final.ini","music":"new_02_0.cnd","skybox":"none","corridor":0.055,"caps":39,"timer":0,"geyser":false,"clogged":false,"echo":0,"plane":false,"seesaw":false,"version":1,"max_entities":68,"max_trasures":null,"max_gates":null},"entities":[{"name":"Jigumo","count":3,"weight":0,"dead_end":false,"group":0,"treasure":"flower_blue","fall":""},{"name":"Jigumo","count":3,"weight":0,"dead_end":false,"group":0,"treasure":"flower_blue","fall":""},{"name":"Jigumo","count":3,"weight":0,"dead_end":false,"group":0,"treasure":"flower_blue","fall":""},{"name":"ElecOtakara","count":5,"weight":0,"dead_end":false,"group":0,"treasure":"bird_hane","fall":""},{"name":"ElecOtakara","count":5,"weight":0,"dead_end":false,"group":0,"treasure":"bird_hane","fall":""},{"name":"ElecOtakara","count":5,"weight":0,"dead_end":false,"group":0,"treasure":"bird_hane","fall":""},{"name":"FireOtakara","count":5,"weight":0,"dead_end":false,"group":1,"treasure":"bird_hane","fall":""},{"name":"GasOtakara","count":5,"weight":0,"dead_end":false,"group":1,"treasure":"bird_hane","fall":""},{"name":"WaterOtakara","count":5,"weight":0,"dead_end":false,"group":1,"treasure":"bird_hane","fall":""},{"name":"BombSarai","count":6,"weight":0,"dead_end":false,"group":0,"treasure":null,"fall":""},{"name":"BombOtakara","count":3,"weight":0,"dead_end":false,"group":5,"treasure":null,"fall":"$4"},{"name":"BombOtakara","count":3,"weight":0,"dead_end":false,"group":5,"treasure":null,"fall":"$4"},{"name":"BombOtakara","count":3,"weight":0,"dead_end":false,"group":5,"treasure":null,"fall":"$4"},{"name":"BombOtakara","count":1,"weight":0,"dead_end":false,"group":0,"treasure":null,"fall":""},{"name":"BombOtakara","count":1,"weight":0,"dead_end":false,"group":0,"treasure":null,"fall":""},{"name":"Hanachirashi","count":1,"weight":0,"dead_end":false,"group":0,"treasure":"key","fall":""},{"name":"Hanachirashi","count":1,"weight":0,"dead_end":false,"group":0,"treasure":null,"fall":""},{"name":"Hanachirashi","count":1,"weight":0,"dead_end":false,"group":0,"treasure":null,"fall":""},{"name":"Hanachirashi","count":1,"weight":0,"dead_end":false,"group":0,"treasure":null,"fall":""},{"name":"Jigumo","count":1,"weight":0,"dead_end":false,"group":1,"treasure":null,"fall":""},{"name":"Jigumo","count":1,"weight":0,"dead_end":false,"group":1,"treasure":null,"fall":""},{"name":"UmiMushiBlind","count":1,"weight":0,"dead_end":false,"group":0,"treasure":null,"fall":""},{"name":"UmiMushiBlind","count":1,"weight":0,"dead_end":false,"group":0,"treasure":null,"fall":""},{"name":"WaterOtakara","count":1,"weight":0,"dead_end":false,"group":0,"treasure":"key","fall":""},{"name":"OniKurage","count":3,"weight":0,"dead_end":false,"group":0,"treasure":null,"fall":""},{"name":"Egg","count":3,"weight":0,"dead_end":true,"group":0,"treasure":null,"fall":"$"}],"treasures":[{"name":"ahiru","count":1,"weight":0},{"name":"toy_dog","count":1,"weight":0},{"name":"futa_a_gold","count":1,"weight":0},{"name":"toy_cat","count":1,"weight":0},{"name":"chocowhite_l","count":1,"weight":0},{"name":"diamond_red","count":1,"weight":0},{"name":"gear_silver","count":1,"weight":0}],"gates":[{"word":"gate","health":5000,"weight":1},{"word":"gate","health":5000,"weight":1}]},{"name":"Sublevel 23","properties":{"unit":"titan_water.txt","max_rooms":1,"light":"Darklight.ini","music":"new_00_0.cnd","skybox":"none","corridor":0.0,"caps":50,"timer":0,"geyser":false,"clogged":false,"echo":0,"plane":false,"seesaw":false,"version":1,"max_entities":5,"max_trasures":null,"max_gates":null},"entities":[{"name":"Houdai","count":1,"weight":0,"dead_end":false,"group":1,"treasure":"key","fall":""},{"name":"KumaChappy","count":1,"weight":0,"dead_end":false,"group":0,"treasure":null,"fall":""},{"name":"KumaChappy","count":1,"weight":0,"dead_end":false,"group":0,"treasure":null,"fall":""},{"name":"KumaChappy","count":1,"weight":0,"dead_end":false,"group":0,"treasure":null,"fall":""},{"name":"KumaChappy","count":1,"weight":0,"dead_end":false,"group":0,"treasure":null,"fall":""}],"treasures":[],"gates":[]},{"name":"Sublevel 24","properties":{"unit":"stump.txt","max_rooms":1,"light":"final2.ini","music":"new_00_0.cnd","skybox":"none","corridor":0.0,"caps":66,"timer":0,"geyser":false,"clogged":false,"echo":0,"plane":false,"seesaw":false,"version":1,"max_entities":5,"max_trasures":null,"max_gates":null},"entities":[{"name":"BigTreasure","count":1,"weight":0,"dead_end":false,"group":0,"treasure":"key","fall":""},{"name":"DangoMushi","count":1,"weight":0,"dead_end":false,"group":1,"treasure":"yoyo_yellow","fall":""},{"name":"DangoMushi","count":1,"weight":0,"dead_end":false,"group":1,"treasure":"yoyo_yellow","fall":""},{"name":"DangoMushi","count":1,"weight":0,"dead_end":false,"group":1,"treasure":"yoyo_yellow","fall":""},{"name":"BigTreasure","count":1,"weight":0,"dead_end":false,"group":1,"treasure":"yoyo_yellow","fall":""}],"treasures":[],"gates":[]}],"content":null}