{"sublevels":[{"name":"Sublevel 1 - A start","properties":{"unit":"2_MAT_cent_north_tsuchi.txt","max_rooms":2,"light":"normal_light_cha.ini","music":"new_04_0.cnd","skybox":"build","corridor":0.12,"caps":50,"timer":0,"geyser":false,"clogged":false,"echo":0,"plane":false,"seesaw":false,"version":1,"max_entities":null,"max_trasures":null,"max_gates":null},"entities":[{"name":"Kochappy","count":3,"weight":0,"dead_end":false,"group":0,"treasure":null,"fall":""},{"name":"Chappy","count":1,"weight":0,"dead_end":false,"group":0,"treasure":"key","fall":""},{"name":"RandPom","count":1,"weight":0,"dead_end":false,"group":0,"treasure":null,"fall":""}],"treasures":[{"name":"cookie_s","count":1,"weight":0},{"name":"cookie_s_l","count":1,"weight":0},{"name":"creap","count":1,"weight":0}],"gates":[{"word":"gate","health":1500,"weight":1}]},{"name":"Sublevel 2 - Bulbmin Bulbwin","properties":{"unit":"2_MAT_a_m_conc.txt","max_rooms":2,"light":"normal_light_cha.ini","music":"cavemetal_05_4.cnd","skybox":"build","corridor":0.12,"caps":50,"timer":0,"geyser":false,"clogged":true,"echo":0,"plane":false,"seesaw":false,"version":1,"max_entities":null,"max_trasures":null,"max_gates":null},"entities":[{"name":"BlackPom","count":1,"weight":0,"dead_end":false,"group":0,"treasure":null,"fall":""},{"name":"Chappy","count":1,"weight":0,"dead_end":false,"group":0,"treasure":"dia_a_red","fall":""},{"name":"UjiA","count":1,"weight":0,"dead_end":false,"group":0,"treasure":"chocolate","fall":""},{"name":"LeafChappy","count":1,"weight":0,"dead_end":false,"group":0,"treasure":"key","fall":""},{"name":"YellowKochappy","count":3,"weight":0,"dead_end":false,"group":1,"treasure":null,"fall":""},{"name":"LeafChappy","count":1,"weight":0,"dead_end":false,"group":1,"treasure":null,"fall":""},{"name":"Hiba","count":4,"weight":0,"dead_end":false,"group":1,"treasure":null,"fall":""}],"treasures":[{"name":"kan_meidiya","count":1,"weight":0},{"name":"bell_blue","count":1,"weight":0},{"name":"tel_dial","count":1,"weight":0}],"gates":[{"word":"gate","health":800,"weight":1},{"word":"gate","health":800,"weight":1},{"word":"gate","health":800,"weight":1}]},{"name":"Sublevel 3 - Long Beady Boi","properties":{"unit":"2_MAT_cent_north_boss_tsuchi.txt","max_rooms":4,"light":"normal_light_cha.ini","music":"","skybox":"build","corridor":0.12,"caps":50,"timer":0,"geyser":false,"clogged":false,"echo":0,"plane":false,"seesaw":false,"version":1,"max_entities":null,"max_trasures":null,"max_gates":null},"entities":[{"name":"Damagumo","count":1,"weight":0,"dead_end":false,"group":0,"treasure":"key","fall":""},{"name":"RandPom","count":1,"weight":0,"dead_end":false,"group":1,"treasure":null,"fall":""},{"name":"YellowPom","count":1,"weight":0,"dead_end":false,"group":1,"treasure":null,"fall":""}],"treasures":[],"gates":[]}],"content":null}