{"sublevels":[{"name":"Sublevel 1 - beginning","properties":{"unit":"2_ABE_hit1_hit3_tsuchi.txt","max_rooms":2,"light":"suityu_light_lv0.ini","music":"cavesoil_10_1.cnd","skybox":"none","corridor":0.16,"caps":50,"timer":0,"geyser":false,"clogged":false,"echo":0,"plane":false,"seesaw":false,"version":1,"max_entities":null,"max_trasures":null,"max_gates":null},"entities":[{"name":"LeafChappy","count":1,"weight":0,"dead_end":false,"group":0,"treasure":"key","fall":""},{"name":"LeafChappy","count":2,"weight":0,"dead_end":false,"group":0,"treasure":"matu_bokkuri","fall":""},{"name":"BlueChappy","count":1,"weight":0,"dead_end":false,"group":0,"treasure":"apple","fall":""},{"name":"Chappy","count":2,"weight":0,"dead_end":false,"group":1,"treasure":"ichigo_l","fall":""},{"name":"Kochappy","count":5,"weight":0,"dead_end":false,"group":1,"treasure":"flower_blue","fall":""},{"name":"HikariKinoko","count":10,"weight":0,"dead_end":false,"group":6,"treasure":null,"fall":""},{"name":"Zenmai","count":10,"weight":0,"dead_end":false,"group":6,"treasure":null,"fall":""}],"treasures":[{"name":"apple","count":1,"weight":0},{"name":"leaf_normal","count":1,"weight":0}],"gates":[]},{"name":"Sublevel 2 - scatter","properties":{"unit":"1_units_cent_tsuchi.txt","max_rooms":2,"light":"suityu_light_lv0.ini","music":"cavesoil_05_2.cnd","skybox":"none","corridor":0.05,"caps":50,"timer":0,"geyser":false,"clogged":false,"echo":0,"plane":false,"seesaw":false,"version":1,"max_entities":null,"max_trasures":null,"max_gates":null},"entities":[{"name":"LeafChappy","count":3,"weight":0,"dead_end":false,"group":0,"treasure":"chess_queen_white","fall":""},{"name":"Chappy","count":1,"weight":0,"dead_end":false,"group":0,"treasure":"kuri","fall":""},{"name":"TamagoMushi","count":2,"weight":0,"dead_end":false,"group":0,"treasure":"flower_blue","fall":""},{"name":"FireChappy","count":1,"weight":0,"dead_end":false,"group":1,"treasure":"key","fall":""},{"name":"BlueChappy","count":1,"weight":0,"dead_end":false,"group":1,"treasure":"donguri_l","fall":""},{"name":"FireChappy","count":1,"weight":0,"dead_end":false,"group":1,"treasure":"diamond_green_l","fall":""},{"name":"Zenmai","count":10,"weight":0,"dead_end":false,"group":6,"treasure":null,"fall":""},{"name":"HikariKinoko","count":10,"weight":0,"dead_end":false,"group":6,"treasure":null,"fall":""}],"treasures":[{"name":"chocoichigo","count":1,"weight":0},{"name":"flower_red","count":1,"weight":0}],"gates":[]},{"name":"Sublevel 3 - oH GOD","properties":{"unit":"2_ABE_blk_hit3_tsuchi.txt","max_rooms":3,"light":"suityu_light_lv0.ini","music":"caveconc_10_1.cnd","skybox":"none","corridor":0.2,"caps":50,"timer":0,"geyser":false,"clogged":false,"echo":0,"plane":false,"seesaw":false,"version":1,"max_entities":null,"max_trasures":null,"max_gates":null},"entities":[{"name":"KumaChappy","count":1,"weight":0,"dead_end":false,"group":1,"treasure":"halloween","fall":""},{"name":"KumaChappy","count":1,"weight":0,"dead_end":false,"group":1,"treasure":"halloween","fall":""},{"name":"KumaChappy","count":1,"weight":0,"dead_end":false,"group":1,"treasure":"key","fall":""},{"name":"Egg","count":3,"weight":0,"dead_end":false,"group":0,"treasure":null,"fall":""},{"name":"LeafChappy","count":1,"weight":0,"dead_end":false,"group":0,"treasure":"akagai","fall":""},{"name":"Baby","count":10,"weight":0,"dead_end":false,"group":0,"treasure":"momiji_normal","fall":"$2"},{"name":"KumaKochappy","count":10,"weight":0,"dead_end":false,"group":1,"treasure":"kuri","fall":""},{"name":"Zenmai","count":10,"weight":0,"dead_end":false,"group":6,"treasure":null,"fall":""},{"name":"HikariKinoko","count":10,"weight":0,"dead_end":false,"group":6,"treasure":null,"fall":""}],"treasures":[{"name":"donutschoco","count":1,"weight":0},{"name":"leaf_kare","count":1,"weight":0}],"gates":[]},{"name":"Sublevel 4 - rest","properties":{"unit":"3_ABE_blk_uzu1_mid2_tsuchi.txt","max_rooms":3,"light":"hiroba_light.ini","music":"caverelax.cnd","skybox":"none","corridor":0.05,"caps":100,"timer":0,"geyser":false,"clogged":false,"echo":0,"plane":false,"seesaw":false,"version":1,"max_entities":null,"max_trasures":null,"max_gates":null},"entities":[{"name":"BlackPom","count":2,"weight":0,"dead_end":false,"group":1,"treasure":null,"fall":""},{"name":"WhitePom","count":2,"weight":0,"dead_end":false,"group":1,"treasure":null,"fall":""},{"name":"RandPom","count":2,"weight":0,"dead_end":false,"group":1,"treasure":null,"fall":""},{"name":"Kochappy","count":3,"weight":0,"dead_end":false,"group":0,"treasure":"cookie_s","fall":""},{"name":"KumaKochappy","count":3,"weight":0,"dead_end":false,"group":1,"treasure":"cookie","fall":""},{"name":"LeafChappy","count":1,"weight":0,"dead_end":false,"group":0,"treasure":"momiji_kare","fall":""},{"name":"Egg","count":7,"weight":0,"dead_end":false,"group":0,"treasure":null,"fall":""},{"name":"HikariKinoko","count":10,"weight":0,"dead_end":false,"group":6,"treasure":null,"fall":""},{"name":"Zenmai","count":10,"weight":0,"dead_end":false,"group":6,"treasure":null,"fall":""}],"treasures":[{"name":"key","count":1,"weight":0},{"name":"saru_head","count":1,"weight":0}],"gates":[]},{"name":"Sublevel 5 - wat","properties":{"unit":"1_units_snake_tsuchi.txt","max_rooms":1,"light":"suityu_light_lv0.ini","music":"cavesoil_00_3.cnd","skybox":"none","corridor":0.2,"caps":50,"timer":0,"geyser":false,"clogged":false,"echo":0,"plane":false,"seesaw":false,"version":1,"max_entities":null,"max_trasures":null,"max_gates":null},"entities":[{"name":"LeafChappy","count":2,"weight":0,"dead_end":false,"group":0,"treasure":"momiji_kare","fall":""},{"name":"KingChappy","count":1,"weight":0,"dead_end":false,"group":1,"treasure":"key","fall":""},{"name":"HikariKinoko","count":10,"weight":0,"dead_end":false,"group":6,"treasure":null,"fall":""},{"name":"Zenmai","count":10,"weight":0,"dead_end":false,"group":6,"treasure":null,"fall":""}],"treasures":[],"gates":[]},{"name":"Sublevel 6 - boss","properties":{"unit":"1_units_queen_b_tsuchi.txt","max_rooms":2,"light":"suityu_light_lv0.ini","music":"cavesoil_05_2.cnd","skybox":"none","corridor":0.02,"caps":50,"timer":0,"geyser":false,"clogged":false,"echo":0,"plane":false,"seesaw":false,"version":1,"max_entities":null,"max_trasures":null,"max_gates":null},"entities":[{"name":"LeafChappy","count":1,"weight":0,"dead_end":false,"group":0,"treasure":"momiji_kare","fall":""},{"name":"Baby","count":5,"weight":0,"dead_end":false,"group":0,"treasure":"flower_blue","fall":""},{"name":"Baby","count":5,"weight":0,"dead_end":false,"group":0,"treasure":"momiji_normal","fall":""},{"name":"Queen","count":1,"weight":0,"dead_end":false,"group":1,"treasure":"key","fall":""},{"name":"TamagoMushi","count":1,"weight":0,"dead_end":false,"group":0,"treasure":null,"fall":""}],"treasures":[],"gates":[]}],"content":null}