{"sublevels":[{"name":"Sublevel 1","properties":{"unit":"2_units_pool_dry_tile.txt","max_rooms":4,"light":"hiroba_light.ini","music":"caveconc_00_0.cnd","skybox":"none","corridor":0.0,"caps":7,"timer":0,"geyser":false,"clogged":false,"echo":0,"plane":false,"seesaw":false,"version":1,"max_entities":8,"max_trasures":null,"max_gates":null},"entities":[{"name":"YellowKochappy","count":8,"weight":0,"dead_end":false,"group":0,"treasure":null,"fall":""}],"treasures":[{"name":"tape_yellow","count":1,"weight":0},{"name":"dia_a_red","count":1,"weight":0}],"gates":[]},{"name":"Sublevel 2","properties":{"unit":"2_ABE_bunki_manp_tile.txt","max_rooms":0,"light":"oootakara_light.ini","music":"caveconc_00_0.cnd","skybox":"none","corridor":0.0,"caps":0,"timer":0,"geyser":true,"clogged":false,"echo":0,"plane":false,"seesaw":true,"version":1,"max_entities":9,"max_trasures":null,"max_gates":null},"entities":[{"name":"BlackPom","count":2,"weight":0,"dead_end":false,"group":1,"treasure":null,"fall":""},{"name":"YellowKochappy","count":7,"weight":0,"dead_end":false,"group":0,"treasure":null,"fall":""},{"name":"KareOoinu_s","count":6,"weight":0,"dead_end":false,"group":6,"treasure":null,"fall":""},{"name":"KareOoinu_l","count":4,"weight":0,"dead_end":false,"group":6,"treasure":null,"fall":""},{"name":"Chappy","count":1,"weight":0,"dead_end":false,"group":0,"treasure":"map01","fall":""}],"treasures":[],"gates":[]}],"content":null}