{"sublevels":[{"name":"Sublevel 1","properties":{"unit":"1_ABE_manp_boss_conc.txt","max_rooms":1,"light":"normal_light_lv0.ini","music":"caveconc_00_0.cnd","skybox":"none","corridor":0.0,"caps":50,"timer":0,"geyser":false,"clogged":false,"echo":0,"plane":false,"seesaw":false,"version":1,"max_entities":null,"max_trasures":null,"max_gates":null},"entities":[{"name":"BlueKochappy","count":3,"weight":0,"dead_end":true,"group":0,"treasure":"juji_key","fall":"$"},{"name":"Chappy","count":2,"weight":0,"dead_end":false,"group":1,"treasure":"donutschoco_s","fall":""},{"name":"Hanachirashi","count":3,"weight":0,"dead_end":false,"group":0,"treasure":"cookie_s","fall":""}],"treasures":[{"name":"teala_dia_d","count":1,"weight":0},{"name":"teala_dia_a","count":1,"weight":0},{"name":"key","count":1,"weight":0}],"gates":[]},{"name":"Sublevel 2","properties":{"unit":"1_MAT_cent2_tsuchi.txt","max_rooms":2,"light":"normal_light_lv0.ini","music":"cavesoil_10_0.cnd","skybox":"none","corridor":0.12,"caps":50,"timer":0,"geyser":false,"clogged":false,"echo":0,"plane":false,"seesaw":false,"version":1,"max_entities":null,"max_trasures":null,"max_gates":null},"entities":[{"name":"BombSarai","count":2,"weight":0,"dead_end":false,"group":0,"treasure":"uji_jisyaku","fall":"$"},{"name":"Catfish","count":6,"weight":0,"dead_end":false,"group":1,"treasure":"be_dama_blue","fall":"$"},{"name":"Armor","count":1,"weight":0,"dead_end":false,"group":0,"treasure":"chocowhite","fall":"$"}],"treasures":[{"name":"momiji_kare","count":1,"weight":0},{"name":"denchi_3_red","count":1,"weight":0},{"name":"key","count":1,"weight":0}],"gates":[]},{"name":"Sublevel 3","properties":{"unit":"1_units_a_tile.txt","max_rooms":3,"light":"normal_light_lv0.ini","music":"cavetile_00_0.cnd","skybox":"none","corridor":0.0,"caps":50,"timer":0,"geyser":false,"clogged":false,"echo":0,"plane":false,"seesaw":false,"version":1,"max_entities":null,"max_trasures":null,"max_gates":null},"entities":[{"name":"MaroFrog","count":1,"weight":0,"dead_end":false,"group":0,"treasure":"key","fall":""},{"name":"MaroFrog","count":1,"weight":0,"dead_end":false,"group":0,"treasure":"donutsichigo","fall":""},{"name":"Wtank","count":4,"weight":0,"dead_end":false,"group":1,"treasure":"kan_maruha","fall":""},{"name":"Egg","count":2,"weight":0,"dead_end":true,"group":0,"treasure":null,"fall":""},{"name":"Sarai","count":2,"weight":0,"dead_end":true,"group":0,"treasure":"donguri","fall":"$"}],"treasures":[],"gates":[]},{"name":"Sublevel 4","properties":{"unit":"1_units_hit224_metal.txt","max_rooms":3,"light":"metal_light_lv0.ini","music":"cavemetal_05_0.cnd","skybox":"build","corridor":0.12,"caps":50,"timer":0,"geyser":false,"clogged":false,"echo":0,"plane":false,"seesaw":false,"version":1,"max_entities":null,"max_trasures":null,"max_gates":null},"entities":[{"name":"MiniHoudai","count":1,"weight":0,"dead_end":false,"group":0,"treasure":"key","fall":""}],"treasures":[{"name":"toy_dog","count":1,"weight":0},{"name":"bolt","count":1,"weight":0},{"name":"locket","count":1,"weight":0}],"gates":[]},{"name":"Sublevel 5","properties":{"unit":"2_MAT_sak1_sak2_snow.txt","max_rooms":3,"light":"normal_light_lv0.ini","music":"new_00_0.cnd","skybox":"none","corridor":0.12,"caps":50,"timer":0,"geyser":false,"clogged":false,"echo":0,"plane":false,"seesaw":false,"version":1,"max_entities":null,"max_trasures":null,"max_gates":null},"entities":[{"name":"KumaChappy","count":1,"weight":0,"dead_end":false,"group":0,"treasure":"key","fall":""},{"name":"Armor","count":3,"weight":0,"dead_end":false,"group":1,"treasure":"denchi_1_black","fall":""},{"name":"Egg","count":2,"weight":0,"dead_end":true,"group":0,"treasure":null,"fall":""}],"treasures":[{"name":"ichigo","count":1,"weight":0},{"name":"diamond_blue_l","count":1,"weight":0},{"name":"kan_b_silver","count":1,"weight":0}],"gates":[]},{"name":"Sublevel 6","properties":{"unit":"1_units_opan_toy.txt","max_rooms":1,"light":"normal_light_lv0.ini","music":"caveconc_00_0.cnd","skybox":"tatami","corridor":0.0,"caps":50,"timer":0,"geyser":false,"clogged":false,"echo":0,"plane":true,"seesaw":false,"version":1,"max_entities":null,"max_trasures":null,"max_gates":null},"entities":[{"name":"PanModoki","count":3,"weight":0,"dead_end":false,"group":0,"treasure":"haniwa","fall":""},{"name":"KumaChappy","count":1,"weight":0,"dead_end":false,"group":1,"treasure":"key","fall":""},{"name":"YellowKochappy","count":4,"weight":0,"dead_end":false,"group":1,"treasure":"chess_king_white","fall":""}],"treasures":[{"name":"donutsichigo","count":1,"weight":0},{"name":"channel","count":1,"weight":0},{"name":"dia_b_green","count":1,"weight":0},{"name":"gold_medal","count":1,"weight":0}],"gates":[]}],"content":null}