{"sublevels":[{"name":"Sublevel 1 - Golden Grounds","properties":{"unit":"2_MAT_5x5_mid_kusachi.txt","max_rooms":5,"light":"kumomei_light_cha.ini","music":"new_07_0.cnd","skybox":"hiroba","corridor":0.085,"caps":100,"timer":0,"geyser":true,"clogged":false,"echo":0,"plane":true,"seesaw":false,"version":1,"max_entities":null,"max_trasures":null,"max_gates":null},"entities":[{"name":"BlueChappy","count":1,"weight":0,"dead_end":true,"group":0,"treasure":"key","fall":"$2"},{"name":"Frog","count":3,"weight":0,"dead_end":false,"group":0,"treasure":"g_futa_sikoku","fall":""},{"name":"Frog","count":2,"weight":0,"dead_end":false,"group":0,"treasure":"g_futa_sikoku","fall":""},{"name":"Frog","count":1,"weight":0,"dead_end":false,"group":0,"treasure":"g_futa_sikoku","fall":""},{"name":"Frog","count":1,"weight":0,"dead_end":false,"group":1,"treasure":"g_futa_sikoku","fall":""},{"name":"Frog","count":1,"weight":0,"dead_end":false,"group":1,"treasure":"g_futa_sikoku","fall":""},{"name":"Frog","count":2,"weight":0,"dead_end":false,"group":1,"treasure":"g_futa_sikoku","fall":""},{"name":"BlueKochappy","count":3,"weight":0,"dead_end":false,"group":1,"treasure":"be_dama_yellow","fall":""},{"name":"BlueKochappy","count":3,"weight":0,"dead_end":false,"group":1,"treasure":"be_dama_yellow","fall":""},{"name":"BlueKochappy","count":2,"weight":0,"dead_end":false,"group":1,"treasure":"be_dama_yellow","fall":""},{"name":"BlueKochappy","count":1,"weight":0,"dead_end":false,"group":0,"treasure":"be_dama_yellow","fall":""},{"name":"BlueKochappy","count":1,"weight":0,"dead_end":false,"group":0,"treasure":"be_dama_yellow","fall":""},{"name":"BlueKochappy","count":1,"weight":0,"dead_end":false,"group":0,"treasure":"be_dama_yellow","fall":""},{"name":"BlueKochappy","count":2,"weight":0,"dead_end":false,"group":0,"treasure":"be_dama_yellow","fall":""},{"name":"BlueKochappy","count":3,"weight":0,"dead_end":false,"group":0,"treasure":"be_dama_yellow","fall":""},{"name":"ElecBug","count":2,"weight":0,"dead_end":false,"group":0,"treasure":"j_block_yellow","fall":""},{"name":"ElecBug","count":2,"weight":0,"dead_end":false,"group":1,"treasure":"j_block_yellow","fall":""},{"name":"BlueChappy","count":1,"weight":0,"dead_end":false,"group":5,"treasure":"bell_red","fall":"$2"},{"name":"BlueKochappy","count":3,"weight":0,"dead_end":false,"group":5,"treasure":"be_dama_yellow","fall":""},{"name":"BlueKochappy","count":1,"weight":0,"dead_end":false,"group":5,"treasure":"be_dama_yellow","fall":""},{"name":"BlueKochappy","count":1,"weight":0,"dead_end":false,"group":5,"treasure":"be_dama_yellow","fall":""},{"name":"BlueKochappy","count":1,"weight":0,"dead_end":false,"group":5,"treasure":"be_dama_yellow","fall":""},{"name":"ElecOtakara","count":3,"weight":0,"dead_end":false,"group":0,"treasure":null,"fall":"$4"},{"name":"ElecOtakara","count":3,"weight":0,"dead_end":false,"group":0,"treasure":null,"fall":"$4"},{"name":"ElecOtakara","count":3,"weight":0,"dead_end":false,"group":0,"treasure":null,"fall":"$4"},{"name":"ElecOtakara","count":2,"weight":0,"dead_end":false,"group":0,"treasure":null,"fall":"$4"},{"name":"ElecOtakara","count":2,"weight":0,"dead_end":false,"group":0,"treasure":null,"fall":"$4"},{"name":"ElecOtakara","count":2,"weight":0,"dead_end":false,"group":1,"treasure":null,"fall":"$4"},{"name":"ElecOtakara","count":1,"weight":0,"dead_end":false,"group":1,"treasure":null,"fall":"$4"},{"name":"ElecOtakara","count":2,"weight":0,"dead_end":false,"group":1,"treasure":null,"fall":"$4"},{"name":"ElecOtakara","count":1,"weight":0,"dead_end":false,"group":1,"treasure":null,"fall":"$4"},{"name":"ElecOtakara","count":1,"weight":0,"dead_end":false,"group":5,"treasure":null,"fall":"$4"},{"name":"ElecOtakara","count":1,"weight":0,"dead_end":false,"group":5,"treasure":null,"fall":"$4"},{"name":"ElecOtakara","count":1,"weight":0,"dead_end":false,"group":0,"treasure":null,"fall":"$4"},{"name":"ElecHiba","count":1,"weight":0,"dead_end":false,"group":5,"treasure":null,"fall":""},{"name":"ElecHiba","count":1,"weight":0,"dead_end":false,"group":5,"treasure":null,"fall":""},{"name":"ElecHiba","count":1,"weight":0,"dead_end":false,"group":5,"treasure":null,"fall":""},{"name":"ElecHiba","count":1,"weight":0,"dead_end":false,"group":5,"treasure":null,"fall":""},{"name":"ElecHiba","count":1,"weight":0,"dead_end":false,"group":5,"treasure":null,"fall":""},{"name":"ElecHiba","count":1,"weight":0,"dead_end":false,"group":5,"treasure":null,"fall":""},{"name":"ElecHiba","count":1,"weight":0,"dead_end":false,"group":5,"treasure":null,"fall":""},{"name":"ElecHiba","count":1,"weight":0,"dead_end":false,"group":5,"treasure":null,"fall":""},{"name":"ElecHiba","count":1,"weight":0,"dead_end":false,"group":5,"treasure":null,"fall":""},{"name":"ElecHiba","count":1,"weight":0,"dead_end":false,"group":5,"treasure":null,"fall":""},{"name":"Magaret","count":1,"weight":0,"dead_end":false,"group":6,"treasure":null,"fall":""},{"name":"Magaret","count":1,"weight":0,"dead_end":false,"group":6,"treasure":null,"fall":""},{"name":"Magaret","count":3,"weight":0,"dead_end":false,"group":6,"treasure":null,"fall":""},{"name":"Tanpopo","count":3,"weight":0,"dead_end":false,"group":6,"treasure":null,"fall":""},{"name":"Tanpopo","count":3,"weight":0,"dead_end":false,"group":6,"treasure":null,"fall":""},{"name":"Tanpopo","count":3,"weight":0,"dead_end":false,"group":6,"treasure":null,"fall":""},{"name":"Tanpopo","count":1,"weight":0,"dead_end":false,"group":6,"treasure":null,"fall":""},{"name":"Tanpopo","count":1,"weight":0,"dead_end":false,"group":6,"treasure":null,"fall":""},{"name":"Tanpopo","count":1,"weight":0,"dead_end":false,"group":6,"treasure":null,"fall":""},{"name":"Watage","count":3,"weight":0,"dead_end":false,"group":6,"treasure":null,"fall":""},{"name":"Wealthy","count":1,"weight":0,"dead_end":true,"group":0,"treasure":null,"fall":""},{"name":"ShijimiChou","count":1,"weight":0,"dead_end":false,"group":1,"treasure":null,"fall":""},{"name":"BlueChappy","count":1,"weight":0,"dead_end":false,"group":1,"treasure":"be_dama_yellow_l","fall":""}],"treasures":[],"gates":[]}],"content":null}