{"sublevels":[{"name":"Sublevel 1 - oh no","properties":{"unit":"1_units_snake_tsuchi.txt","max_rooms":3,"light":"muraon_light_lv1.ini","music":"cavetsumiki_00_0.cnd","skybox":"hiroba","corridor":0.05,"caps":50,"timer":0,"geyser":false,"clogged":false,"echo":0,"plane":false,"seesaw":false,"version":1,"max_entities":null,"max_trasures":null,"max_gates":null},"entities":[{"name":"Queen","count":1,"weight":0,"dead_end":false,"group":1,"treasure":"key","fall":""},{"name":"KingChappy","count":5,"weight":0,"dead_end":false,"group":0,"treasure":"toy_cat","fall":""},{"name":"GasHiba","count":3,"weight":0,"dead_end":false,"group":5,"treasure":null,"fall":""},{"name":"RandPom","count":3,"weight":0,"dead_end":true,"group":0,"treasure":null,"fall":""},{"name":"BlackPom","count":3,"weight":0,"dead_end":true,"group":0,"treasure":null,"fall":""},{"name":"Watage","count":10,"weight":0,"dead_end":false,"group":6,"treasure":null,"fall":""},{"name":"Magaret","count":10,"weight":0,"dead_end":false,"group":6,"treasure":null,"fall":""}],"treasures":[],"gates":[]},{"name":"Sublevel 2 - Fucc","properties":{"unit":"1_units_hit6x6_yakushima_toy.txt","max_rooms":3,"light":"muraon_light_lv1.ini","music":"cavetsumiki_00_0.cnd","skybox":"ice","corridor":0.1,"caps":50,"timer":0,"geyser":false,"clogged":false,"echo":0,"plane":false,"seesaw":false,"version":1,"max_entities":null,"max_trasures":null,"max_gates":null},"entities":[{"name":"SnakeWhole","count":1,"weight":0,"dead_end":false,"group":0,"treasure":"key","fall":""},{"name":"RandPom","count":3,"weight":0,"dead_end":true,"group":0,"treasure":null,"fall":""},{"name":"SnakeCrow","count":3,"weight":0,"dead_end":false,"group":1,"treasure":"doll","fall":""},{"name":"SnakeCrow","count":3,"weight":0,"dead_end":false,"group":1,"treasure":"makigai","fall":""},{"name":"SnakeCrow","count":3,"weight":0,"dead_end":false,"group":0,"treasure":"be_dama_yellow","fall":""},{"name":"HikariKinoko","count":10,"weight":0,"dead_end":false,"group":6,"treasure":null,"fall":""},{"name":"Chiyogami","count":10,"weight":0,"dead_end":false,"group":6,"treasure":null,"fall":""}],"treasures":[],"gates":[]},{"name":"Sublevel 3 - chaos","properties":{"unit":"3_units_d_f_ujikou_tile.txt","max_rooms":5,"light":"yakushima_3_16x17r_light.ini","music":"","skybox":"test","corridor":0.1,"caps":50,"timer":0,"geyser":false,"clogged":false,"echo":0,"plane":false,"seesaw":false,"version":1,"max_entities":null,"max_trasures":null,"max_gates":null},"entities":[{"name":"BigFoot","count":1,"weight":0,"dead_end":false,"group":0,"treasure":"key","fall":""},{"name":"BigFoot","count":3,"weight":0,"dead_end":false,"group":1,"treasure":"ahiru","fall":""},{"name":"RandPom","count":3,"weight":0,"dead_end":true,"group":0,"treasure":null,"fall":""},{"name":"Ooinu_l","count":10,"weight":0,"dead_end":false,"group":6,"treasure":null,"fall":""},{"name":"Wakame_l","count":10,"weight":0,"dead_end":false,"group":6,"treasure":null,"fall":""}],"treasures":[],"gates":[]}],"content":null}