{"sublevels":[{"name":"Sublevel 1","properties":{"unit":"2_MAT_tak22_nor22_tile.txt","max_rooms":5,"light":"normal_light_lv0.ini","music":"cavetile_00_0.cnd","skybox":"none","corridor":0.0,"caps":50,"timer":0,"geyser":false,"clogged":false,"echo":0,"plane":false,"seesaw":false,"version":1,"max_entities":null,"max_trasures":null,"max_gates":null},"entities":[{"name":"PanModoki","count":1,"weight":0,"dead_end":false,"group":0,"treasure":"key","fall":""},{"name":"YellowChappy","count":2,"weight":0,"dead_end":false,"group":0,"treasure":"kan_maruha","fall":""},{"name":"YellowChappy","count":2,"weight":0,"dead_end":false,"group":1,"treasure":"kan_maruha","fall":""},{"name":"Chappy","count":1,"weight":0,"dead_end":false,"group":1,"treasure":"j_block_white","fall":""}],"treasures":[{"name":"badminton","count":1,"weight":0},{"name":"cookie","count":1,"weight":0},{"name":"bell_red","count":1,"weight":0}],"gates":[]}],"content":null}