{"sublevels":[{"name":"Sublevel 1 - crazed land","properties":{"unit":"1_units_sara_toy.txt","max_rooms":3,"light":"qchap_light.ini","music":"cavetile_00_0.cnd","skybox":"tatami","corridor":0.12,"caps":50,"timer":0,"geyser":true,"clogged":false,"echo":0,"plane":false,"seesaw":false,"version":1,"max_entities":null,"max_trasures":null,"max_gates":null},"entities":[{"name":"Ooinu_s","count":9,"weight":0,"dead_end":false,"group":1,"treasure":null,"fall":""},{"name":"OoPanModoki","count":1,"weight":0,"dead_end":true,"group":0,"treasure":"key","fall":""},{"name":"OoPanModoki","count":1,"weight":0,"dead_end":true,"group":0,"treasure":null,"fall":""},{"name":"Sarai","count":3,"weight":0,"dead_end":false,"group":1,"treasure":"toy_dog","fall":""},{"name":"Egg","count":3,"weight":0,"dead_end":false,"group":1,"treasure":null,"fall":"$"},{"name":"Sokkuri","count":4,"weight":0,"dead_end":false,"group":0,"treasure":"kinoko_doku","fall":""}],"treasures":[],"gates":[]}],"content":null}