{"sublevels":[{"name":"Sublevel 1","properties":{"unit":"1_units_bunki_tile.txt","max_rooms":3,"light":"metal_light_lv1.ini","music":"cavemetal_10_0.cnd","skybox":"hiroba","corridor":0.12,"caps":50,"timer":0,"geyser":false,"clogged":true,"echo":0,"plane":false,"seesaw":false,"version":1,"max_entities":null,"max_trasures":null,"max_gates":null},"entities":[{"name":"Sokkuri","count":10,"weight":0,"dead_end":false,"group":6,"treasure":"donguri","fall":""},{"name":"Miulin","count":1,"weight":0,"dead_end":false,"group":6,"treasure":"makigai","fall":""},{"name":"PanModoki","count":1,"weight":0,"dead_end":true,"group":0,"treasure":"tape_yellow","fall":"$"},{"name":"PanHouse","count":1,"weight":0,"dead_end":false,"group":0,"treasure":"elec","fall":""},{"name":"UmiMushiBlind","count":1,"weight":0,"dead_end":false,"group":0,"treasure":"key","fall":""},{"name":"MaroFrog","count":2,"weight":0,"dead_end":false,"group":5,"treasure":null,"fall":"$4"},{"name":"GasHiba","count":3,"weight":0,"dead_end":false,"group":0,"treasure":null,"fall":""},{"name":"Ooinu_l","count":3,"weight":0,"dead_end":true,"group":0,"treasure":null,"fall":""},{"name":"Nekojarashi","count":3,"weight":0,"dead_end":false,"group":1,"treasure":null,"fall":""},{"name":"Wakame_l","count":5,"weight":0,"dead_end":false,"group":0,"treasure":null,"fall":""},{"name":"RandPom","count":1,"weight":0,"dead_end":true,"group":0,"treasure":null,"fall":"$"}],"treasures":[{"name":"leaf_kare","count":2,"weight":0},{"name":"momiji_normal","count":1,"weight":0},{"name":"halloween","count":1,"weight":0},{"name":"bell_red","count":1,"weight":0},{"name":"toy_ring_a_red","count":1,"weight":0}],"gates":[{"word":"gate","health":2000,"weight":1},{"word":"gate","health":1500,"weight":1}]},{"name":"Sublevel 2","properties":{"unit":"1_MAT_north_boss_tsuchi.txt","max_rooms":5,"light":"tutorial_1_light.ini","music":"cavesoil_00_1.cnd","skybox":"build","corridor":0.12,"caps":50,"timer":0,"geyser":false,"clogged":true,"echo":0,"plane":false,"seesaw":false,"version":1,"max_entities":null,"max_trasures":null,"max_gates":null},"entities":[{"name":"Sokkuri","count":1,"weight":0,"dead_end":false,"group":1,"treasure":"key","fall":""},{"name":"BlackPom","count":1,"weight":0,"dead_end":true,"group":0,"treasure":null,"fall":""},{"name":"Qurione","count":3,"weight":0,"dead_end":false,"group":1,"treasure":null,"fall":""},{"name":"Kochappy","count":6,"weight":0,"dead_end":false,"group":0,"treasure":"be_dama_blue","fall":""},{"name":"Egg","count":2,"weight":0,"dead_end":false,"group":6,"treasure":null,"fall":"$4"},{"name":"Tanpopo","count":1,"weight":0,"dead_end":false,"group":0,"treasure":null,"fall":""},{"name":"Tanpopo","count":1,"weight":0,"dead_end":false,"group":0,"treasure":null,"fall":""},{"name":"Wakame_l","count":2,"weight":0,"dead_end":false,"group":0,"treasure":null,"fall":""},{"name":"Clover","count":2,"weight":0,"dead_end":false,"group":0,"treasure":null,"fall":""},{"name":"Miulin","count":1,"weight":0,"dead_end":false,"group":6,"treasure":"g_futa_sakotani","fall":"$2"}],"treasures":[{"name":"chess_queen_black","count":1,"weight":0},{"name":"ahiru","count":1,"weight":0},{"name":"toy_dog","count":1,"weight":0}],"gates":[{"word":"gate","health":1600,"weight":1}]},{"name":"Sublevel 3","properties":{"unit":"1_MAT_cent2_tsuchi.txt","max_rooms":6,"light":"toy_light_lv1.ini","music":"new_00_1.cnd","skybox":"tatami","corridor":0.12,"caps":50,"timer":0,"geyser":false,"clogged":true,"echo":0,"plane":false,"seesaw":false,"version":1,"max_entities":null,"max_trasures":null,"max_gates":null},"entities":[{"name":"SnakeCrow","count":1,"weight":0,"dead_end":false,"group":1,"treasure":"key","fall":""},{"name":"KumaChappy","count":1,"weight":0,"dead_end":false,"group":1,"treasure":"g_futa_kajiwara","fall":""},{"name":"KumaKochappy","count":1,"weight":0,"dead_end":false,"group":1,"treasure":null,"fall":""},{"name":"KumaKochappy","count":1,"weight":0,"dead_end":false,"group":1,"treasure":null,"fall":""},{"name":"KumaKochappy","count":1,"weight":0,"dead_end":false,"group":1,"treasure":null,"fall":""},{"name":"Fuefuki","count":1,"weight":0,"dead_end":false,"group":1,"treasure":"chocoichigo_l","fall":"$4"},{"name":"BombSarai","count":1,"weight":0,"dead_end":false,"group":5,"treasure":null,"fall":"$"},{"name":"Hiba","count":1,"weight":0,"dead_end":false,"group":1,"treasure":null,"fall":""},{"name":"Hiba","count":1,"weight":0,"dead_end":false,"group":1,"treasure":null,"fall":""},{"name":"Hiba","count":1,"weight":0,"dead_end":false,"group":1,"treasure":null,"fall":""},{"name":"Hiba","count":1,"weight":0,"dead_end":false,"group":1,"treasure":null,"fall":""},{"name":"GasHiba","count":3,"weight":0,"dead_end":false,"group":1,"treasure":null,"fall":""},{"name":"Bomb","count":1,"weight":0,"dead_end":false,"group":1,"treasure":null,"fall":"$4"},{"name":"Bomb","count":1,"weight":0,"dead_end":false,"group":1,"treasure":null,"fall":"$4"},{"name":"Bomb","count":1,"weight":0,"dead_end":false,"group":1,"treasure":null,"fall":"$4"},{"name":"MaroFrog","count":1,"weight":0,"dead_end":false,"group":1,"treasure":"ahiru_head","fall":""}],"treasures":[],"gates":[]},{"name":"Sublevel 4","properties":{"unit":"1_MAT_hit224_cap_icap_metal.txt","max_rooms":4,"light":"bluefog00.ini","music":"caveglass_10_0.cnd","skybox":"hiroba","corridor":0.12,"caps":50,"timer":0,"geyser":false,"clogged":true,"echo":0,"plane":false,"seesaw":false,"version":1,"max_entities":null,"max_trasures":null,"max_gates":null},"entities":[{"name":"OoPanModoki","count":1,"weight":0,"dead_end":false,"group":1,"treasure":"key","fall":""},{"name":"FireChappy","count":1,"weight":0,"dead_end":false,"group":1,"treasure":"kan_nichiro","fall":""},{"name":"Jigumo","count":1,"weight":0,"dead_end":true,"group":0,"treasure":"denchi_3_red","fall":""},{"name":"RandPom","count":1,"weight":0,"dead_end":true,"group":0,"treasure":null,"fall":""},{"name":"PanHouse","count":1,"weight":0,"dead_end":false,"group":1,"treasure":null,"fall":""},{"name":"OniKurage","count":3,"weight":0,"dead_end":false,"group":1,"treasure":null,"fall":""},{"name":"Kurage","count":1,"weight":0,"dead_end":false,"group":0,"treasure":"j_block_white","fall":""},{"name":"ElecBug","count":2,"weight":0,"dead_end":false,"group":1,"treasure":null,"fall":""},{"name":"ElecBug","count":2,"weight":0,"dead_end":false,"group":0,"treasure":null,"fall":""},{"name":"ElecBug","count":2,"weight":0,"dead_end":false,"group":8,"treasure":null,"fall":""},{"name":"RandPom","count":1,"weight":0,"dead_end":true,"group":0,"treasure":null,"fall":""}],"treasures":[{"name":"donutsichigo","count":1,"weight":0},{"name":"bey_goma","count":1,"weight":0},{"name":"kuri","count":1,"weight":0},{"name":"radar_a","count":1,"weight":0}],"gates":[]},{"name":"Sublevel 5","properties":{"unit":"1_ABE_mid1_boss_tsuchi.txt","max_rooms":2,"light":"chikahimi_metal_light_lv4.ini","music":"new_05_0.cnd","skybox":"build","corridor":0.12,"caps":50,"timer":0,"geyser":true,"clogged":false,"echo":0,"plane":false,"seesaw":false,"version":1,"max_entities":null,"max_trasures":null,"max_gates":null},"entities":[{"name":"Houdai","count":1,"weight":0,"dead_end":false,"group":0,"treasure":"key","fall":"$4"},{"name":"MaroFrog","count":1,"weight":0,"dead_end":false,"group":0,"treasure":"loozy","fall":""},{"name":"Ooinu_l","count":1,"weight":0,"dead_end":false,"group":1,"treasure":null,"fall":""},{"name":"Ooinu_l","count":1,"weight":0,"dead_end":false,"group":1,"treasure":null,"fall":""},{"name":"Wakame_l","count":1,"weight":0,"dead_end":false,"group":1,"treasure":null,"fall":""},{"name":"Wakame_l","count":1,"weight":0,"dead_end":false,"group":1,"treasure":null,"fall":""},{"name":"DaiodoGreen","count":2,"weight":0,"dead_end":false,"group":1,"treasure":null,"fall":""},{"name":"DaiodoGreen","count":2,"weight":0,"dead_end":false,"group":1,"treasure":null,"fall":""}],"treasures":[],"gates":[]}],"content":null}