{"sublevels":[{"name":"Sublevel 1","properties":{"unit":"1_units_big2_kusachi.txt","max_rooms":3,"light":"jyoou_light_lv6.ini","music":"new_00_0.cnd","skybox":"hiroba","corridor":0.2,"caps":50,"timer":0,"geyser":false,"clogged":false,"echo":0,"plane":false,"seesaw":false,"version":1,"max_entities":null,"max_trasures":null,"max_gates":null},"entities":[{"name":"Sokkuri","count":10,"weight":0,"dead_end":false,"group":0,"treasure":null,"fall":""},{"name":"BlueChappy","count":3,"weight":0,"dead_end":false,"group":1,"treasure":"kumakibori","fall":""},{"name":"Hana","count":40,"weight":0,"dead_end":false,"group":6,"treasure":"kan_b_silver","fall":""},{"name":"Hana","count":10,"weight":0,"dead_end":false,"group":6,"treasure":"key","fall":""},{"name":"Magaret","count":100,"weight":0,"dead_end":false,"group":6,"treasure":null,"fall":""}],"treasures":[{"name":"saru_head","count":1,"weight":0}],"gates":[]},{"name":"Sublevel 2","properties":{"unit":"2_units_mid2_north_metal.txt","max_rooms":3,"light":"jyoou_light_lv6.ini","music":"cavemetal_00_3.cnd","skybox":"build","corridor":0.2,"caps":50,"timer":90,"geyser":false,"clogged":false,"echo":0,"plane":false,"seesaw":false,"version":1,"max_entities":null,"max_trasures":null,"max_gates":null},"entities":[{"name":"BlackMan","count":1,"weight":0,"dead_end":false,"group":0,"treasure":"key","fall":""},{"name":"PanModoki","count":2,"weight":0,"dead_end":false,"group":1,"treasure":"dia_a_blue","fall":""},{"name":"BlueChappy","count":3,"weight":0,"dead_end":false,"group":1,"treasure":"bane_blue","fall":"$"},{"name":"BlackPom","count":2,"weight":0,"dead_end":true,"group":0,"treasure":null,"fall":""}],"treasures":[{"name":"haniwa","count":1,"weight":0}],"gates":[]},{"name":"Sublevel 3","properties":{"unit":"5_NARI_sak1_sak2_nor1_uzu_hit1_tsuchi.txt","max_rooms":4,"light":"jyoou_light_lv6.ini","music":"cavesoil_00_0.cnd","skybox":"none","corridor":0.2,"caps":50,"timer":0,"geyser":true,"clogged":false,"echo":0,"plane":false,"seesaw":false,"version":1,"max_entities":null,"max_trasures":null,"max_gates":null},"entities":[{"name":"SnakeCrow","count":2,"weight":0,"dead_end":false,"group":1,"treasure":"loozy","fall":""},{"name":"BigFoot","count":1,"weight":0,"dead_end":false,"group":0,"treasure":"halloween","fall":""},{"name":"KingChappy","count":1,"weight":0,"dead_end":false,"group":1,"treasure":"key","fall":""},{"name":"KingChappy","count":2,"weight":0,"dead_end":false,"group":1,"treasure":"toy_cat","fall":""},{"name":"Rock","count":5,"weight":0,"dead_end":false,"group":5,"treasure":null,"fall":""},{"name":"Bomb","count":5,"weight":0,"dead_end":false,"group":5,"treasure":null,"fall":""}],"treasures":[{"name":"doll","count":1,"weight":0}],"gates":[]}],"content":null}