{"sublevels":[{"name":"Sublevel 1","properties":{"unit":"2_ABE_nor1_cen2_metal.txt","max_rooms":3,"light":"metal_light_lv0.ini","music":"cavemetal_00_0.cnd","skybox":"none","corridor":0.12,"caps":100,"timer":0,"geyser":false,"clogged":false,"echo":0,"plane":false,"seesaw":false,"version":1,"max_entities":null,"max_trasures":null,"max_gates":null},"entities":[{"name":"UjiB","count":8,"weight":0,"dead_end":false,"group":0,"treasure":null,"fall":""},{"name":"Tobi","count":12,"weight":0,"dead_end":false,"group":0,"treasure":null,"fall":""},{"name":"DaiodoRed","count":8,"weight":0,"dead_end":false,"group":6,"treasure":null,"fall":""},{"name":"DaiodoGreen","count":9,"weight":0,"dead_end":false,"group":6,"treasure":null,"fall":""},{"name":"WhitePom","count":1,"weight":0,"dead_end":true,"group":0,"treasure":null,"fall":""},{"name":"Sarai","count":3,"weight":0,"dead_end":false,"group":1,"treasure":null,"fall":""},{"name":"Sarai","count":1,"weight":0,"dead_end":false,"group":1,"treasure":"key","fall":""},{"name":"GasHiba","count":4,"weight":0,"dead_end":false,"group":5,"treasure":null,"fall":""}],"treasures":[{"name":"fire_helmet","count":1,"weight":0}],"gates":[]},{"name":"Sublevel 2","properties":{"unit":"1_ABE_ari_metal.txt","max_rooms":2,"light":"metal_light_lv1.ini","music":"cavemetal_05_4.cnd","skybox":"none","corridor":0.13,"caps":50,"timer":0,"geyser":false,"clogged":false,"echo":0,"plane":false,"seesaw":false,"version":1,"max_entities":null,"max_trasures":null,"max_gates":null},"entities":[{"name":"DaiodoRed","count":4,"weight":0,"dead_end":false,"group":6,"treasure":null,"fall":""},{"name":"DaiodoGreen","count":8,"weight":0,"dead_end":false,"group":6,"treasure":null,"fall":""},{"name":"WhitePom","count":1,"weight":0,"dead_end":true,"group":0,"treasure":null,"fall":""},{"name":"Armor","count":4,"weight":0,"dead_end":false,"group":1,"treasure":null,"fall":""},{"name":"Tank","count":5,"weight":0,"dead_end":false,"group":1,"treasure":null,"fall":""},{"name":"Kabuto","count":1,"weight":0,"dead_end":false,"group":1,"treasure":"key","fall":""},{"name":"BombOtakara","count":2,"weight":0,"dead_end":false,"group":5,"treasure":null,"fall":"$"},{"name":"Mar","count":1,"weight":0,"dead_end":false,"group":0,"treasure":"chocoichigo_l","fall":""}],"treasures":[{"name":"diamond_red","count":1,"weight":0}],"gates":[]},{"name":"Sublevel 3","properties":{"unit":"1_units_white_metal.txt","max_rooms":1,"light":"forest_2_siro_light.ini","music":"caverelax.cnd","skybox":"none","corridor":0.12,"caps":50,"timer":0,"geyser":false,"clogged":false,"echo":0,"plane":false,"seesaw":false,"version":1,"max_entities":null,"max_trasures":null,"max_gates":null},"entities":[{"name":"KareOoinu_s","count":5,"weight":0,"dead_end":false,"group":6,"treasure":null,"fall":""},{"name":"WhitePom","count":1,"weight":0,"dead_end":false,"group":6,"treasure":null,"fall":""},{"name":"SnakeCrow","count":1,"weight":0,"dead_end":false,"group":8,"treasure":null,"fall":""},{"name":"SnakeCrow","count":1,"weight":0,"dead_end":false,"group":8,"treasure":"key","fall":""},{"name":"Qurione","count":1,"weight":0,"dead_end":false,"group":1,"treasure":null,"fall":""},{"name":"GasOtakara","count":1,"weight":0,"dead_end":false,"group":0,"treasure":null,"fall":""},{"name":"Tank","count":2,"weight":0,"dead_end":false,"group":1,"treasure":null,"fall":""},{"name":"Armor","count":2,"weight":0,"dead_end":false,"group":6,"treasure":null,"fall":""}],"treasures":[{"name":"gum_tape","count":1,"weight":0}],"gates":[]},{"name":"Sublevel 4","properties":{"unit":"3_ABE_sak1_sak2_hit1_tsuchi.txt","max_rooms":4,"light":"normal_light_lv3.ini","music":"cavesoil_10_3.cnd","skybox":"none","corridor":0.14,"caps":50,"timer":0,"geyser":false,"clogged":false,"echo":0,"plane":false,"seesaw":false,"version":1,"max_entities":null,"max_trasures":null,"max_gates":null},"entities":[{"name":"GasHiba","count":10,"weight":0,"dead_end":false,"group":5,"treasure":null,"fall":""},{"name":"GasHiba","count":7,"weight":0,"dead_end":false,"group":1,"treasure":null,"fall":""},{"name":"GasHiba","count":3,"weight":0,"dead_end":false,"group":0,"treasure":null,"fall":""},{"name":"GasOtakara","count":4,"weight":0,"dead_end":false,"group":1,"treasure":null,"fall":""},{"name":"FireOtakara","count":2,"weight":0,"dead_end":false,"group":1,"treasure":null,"fall":""},{"name":"Sarai","count":2,"weight":0,"dead_end":false,"group":8,"treasure":null,"fall":""},{"name":"Demon","count":3,"weight":0,"dead_end":false,"group":0,"treasure":null,"fall":""},{"name":"TamagoMushi","count":2,"weight":0,"dead_end":true,"group":0,"treasure":null,"fall":""},{"name":"UjiB","count":9,"weight":0,"dead_end":false,"group":6,"treasure":null,"fall":""},{"name":"SnakeCrow","count":1,"weight":0,"dead_end":false,"group":6,"treasure":"key","fall":""}],"treasures":[{"name":"g_futa_kajiwara","count":1,"weight":0},{"name":"kinoko_doku","count":1,"weight":0}],"gates":[]},{"name":"Sublevel 5","properties":{"unit":"1_units_snake_tsuchi.txt","max_rooms":1,"light":"normal_light_lv2.ini","music":"new_07_0.cnd","skybox":"none","corridor":0.05,"caps":50,"timer":0,"geyser":false,"clogged":false,"echo":0,"plane":false,"seesaw":false,"version":1,"max_entities":null,"max_trasures":null,"max_gates":null},"entities":[{"name":"SnakeWhole","count":1,"weight":0,"dead_end":false,"group":0,"treasure":"key","fall":""},{"name":"SnakeCrow","count":1,"weight":0,"dead_end":false,"group":1,"treasure":"radar_b","fall":""},{"name":"Sarai","count":1,"weight":0,"dead_end":false,"group":8,"treasure":null,"fall":""},{"name":"GasHiba","count":10,"weight":0,"dead_end":false,"group":6,"treasure":null,"fall":""},{"name":"Sarai","count":1,"weight":0,"dead_end":false,"group":8,"treasure":null,"fall":""},{"name":"Tank","count":2,"weight":0,"dead_end":false,"group":6,"treasure":null,"fall":""}],"treasures":[],"gates":[]}],"content":null}