{"sublevels":[{"name":"Sublevel 1 - Steve's Quest Begins","properties":{"unit":"2_ABE_blk_cent2_tsuchi.txt","max_rooms":2,"light":"key_light_lv0.ini","music":"new_05_0.cnd","skybox":"none","corridor":0.12,"caps":100,"timer":0,"geyser":false,"clogged":true,"echo":0,"plane":false,"seesaw":false,"version":1,"max_entities":null,"max_trasures":null,"max_gates":null},"entities":[{"name":"Chappy","count":1,"weight":0,"dead_end":false,"group":1,"treasure":"momiji_normal","fall":""},{"name":"Hanachirashi","count":1,"weight":0,"dead_end":false,"group":1,"treasure":"key","fall":""},{"name":"Kochappy","count":4,"weight":0,"dead_end":false,"group":0,"treasure":"flower_blue","fall":""},{"name":"BlueKochappy","count":4,"weight":0,"dead_end":false,"group":0,"treasure":"flower_blue","fall":""},{"name":"Hiba","count":9,"weight":0,"dead_end":false,"group":5,"treasure":null,"fall":""},{"name":"DaiodoRed","count":14,"weight":0,"dead_end":false,"group":6,"treasure":null,"fall":""},{"name":"Tank","count":2,"weight":0,"dead_end":false,"group":0,"treasure":"be_dama_yellow","fall":""},{"name":"Tank","count":2,"weight":0,"dead_end":false,"group":1,"treasure":"be_dama_yellow","fall":""}],"treasures":[{"name":"g_futa_sakotani","count":1,"weight":0},{"name":"g_futa_kyusyu","count":1,"weight":0},{"name":"g_futa_kitaama","count":1,"weight":0},{"name":"tape_yellow","count":1,"weight":0},{"name":"chocoichigo_l","count":1,"weight":0}],"gates":[{"word":"gate","health":1000,"weight":1},{"word":"gate","health":1000,"weight":1},{"word":"gate","health":1000,"weight":1},{"word":"gate","health":1000,"weight":1}]},{"name":"Sublevel 2 - Steve in the Cold","properties":{"unit":"2_units_mid2_north_snow.txt","max_rooms":2,"light":"tutorial_1_light.ini","music":"new_00_0.cnd","skybox":"none","corridor":0.12,"caps":50,"timer":0,"geyser":false,"clogged":false,"echo":0,"plane":false,"seesaw":false,"version":1,"max_entities":null,"max_trasures":null,"max_gates":null},"entities":[{"name":"YellowChappy","count":1,"weight":0,"dead_end":false,"group":1,"treasure":"key","fall":"$2"},{"name":"YellowChappy","count":1,"weight":0,"dead_end":false,"group":1,"treasure":"bird_hane","fall":""},{"name":"YellowChappy","count":1,"weight":0,"dead_end":false,"group":1,"treasure":"bird_hane","fall":""},{"name":"YellowKochappy","count":6,"weight":0,"dead_end":false,"group":0,"treasure":null,"fall":""},{"name":"YellowKochappy","count":6,"weight":0,"dead_end":false,"group":0,"treasure":null,"fall":""},{"name":"MaroFrog","count":1,"weight":0,"dead_end":false,"group":5,"treasure":"dia_b_red","fall":""},{"name":"MaroFrog","count":1,"weight":0,"dead_end":false,"group":5,"treasure":"dia_b_red","fall":""},{"name":"MaroFrog","count":1,"weight":0,"dead_end":false,"group":5,"treasure":"dia_b_red","fall":""},{"name":"Wealthy","count":1,"weight":0,"dead_end":true,"group":0,"treasure":null,"fall":""}],"treasures":[{"name":"denchi_3_red","count":1,"weight":0},{"name":"mojiban","count":1,"weight":0},{"name":"apple_blue","count":1,"weight":0}],"gates":[]},{"name":"Sublevel 3 - RuSteve Gulch","properties":{"unit":"3_MAT_ari_h446_h443_tower_metal.txt","max_rooms":3,"light":"metal_light_cha.ini","music":"cavemetal_10_0.cnd","skybox":"build","corridor":0.0,"caps":70,"timer":0,"geyser":false,"clogged":false,"echo":0,"plane":false,"seesaw":false,"version":1,"max_entities":null,"max_trasures":null,"max_gates":null},"entities":[{"name":"FminiHoudai","count":1,"weight":0,"dead_end":false,"group":8,"treasure":"key","fall":""},{"name":"ElecHiba","count":6,"weight":0,"dead_end":false,"group":5,"treasure":null,"fall":""},{"name":"BombOtakara","count":1,"weight":0,"dead_end":false,"group":0,"treasure":null,"fall":"$"},{"name":"BombOtakara","count":1,"weight":0,"dead_end":false,"group":0,"treasure":null,"fall":"$"},{"name":"BombOtakara","count":1,"weight":0,"dead_end":false,"group":0,"treasure":null,"fall":"$"},{"name":"BombOtakara","count":1,"weight":0,"dead_end":false,"group":0,"treasure":null,"fall":"$"},{"name":"BombOtakara","count":1,"weight":0,"dead_end":false,"group":0,"treasure":null,"fall":"$"},{"name":"PanModoki","count":1,"weight":0,"dead_end":false,"group":1,"treasure":null,"fall":""},{"name":"ElecBug","count":3,"weight":0,"dead_end":false,"group":0,"treasure":null,"fall":""},{"name":"ElecBug","count":3,"weight":0,"dead_end":false,"group":0,"treasure":null,"fall":""},{"name":"ElecBug","count":3,"weight":0,"dead_end":false,"group":0,"treasure":null,"fall":""},{"name":"ElecHiba","count":6,"weight":0,"dead_end":false,"group":5,"treasure":null,"fall":""},{"name":"Catfish","count":11,"weight":0,"dead_end":false,"group":6,"treasure":"milk_cap","fall":""}],"treasures":[{"name":"bane_red","count":1,"weight":0},{"name":"turi_uki","count":1,"weight":0},{"name":"cookie_u","count":1,"weight":0},{"name":"ahiru_head","count":1,"weight":0}],"gates":[]},{"name":"Sublevel 4 - In the Dark Conc Cave (with Steve)","properties":{"unit":"4_MAT_c_d_k_n_conc.txt","max_rooms":4,"light":"toy_light_lv0.ini","music":"caveconc_00_0.cnd","skybox":"none","corridor":0.05,"caps":80,"timer":150,"geyser":false,"clogged":false,"echo":0,"plane":false,"seesaw":false,"version":1,"max_entities":null,"max_trasures":null,"max_gates":null},"entities":[{"name":"OniKurage","count":3,"weight":0,"dead_end":false,"group":5,"treasure":null,"fall":"$4"},{"name":"Kurage","count":3,"weight":0,"dead_end":false,"group":5,"treasure":null,"fall":"$4"},{"name":"Wealthy","count":1,"weight":0,"dead_end":true,"group":0,"treasure":null,"fall":""},{"name":"KumaKochappy","count":4,"weight":0,"dead_end":false,"group":0,"treasure":"donguri","fall":""},{"name":"KumaKochappy","count":4,"weight":0,"dead_end":false,"group":0,"treasure":"donguri","fall":""},{"name":"BlueChappy","count":1,"weight":0,"dead_end":false,"group":1,"treasure":"cookie_m_l","fall":""},{"name":"BlueChappy","count":1,"weight":0,"dead_end":false,"group":1,"treasure":"cookie_m_l","fall":""},{"name":"KumaChappy","count":1,"weight":0,"dead_end":false,"group":1,"treasure":"yoyo_yellow","fall":"$5"},{"name":"KumaChappy","count":1,"weight":0,"dead_end":false,"group":1,"treasure":"yoyo_yellow","fall":"$5"},{"name":"UmiMushiBlind","count":1,"weight":0,"dead_end":false,"group":1,"treasure":"diamond_green","fall":""},{"name":"KumaChappy","count":1,"weight":0,"dead_end":false,"group":1,"treasure":"yoyo_yellow","fall":"$5"},{"name":"KumaChappy","count":1,"weight":0,"dead_end":false,"group":1,"treasure":"yoyo_yellow","fall":"$5"},{"name":"Rock","count":1,"weight":0,"dead_end":false,"group":0,"treasure":null,"fall":""},{"name":"Rock","count":1,"weight":0,"dead_end":false,"group":0,"treasure":null,"fall":""},{"name":"Rock","count":1,"weight":0,"dead_end":false,"group":0,"treasure":null,"fall":""},{"name":"Frog","count":1,"weight":0,"dead_end":false,"group":0,"treasure":"diamond_blue_l","fall":"$"},{"name":"Frog","count":1,"weight":0,"dead_end":false,"group":0,"treasure":"diamond_blue_l","fall":"$"},{"name":"GasOtakara","count":8,"weight":0,"dead_end":false,"group":6,"treasure":null,"fall":""}],"treasures":[{"name":"key","count":1,"weight":0},{"name":"toy_ring_b_red","count":1,"weight":0},{"name":"toy_ring_a_blue","count":1,"weight":0},{"name":"toy_ring_b_green","count":1,"weight":0}],"gates":[]},{"name":"Sublevel 5 - Steve vs. Boss Tag Team","properties":{"unit":"1_units_queen_c_tsuchi.txt","max_rooms":1,"light":"oootakara_light.ini","music":"cavesoil_10_0.cnd","skybox":"none","corridor":0.0,"caps":100,"timer":0,"geyser":false,"clogged":false,"echo":0,"plane":false,"seesaw":false,"version":1,"max_entities":null,"max_trasures":null,"max_gates":null},"entities":[{"name":"SnakeCrow","count":1,"weight":0,"dead_end":false,"group":1,"treasure":"ichigo","fall":""},{"name":"FireChappy","count":1,"weight":0,"dead_end":false,"group":8,"treasure":"key","fall":"$"},{"name":"Sarai","count":4,"weight":0,"dead_end":false,"group":6,"treasure":"toy_ring_c_red","fall":"$2"},{"name":"Demon","count":4,"weight":0,"dead_end":false,"group":6,"treasure":"flower_red","fall":"$3"}],"treasures":[],"gates":[]}],"content":null}