{"sublevels":[{"name":"Sublevel 1","properties":{"unit":"1_units_5x5a_kusachi.txt","max_rooms":3,"light":"sirohana_light_lv4.ini","music":"caveconc_00_1.cnd","skybox":"hiroba","corridor":0.3,"caps":50,"timer":0,"geyser":false,"clogged":false,"echo":0,"plane":true,"seesaw":false,"version":1,"max_entities":null,"max_trasures":null,"max_gates":null},"entities":[{"name":"BlueKochappy","count":3,"weight":0,"dead_end":false,"group":0,"treasure":"creap","fall":""},{"name":"BlueKochappy","count":3,"weight":0,"dead_end":false,"group":0,"treasure":"creap","fall":""},{"name":"BlueKochappy","count":3,"weight":0,"dead_end":false,"group":0,"treasure":"creap","fall":""},{"name":"Armor","count":1,"weight":0,"dead_end":false,"group":0,"treasure":"g_futa_hirosima","fall":""},{"name":"Armor","count":1,"weight":0,"dead_end":false,"group":0,"treasure":"g_futa_hirosima","fall":""},{"name":"Wealthy","count":1,"weight":0,"dead_end":false,"group":0,"treasure":"donutschoco_s","fall":""},{"name":"Wealthy","count":1,"weight":0,"dead_end":false,"group":0,"treasure":"donutschoco_s","fall":""}],"treasures":[{"name":"halloween","count":1,"weight":0},{"name":"halloween","count":1,"weight":0},{"name":"halloween","count":1,"weight":0},{"name":"key","count":1,"weight":0},{"name":"kinoko_doku","count":1,"weight":0}],"gates":[]},{"name":"Sublevel 2","properties":{"unit":"2_MAT_tak22_nor22_tile.txt","max_rooms":8,"light":"sniper_light_lv0.ini","music":"new_01_0.cnd","skybox":"none","corridor":0.3,"caps":19,"timer":0,"geyser":false,"clogged":false,"echo":0,"plane":false,"seesaw":false,"version":1,"max_entities":null,"max_trasures":null,"max_gates":null},"entities":[{"name":"KumaKochappy","count":1,"weight":0,"dead_end":false,"group":0,"treasure":"cookie","fall":""},{"name":"KumaKochappy","count":1,"weight":0,"dead_end":false,"group":0,"treasure":"cookie","fall":""},{"name":"KumaKochappy","count":1,"weight":0,"dead_end":false,"group":0,"treasure":"cookie","fall":""},{"name":"KumaKochappy","count":1,"weight":0,"dead_end":false,"group":0,"treasure":"cookie","fall":""},{"name":"KumaChappy","count":1,"weight":0,"dead_end":false,"group":0,"treasure":"key","fall":""},{"name":"Hanachirashi","count":1,"weight":0,"dead_end":false,"group":0,"treasure":"donguri","fall":""},{"name":"Hanachirashi","count":1,"weight":0,"dead_end":false,"group":0,"treasure":"donguri","fall":""},{"name":"FminiHoudai","count":1,"weight":0,"dead_end":true,"group":0,"treasure":"fue_wide","fall":""},{"name":"FminiHoudai","count":1,"weight":0,"dead_end":true,"group":0,"treasure":"fue_wide","fall":""},{"name":"BlueKochappy","count":1,"weight":0,"dead_end":false,"group":0,"treasure":"dia_a_blue","fall":""},{"name":"BlueKochappy","count":1,"weight":0,"dead_end":false,"group":0,"treasure":"ichigo_l","fall":""},{"name":"BlueKochappy","count":1,"weight":0,"dead_end":false,"group":0,"treasure":"dia_c_blue","fall":""},{"name":"BlueKochappy","count":1,"weight":0,"dead_end":false,"group":0,"treasure":"compact","fall":""}],"treasures":[{"name":"bolt","count":1,"weight":0},{"name":"g_futa_kajiwara","count":1,"weight":0},{"name":"toy_dog","count":1,"weight":0},{"name":"cookie_s_l","count":1,"weight":0},{"name":"donutswhite_s","count":1,"weight":0},{"name":"bell_yellow","count":1,"weight":0},{"name":"channel","count":1,"weight":0},{"name":"gear_silver","count":1,"weight":0}],"gates":[]},{"name":"Sublevel 3","properties":{"unit":"3_units_north_ud_pool_tile.txt","max_rooms":4,"light":"vs_7_light.ini","music":"cavesoil_10_3.cnd","skybox":"none","corridor":0.2,"caps":50,"timer":0,"geyser":false,"clogged":false,"echo":0,"plane":false,"seesaw":false,"version":1,"max_entities":null,"max_trasures":null,"max_gates":null},"entities":[{"name":"Jigumo","count":1,"weight":0,"dead_end":false,"group":0,"treasure":"be_dama_blue_l","fall":""},{"name":"Jigumo","count":1,"weight":0,"dead_end":false,"group":0,"treasure":"be_dama_red_l","fall":""},{"name":"Jigumo","count":1,"weight":0,"dead_end":false,"group":0,"treasure":"be_dama_yellow_l","fall":""},{"name":"Demon","count":1,"weight":0,"dead_end":false,"group":0,"treasure":"g_futa_kitaama","fall":""},{"name":"Demon","count":1,"weight":0,"dead_end":false,"group":0,"treasure":"g_futa_kitaama","fall":""},{"name":"BombSarai","count":1,"weight":0,"dead_end":false,"group":0,"treasure":"gum_tape_s","fall":""},{"name":"BombSarai","count":1,"weight":0,"dead_end":false,"group":0,"treasure":"gum_tape_s","fall":""},{"name":"BombSarai","count":1,"weight":0,"dead_end":false,"group":0,"treasure":"gum_tape_s","fall":""},{"name":"KumaKochappy","count":1,"weight":0,"dead_end":false,"group":0,"treasure":"denchi_2_black","fall":""},{"name":"KumaKochappy","count":1,"weight":0,"dead_end":false,"group":0,"treasure":"denchi_2_black","fall":""},{"name":"Armor","count":1,"weight":0,"dead_end":false,"group":0,"treasure":"nut_l","fall":""},{"name":"Armor","count":1,"weight":0,"dead_end":false,"group":0,"treasure":"nut_l","fall":""},{"name":"Kochappy","count":1,"weight":0,"dead_end":false,"group":0,"treasure":"ichigo","fall":""},{"name":"Kochappy","count":1,"weight":0,"dead_end":false,"group":0,"treasure":"ichigo","fall":""},{"name":"Chappy","count":1,"weight":0,"dead_end":false,"group":5,"treasure":"key","fall":""},{"name":"Tadpole","count":1,"weight":0,"dead_end":false,"group":5,"treasure":"denchi_1_black","fall":""},{"name":"Tadpole","count":1,"weight":0,"dead_end":false,"group":5,"treasure":"denchi_1_black","fall":""},{"name":"Tadpole","count":1,"weight":0,"dead_end":false,"group":5,"treasure":"denchi_1_black","fall":""},{"name":"Tadpole","count":3,"weight":0,"dead_end":false,"group":5,"treasure":"denchi_1_black","fall":""}],"treasures":[{"name":"bey_goma","count":1,"weight":0},{"name":"bey_goma","count":1,"weight":0},{"name":"cookie_s_l","count":1,"weight":0},{"name":"cookie_s_l","count":1,"weight":0},{"name":"kan_meidiya","count":1,"weight":0}],"gates":[]},{"name":"Sublevel 4","properties":{"unit":"1_units_spiral_conc.txt","max_rooms":1,"light":"toy_light_lv4.ini","music":"","skybox":"none","corridor":0.2,"caps":50,"timer":0,"geyser":true,"clogged":false,"echo":0,"plane":false,"seesaw":false,"version":1,"max_entities":null,"max_trasures":null,"max_gates":null},"entities":[{"name":"BlackPom","count":1,"weight":0,"dead_end":true,"group":0,"treasure":null,"fall":""},{"name":"BlackPom","count":1,"weight":0,"dead_end":true,"group":0,"treasure":null,"fall":""},{"name":"BlackMan","count":1,"weight":0,"dead_end":false,"group":5,"treasure":"key","fall":""},{"name":"BlackMan","count":1,"weight":0,"dead_end":false,"group":5,"treasure":"halloween","fall":""},{"name":"BlackMan","count":1,"weight":0,"dead_end":false,"group":5,"treasure":"halloween","fall":""},{"name":"Demon","count":1,"weight":0,"dead_end":false,"group":0,"treasure":"badminton","fall":""},{"name":"Demon","count":1,"weight":0,"dead_end":false,"group":0,"treasure":"badminton","fall":""},{"name":"Hanachirashi","count":1,"weight":0,"dead_end":false,"group":0,"treasure":"whistle","fall":""},{"name":"Hanachirashi","count":1,"weight":0,"dead_end":false,"group":0,"treasure":"whistle","fall":""}],"treasures":[],"gates":[]}],"content":null}