{"sublevels":[{"name":"Sublevel 1 - 1","properties":{"unit":"2_units_mid1_nor22_metal.txt","max_rooms":4,"light":"metal_light_lv1.ini","music":"cavemetal_00_0.cnd","skybox":"build","corridor":0.12,"caps":50,"timer":0,"geyser":false,"clogged":false,"echo":0,"plane":false,"seesaw":false,"version":1,"max_entities":null,"max_trasures":null,"max_gates":null},"entities":[{"name":"DaiodoGreen","count":6,"weight":0,"dead_end":false,"group":6,"treasure":null,"fall":""},{"name":"DaiodoRed","count":6,"weight":0,"dead_end":false,"group":6,"treasure":null,"fall":""},{"name":"Fuefuki","count":1,"weight":0,"dead_end":false,"group":1,"treasure":null,"fall":""},{"name":"GasOtakara","count":1,"weight":0,"dead_end":false,"group":0,"treasure":null,"fall":""},{"name":"GasOtakara","count":1,"weight":0,"dead_end":false,"group":1,"treasure":null,"fall":""},{"name":"ElecBug","count":3,"weight":0,"dead_end":false,"group":1,"treasure":null,"fall":""},{"name":"ElecBug","count":1,"weight":0,"dead_end":false,"group":0,"treasure":null,"fall":""},{"name":"BombSarai","count":2,"weight":0,"dead_end":false,"group":0,"treasure":null,"fall":""},{"name":"Demon","count":1,"weight":0,"dead_end":false,"group":1,"treasure":null,"fall":""},{"name":"Fart","count":1,"weight":0,"dead_end":false,"group":6,"treasure":null,"fall":""},{"name":"Egg","count":1,"weight":0,"dead_end":true,"group":0,"treasure":null,"fall":""},{"name":"Tank","count":1,"weight":0,"dead_end":false,"group":0,"treasure":null,"fall":""},{"name":"GasHiba","count":2,"weight":0,"dead_end":false,"group":0,"treasure":null,"fall":""},{"name":"GasHiba","count":1,"weight":0,"dead_end":false,"group":1,"treasure":null,"fall":""},{"name":"GasHiba","count":2,"weight":0,"dead_end":false,"group":5,"treasure":null,"fall":""},{"name":"ElecHiba","count":2,"weight":0,"dead_end":false,"group":5,"treasure":null,"fall":""},{"name":"Mar","count":1,"weight":0,"dead_end":false,"group":0,"treasure":"key","fall":""}],"treasures":[{"name":"kan_b_silver","count":1,"weight":0}],"gates":[]},{"name":"Sublevel 2 - 2","properties":{"unit":"3_units_cent_h235_tower_metal.txt","max_rooms":3,"light":"muraon_light_lv1.ini","music":"cavemetal_10_0.cnd","skybox":"build","corridor":0.12,"caps":50,"timer":0,"geyser":false,"clogged":false,"echo":0,"plane":false,"seesaw":false,"version":1,"max_entities":null,"max_trasures":null,"max_gates":null},"entities":[{"name":"DaiodoGreen","count":6,"weight":0,"dead_end":false,"group":6,"treasure":null,"fall":""},{"name":"DaiodoRed","count":6,"weight":0,"dead_end":false,"group":6,"treasure":null,"fall":""},{"name":"FminiHoudai","count":1,"weight":0,"dead_end":false,"group":8,"treasure":"key","fall":""},{"name":"Kabuto","count":1,"weight":0,"dead_end":false,"group":0,"treasure":null,"fall":""},{"name":"Demon","count":1,"weight":0,"dead_end":false,"group":1,"treasure":null,"fall":""},{"name":"WaterOtakara","count":1,"weight":0,"dead_end":false,"group":1,"treasure":null,"fall":""},{"name":"BlueKochappy","count":2,"weight":0,"dead_end":false,"group":0,"treasure":null,"fall":"$"},{"name":"Wtank","count":1,"weight":0,"dead_end":false,"group":0,"treasure":null,"fall":""},{"name":"BlueChappy","count":1,"weight":0,"dead_end":true,"group":0,"treasure":null,"fall":""},{"name":"BlueKochappy","count":2,"weight":0,"dead_end":false,"group":1,"treasure":null,"fall":""},{"name":"BlueKochappy","count":1,"weight":0,"dead_end":false,"group":0,"treasure":null,"fall":""},{"name":"ElecBug","count":2,"weight":0,"dead_end":false,"group":1,"treasure":null,"fall":""},{"name":"ElecHiba","count":2,"weight":0,"dead_end":false,"group":5,"treasure":null,"fall":""},{"name":"GasHiba","count":1,"weight":0,"dead_end":false,"group":5,"treasure":null,"fall":""},{"name":"GasHiba","count":2,"weight":0,"dead_end":false,"group":0,"treasure":null,"fall":""},{"name":"GasHiba","count":1,"weight":0,"dead_end":false,"group":1,"treasure":null,"fall":""}],"treasures":[{"name":"gear","count":1,"weight":0},{"name":"gear_silver","count":1,"weight":0}],"gates":[]},{"name":"Sublevel 3 - 3","properties":{"unit":"2_MAT_mid2_h443_tekiF_metal.txt","max_rooms":2,"light":"metal_light_lv1.ini","music":"cavemetal_00_0.cnd","skybox":"build","corridor":0.15,"caps":50,"timer":0,"geyser":false,"clogged":false,"echo":0,"plane":false,"seesaw":false,"version":1,"max_entities":null,"max_trasures":null,"max_gates":null},"entities":[{"name":"DaiodoGreen","count":3,"weight":0,"dead_end":false,"group":6,"treasure":null,"fall":""},{"name":"DaiodoRed","count":3,"weight":0,"dead_end":false,"group":6,"treasure":null,"fall":""},{"name":"Qurione","count":2,"weight":0,"dead_end":false,"group":6,"treasure":null,"fall":""},{"name":"Egg","count":2,"weight":0,"dead_end":false,"group":0,"treasure":null,"fall":""},{"name":"RandPom","count":1,"weight":0,"dead_end":false,"group":0,"treasure":null,"fall":""},{"name":"BlackPom","count":1,"weight":0,"dead_end":true,"group":0,"treasure":null,"fall":""},{"name":"BlackPom","count":1,"weight":0,"dead_end":false,"group":1,"treasure":null,"fall":""},{"name":"BlueKochappy","count":1,"weight":0,"dead_end":true,"group":0,"treasure":null,"fall":""},{"name":"BlueKochappy","count":1,"weight":0,"dead_end":false,"group":1,"treasure":null,"fall":""},{"name":"BlueKochappy","count":1,"weight":0,"dead_end":false,"group":0,"treasure":null,"fall":""},{"name":"ElecHiba","count":2,"weight":0,"dead_end":false,"group":5,"treasure":null,"fall":""},{"name":"RandPom","count":1,"weight":0,"dead_end":false,"group":0,"treasure":null,"fall":""},{"name":"WhitePom","count":1,"weight":0,"dead_end":false,"group":1,"treasure":null,"fall":""},{"name":"BlueChappy","count":1,"weight":0,"dead_end":false,"group":8,"treasure":"key","fall":""}],"treasures":[],"gates":[]},{"name":"Sublevel 4 - 4","properties":{"unit":"2_ABE_nor1_cen2_metal.txt","max_rooms":5,"light":"normal_light_lv1.ini","music":"cavemetal_10_0.cnd","skybox":"build","corridor":0.15,"caps":100,"timer":20,"geyser":false,"clogged":false,"echo":0,"plane":false,"seesaw":false,"version":1,"max_entities":null,"max_trasures":null,"max_gates":null},"entities":[{"name":"BlueKochappy","count":5,"weight":0,"dead_end":false,"group":1,"treasure":null,"fall":""},{"name":"BlueKochappy","count":5,"weight":0,"dead_end":false,"group":0,"treasure":null,"fall":""},{"name":"BlueChappy","count":1,"weight":0,"dead_end":false,"group":0,"treasure":null,"fall":""},{"name":"Hanachirashi","count":1,"weight":0,"dead_end":false,"group":0,"treasure":null,"fall":""},{"name":"Hanachirashi","count":1,"weight":0,"dead_end":false,"group":1,"treasure":null,"fall":""},{"name":"Qurione","count":1,"weight":0,"dead_end":false,"group":6,"treasure":null,"fall":""},{"name":"Egg","count":1,"weight":0,"dead_end":true,"group":0,"treasure":null,"fall":""},{"name":"GasHiba","count":2,"weight":0,"dead_end":false,"group":5,"treasure":null,"fall":""},{"name":"ElecHiba","count":1,"weight":0,"dead_end":false,"group":5,"treasure":null,"fall":""},{"name":"GasHiba","count":1,"weight":0,"dead_end":false,"group":1,"treasure":null,"fall":""},{"name":"GasHiba","count":3,"weight":0,"dead_end":false,"group":0,"treasure":null,"fall":""},{"name":"DaiodoRed","count":6,"weight":0,"dead_end":false,"group":6,"treasure":null,"fall":""},{"name":"DaiodoGreen","count":6,"weight":0,"dead_end":false,"group":6,"treasure":null,"fall":""},{"name":"BlueKochappy","count":2,"weight":0,"dead_end":false,"group":1,"treasure":null,"fall":"$"},{"name":"BlueKochappy","count":1,"weight":0,"dead_end":false,"group":0,"treasure":null,"fall":"$"},{"name":"BlueKochappy","count":3,"weight":0,"dead_end":false,"group":5,"treasure":null,"fall":"$"},{"name":"BlueKochappy","count":3,"weight":0,"dead_end":false,"group":0,"treasure":null,"fall":""},{"name":"BlueKochappy","count":3,"weight":0,"dead_end":false,"group":1,"treasure":null,"fall":""},{"name":"BlueChappy","count":1,"weight":0,"dead_end":false,"group":1,"treasure":null,"fall":""},{"name":"BlackMan","count":1,"weight":0,"dead_end":false,"group":0,"treasure":"key","fall":""},{"name":"BlackPom","count":1,"weight":0,"dead_end":true,"group":0,"treasure":null,"fall":""},{"name":"ElecOtakara","count":1,"weight":0,"dead_end":false,"group":0,"treasure":null,"fall":""},{"name":"WaterOtakara","count":2,"weight":0,"dead_end":false,"group":1,"treasure":null,"fall":""}],"treasures":[{"name":"sinkukan","count":1,"weight":0},{"name":"sinkukan_b","count":1,"weight":0},{"name":"sinkukan_c","count":1,"weight":0}],"gates":[]}],"content":null}