{"sublevels":[{"name":"Sublevel 1","properties":{"unit":"1_ABE_mid1_metal.txt","max_rooms":3,"light":"metal_light_lv0.ini","music":"cavemetal_10_0.cnd","skybox":"build","corridor":0.0,"caps":50,"timer":0,"geyser":false,"clogged":false,"echo":0,"plane":false,"seesaw":false,"version":1,"max_entities":null,"max_trasures":null,"max_gates":null},"entities":[{"name":"MiniHoudai","count":1,"weight":0,"dead_end":false,"group":0,"treasure":"key","fall":""},{"name":"KumaKochappy","count":4,"weight":0,"dead_end":false,"group":1,"treasure":"wadou_kaichin","fall":""}],"treasures":[{"name":"badminton","count":1,"weight":0},{"name":"turi_uki","count":1,"weight":0}],"gates":[]},{"name":"Sublevel 2","properties":{"unit":"1_NARI_4x4b_conc.txt","max_rooms":3,"light":"normal_light_lv0.ini","music":"caveconc_05_0.cnd","skybox":"none","corridor":0.0,"caps":50,"timer":0,"geyser":false,"clogged":false,"echo":0,"plane":false,"seesaw":false,"version":1,"max_entities":null,"max_trasures":null,"max_gates":null},"entities":[{"name":"PanModoki","count":1,"weight":0,"dead_end":false,"group":0,"treasure":"key","fall":""},{"name":"MaroFrog","count":2,"weight":0,"dead_end":false,"group":1,"treasure":"cookie_s_l","fall":""},{"name":"Kochappy","count":2,"weight":0,"dead_end":true,"group":0,"treasure":"be_dama_blue","fall":""}],"treasures":[{"name":"donguri","count":1,"weight":0},{"name":"toy_lady","count":1,"weight":0},{"name":"dia_a_red","count":1,"weight":0},{"name":"matu_bokkuri","count":1,"weight":0}],"gates":[]},{"name":"Sublevel 3","properties":{"unit":"1_units_a_tile.txt","max_rooms":4,"light":"normal_light_lv0.ini","music":"cavetile_00_0.cnd","skybox":"none","corridor":0.0,"caps":50,"timer":0,"geyser":false,"clogged":false,"echo":0,"plane":false,"seesaw":false,"version":1,"max_entities":null,"max_trasures":null,"max_gates":null},"entities":[{"name":"YellowChappy","count":1,"weight":0,"dead_end":false,"group":0,"treasure":"be_dama_red","fall":""},{"name":"YellowChappy","count":1,"weight":0,"dead_end":false,"group":0,"treasure":"key","fall":""},{"name":"YellowChappy","count":1,"weight":0,"dead_end":false,"group":1,"treasure":"diamond_blue_l","fall":""},{"name":"YellowChappy","count":1,"weight":0,"dead_end":false,"group":1,"treasure":"bey_goma","fall":""},{"name":"YellowChappy","count":1,"weight":0,"dead_end":true,"group":0,"treasure":"chocowhite_l","fall":""}],"treasures":[{"name":"flower_red","count":1,"weight":0},{"name":"kan_imuraya","count":1,"weight":0},{"name":"diamond_red_l","count":1,"weight":0},{"name":"denchi_3_black","count":1,"weight":0}],"gates":[]},{"name":"Sublevel 4","properties":{"unit":"1_ABE_vshit67_toy.txt","max_rooms":3,"light":"normal_light_lv0.ini","music":"new_08_1.cnd","skybox":"tatami","corridor":0.0,"caps":50,"timer":0,"geyser":false,"clogged":false,"echo":0,"plane":true,"seesaw":false,"version":1,"max_entities":null,"max_trasures":null,"max_gates":null},"entities":[{"name":"Fkabuto","count":1,"weight":0,"dead_end":false,"group":1,"treasure":"key","fall":""},{"name":"Armor","count":1,"weight":0,"dead_end":false,"group":1,"treasure":"bell_blue","fall":""},{"name":"BombSarai","count":2,"weight":0,"dead_end":false,"group":1,"treasure":"ichigo","fall":""},{"name":"BombSarai","count":2,"weight":0,"dead_end":false,"group":0,"treasure":"ichigo","fall":""},{"name":"Catfish","count":1,"weight":0,"dead_end":false,"group":0,"treasure":"toy_cat","fall":""}],"treasures":[{"name":"haniwa","count":1,"weight":0},{"name":"juji_key","count":1,"weight":0},{"name":"g_futa_daisen","count":1,"weight":0},{"name":"flask","count":1,"weight":0},{"name":"dia_b_red","count":1,"weight":0}],"gates":[]}],"content":null}