{"sublevels":[{"name":"Sublevel 1 - Ikana Castle","properties":{"unit":"4_NARI_4x4eg_hitm_manp_conc.txt","max_rooms":3,"light":"key_light_lv0.ini","music":"new_05_0.cnd","skybox":"none","corridor":0.0,"caps":0,"timer":0,"geyser":false,"clogged":false,"echo":0,"plane":false,"seesaw":false,"version":1,"max_entities":null,"max_trasures":null,"max_gates":null},"entities":[{"name":"Demon","count":1,"weight":0,"dead_end":false,"group":6,"treasure":"radar_b","fall":"$"},{"name":"ElecOtakara","count":1,"weight":0,"dead_end":false,"group":6,"treasure":"g_futa_sakotani","fall":"$"},{"name":"YellowKochappy","count":2,"weight":0,"dead_end":false,"group":1,"treasure":"bird_hane","fall":""},{"name":"Miulin","count":3,"weight":0,"dead_end":false,"group":0,"treasure":null,"fall":""},{"name":"Miulin","count":1,"weight":0,"dead_end":false,"group":6,"treasure":null,"fall":""},{"name":"DaiodoRed","count":4,"weight":0,"dead_end":false,"group":6,"treasure":null,"fall":""},{"name":"Tanpopo","count":100,"weight":0,"dead_end":false,"group":5,"treasure":null,"fall":""}],"treasures":[{"name":"key","count":1,"weight":0},{"name":"chess_king_white","count":1,"weight":0},{"name":"chess_queen_black","count":1,"weight":0},{"name":"dia_c_red","count":1,"weight":0},{"name":"cookie_s_l","count":1,"weight":0}],"gates":[{"word":"gate","health":1,"weight":1},{"word":"gate","health":1,"weight":1},{"word":"gate","health":1,"weight":1}]},{"name":"Sublevel 2 - Ikana Castle Throne Room","properties":{"unit":"1_units_DKumo_conc.txt","max_rooms":1,"light":"key_light_lv0.ini","music":"new_05_0.cnd","skybox":"none","corridor":0.0,"caps":0,"timer":0,"geyser":false,"clogged":false,"echo":0,"plane":false,"seesaw":false,"version":1,"max_entities":null,"max_trasures":null,"max_gates":null},"entities":[{"name":"KingChappy","count":1,"weight":0,"dead_end":false,"group":1,"treasure":"key","fall":""},{"name":"Frog","count":1,"weight":0,"dead_end":false,"group":0,"treasure":"g_futa_hirosima","fall":""},{"name":"MaroFrog","count":1,"weight":0,"dead_end":false,"group":0,"treasure":"diamond_red_l","fall":""},{"name":"Tobi","count":1,"weight":0,"dead_end":false,"group":8,"treasure":null,"fall":"$"}],"treasures":[{"name":"juji_key_fc","count":1,"weight":0},{"name":"toy_teala","count":1,"weight":0}],"gates":[]},{"name":"Sublevel 3 - Stone Tower Temple","properties":{"unit":"4_units_d_j_n_o_conc.txt","max_rooms":3,"light":"vs_2_light.ini","music":"new_07_0.cnd","skybox":"none","corridor":0.12,"caps":100,"timer":0,"geyser":false,"clogged":false,"echo":0,"plane":false,"seesaw":false,"version":1,"max_entities":null,"max_trasures":null,"max_gates":null},"entities":[{"name":"Tobi","count":2,"weight":0,"dead_end":false,"group":1,"treasure":"toy_ring_c_red","fall":""},{"name":"BombOtakara","count":2,"weight":0,"dead_end":false,"group":1,"treasure":null,"fall":""},{"name":"UjiB","count":5,"weight":0,"dead_end":false,"group":0,"treasure":null,"fall":""},{"name":"Hiba","count":6,"weight":0,"dead_end":false,"group":0,"treasure":null,"fall":""},{"name":"Rkabuto","count":1,"weight":0,"dead_end":false,"group":1,"treasure":"bolt_l","fall":""},{"name":"DaiodoRed","count":10,"weight":0,"dead_end":false,"group":6,"treasure":null,"fall":""},{"name":"Magaret","count":2,"weight":0,"dead_end":false,"group":6,"treasure":null,"fall":""},{"name":"GasHiba","count":1,"weight":0,"dead_end":false,"group":5,"treasure":null,"fall":""},{"name":"Demon","count":1,"weight":0,"dead_end":false,"group":5,"treasure":"chess_queen_black","fall":""},{"name":"FminiHoudai","count":1,"weight":0,"dead_end":false,"group":5,"treasure":"key","fall":""},{"name":"Armor","count":1,"weight":0,"dead_end":false,"group":1,"treasure":"mojiban","fall":""},{"name":"Miulin","count":1,"weight":0,"dead_end":true,"group":0,"treasure":"haniwa","fall":"$"},{"name":"Qurione","count":1,"weight":0,"dead_end":true,"group":0,"treasure":null,"fall":""}],"treasures":[{"name":"baum_kuchen_s","count":1,"weight":0},{"name":"g_futa_sikoku","count":1,"weight":0},{"name":"g_futa_kyodo","count":1,"weight":0},{"name":"milk_cap","count":1,"weight":0}],"gates":[{"word":"gate","health":1,"weight":1},{"word":"gate","health":1,"weight":1},{"word":"gate","health":1,"weight":1},{"word":"gate","health":1000,"weight":1}]},{"name":"Sublevel 4 - Stone Tower Temple - Garo Master","properties":{"unit":"1_units_manh_conc.txt","max_rooms":1,"light":"vs_2_light.ini","music":"new_07_0.cnd","skybox":"none","corridor":0.0,"caps":1,"timer":0,"geyser":false,"clogged":false,"echo":0,"plane":false,"seesaw":false,"version":1,"max_entities":null,"max_trasures":null,"max_gates":null},"entities":[{"name":"FireChappy","count":1,"weight":0,"dead_end":false,"group":1,"treasure":"key","fall":""},{"name":"BombOtakara","count":1,"weight":0,"dead_end":false,"group":0,"treasure":null,"fall":""},{"name":"RedPom","count":1,"weight":0,"dead_end":false,"group":0,"treasure":null,"fall":"$"}],"treasures":[{"name":"suit_fire","count":1,"weight":0}],"gates":[]},{"name":"Sublevel 5 - Inv. Stone Tower Temple","properties":{"unit":"3_ABE_cent_4x4_mid1_metal.txt","max_rooms":3,"light":"vs_6_light.ini","music":"new_07_0.cnd","skybox":"ice","corridor":0.0,"caps":0,"timer":0,"geyser":false,"clogged":false,"echo":0,"plane":false,"seesaw":false,"version":1,"max_entities":null,"max_trasures":null,"max_gates":null},"entities":[{"name":"FminiHoudai","count":1,"weight":0,"dead_end":false,"group":1,"treasure":"key","fall":""},{"name":"SnakeCrow","count":1,"weight":0,"dead_end":false,"group":1,"treasure":"yoyo_blue","fall":""},{"name":"Kurage","count":1,"weight":0,"dead_end":false,"group":1,"treasure":"light_a","fall":""},{"name":"Armor","count":1,"weight":0,"dead_end":false,"group":1,"treasure":"mojiban","fall":""},{"name":"Rkabuto","count":1,"weight":0,"dead_end":false,"group":1,"treasure":"bolt_l","fall":""},{"name":"YellowKochappy","count":2,"weight":0,"dead_end":false,"group":0,"treasure":"bird_hane","fall":""},{"name":"Egg","count":1,"weight":0,"dead_end":false,"group":8,"treasure":null,"fall":""},{"name":"Egg","count":1,"weight":0,"dead_end":false,"group":6,"treasure":null,"fall":""},{"name":"Qurione","count":1,"weight":0,"dead_end":false,"group":6,"treasure":null,"fall":""},{"name":"Magaret","count":2,"weight":0,"dead_end":false,"group":6,"treasure":null,"fall":""},{"name":"DaiodoRed","count":5,"weight":0,"dead_end":false,"group":6,"treasure":null,"fall":""},{"name":"WaterOtakara","count":1,"weight":0,"dead_end":false,"group":1,"treasure":null,"fall":""},{"name":"GasHiba","count":1,"weight":0,"dead_end":false,"group":1,"treasure":null,"fall":""}],"treasures":[{"name":"milk_cap","count":1,"weight":0},{"name":"toy_ring_c_green","count":1,"weight":0},{"name":"g_futa_sikoku","count":1,"weight":0},{"name":"tatebue","count":1,"weight":0}],"gates":[{"word":"gate","health":1,"weight":1},{"word":"gate","health":1000,"weight":1}]},{"name":"Sublevel 6 - Stone Tower Temple - Gomess","properties":{"unit":"1_units_white_metal.txt","max_rooms":1,"light":"key_light_lv0.ini","music":"new_07_0.cnd","skybox":"none","corridor":0.0,"caps":0,"timer":0,"geyser":false,"clogged":true,"echo":0,"plane":false,"seesaw":false,"version":1,"max_entities":null,"max_trasures":null,"max_gates":null},"entities":[{"name":"KumaChappy","count":1,"weight":0,"dead_end":false,"group":1,"treasure":"gas","fall":""},{"name":"Bomb","count":1,"weight":0,"dead_end":false,"group":1,"treasure":null,"fall":""},{"name":"KumaKochappy","count":1,"weight":0,"dead_end":false,"group":1,"treasure":null,"fall":""},{"name":"Bomb","count":1,"weight":0,"dead_end":false,"group":8,"treasure":null,"fall":""},{"name":"KumaKochappy","count":1,"weight":0,"dead_end":false,"group":8,"treasure":null,"fall":""},{"name":"KumaKochappy","count":10,"weight":0,"dead_end":false,"group":6,"treasure":null,"fall":""},{"name":"YellowKochappy","count":1,"weight":0,"dead_end":false,"group":0,"treasure":"bird_hane","fall":""}],"treasures":[{"name":"key","count":1,"weight":0}],"gates":[]},{"name":"Sublevel 7 - Stone Tower Temple - Pre-Boss","properties":{"unit":"1_MAT_manq_2_conc.txt","max_rooms":1,"light":"vs_2_light.ini","music":"new_07_0.cnd","skybox":"none","corridor":0.0,"caps":1,"timer":0,"geyser":false,"clogged":false,"echo":0,"plane":false,"seesaw":false,"version":1,"max_entities":null,"max_trasures":null,"max_gates":null},"entities":[{"name":"Baby","count":1,"weight":0,"dead_end":false,"group":1,"treasure":"key","fall":""},{"name":"Egg","count":1,"weight":0,"dead_end":true,"group":0,"treasure":null,"fall":""},{"name":"RedPom","count":1,"weight":0,"dead_end":true,"group":0,"treasure":null,"fall":""},{"name":"DaiodoRed","count":6,"weight":0,"dead_end":true,"group":0,"treasure":null,"fall":""}],"treasures":[],"gates":[]},{"name":"Sublevel 8 - Stone Tower Temple - Twinmold 1","properties":{"unit":"1_units_big2_kusachi.txt","max_rooms":1,"light":"kumomei_light_cha.ini","music":"new_07_0.cnd","skybox":"flooring","corridor":0.0,"caps":50,"timer":0,"geyser":false,"clogged":false,"echo":0,"plane":true,"seesaw":true,"version":1,"max_entities":null,"max_trasures":null,"max_gates":null},"entities":[{"name":"SnakeWhole","count":1,"weight":0,"dead_end":false,"group":8,"treasure":"key","fall":""},{"name":"KareOoinu_l","count":2,"weight":0,"dead_end":false,"group":6,"treasure":null,"fall":""},{"name":"Egg","count":2,"weight":0,"dead_end":true,"group":0,"treasure":null,"fall":"$"}],"treasures":[],"gates":[]},{"name":"Sublevel 9 - Stone Tower Temple - Twinmold 2","properties":{"unit":"1_units_mid_kusachi.txt","max_rooms":1,"light":"kumomei_light_cha.ini","music":"new_07_0.cnd","skybox":"flooring","corridor":0.0,"caps":50,"timer":0,"geyser":false,"clogged":false,"echo":0,"plane":true,"seesaw":false,"version":1,"max_entities":null,"max_trasures":null,"max_gates":null},"entities":[{"name":"SnakeCrow","count":1,"weight":0,"dead_end":false,"group":5,"treasure":"key","fall":""},{"name":"Bomb","count":2,"weight":0,"dead_end":false,"group":6,"treasure":null,"fall":""},{"name":"KareOoinu_s","count":2,"weight":0,"dead_end":false,"group":6,"treasure":null,"fall":""}],"treasures":[],"gates":[]}],"content":null}