{"sublevels":[{"name":"Sublevel 1","properties":{"unit":"vs_2_snow.txt","max_rooms":4,"light":"vs_2_light.ini","music":"new_06_0.cnd","skybox":"none","corridor":0.2,"caps":50,"timer":0,"geyser":false,"clogged":false,"echo":0,"plane":false,"seesaw":true,"version":1,"max_entities":null,"max_trasures":null,"max_gates":null},"entities":[{"name":"YellowKochappy","count":5,"weight":0,"dead_end":false,"group":0,"treasure":null,"fall":""},{"name":"YellowChappy","count":1,"weight":0,"dead_end":false,"group":0,"treasure":"key","fall":""},{"name":"Demon","count":2,"weight":0,"dead_end":false,"group":1,"treasure":"donguri","fall":""},{"name":"Rkabuto","count":1,"weight":0,"dead_end":false,"group":1,"treasure":"toy_lady","fall":""},{"name":"KareOoinu_s","count":10,"weight":0,"dead_end":false,"group":6,"treasure":null,"fall":""},{"name":"Egg","count":2,"weight":0,"dead_end":true,"group":0,"treasure":null,"fall":"$"}],"treasures":[{"name":"badminton","count":1,"weight":0},{"name":"dia_b_red","count":1,"weight":0}],"gates":[]},{"name":"Sublevel 2","properties":{"unit":"vs_9_tsuchi.txt","max_rooms":3,"light":"oootakara_light.ini","music":"cavesoil_00_2.cnd","skybox":"none","corridor":0.15,"caps":50,"timer":0,"geyser":false,"clogged":false,"echo":0,"plane":false,"seesaw":false,"version":1,"max_entities":null,"max_trasures":null,"max_gates":null},"entities":[{"name":"PanModoki","count":3,"weight":0,"dead_end":false,"group":1,"treasure":"cookie","fall":""},{"name":"OoPanModoki","count":1,"weight":0,"dead_end":false,"group":1,"treasure":"key","fall":""},{"name":"Miulin","count":5,"weight":0,"dead_end":false,"group":0,"treasure":"ichigo","fall":""},{"name":"Sokkuri","count":8,"weight":0,"dead_end":false,"group":0,"treasure":"momiji_normal","fall":""},{"name":"Rock","count":3,"weight":0,"dead_end":false,"group":5,"treasure":null,"fall":"$4"},{"name":"Magaret","count":10,"weight":0,"dead_end":false,"group":6,"treasure":null,"fall":""}],"treasures":[{"name":"dia_b_blue","count":1,"weight":0},{"name":"chocowhite","count":1,"weight":0},{"name":"leaf_yellow","count":1,"weight":0}],"gates":[{"word":"gate","health":2000,"weight":1},{"word":"gate","health":2000,"weight":1}]},{"name":"Sublevel 3","properties":{"unit":"2_units_ari_nobo_metal.txt","max_rooms":5,"light":"sirohana_light_lv4.ini","music":"cavemetal_10_2.cnd","skybox":"build","corridor":0.2,"caps":50,"timer":0,"geyser":false,"clogged":false,"echo":0,"plane":false,"seesaw":false,"version":1,"max_entities":null,"max_trasures":null,"max_gates":null},"entities":[{"name":"ElecBug","count":6,"weight":0,"dead_end":false,"group":0,"treasure":"donguri_l","fall":""},{"name":"BombOtakara","count":3,"weight":0,"dead_end":false,"group":0,"treasure":null,"fall":""},{"name":"BlueChappy","count":1,"weight":0,"dead_end":false,"group":1,"treasure":"key","fall":""},{"name":"BombSarai","count":2,"weight":0,"dead_end":false,"group":1,"treasure":"toy_ring_b_blue","fall":""},{"name":"Hiba","count":2,"weight":0,"dead_end":false,"group":5,"treasure":null,"fall":""},{"name":"ElecHiba","count":2,"weight":0,"dead_end":false,"group":5,"treasure":null,"fall":""},{"name":"GasHiba","count":2,"weight":0,"dead_end":false,"group":5,"treasure":null,"fall":""},{"name":"UjiA","count":8,"weight":0,"dead_end":true,"group":0,"treasure":null,"fall":"$"}],"treasures":[{"name":"fire_helmet","count":1,"weight":0},{"name":"futa_a_silver","count":1,"weight":0}],"gates":[]},{"name":"Sublevel 4","properties":{"unit":"all_units_conc.txt","max_rooms":4,"light":"suityu_light_lv2.ini","music":"caveconc_00_1.cnd","skybox":"none","corridor":0.1,"caps":50,"timer":0,"geyser":false,"clogged":false,"echo":0,"plane":false,"seesaw":false,"version":1,"max_entities":null,"max_trasures":null,"max_gates":null},"entities":[{"name":"Mar","count":1,"weight":0,"dead_end":false,"group":0,"treasure":"key","fall":""},{"name":"Zenmai","count":10,"weight":0,"dead_end":false,"group":6,"treasure":null,"fall":""},{"name":"Sarai","count":1,"weight":0,"dead_end":false,"group":0,"treasure":"futa_a_gold","fall":""},{"name":"Baby","count":6,"weight":0,"dead_end":false,"group":1,"treasure":null,"fall":""},{"name":"Tank","count":3,"weight":0,"dead_end":false,"group":1,"treasure":"g_futa_kajiwara","fall":""}],"treasures":[{"name":"matu_bokkuri","count":1,"weight":0},{"name":"toy_cat","count":1,"weight":0}],"gates":[{"word":"gate","health":1000,"weight":1},{"word":"gate","health":1000,"weight":1},{"word":"gate","health":1000,"weight":1},{"word":"gate","health":1000,"weight":1},{"word":"gate","health":1000,"weight":1}]},{"name":"Sublevel 5","properties":{"unit":"1_MAT_tower2_toy.txt","max_rooms":2,"light":"vs_6_light.ini","music":"cavetsumiki_00_0.cnd","skybox":"flooring","corridor":0.3,"caps":50,"timer":0,"geyser":false,"clogged":false,"echo":0,"plane":true,"seesaw":false,"version":1,"max_entities":null,"max_trasures":null,"max_gates":null},"entities":[{"name":"FminiHoudai","count":1,"weight":0,"dead_end":false,"group":0,"treasure":"key","fall":""},{"name":"LeafChappy","count":1,"weight":0,"dead_end":false,"group":0,"treasure":null,"fall":""},{"name":"Hana","count":3,"weight":0,"dead_end":false,"group":1,"treasure":"j_block_white","fall":""},{"name":"Magaret","count":10,"weight":0,"dead_end":false,"group":6,"treasure":null,"fall":""},{"name":"Fuefuki","count":1,"weight":0,"dead_end":false,"group":1,"treasure":"teala_dia_c","fall":""}],"treasures":[{"name":"kan_maruha","count":1,"weight":0},{"name":"toy_teala","count":1,"weight":0}],"gates":[]},{"name":"Sublevel 6","properties":{"unit":"vs_7_kusachi.txt","max_rooms":4,"light":"forest_2_siro_light.ini","music":"new_08_1.cnd","skybox":"hiroba","corridor":0.2,"caps":50,"timer":0,"geyser":false,"clogged":false,"echo":0,"plane":true,"seesaw":false,"version":1,"max_entities":null,"max_trasures":null,"max_gates":null},"entities":[{"name":"Armor","count":5,"weight":0,"dead_end":false,"group":0,"treasure":"suit_fire","fall":""},{"name":"KumaChappy","count":1,"weight":0,"dead_end":false,"group":0,"treasure":"key","fall":""},{"name":"Frog","count":1,"weight":0,"dead_end":false,"group":1,"treasure":"key","fall":""},{"name":"Ooinu_l","count":10,"weight":0,"dead_end":false,"group":6,"treasure":null,"fall":""}],"treasures":[{"name":"compact","count":1,"weight":0}],"gates":[]},{"name":"Sublevel 7","properties":{"unit":"all_units_renga.txt","max_rooms":5,"light":"king_light.ini","music":"new_00_0.cnd","skybox":"none","corridor":0.05,"caps":50,"timer":0,"geyser":false,"clogged":false,"echo":0,"plane":false,"seesaw":false,"version":1,"max_entities":null,"max_trasures":null,"max_gates":null},"entities":[{"name":"UjiA","count":10,"weight":0,"dead_end":false,"group":0,"treasure":null,"fall":""},{"name":"UjiB","count":10,"weight":0,"dead_end":false,"group":0,"treasure":null,"fall":""},{"name":"Damagumo","count":1,"weight":0,"dead_end":false,"group":1,"treasure":"key","fall":""}],"treasures":[{"name":"dia_a_green","count":1,"weight":0},{"name":"diamond_green_l","count":1,"weight":0},{"name":"chocolate_l","count":1,"weight":0},{"name":"flask","count":1,"weight":0}],"gates":[]},{"name":"Sublevel 8","properties":{"unit":"4_units_north_ud_pool_dry_tile.txt","max_rooms":5,"light":"kusachi_light_cha.ini","music":"caveglass_00_0.cnd","skybox":"none","corridor":0.2,"caps":50,"timer":0,"geyser":false,"clogged":false,"echo":0,"plane":false,"seesaw":false,"version":1,"max_entities":null,"max_trasures":null,"max_gates":null},"entities":[{"name":"UmiMushiBlind","count":1,"weight":0,"dead_end":false,"group":1,"treasure":"key","fall":""},{"name":"Catfish","count":7,"weight":0,"dead_end":false,"group":1,"treasure":"toy_dog","fall":""},{"name":"Jigumo","count":3,"weight":0,"dead_end":false,"group":0,"treasure":"sinkukan","fall":""},{"name":"OniKurage","count":1,"weight":0,"dead_end":false,"group":0,"treasure":"dia_a_blue","fall":""}],"treasures":[{"name":"donutswhite_s","count":1,"weight":0},{"name":"denchi_1_black","count":1,"weight":0}],"gates":[]},{"name":"Sublevel 9","properties":{"unit":"3_MAT_f_k_o_conc.txt","max_rooms":2,"light":"vs_10_light.ini","music":"new_06_0.cnd","skybox":"none","corridor":0.2,"caps":50,"timer":0,"geyser":true,"clogged":false,"echo":0,"plane":false,"seesaw":false,"version":1,"max_entities":null,"max_trasures":null,"max_gates":null},"entities":[{"name":"DangoMushi","count":1,"weight":0,"dead_end":false,"group":0,"treasure":"key","fall":""},{"name":"Wealthy","count":5,"weight":0,"dead_end":false,"group":1,"treasure":"chess_king_white","fall":""},{"name":"Tukushi","count":10,"weight":0,"dead_end":false,"group":6,"treasure":null,"fall":""}],"treasures":[],"gates":[]}],"content":null}