{"sublevels":[{"name":"Sublevel 1 - ExplosivesGalore","properties":{"unit":"custom_units_demolition_den_sub1.txt","max_rooms":10,"light":"custom_light_misc_dim_sublevel.ini","music":"cavetile_00_0.cnd","skybox":"none","corridor":0.05,"caps":50,"timer":0,"geyser":false,"clogged":false,"echo":0,"plane":false,"seesaw":false,"version":1,"max_entities":null,"max_trasures":null,"max_gates":null},"entities":[{"name":"Wealthy","count":1,"weight":0,"dead_end":false,"group":8,"treasure":"key","fall":""},{"name":"Kogane","count":1,"weight":0,"dead_end":false,"group":8,"treasure":"silver_medal","fall":""},{"name":"Kogane","count":1,"weight":0,"dead_end":false,"group":8,"treasure":"gold_medal","fall":""},{"name":"Kogane","count":6,"weight":0,"dead_end":false,"group":8,"treasure":"wadou_kaichin","fall":""},{"name":"Bomb","count":99,"weight":0,"dead_end":false,"group":0,"treasure":null,"fall":"$5"},{"name":"BombOtakara","count":99,"weight":0,"dead_end":false,"group":1,"treasure":null,"fall":"$5"},{"name":"BombSarai","count":6,"weight":0,"dead_end":false,"group":5,"treasure":"be_dama_blue","fall":"$4"},{"name":"BombOtakara","count":2,"weight":0,"dead_end":true,"group":0,"treasure":null,"fall":"$4"},{"name":"Bomb","count":2,"weight":0,"dead_end":true,"group":0,"treasure":null,"fall":"$2"},{"name":"Egg","count":1,"weight":0,"dead_end":true,"group":0,"treasure":null,"fall":""}],"treasures":[{"name":"tape_blue","count":1,"weight":0},{"name":"light_a","count":1,"weight":0},{"name":"ichigo_l","count":1,"weight":0}],"gates":[]},{"name":"Sublevel 2 - ExplosiveSpiral","properties":{"unit":"1_units_spiral_conc.txt","max_rooms":1,"light":"custom_light_misc_electric_sublevel.ini","music":"caveconc_05_0.cnd","skybox":"none","corridor":0.0,"caps":50,"timer":0,"geyser":false,"clogged":false,"echo":0,"plane":false,"seesaw":false,"version":1,"max_entities":null,"max_trasures":null,"max_gates":null},"entities":[{"name":"MiniHoudai","count":3,"weight":0,"dead_end":true,"group":0,"treasure":"denchi_2_black","fall":""},{"name":"BombSarai","count":6,"weight":0,"dead_end":false,"group":1,"treasure":"denchi_3_red","fall":""},{"name":"ElecHiba","count":2,"weight":0,"dead_end":false,"group":1,"treasure":null,"fall":""},{"name":"Bomb","count":99,"weight":0,"dead_end":false,"group":0,"treasure":null,"fall":"$5"},{"name":"Bomb","count":99,"weight":0,"dead_end":false,"group":1,"treasure":null,"fall":"$5"},{"name":"BombOtakara","count":5,"weight":0,"dead_end":false,"group":5,"treasure":null,"fall":"$5"},{"name":"BombOtakara","count":5,"weight":0,"dead_end":true,"group":0,"treasure":null,"fall":"$4"}],"treasures":[{"name":"key","count":1,"weight":0}],"gates":[]},{"name":"Sublevel 3 - Man-At-LegsBath","properties":{"unit":"custom_units_demolition_den_sub3.txt","max_rooms":1,"light":"custom_light_misc_dim_sublevel.ini","music":"new_02_0.cnd","skybox":"none","corridor":0.0,"caps":50,"timer":0,"geyser":true,"clogged":false,"echo":0,"plane":false,"seesaw":false,"version":1,"max_entities":null,"max_trasures":null,"max_gates":null},"entities":[{"name":"Houdai","count":1,"weight":0,"dead_end":false,"group":1,"treasure":"key","fall":""},{"name":"ElecHiba","count":5,"weight":0,"dead_end":false,"group":5,"treasure":null,"fall":""},{"name":"BluePom","count":4,"weight":0,"dead_end":true,"group":0,"treasure":null,"fall":""},{"name":"Bomb","count":30,"weight":0,"dead_end":false,"group":0,"treasure":null,"fall":""}],"treasures":[],"gates":[]}],"content":null}