{"sublevels":[{"name":"Sublevel 1 - Blong City?","properties":{"unit":"1_ABE_ari_metal.txt","max_rooms":8,"light":"normal_light_lv0.ini","music":"cavetsumiki_00_0.cnd","skybox":"none","corridor":0.12,"caps":50,"timer":0,"geyser":false,"clogged":true,"echo":0,"plane":false,"seesaw":false,"version":1,"max_entities":null,"max_trasures":null,"max_gates":null},"entities":[{"name":"Mar","count":15,"weight":0,"dead_end":false,"group":0,"treasure":"kumakibori","fall":""},{"name":"Mar","count":15,"weight":0,"dead_end":false,"group":0,"treasure":"kumakibori","fall":""},{"name":"Mar","count":15,"weight":0,"dead_end":false,"group":0,"treasure":"kumakibori","fall":""},{"name":"Mar","count":15,"weight":0,"dead_end":false,"group":0,"treasure":"kumakibori","fall":""},{"name":"Mar","count":15,"weight":0,"dead_end":false,"group":0,"treasure":"kumakibori","fall":""},{"name":"Mar","count":15,"weight":0,"dead_end":false,"group":0,"treasure":"kumakibori","fall":""},{"name":"Mar","count":15,"weight":0,"dead_end":false,"group":0,"treasure":"kumakibori","fall":""},{"name":"Mar","count":15,"weight":0,"dead_end":false,"group":0,"treasure":"kumakibori","fall":""},{"name":"Mar","count":15,"weight":0,"dead_end":false,"group":0,"treasure":"kumakibori","fall":""},{"name":"Mar","count":15,"weight":0,"dead_end":false,"group":0,"treasure":"kumakibori","fall":""},{"name":"Mar","count":15,"weight":0,"dead_end":false,"group":0,"treasure":"kumakibori","fall":""},{"name":"Mar","count":15,"weight":0,"dead_end":false,"group":0,"treasure":"kumakibori","fall":""},{"name":"Mar","count":15,"weight":0,"dead_end":false,"group":0,"treasure":"kumakibori","fall":""},{"name":"Mar","count":15,"weight":0,"dead_end":false,"group":0,"treasure":"kumakibori","fall":""}],"treasures":[{"name":"denchi_2_black","count":1,"weight":0},{"name":"denchi_2_black","count":1,"weight":0},{"name":"denchi_2_black","count":1,"weight":0},{"name":"denchi_2_black","count":1,"weight":0},{"name":"denchi_2_black","count":1,"weight":0},{"name":"denchi_2_black","count":1,"weight":0},{"name":"denchi_2_black","count":1,"weight":0},{"name":"denchi_2_black","count":1,"weight":0},{"name":"denchi_2_black","count":1,"weight":0},{"name":"denchi_2_black","count":1,"weight":0},{"name":"denchi_2_black","count":1,"weight":0},{"name":"denchi_2_black","count":1,"weight":0},{"name":"denchi_2_black","count":1,"weight":0},{"name":"denchi_2_black","count":1,"weight":0},{"name":"denchi_2_black","count":1,"weight":0},{"name":"denchi_2_black","count":1,"weight":0}],"gates":[{"word":"gate","health":1000,"weight":1}]}],"content":null}