{"sublevels":[{"name":"Sublevel 1 - Sakon's Hideout","properties":{"unit":"2_MAT_kingA_kingB_tsuchi.txt","max_rooms":2,"light":"vs_8_light.ini","music":"cavesoil_10_3.cnd","skybox":"none","corridor":0.0,"caps":0,"timer":0,"geyser":false,"clogged":true,"echo":0,"plane":false,"seesaw":false,"version":1,"max_entities":null,"max_trasures":null,"max_gates":null},"entities":[{"name":"ElecHiba","count":1,"weight":0,"dead_end":false,"group":0,"treasure":null,"fall":""},{"name":"Hiba","count":3,"weight":0,"dead_end":false,"group":0,"treasure":null,"fall":""},{"name":"Catfish","count":2,"weight":0,"dead_end":false,"group":0,"treasure":"donguri","fall":""},{"name":"Hiba","count":8,"weight":0,"dead_end":false,"group":8,"treasure":null,"fall":""},{"name":"KumaKochappy","count":2,"weight":0,"dead_end":false,"group":0,"treasure":"dia_b_red","fall":"$"},{"name":"GasHiba","count":1,"weight":0,"dead_end":false,"group":1,"treasure":null,"fall":""},{"name":"ElecOtakara","count":1,"weight":0,"dead_end":false,"group":5,"treasure":"key","fall":"$"},{"name":"Egg","count":2,"weight":0,"dead_end":false,"group":6,"treasure":null,"fall":""},{"name":"Tukushi","count":3,"weight":0,"dead_end":false,"group":6,"treasure":null,"fall":""},{"name":"Magaret","count":1,"weight":0,"dead_end":false,"group":6,"treasure":null,"fall":""},{"name":"KareOoinu_s","count":1,"weight":0,"dead_end":false,"group":6,"treasure":null,"fall":""},{"name":"Chiyogami","count":1,"weight":0,"dead_end":false,"group":6,"treasure":null,"fall":""},{"name":"DaiodoRed","count":3,"weight":0,"dead_end":false,"group":6,"treasure":null,"fall":""}],"treasures":[{"name":"gold_medal","count":1,"weight":0}],"gates":[]},{"name":"Sublevel 2 - South Clock Town (Final Hours)","properties":{"unit":"1_MAT_tower2_toy.txt","max_rooms":1,"light":"vs_10_light.ini","music":"new_00_0.cnd","skybox":"flooring","corridor":0.0,"caps":50,"timer":0,"geyser":false,"clogged":false,"echo":0,"plane":true,"seesaw":false,"version":1,"max_entities":null,"max_trasures":null,"max_gates":null},"entities":[{"name":"Sarai","count":1,"weight":0,"dead_end":false,"group":8,"treasure":"key","fall":""}],"treasures":[{"name":"toy_ring_a_green","count":1,"weight":0},{"name":"toy_ring_b_red","count":1,"weight":0}],"gates":[]},{"name":"Sublevel 3 - Top of Clock Tower","properties":{"unit":"1_units_north_metal.txt","max_rooms":1,"light":"vs_10_light.ini","music":"new_03_0.cnd","skybox":"ice","corridor":0.0,"caps":1,"timer":0,"geyser":false,"clogged":false,"echo":0,"plane":false,"seesaw":false,"version":1,"max_entities":null,"max_trasures":null,"max_gates":null},"entities":[{"name":"Fuefuki","count":1,"weight":0,"dead_end":false,"group":0,"treasure":"key","fall":""}],"treasures":[],"gates":[]},{"name":"Sublevel 4 - The Moon","properties":{"unit":"1_units_big2_kusachi.txt","max_rooms":1,"light":"vs_7_light.ini","music":"caverelax.cnd","skybox":"hiroba","corridor":0.0,"caps":50,"timer":0,"geyser":false,"clogged":false,"echo":0,"plane":true,"seesaw":false,"version":1,"max_entities":null,"max_trasures":null,"max_gates":null},"entities":[{"name":"Ooinu_l","count":1,"weight":0,"dead_end":false,"group":8,"treasure":null,"fall":""},{"name":"YellowKochappy","count":1,"weight":0,"dead_end":false,"group":5,"treasure":"wadou_kaichin","fall":""},{"name":"YellowKochappy","count":1,"weight":0,"dead_end":false,"group":5,"treasure":"chocowhite","fall":""},{"name":"YellowKochappy","count":1,"weight":0,"dead_end":false,"group":5,"treasure":"nut","fall":""},{"name":"YellowKochappy","count":1,"weight":0,"dead_end":false,"group":5,"treasure":"juji_key_fc","fall":""}],"treasures":[{"name":"key","count":1,"weight":0}],"gates":[]},{"name":"Sublevel 5 - Moon Child - Odolwa","properties":{"unit":"1_units_spiral_conc.txt","max_rooms":1,"light":"normal_light_lv0.ini","music":"caveconc_05_0.cnd","skybox":"none","corridor":0.0,"caps":5,"timer":0,"geyser":false,"clogged":false,"echo":0,"plane":false,"seesaw":false,"version":1,"max_entities":null,"max_trasures":null,"max_gates":null},"entities":[{"name":"YellowKochappy","count":1,"weight":0,"dead_end":false,"group":5,"treasure":"key","fall":"$"},{"name":"GasHiba","count":2,"weight":0,"dead_end":false,"group":1,"treasure":null,"fall":""},{"name":"ElecHiba","count":14,"weight":0,"dead_end":false,"group":1,"treasure":null,"fall":""},{"name":"Kogane","count":1,"weight":0,"dead_end":false,"group":8,"treasure":"diamond_red","fall":""}],"treasures":[{"name":"donutschoco_s","count":1,"weight":0},{"name":"donutschoco_s","count":1,"weight":0},{"name":"donutschoco_s","count":1,"weight":0},{"name":"donutschoco_s","count":1,"weight":0}],"gates":[]},{"name":"Sublevel 6 - Moon Child - Goht","properties":{"unit":"3_MAT_d_g_m_renga.txt","max_rooms":5,"light":"yakushima_3_16x17r_light.ini","music":"cavemetal_00_0.cnd","skybox":"none","corridor":0.0,"caps":50,"timer":0,"geyser":false,"clogged":false,"echo":0,"plane":false,"seesaw":true,"version":1,"max_entities":null,"max_trasures":null,"max_gates":null},"entities":[{"name":"YellowKochappy","count":1,"weight":0,"dead_end":false,"group":8,"treasure":"key","fall":""},{"name":"DaiodoRed","count":4,"weight":0,"dead_end":false,"group":6,"treasure":null,"fall":""},{"name":"FireOtakara","count":6,"weight":0,"dead_end":false,"group":5,"treasure":null,"fall":""}],"treasures":[{"name":"diamond_red","count":1,"weight":0},{"name":"donutschoco_s","count":1,"weight":0},{"name":"donutschoco_s","count":1,"weight":0},{"name":"donutschoco_s","count":1,"weight":0},{"name":"donutschoco_s","count":1,"weight":0}],"gates":[]},{"name":"Sublevel 7 - Moon Child - Gyorg","properties":{"unit":"2_units_mid_ike_kusachi.txt","max_rooms":6,"light":"suityu_light_lv4.ini","music":"cavemetal_10_0.cnd","skybox":"none","corridor":0.0,"caps":100,"timer":0,"geyser":false,"clogged":true,"echo":0,"plane":true,"seesaw":false,"version":1,"max_entities":null,"max_trasures":null,"max_gates":null},"entities":[{"name":"YellowKochappy","count":1,"weight":0,"dead_end":false,"group":5,"treasure":"key","fall":""},{"name":"DaiodoGreen","count":8,"weight":0,"dead_end":false,"group":6,"treasure":null,"fall":""},{"name":"DaiodoRed","count":8,"weight":0,"dead_end":false,"group":6,"treasure":null,"fall":""}],"treasures":[{"name":"diamond_red","count":1,"weight":0},{"name":"donutschoco_s","count":1,"weight":0},{"name":"donutschoco_s","count":1,"weight":0},{"name":"donutschoco_s","count":1,"weight":0},{"name":"donutschoco_s","count":1,"weight":0}],"gates":[]},{"name":"Sublevel 8 - Moon Child - Twinmold","properties":{"unit":"2_units_kingA_norhiba_tsuchi.txt","max_rooms":2,"light":"forest_2_siro_light.ini","music":"new_07_0.cnd","skybox":"none","corridor":0.0,"caps":0,"timer":0,"geyser":false,"clogged":false,"echo":0,"plane":false,"seesaw":false,"version":1,"max_entities":null,"max_trasures":null,"max_gates":null},"entities":[{"name":"YellowKochappy","count":1,"weight":0,"dead_end":false,"group":0,"treasure":"key","fall":"$"},{"name":"Tank","count":1,"weight":0,"dead_end":false,"group":5,"treasure":"g_futa_hirosima","fall":""},{"name":"FireChappy","count":1,"weight":0,"dead_end":false,"group":1,"treasure":"suit_fire","fall":""},{"name":"UmiMushi","count":1,"weight":0,"dead_end":false,"group":1,"treasure":"suit_powerup","fall":""},{"name":"UjiA","count":4,"weight":0,"dead_end":false,"group":6,"treasure":"donutschoco_s","fall":""},{"name":"Kogane","count":1,"weight":0,"dead_end":false,"group":6,"treasure":"diamond_red","fall":""},{"name":"BombOtakara","count":1,"weight":0,"dead_end":false,"group":0,"treasure":null,"fall":""},{"name":"DaiodoRed","count":3,"weight":0,"dead_end":false,"group":6,"treasure":null,"fall":""},{"name":"Chiyogami","count":5,"weight":0,"dead_end":false,"group":6,"treasure":null,"fall":""}],"treasures":[],"gates":[]},{"name":"Sublevel 9 - The Moon (Majora Child)","properties":{"unit":"1_units_big2_kusachi.txt","max_rooms":1,"light":"vs_7_light.ini","music":"caverelax.cnd","skybox":"hiroba","corridor":0.0,"caps":50,"timer":0,"geyser":false,"clogged":false,"echo":0,"plane":true,"seesaw":false,"version":1,"max_entities":null,"max_trasures":null,"max_gates":null},"entities":[{"name":"YellowKochappy","count":1,"weight":0,"dead_end":false,"group":8,"treasure":"key","fall":""},{"name":"Ooinu_l","count":1,"weight":0,"dead_end":false,"group":8,"treasure":null,"fall":""},{"name":"RandPom","count":1,"weight":0,"dead_end":true,"group":0,"treasure":null,"fall":"$"},{"name":"YellowPom","count":1,"weight":0,"dead_end":true,"group":0,"treasure":null,"fall":"$"},{"name":"RedPom","count":1,"weight":0,"dead_end":true,"group":0,"treasure":null,"fall":"$"},{"name":"WhitePom","count":1,"weight":0,"dead_end":true,"group":0,"treasure":null,"fall":"$"},{"name":"Egg","count":4,"weight":0,"dead_end":false,"group":5,"treasure":null,"fall":""},{"name":"Kogane","count":1,"weight":0,"dead_end":false,"group":5,"treasure":null,"fall":""}],"treasures":[],"gates":[]},{"name":"Sublevel 10 - Majora's Mask","properties":{"unit":"1_units_manh_conc.txt","max_rooms":1,"light":"vs_10_light.ini","music":"new_00_0.cnd","skybox":"none","corridor":0.0,"caps":1,"timer":0,"geyser":false,"clogged":false,"echo":0,"plane":true,"seesaw":false,"version":1,"max_entities":null,"max_trasures":null,"max_gates":null},"entities":[{"name":"OniKurage","count":1,"weight":0,"dead_end":false,"group":1,"treasure":"key","fall":"$"},{"name":"Sarai","count":1,"weight":0,"dead_end":false,"group":0,"treasure":"denchi_2_red","fall":""},{"name":"Demon","count":1,"weight":0,"dead_end":false,"group":0,"treasure":"otama","fall":""},{"name":"BombSarai","count":1,"weight":0,"dead_end":false,"group":0,"treasure":"fire_helmet","fall":""},{"name":"Fuefuki","count":1,"weight":0,"dead_end":false,"group":0,"treasure":"diamond_red_l","fall":""}],"treasures":[],"gates":[]},{"name":"Sublevel 11 - Majora's Incarnation","properties":{"unit":"1_units_manh_conc.txt","max_rooms":1,"light":"vs_10_light.ini","music":"cavetsumiki_00_0.cnd","skybox":"none","corridor":0.0,"caps":1,"timer":0,"geyser":false,"clogged":false,"echo":0,"plane":false,"seesaw":false,"version":1,"max_entities":null,"max_trasures":null,"max_gates":null},"entities":[{"name":"Houdai","count":1,"weight":0,"dead_end":false,"group":1,"treasure":"key","fall":""}],"treasures":[],"gates":[]},{"name":"Sublevel 12 - Majora's Wrath","properties":{"unit":"1_units_manh_conc.txt","max_rooms":1,"light":"vs_10_light.ini","music":"","skybox":"none","corridor":0.0,"caps":1,"timer":0,"geyser":false,"clogged":false,"echo":0,"plane":false,"seesaw":false,"version":1,"max_entities":null,"max_trasures":null,"max_gates":null},"entities":[{"name":"BigTreasure","count":1,"weight":0,"dead_end":false,"group":1,"treasure":"key","fall":""}],"treasures":[],"gates":[]}],"content":null}