{"sublevels":[{"name":"Sublevel 1 - Sublevel 1","properties":{"unit":"1_units_large_toy.txt","max_rooms":2,"light":"normal_light_lv3.ini","music":"caveconc_00_0.cnd","skybox":"none","corridor":0.125,"caps":100,"timer":9999,"geyser":false,"clogged":false,"echo":0,"plane":false,"seesaw":false,"version":1,"max_entities":null,"max_trasures":null,"max_gates":null},"entities":[{"name":"Chappy","count":7,"weight":0,"dead_end":false,"group":0,"treasure":null,"fall":""},{"name":"Armor","count":5,"weight":0,"dead_end":false,"group":1,"treasure":null,"fall":""},{"name":"UjiA","count":13,"weight":0,"dead_end":false,"group":5,"treasure":null,"fall":""},{"name":"ElecHiba","count":10,"weight":0,"dead_end":true,"group":0,"treasure":null,"fall":""}],"treasures":[{"name":"g_futa_daisen","count":1,"weight":0}],"gates":[]},{"name":"Sublevel 2 - Sublevel 2","properties":{"unit":"3_MAT_nor4_ike1_ike2_tsuchi.txt","max_rooms":2,"light":"light.ini","music":"caveconc_05_0.cnd","skybox":"none","corridor":0.125,"caps":100,"timer":99999,"geyser":false,"clogged":true,"echo":0,"plane":false,"seesaw":false,"version":1,"max_entities":null,"max_trasures":null,"max_gates":null},"entities":[{"name":"Kochappy","count":35,"weight":0,"dead_end":false,"group":0,"treasure":null,"fall":""},{"name":"Wealthy","count":1,"weight":0,"dead_end":false,"group":0,"treasure":"kinoko","fall":""}],"treasures":[],"gates":[]},{"name":"Sublevel 3 - Sublevel 3","properties":{"unit":"2_MAT_kingA_kingB_tsuchi.txt","max_rooms":2,"light":"normal_light_lv0.ini","music":"","skybox":"none","corridor":0.11,"caps":100,"timer":99999,"geyser":false,"clogged":false,"echo":0,"plane":false,"seesaw":false,"version":1,"max_entities":null,"max_trasures":null,"max_gates":null},"entities":[{"name":"KingChappy","count":1,"weight":0,"dead_end":false,"group":0,"treasure":"be_dama_red_l","fall":""},{"name":"ElecOtakara","count":8,"weight":0,"dead_end":false,"group":1,"treasure":null,"fall":""},{"name":"Hiba","count":12,"weight":0,"dead_end":false,"group":5,"treasure":null,"fall":""},{"name":"RedPom","count":1,"weight":0,"dead_end":true,"group":0,"treasure":null,"fall":""}],"treasures":[{"name":"makigai","count":1,"weight":0}],"gates":[]},{"name":"Sublevel 4 - Sublevel 4","properties":{"unit":"1_MAT_vs_drypool_tile.txt","max_rooms":3,"light":"light.ini","music":"new_02_0.cnd","skybox":"none","corridor":0.13,"caps":100,"timer":999999,"geyser":false,"clogged":true,"echo":0,"plane":false,"seesaw":false,"version":1,"max_entities":null,"max_trasures":null,"max_gates":null},"entities":[{"name":"Damagumo","count":1,"weight":0,"dead_end":false,"group":0,"treasure":"donguri_l","fall":"$"},{"name":"Damagumo","count":1,"weight":0,"dead_end":false,"group":0,"treasure":"toy_ring_c_green","fall":"$"},{"name":"Kurage","count":7,"weight":0,"dead_end":false,"group":1,"treasure":null,"fall":""},{"name":"OniKurage","count":1,"weight":0,"dead_end":true,"group":0,"treasure":"gear","fall":"$2"}],"treasures":[],"gates":[{"word":"gate","health":1000,"weight":1},{"word":"gate","health":1000,"weight":1},{"word":"gate","health":1000,"weight":1}]},{"name":"Sublevel 5 - Sublevel 5","properties":{"unit":"2_NARI_hit4x7_small_toy.txt","max_rooms":2,"light":"toy_light_lv1.ini","music":"cavetsumiki_00_0.cnd","skybox":"flooring","corridor":0.125,"caps":100,"timer":999999,"geyser":false,"clogged":false,"echo":0,"plane":true,"seesaw":false,"version":1,"max_entities":null,"max_trasures":null,"max_gates":null},"entities":[{"name":"PanModoki","count":2,"weight":0,"dead_end":true,"group":0,"treasure":null,"fall":""},{"name":"PanHouse","count":2,"weight":0,"dead_end":false,"group":1,"treasure":null,"fall":""},{"name":"Tobi","count":9,"weight":0,"dead_end":false,"group":1,"treasure":null,"fall":""},{"name":"FireChappy","count":1,"weight":0,"dead_end":false,"group":0,"treasure":"kinoko_doku","fall":""},{"name":"FireChappy","count":1,"weight":0,"dead_end":false,"group":0,"treasure":null,"fall":""},{"name":"UjiB","count":8,"weight":0,"dead_end":false,"group":6,"treasure":null,"fall":""}],"treasures":[],"gates":[]},{"name":"Sublevel 6 - Sublevel 6","properties":{"unit":"1_ABE_ari_metal.txt","max_rooms":3,"light":"metal_light_lv3.ini","music":"new_05_0.cnd","skybox":"build","corridor":0.13,"caps":100,"timer":99999,"geyser":false,"clogged":true,"echo":0,"plane":false,"seesaw":false,"version":1,"max_entities":null,"max_trasures":null,"max_gates":null},"entities":[{"name":"BlueChappy","count":5,"weight":0,"dead_end":false,"group":1,"treasure":null,"fall":""},{"name":"YellowChappy","count":7,"weight":0,"dead_end":false,"group":0,"treasure":null,"fall":""},{"name":"Hiba","count":15,"weight":0,"dead_end":false,"group":5,"treasure":null,"fall":""},{"name":"BlueChappy","count":4,"weight":0,"dead_end":false,"group":6,"treasure":null,"fall":""},{"name":"MiniHoudai","count":1,"weight":0,"dead_end":true,"group":0,"treasure":"teala_dia_c","fall":""}],"treasures":[],"gates":[]},{"name":"Sublevel 7 - Sublevel 7","properties":{"unit":"1_ABE_manp_boss_conc.txt","max_rooms":1,"light":"normal_light_lv0.ini","music":"caveconc_00_0.cnd","skybox":"none","corridor":0.12,"caps":50,"timer":0,"geyser":false,"clogged":false,"echo":0,"plane":false,"seesaw":false,"version":1,"max_entities":null,"max_trasures":null,"max_gates":null},"entities":[{"name":"SnakeCrow","count":1,"weight":0,"dead_end":false,"group":0,"treasure":"teala_dia_a","fall":""},{"name":"SnakeCrow","count":1,"weight":0,"dead_end":false,"group":1,"treasure":"teala_dia_d","fall":""},{"name":"SnakeWhole","count":1,"weight":0,"dead_end":false,"group":0,"treasure":"teala_dia_b","fall":""},{"name":"Jigumo","count":7,"weight":0,"dead_end":true,"group":0,"treasure":null,"fall":""}],"treasures":[],"gates":[]},{"name":"Sublevel 8 - Sublevel 8","properties":{"unit":"1_units_opan_toy.txt","max_rooms":1,"light":"toy_light_cha.ini","music":"","skybox":"tatami","corridor":0.125,"caps":100,"timer":99999,"geyser":false,"clogged":true,"echo":0,"plane":false,"seesaw":false,"version":1,"max_entities":null,"max_trasures":null,"max_gates":null},"entities":[{"name":"BigFoot","count":1,"weight":0,"dead_end":false,"group":1,"treasure":"be_dama_yellow","fall":""},{"name":"TamagoMushi","count":20,"weight":0,"dead_end":false,"group":1,"treasure":null,"fall":""},{"name":"Qurione","count":1,"weight":0,"dead_end":false,"group":0,"treasure":null,"fall":""}],"treasures":[],"gates":[]},{"name":"Sublevel 9 - Sublevel 9","properties":{"unit":"3_MAT_ike3_mid2_sak1_snow.txt","max_rooms":4,"light":"suityu_light_lv3.ini","music":"new_00_1.cnd","skybox":"none","corridor":0.12,"caps":100,"timer":100,"geyser":false,"clogged":true,"echo":0,"plane":false,"seesaw":false,"version":1,"max_entities":null,"max_trasures":null,"max_gates":null},"entities":[{"name":"BlackMan","count":1,"weight":0,"dead_end":true,"group":0,"treasure":"dia_b_green","fall":""},{"name":"Fkabuto","count":5,"weight":0,"dead_end":false,"group":1,"treasure":null,"fall":""},{"name":"GasHiba","count":14,"weight":0,"dead_end":false,"group":5,"treasure":null,"fall":""},{"name":"BlackPom","count":2,"weight":0,"dead_end":true,"group":0,"treasure":null,"fall":""},{"name":"Wealthy","count":1,"weight":0,"dead_end":false,"group":0,"treasure":"tel_dial","fall":""},{"name":"YellowKochappy","count":9,"weight":0,"dead_end":false,"group":0,"treasure":null,"fall":""}],"treasures":[{"name":"baum_kuchen_s","count":1,"weight":0}],"gates":[]},{"name":"Sublevel 10 - Sublevel 10","properties":{"unit":"1_MAT_h446_metal.txt","max_rooms":2,"light":"toy_light_cha.ini","music":"caverelax.cnd","skybox":"build","corridor":0.13,"caps":100,"timer":99999,"geyser":true,"clogged":false,"echo":0,"plane":false,"seesaw":false,"version":1,"max_entities":null,"max_trasures":null,"max_gates":null},"entities":[{"name":"RandPom","count":3,"weight":0,"dead_end":false,"group":0,"treasure":null,"fall":""},{"name":"WhitePom","count":2,"weight":0,"dead_end":true,"group":0,"treasure":null,"fall":""},{"name":"RedPom","count":1,"weight":0,"dead_end":true,"group":0,"treasure":null,"fall":""},{"name":"BluePom","count":1,"weight":0,"dead_end":true,"group":0,"treasure":null,"fall":""},{"name":"YellowPom","count":1,"weight":0,"dead_end":false,"group":1,"treasure":null,"fall":""},{"name":"LeafChappy","count":2,"weight":0,"dead_end":false,"group":0,"treasure":null,"fall":""}],"treasures":[],"gates":[]},{"name":"Sublevel 11 - Sublevel 11","properties":{"unit":"1_units_a_tile.txt","max_rooms":4,"light":"toy_light_cha.ini","music":"","skybox":"none","corridor":0.11,"caps":100,"timer":99999,"geyser":false,"clogged":true,"echo":0,"plane":false,"seesaw":false,"version":1,"max_entities":null,"max_trasures":null,"max_gates":null},"entities":[{"name":"UmiMushi","count":2,"weight":0,"dead_end":false,"group":0,"treasure":"gold_medal","fall":""},{"name":"DangoMushi","count":1,"weight":0,"dead_end":false,"group":1,"treasure":"kan_meidiya","fall":""},{"name":"Queen","count":1,"weight":0,"dead_end":false,"group":1,"treasure":"diamond_red_l","fall":""}],"treasures":[],"gates":[]},{"name":"Sublevel 12 - Sublevel 12","properties":{"unit":"1_units_king_tsuchi.txt","max_rooms":3,"light":"normal_light_lv4.ini","music":"new_05_0.cnd","skybox":"none","corridor":0.13,"caps":100,"timer":200,"geyser":false,"clogged":true,"echo":0,"plane":false,"seesaw":false,"version":1,"max_entities":null,"max_trasures":null,"max_gates":null},"entities":[{"name":"ElecHiba","count":14,"weight":0,"dead_end":false,"group":1,"treasure":null,"fall":""},{"name":"KingChappy","count":1,"weight":0,"dead_end":false,"group":0,"treasure":"tape_blue","fall":""},{"name":"KingChappy","count":1,"weight":0,"dead_end":false,"group":0,"treasure":"toy_ring_a_green","fall":""},{"name":"KingChappy","count":1,"weight":0,"dead_end":false,"group":0,"treasure":"toy_ring_b_green","fall":""},{"name":"BlackMan","count":1,"weight":0,"dead_end":true,"group":0,"treasure":null,"fall":""},{"name":"UmiMushiBlind","count":8,"weight":0,"dead_end":false,"group":1,"treasure":null,"fall":""},{"name":"Fart","count":3,"weight":0,"dead_end":false,"group":6,"treasure":null,"fall":""},{"name":"Wakame_l","count":21,"weight":0,"dead_end":false,"group":6,"treasure":null,"fall":""}],"treasures":[{"name":"chess_queen_black","count":1,"weight":0}],"gates":[{"word":"gate","health":5555,"weight":1}]},{"name":"Sublevel 13 - Sublevel 13","properties":{"unit":"1_units_DKumo_conc.txt","max_rooms":1,"light":"normal_light_lv4.ini","music":"new_00_0.cnd","skybox":"none","corridor":0.13,"caps":100,"timer":9999,"geyser":false,"clogged":false,"echo":0,"plane":false,"seesaw":false,"version":1,"max_entities":null,"max_trasures":null,"max_gates":null},"entities":[{"name":"DangoMushi","count":1,"weight":0,"dead_end":false,"group":0,"treasure":"g_futa_hirosima","fall":""},{"name":"DangoMushi","count":1,"weight":0,"dead_end":false,"group":0,"treasure":"fire_helmet","fall":""},{"name":"TamagoMushi","count":6,"weight":0,"dead_end":false,"group":1,"treasure":null,"fall":""},{"name":"TamagoMushi","count":6,"weight":0,"dead_end":false,"group":1,"treasure":null,"fall":""},{"name":"TamagoMushi","count":6,"weight":0,"dead_end":false,"group":1,"treasure":null,"fall":""}],"treasures":[],"gates":[{"word":"gate","health":5555,"weight":1}]},{"name":"Sublevel 14 - Sublevel 14","properties":{"unit":"3_units_small_mid_large_toy.txt","max_rooms":4,"light":"normal_light_lv3.ini","music":"new_03_0.cnd","skybox":"none","corridor":0.135,"caps":100,"timer":300,"geyser":false,"clogged":true,"echo":0,"plane":false,"seesaw":false,"version":1,"max_entities":null,"max_trasures":null,"max_gates":null},"entities":[{"name":"OoPanModoki","count":4,"weight":0,"dead_end":false,"group":1,"treasure":null,"fall":""},{"name":"BlackMan","count":1,"weight":0,"dead_end":true,"group":0,"treasure":"j_block_white","fall":""},{"name":"Mar","count":7,"weight":0,"dead_end":false,"group":0,"treasure":null,"fall":""},{"name":"ElecBug","count":16,"weight":0,"dead_end":false,"group":1,"treasure":null,"fall":""}],"treasures":[{"name":"kan_b_gold","count":1,"weight":0},{"name":"apple","count":1,"weight":0},{"name":"whistle","count":1,"weight":0},{"name":"denchi_1_red","count":1,"weight":0},{"name":"flower_red","count":1,"weight":0}],"gates":[]},{"name":"Sublevel 15 - Sublevel 15","properties":{"unit":"3_MAT_nor4_hit2_blk1_snow.txt","max_rooms":5,"light":"normal_light_lv1.ini","music":"new_00_1.cnd","skybox":"none","corridor":0.11,"caps":100,"timer":999999,"geyser":false,"clogged":true,"echo":0,"plane":false,"seesaw":false,"version":1,"max_entities":null,"max_trasures":null,"max_gates":null},"entities":[{"name":"KumaChappy","count":1,"weight":0,"dead_end":false,"group":1,"treasure":"j_block_green","fall":""},{"name":"KumaChappy","count":1,"weight":0,"dead_end":false,"group":0,"treasure":"be_dama_blue","fall":""},{"name":"KumaChappy","count":1,"weight":0,"dead_end":true,"group":0,"treasure":"fue_a","fall":""},{"name":"OoPanModoki","count":1,"weight":0,"dead_end":false,"group":1,"treasure":null,"fall":""},{"name":"UjiA","count":17,"weight":0,"dead_end":false,"group":6,"treasure":null,"fall":""},{"name":"Wakame_l","count":24,"weight":0,"dead_end":false,"group":6,"treasure":null,"fall":""},{"name":"Wakame_s","count":15,"weight":0,"dead_end":false,"group":6,"treasure":null,"fall":""},{"name":"KumaKochappy","count":4,"weight":0,"dead_end":false,"group":0,"treasure":null,"fall":""},{"name":"KumaKochappy","count":4,"weight":0,"dead_end":false,"group":1,"treasure":null,"fall":""},{"name":"KumaKochappy","count":4,"weight":0,"dead_end":true,"group":0,"treasure":null,"fall":""},{"name":"ElecBug","count":18,"weight":0,"dead_end":false,"group":0,"treasure":null,"fall":""}],"treasures":[{"name":"j_block_yellow","count":1,"weight":0}],"gates":[]},{"name":"Sublevel 16 - Sublevel 16","properties":{"unit":"3_MAT_ari_h224_h443_tower_metal.txt","max_rooms":5,"light":"normal_light_lv0.ini","music":"caveconc_00_0.cnd","skybox":"none","corridor":0.12,"caps":50,"timer":0,"geyser":false,"clogged":false,"echo":0,"plane":false,"seesaw":false,"version":1,"max_entities":null,"max_trasures":null,"max_gates":null},"entities":[{"name":"FminiHoudai","count":1,"weight":0,"dead_end":false,"group":0,"treasure":"kouseki_suisyou","fall":""},{"name":"FminiHoudai","count":1,"weight":0,"dead_end":false,"group":1,"treasure":"donutsichigo_s","fall":""},{"name":"MiniHoudai","count":2,"weight":0,"dead_end":true,"group":0,"treasure":null,"fall":""},{"name":"SnakeCrow","count":1,"weight":0,"dead_end":false,"group":5,"treasure":"j_block_red","fall":""},{"name":"SnakeCrow","count":1,"weight":0,"dead_end":false,"group":5,"treasure":null,"fall":""},{"name":"SnakeCrow","count":1,"weight":0,"dead_end":false,"group":5,"treasure":null,"fall":""},{"name":"GasOtakara","count":12,"weight":0,"dead_end":false,"group":1,"treasure":null,"fall":""},{"name":"WaterOtakara","count":12,"weight":0,"dead_end":false,"group":0,"treasure":null,"fall":""},{"name":"ElecOtakara","count":12,"weight":0,"dead_end":false,"group":6,"treasure":null,"fall":""},{"name":"PanModoki","count":4,"weight":0,"dead_end":false,"group":5,"treasure":null,"fall":""},{"name":"PanHouse","count":4,"weight":0,"dead_end":false,"group":6,"treasure":null,"fall":""}],"treasures":[],"gates":[]},{"name":"Sublevel 17 - Sublevel 17","properties":{"unit":"1_units_a_tile.txt","max_rooms":1,"light":"suityu_light_lv4.ini","music":"","skybox":"none","corridor":0.125,"caps":100,"timer":99999,"geyser":false,"clogged":true,"echo":0,"plane":false,"seesaw":false,"version":1,"max_entities":null,"max_trasures":null,"max_gates":null},"entities":[{"name":"Damagumo","count":1,"weight":0,"dead_end":false,"group":0,"treasure":"kan_b_silver","fall":""},{"name":"SnakeWhole","count":2,"weight":0,"dead_end":false,"group":1,"treasure":"kan_nichiro","fall":""}],"treasures":[],"gates":[{"word":"gate","health":1000,"weight":1},{"word":"gate","health":1000,"weight":1},{"word":"gate","health":1000,"weight":1},{"word":"gate","health":1000,"weight":1}]},{"name":"Sublevel 18 - Sublevel 18","properties":{"unit":"1_units_hit224_metal.txt","max_rooms":5,"light":"metal_light_lv0.ini","music":"new_05_0.cnd","skybox":"build","corridor":0.13,"caps":50,"timer":120,"geyser":false,"clogged":true,"echo":0,"plane":false,"seesaw":false,"version":1,"max_entities":null,"max_trasures":null,"max_gates":null},"entities":[{"name":"BlackMan","count":1,"weight":0,"dead_end":false,"group":0,"treasure":null,"fall":""},{"name":"BlackMan","count":1,"weight":0,"dead_end":false,"group":1,"treasure":null,"fall":""},{"name":"OoPanModoki","count":1,"weight":0,"dead_end":true,"group":0,"treasure":null,"fall":""},{"name":"BombOtakara","count":13,"weight":0,"dead_end":false,"group":5,"treasure":null,"fall":"$"},{"name":"Rock","count":14,"weight":0,"dead_end":false,"group":1,"treasure":null,"fall":"$5"},{"name":"Rock","count":8,"weight":0,"dead_end":false,"group":1,"treasure":null,"fall":""},{"name":"BlueChappy","count":1,"weight":0,"dead_end":false,"group":1,"treasure":"bane_yellow","fall":""},{"name":"BombSarai","count":5,"weight":0,"dead_end":false,"group":0,"treasure":null,"fall":""},{"name":"Jigumo","count":1,"weight":0,"dead_end":false,"group":0,"treasure":"toy_ring_c_red","fall":""}],"treasures":[{"name":"juji_key_fc","count":1,"weight":0},{"name":"futa_a_silver","count":1,"weight":0},{"name":"g_futa_kyusyu","count":1,"weight":0}],"gates":[]},{"name":"Sublevel 19 - Sublevel 19","properties":{"unit":"1_units_cent2_tsuchi.txt","max_rooms":3,"light":"toy_light_cha.ini","music":"caverelax.cnd","skybox":"none","corridor":0.115,"caps":100,"timer":999999,"geyser":true,"clogged":false,"echo":0,"plane":false,"seesaw":false,"version":1,"max_entities":null,"max_trasures":null,"max_gates":null},"entities":[{"name":"RandPom","count":4,"weight":0,"dead_end":true,"group":0,"treasure":null,"fall":""},{"name":"BlackPom","count":2,"weight":0,"dead_end":false,"group":0,"treasure":null,"fall":""},{"name":"WhitePom","count":2,"weight":0,"dead_end":false,"group":1,"treasure":null,"fall":""},{"name":"Egg","count":4,"weight":0,"dead_end":false,"group":0,"treasure":null,"fall":"$"},{"name":"KareOoinu_s","count":9,"weight":0,"dead_end":false,"group":6,"treasure":null,"fall":""},{"name":"Qurione","count":3,"weight":0,"dead_end":false,"group":0,"treasure":null,"fall":""},{"name":"TamagoMushi","count":25,"weight":0,"dead_end":true,"group":0,"treasure":null,"fall":""},{"name":"LeafChappy","count":3,"weight":0,"dead_end":false,"group":0,"treasure":null,"fall":""}],"treasures":[],"gates":[]},{"name":"Sublevel 20 - Sublevel 20","properties":{"unit":"all_units_kusachi.txt","max_rooms":7,"light":"toy_light_cha.ini","music":"caveconc_00_0.cnd","skybox":"none","corridor":0.14,"caps":100,"timer":15,"geyser":false,"clogged":false,"echo":0,"plane":false,"seesaw":false,"version":1,"max_entities":null,"max_trasures":null,"max_gates":null},"entities":[{"name":"Damagumo","count":5,"weight":0,"dead_end":false,"group":0,"treasure":"robot_head","fall":"$"},{"name":"Houdai","count":2,"weight":0,"dead_end":true,"group":0,"treasure":"robot_head","fall":""},{"name":"UmiMushi","count":5,"weight":0,"dead_end":false,"group":1,"treasure":"robot_head","fall":""},{"name":"BigFoot","count":3,"weight":0,"dead_end":false,"group":5,"treasure":"robot_head","fall":"$"},{"name":"KingChappy","count":7,"weight":0,"dead_end":false,"group":1,"treasure":"robot_head","fall":""},{"name":"SnakeCrow","count":9,"weight":0,"dead_end":false,"group":6,"treasure":"robot_head","fall":""},{"name":"SnakeWhole","count":3,"weight":0,"dead_end":true,"group":0,"treasure":"robot_head","fall":""},{"name":"OoPanModoki","count":5,"weight":0,"dead_end":false,"group":5,"treasure":"robot_head","fall":""},{"name":"Queen","count":1,"weight":0,"dead_end":false,"group":0,"treasure":"robot_head","fall":""}],"treasures":[],"gates":[]}],"content":null}