{"sublevels":[{"name":"Sublevel 1 - Entrance","properties":{"unit":"3_MAT_castle2_medi.txt","max_rooms":1,"light":"palace_light.ini","music":"new_06_0.cnd","skybox":"none","corridor":0.0,"caps":50,"timer":0,"geyser":false,"clogged":false,"echo":0,"plane":false,"seesaw":false,"version":1,"max_entities":null,"max_trasures":null,"max_gates":null},"entities":[{"name":"Miulin","count":1,"weight":0,"dead_end":false,"group":1,"treasure":"kan","fall":""},{"name":"RandPom","count":2,"weight":0,"dead_end":false,"group":5,"treasure":null,"fall":""},{"name":"Egg","count":1,"weight":0,"dead_end":true,"group":0,"treasure":null,"fall":"$5"},{"name":"Egg","count":1,"weight":0,"dead_end":true,"group":0,"treasure":null,"fall":"$5"},{"name":"Egg","count":1,"weight":0,"dead_end":false,"group":5,"treasure":null,"fall":"$5"},{"name":"Wealthy","count":1,"weight":0,"dead_end":false,"group":0,"treasure":null,"fall":""},{"name":"Fart","count":1,"weight":0,"dead_end":false,"group":0,"treasure":null,"fall":""},{"name":"Kogane","count":1,"weight":0,"dead_end":false,"group":0,"treasure":null,"fall":""},{"name":"ShijimiChou","count":1,"weight":0,"dead_end":false,"group":0,"treasure":null,"fall":""}],"treasures":[{"name":"key","count":1,"weight":0},{"name":"g_futa_sikoku","count":1,"weight":0},{"name":"dashboots","count":1,"weight":0},{"name":"dashboots","count":1,"weight":0}],"gates":[{"word":"gate","health":1000,"weight":1},{"word":"gate","health":1000,"weight":1}]},{"name":"Sublevel 2 - Fire Hall","properties":{"unit":"2_units_exterior_medi.txt","max_rooms":6,"light":"palace_light.ini","music":"cavemetal_05_4.cnd","skybox":"medieval","corridor":0.3,"caps":50,"timer":0,"geyser":false,"clogged":false,"echo":0,"plane":false,"seesaw":false,"version":1,"max_entities":null,"max_trasures":null,"max_gates":null},"entities":[{"name":"Tank","count":2,"weight":0,"dead_end":false,"group":0,"treasure":null,"fall":""},{"name":"Wtank","count":2,"weight":0,"dead_end":false,"group":0,"treasure":null,"fall":""},{"name":"Hiba","count":10,"weight":0,"dead_end":false,"group":5,"treasure":null,"fall":""},{"name":"Hiba","count":10,"weight":0,"dead_end":false,"group":5,"treasure":null,"fall":""},{"name":"Fuefuki","count":1,"weight":0,"dead_end":false,"group":1,"treasure":"doll","fall":""},{"name":"RedPom","count":1,"weight":0,"dead_end":false,"group":1,"treasure":null,"fall":""},{"name":"Mar","count":1,"weight":0,"dead_end":false,"group":1,"treasure":null,"fall":"$"},{"name":"Mar","count":1,"weight":0,"dead_end":false,"group":1,"treasure":null,"fall":"$2"},{"name":"HikariKinoko","count":14,"weight":0,"dead_end":false,"group":6,"treasure":null,"fall":""}],"treasures":[{"name":"key","count":1,"weight":0},{"name":"teala_dia_b","count":1,"weight":0},{"name":"yoyo_red","count":1,"weight":0},{"name":"teala_dia_a","count":1,"weight":0}],"gates":[]},{"name":"Sublevel 3 - Respect the Eggs","properties":{"unit":"3_MAT_castle3_medi.txt","max_rooms":3,"light":"palace_light.ini","music":"cavemetal_05_4.cnd","skybox":"medieval","corridor":0.1,"caps":50,"timer":0,"geyser":false,"clogged":false,"echo":0,"plane":false,"seesaw":false,"version":1,"max_entities":null,"max_trasures":null,"max_gates":null},"entities":[{"name":"Miulin","count":1,"weight":0,"dead_end":false,"group":0,"treasure":null,"fall":""},{"name":"Miulin","count":1,"weight":0,"dead_end":false,"group":0,"treasure":null,"fall":""},{"name":"Miulin","count":1,"weight":0,"dead_end":false,"group":1,"treasure":null,"fall":""},{"name":"Miulin","count":1,"weight":0,"dead_end":false,"group":1,"treasure":null,"fall":""},{"name":"Egg","count":1,"weight":0,"dead_end":false,"group":5,"treasure":"key","fall":""},{"name":"Egg","count":1,"weight":0,"dead_end":false,"group":5,"treasure":"key","fall":""},{"name":"Egg","count":1,"weight":0,"dead_end":false,"group":1,"treasure":"key","fall":"$"},{"name":"Egg","count":10,"weight":0,"dead_end":false,"group":0,"treasure":"key","fall":""},{"name":"Egg","count":4,"weight":0,"dead_end":false,"group":6,"treasure":"key","fall":""},{"name":"HikariKinoko","count":4,"weight":0,"dead_end":false,"group":6,"treasure":null,"fall":""},{"name":"Egg","count":4,"weight":0,"dead_end":false,"group":6,"treasure":"key","fall":""},{"name":"HikariKinoko","count":4,"weight":0,"dead_end":false,"group":6,"treasure":null,"fall":""},{"name":"Chappy","count":1,"weight":0,"dead_end":false,"group":1,"treasure":"medama_yaki","fall":"$5"},{"name":"BlueChappy","count":1,"weight":0,"dead_end":false,"group":1,"treasure":"medama_yaki","fall":"$5"},{"name":"Chappy","count":1,"weight":0,"dead_end":false,"group":1,"treasure":"medama_yaki","fall":"$5"},{"name":"BlueChappy","count":1,"weight":0,"dead_end":false,"group":1,"treasure":"medama_yaki","fall":"$5"},{"name":"Chappy","count":1,"weight":0,"dead_end":false,"group":1,"treasure":"medama_yaki","fall":"$5"},{"name":"BlueChappy","count":1,"weight":0,"dead_end":false,"group":1,"treasure":"medama_yaki","fall":"$5"}],"treasures":[{"name":"key","count":1,"weight":0},{"name":"medama_yaki","count":1,"weight":0},{"name":"medama_yaki","count":1,"weight":0}],"gates":[]},{"name":"Sublevel 4 - Task Manatlegs","properties":{"unit":"1_units_big2_kusachi.txt","max_rooms":1,"light":"battle_light.ini","music":"cavemetal_05_4.cnd","skybox":"wireframe","corridor":0.0,"caps":50,"timer":0,"geyser":false,"clogged":false,"echo":0,"plane":true,"seesaw":false,"version":1,"max_entities":null,"max_trasures":null,"max_gates":null},"entities":[{"name":"Houdai","count":1,"weight":0,"dead_end":false,"group":1,"treasure":"key","fall":""},{"name":"YellowPom","count":1,"weight":0,"dead_end":false,"group":5,"treasure":null,"fall":""},{"name":"ElecBug","count":5,"weight":0,"dead_end":false,"group":0,"treasure":null,"fall":""},{"name":"ElecBug","count":5,"weight":0,"dead_end":false,"group":0,"treasure":null,"fall":""},{"name":"ElecBug","count":5,"weight":0,"dead_end":false,"group":1,"treasure":null,"fall":""},{"name":"ElecBug","count":5,"weight":0,"dead_end":false,"group":5,"treasure":null,"fall":""},{"name":"ElecBug","count":5,"weight":0,"dead_end":false,"group":6,"treasure":null,"fall":""},{"name":"ElecBug","count":5,"weight":0,"dead_end":false,"group":6,"treasure":null,"fall":""}],"treasures":[{"name":"dia_c_red","count":1,"weight":0},{"name":"dia_c_red","count":1,"weight":0},{"name":"dia_c_red","count":1,"weight":0},{"name":"dia_c_red","count":1,"weight":0}],"gates":[]},{"name":"Sublevel 5 - haha wraith cars go brrr","properties":{"unit":"2_units_exterior2_medi.txt","max_rooms":2,"light":"palace_light.ini","music":"cavemetal_05_4.cnd","skybox":"build","corridor":0.5,"caps":50,"timer":0,"geyser":false,"clogged":false,"echo":0,"plane":false,"seesaw":false,"version":1,"max_entities":null,"max_trasures":null,"max_gates":null},"entities":[{"name":"UjiB","count":4,"weight":0,"dead_end":false,"group":6,"treasure":null,"fall":""},{"name":"UjiA","count":4,"weight":0,"dead_end":false,"group":6,"treasure":null,"fall":""},{"name":"UjiB","count":1,"weight":0,"dead_end":false,"group":5,"treasure":null,"fall":""},{"name":"UjiA","count":1,"weight":0,"dead_end":false,"group":5,"treasure":null,"fall":""},{"name":"HikariKinoko","count":8,"weight":0,"dead_end":false,"group":6,"treasure":null,"fall":""},{"name":"BlackMan","count":1,"weight":0,"dead_end":false,"group":1,"treasure":null,"fall":""},{"name":"BlackMan","count":1,"weight":0,"dead_end":false,"group":0,"treasure":null,"fall":""},{"name":"BlackPom","count":1,"weight":0,"dead_end":false,"group":5,"treasure":null,"fall":""}],"treasures":[{"name":"key","count":1,"weight":0},{"name":"sensya","count":1,"weight":0},{"name":"sensya","count":1,"weight":0},{"name":"sensya","count":1,"weight":0},{"name":"chess_queen_black","count":1,"weight":0},{"name":"chess_queen_black","count":1,"weight":0}],"gates":[]},{"name":"Sublevel 6 - Dinner party?","properties":{"unit":"2_units_exterior2_medi.txt","max_rooms":1,"light":"palace_light.ini","music":"cavemetal_05_4.cnd","skybox":"medieval","corridor":0.0,"caps":50,"timer":0,"geyser":false,"clogged":true,"echo":0,"plane":false,"seesaw":false,"version":1,"max_entities":null,"max_trasures":null,"max_gates":null},"entities":[{"name":"YellowChappy","count":1,"weight":0,"dead_end":false,"group":1,"treasure":"key","fall":""},{"name":"Miulin","count":1,"weight":0,"dead_end":false,"group":0,"treasure":null,"fall":""},{"name":"Kabuto","count":1,"weight":0,"dead_end":false,"group":0,"treasure":null,"fall":""},{"name":"FireOtakara","count":1,"weight":0,"dead_end":false,"group":0,"treasure":null,"fall":""},{"name":"YellowChappy","count":1,"weight":0,"dead_end":false,"group":1,"treasure":"dia_b_red","fall":""},{"name":"UjiB","count":1,"weight":0,"dead_end":false,"group":1,"treasure":null,"fall":""},{"name":"YellowChappy","count":1,"weight":0,"dead_end":false,"group":1,"treasure":"dia_c_green","fall":""},{"name":"MaroFrog","count":1,"weight":0,"dead_end":false,"group":5,"treasure":null,"fall":""},{"name":"MaroFrog","count":1,"weight":0,"dead_end":false,"group":5,"treasure":null,"fall":""},{"name":"Wtank","count":1,"weight":0,"dead_end":false,"group":0,"treasure":null,"fall":""},{"name":"Bomb","count":2,"weight":0,"dead_end":false,"group":5,"treasure":null,"fall":"$"},{"name":"Fuefuki","count":1,"weight":0,"dead_end":false,"group":5,"treasure":null,"fall":""}],"treasures":[{"name":"apple_blue","count":1,"weight":0},{"name":"dia_b_green","count":1,"weight":0},{"name":"futa_a_silver","count":1,"weight":0},{"name":"chess_queen_white","count":1,"weight":0}],"gates":[]},{"name":"Sublevel 7 - Fire Hall II","properties":{"unit":"1_units_nobo2_medi.txt","max_rooms":1,"light":"palace_light.ini","music":"cavemetal_05_4.cnd","skybox":"none","corridor":0.0,"caps":50,"timer":0,"geyser":false,"clogged":false,"echo":0,"plane":false,"seesaw":false,"version":1,"max_entities":null,"max_trasures":null,"max_gates":null},"entities":[{"name":"FireChappy","count":1,"weight":0,"dead_end":false,"group":1,"treasure":"key","fall":""},{"name":"Hiba","count":3,"weight":0,"dead_end":false,"group":0,"treasure":null,"fall":""},{"name":"Hiba","count":3,"weight":0,"dead_end":false,"group":0,"treasure":null,"fall":""},{"name":"Hiba","count":3,"weight":0,"dead_end":false,"group":0,"treasure":null,"fall":""},{"name":"Hiba","count":10,"weight":0,"dead_end":false,"group":5,"treasure":null,"fall":""},{"name":"Hiba","count":8,"weight":0,"dead_end":false,"group":6,"treasure":null,"fall":""},{"name":"Hiba","count":8,"weight":0,"dead_end":false,"group":6,"treasure":null,"fall":""},{"name":"Bomb","count":4,"weight":0,"dead_end":true,"group":0,"treasure":null,"fall":"$2"},{"name":"Hiba","count":3,"weight":0,"dead_end":false,"group":0,"treasure":null,"fall":""},{"name":"Hiba","count":3,"weight":0,"dead_end":false,"group":1,"treasure":null,"fall":""},{"name":"Hiba","count":3,"weight":0,"dead_end":false,"group":1,"treasure":null,"fall":""},{"name":"Hiba","count":3,"weight":0,"dead_end":false,"group":1,"treasure":null,"fall":""},{"name":"HikariKinoko","count":1,"weight":0,"dead_end":false,"group":0,"treasure":null,"fall":""},{"name":"HikariKinoko","count":1,"weight":0,"dead_end":false,"group":0,"treasure":null,"fall":""},{"name":"HikariKinoko","count":1,"weight":0,"dead_end":false,"group":0,"treasure":null,"fall":""},{"name":"HikariKinoko","count":1,"weight":0,"dead_end":false,"group":1,"treasure":null,"fall":""},{"name":"HikariKinoko","count":1,"weight":0,"dead_end":false,"group":1,"treasure":null,"fall":""}],"treasures":[{"name":"tape_blue","count":1,"weight":0},{"name":"suit_fire","count":1,"weight":0},{"name":"be_dama_red_l","count":1,"weight":0}],"gates":[]},{"name":"Sublevel 8 - Return to Entrance","properties":{"unit":"3_MAT_castle2_medi.txt","max_rooms":1,"light":"palace_light.ini","music":"new_06_0.cnd","skybox":"none","corridor":0.0,"caps":50,"timer":0,"geyser":false,"clogged":false,"echo":0,"plane":false,"seesaw":false,"version":1,"max_entities":null,"max_trasures":null,"max_gates":null},"entities":[{"name":"Miulin","count":1,"weight":0,"dead_end":false,"group":1,"treasure":"kan","fall":""},{"name":"RandPom","count":2,"weight":0,"dead_end":false,"group":5,"treasure":null,"fall":""},{"name":"Egg","count":1,"weight":0,"dead_end":true,"group":0,"treasure":null,"fall":"$5"},{"name":"Egg","count":1,"weight":0,"dead_end":true,"group":0,"treasure":null,"fall":"$5"},{"name":"Egg","count":1,"weight":0,"dead_end":false,"group":5,"treasure":null,"fall":"$5"},{"name":"Kogane","count":1,"weight":0,"dead_end":false,"group":0,"treasure":null,"fall":""},{"name":"ShijimiChou","count":1,"weight":0,"dead_end":false,"group":0,"treasure":null,"fall":""}],"treasures":[{"name":"key","count":1,"weight":0},{"name":"g_futa_sikoku","count":1,"weight":0},{"name":"dashboots","count":1,"weight":0},{"name":"dashboots","count":1,"weight":0}],"gates":[{"word":"gate","health":1000,"weight":1}]},{"name":"Sublevel 9 - Segmented Mauster","properties":{"unit":"1_units_tower_toy.txt","max_rooms":1,"light":"vs_10_light.ini","music":"cavemetal_05_4.cnd","skybox":"wireframe","corridor":0.0,"caps":50,"timer":0,"geyser":false,"clogged":false,"echo":0,"plane":true,"seesaw":false,"version":1,"max_entities":null,"max_trasures":null,"max_gates":null},"entities":[{"name":"DangoMushi","count":1,"weight":0,"dead_end":false,"group":8,"treasure":"key","fall":""},{"name":"Miulin","count":3,"weight":0,"dead_end":false,"group":5,"treasure":null,"fall":""},{"name":"Hiba","count":15,"weight":0,"dead_end":false,"group":6,"treasure":null,"fall":""},{"name":"YellowChappy","count":5,"weight":0,"dead_end":true,"group":0,"treasure":null,"fall":""},{"name":"Hiba","count":1,"weight":0,"dead_end":false,"group":1,"treasure":null,"fall":""},{"name":"Hiba","count":1,"weight":0,"dead_end":false,"group":1,"treasure":null,"fall":""},{"name":"Hiba","count":1,"weight":0,"dead_end":false,"group":1,"treasure":null,"fall":""},{"name":"Hiba","count":1,"weight":0,"dead_end":false,"group":1,"treasure":null,"fall":""},{"name":"Hiba","count":1,"weight":0,"dead_end":false,"group":1,"treasure":null,"fall":""},{"name":"Hiba","count":1,"weight":0,"dead_end":false,"group":1,"treasure":null,"fall":""},{"name":"UjiA","count":2,"weight":0,"dead_end":false,"group":0,"treasure":null,"fall":""},{"name":"UjiB","count":2,"weight":0,"dead_end":false,"group":0,"treasure":null,"fall":""},{"name":"UjiA","count":2,"weight":0,"dead_end":false,"group":0,"treasure":null,"fall":""},{"name":"UjiB","count":2,"weight":0,"dead_end":false,"group":0,"treasure":null,"fall":""}],"treasures":[{"name":"chocowhite","count":1,"weight":0},{"name":"chocowhite","count":1,"weight":0},{"name":"chocowhite","count":1,"weight":0}],"gates":[]},{"name":"Sublevel 10 - Annoying Puzzle Room","properties":{"unit":"2_units_pype4x4_sewer2.txt","max_rooms":3,"light":"palace_light.ini","music":"cavemetal_05_4.cnd","skybox":"medieval","corridor":0.1,"caps":50,"timer":60,"geyser":false,"clogged":true,"echo":0,"plane":false,"seesaw":false,"version":1,"max_entities":null,"max_trasures":null,"max_gates":null},"entities":[{"name":"BlackMan","count":1,"weight":0,"dead_end":false,"group":1,"treasure":null,"fall":""},{"name":"YellowChappy","count":1,"weight":0,"dead_end":false,"group":1,"treasure":null,"fall":""},{"name":"YellowChappy","count":1,"weight":0,"dead_end":false,"group":1,"treasure":null,"fall":""},{"name":"YellowChappy","count":1,"weight":0,"dead_end":false,"group":1,"treasure":null,"fall":""},{"name":"YellowChappy","count":1,"weight":0,"dead_end":false,"group":1,"treasure":null,"fall":""},{"name":"YellowChappy","count":1,"weight":0,"dead_end":false,"group":1,"treasure":null,"fall":""},{"name":"YellowChappy","count":1,"weight":0,"dead_end":false,"group":1,"treasure":"key","fall":""},{"name":"YellowChappy","count":1,"weight":0,"dead_end":false,"group":1,"treasure":null,"fall":""},{"name":"YellowChappy","count":1,"weight":0,"dead_end":false,"group":1,"treasure":null,"fall":""},{"name":"YellowChappy","count":1,"weight":0,"dead_end":false,"group":1,"treasure":null,"fall":""},{"name":"YellowChappy","count":1,"weight":0,"dead_end":false,"group":0,"treasure":null,"fall":""},{"name":"YellowChappy","count":1,"weight":0,"dead_end":false,"group":0,"treasure":null,"fall":""},{"name":"YellowChappy","count":1,"weight":0,"dead_end":false,"group":0,"treasure":null,"fall":""},{"name":"YellowChappy","count":1,"weight":0,"dead_end":false,"group":0,"treasure":null,"fall":""},{"name":"YellowChappy","count":1,"weight":0,"dead_end":false,"group":0,"treasure":null,"fall":""},{"name":"YellowChappy","count":1,"weight":0,"dead_end":false,"group":0,"treasure":null,"fall":""},{"name":"YellowChappy","count":1,"weight":0,"dead_end":false,"group":0,"treasure":null,"fall":""},{"name":"YellowChappy","count":1,"weight":0,"dead_end":false,"group":0,"treasure":null,"fall":""},{"name":"YellowChappy","count":1,"weight":0,"dead_end":false,"group":0,"treasure":null,"fall":""},{"name":"YellowChappy","count":1,"weight":0,"dead_end":false,"group":0,"treasure":null,"fall":""},{"name":"YellowChappy","count":1,"weight":0,"dead_end":false,"group":0,"treasure":null,"fall":""},{"name":"YellowChappy","count":1,"weight":0,"dead_end":false,"group":0,"treasure":null,"fall":""},{"name":"YellowChappy","count":1,"weight":0,"dead_end":false,"group":0,"treasure":null,"fall":""},{"name":"YellowChappy","count":1,"weight":0,"dead_end":false,"group":0,"treasure":null,"fall":""},{"name":"YellowChappy","count":1,"weight":0,"dead_end":false,"group":0,"treasure":null,"fall":""},{"name":"YellowChappy","count":1,"weight":0,"dead_end":false,"group":0,"treasure":null,"fall":""},{"name":"YellowChappy","count":1,"weight":0,"dead_end":false,"group":0,"treasure":null,"fall":""},{"name":"YellowChappy","count":1,"weight":0,"dead_end":false,"group":0,"treasure":null,"fall":""},{"name":"YellowChappy","count":1,"weight":0,"dead_end":false,"group":0,"treasure":null,"fall":""},{"name":"YellowChappy","count":1,"weight":0,"dead_end":false,"group":0,"treasure":null,"fall":""},{"name":"YellowChappy","count":1,"weight":0,"dead_end":false,"group":0,"treasure":null,"fall":""},{"name":"YellowChappy","count":1,"weight":0,"dead_end":false,"group":1,"treasure":null,"fall":""},{"name":"YellowChappy","count":1,"weight":0,"dead_end":false,"group":1,"treasure":null,"fall":""},{"name":"YellowChappy","count":1,"weight":0,"dead_end":false,"group":1,"treasure":null,"fall":""},{"name":"YellowChappy","count":1,"weight":0,"dead_end":false,"group":1,"treasure":null,"fall":""},{"name":"YellowChappy","count":1,"weight":0,"dead_end":false,"group":1,"treasure":null,"fall":""},{"name":"YellowChappy","count":1,"weight":0,"dead_end":false,"group":1,"treasure":null,"fall":""},{"name":"YellowChappy","count":1,"weight":0,"dead_end":false,"group":1,"treasure":null,"fall":""},{"name":"YellowChappy","count":1,"weight":0,"dead_end":false,"group":1,"treasure":null,"fall":""},{"name":"YellowChappy","count":1,"weight":0,"dead_end":false,"group":1,"treasure":null,"fall":""},{"name":"YellowChappy","count":1,"weight":0,"dead_end":false,"group":1,"treasure":null,"fall":""},{"name":"YellowChappy","count":1,"weight":0,"dead_end":false,"group":1,"treasure":null,"fall":""},{"name":"YellowChappy","count":1,"weight":0,"dead_end":false,"group":5,"treasure":null,"fall":""},{"name":"YellowChappy","count":1,"weight":0,"dead_end":false,"group":5,"treasure":null,"fall":""},{"name":"YellowChappy","count":1,"weight":0,"dead_end":false,"group":5,"treasure":null,"fall":""},{"name":"BluePom","count":1,"weight":0,"dead_end":false,"group":5,"treasure":null,"fall":""},{"name":"YellowChappy","count":1,"weight":0,"dead_end":false,"group":5,"treasure":null,"fall":""},{"name":"YellowChappy","count":1,"weight":0,"dead_end":false,"group":5,"treasure":null,"fall":""},{"name":"YellowChappy","count":1,"weight":0,"dead_end":false,"group":5,"treasure":null,"fall":""}],"treasures":[{"name":"futa_a_gold","count":1,"weight":0},{"name":"otama","count":1,"weight":0},{"name":"toy_lady","count":1,"weight":0},{"name":"kan_b_silver","count":1,"weight":0}],"gates":[]},{"name":"Sublevel 11 - More Respeggt","properties":{"unit":"3_MAT_castle_medi.txt","max_rooms":3,"light":"palace_light.ini","music":"cavemetal_05_4.cnd","skybox":"build","corridor":0.25,"caps":50,"timer":0,"geyser":false,"clogged":false,"echo":0,"plane":false,"seesaw":false,"version":1,"max_entities":null,"max_trasures":null,"max_gates":null},"entities":[{"name":"YellowChappy","count":1,"weight":0,"dead_end":false,"group":1,"treasure":null,"fall":"$"},{"name":"YellowChappy","count":1,"weight":0,"dead_end":false,"group":1,"treasure":null,"fall":"$"},{"name":"YellowChappy","count":1,"weight":0,"dead_end":false,"group":1,"treasure":"silver_medal","fall":"$"},{"name":"YellowChappy","count":1,"weight":0,"dead_end":false,"group":1,"treasure":null,"fall":"$"},{"name":"Miulin","count":1,"weight":0,"dead_end":false,"group":1,"treasure":null,"fall":""},{"name":"Miulin","count":1,"weight":0,"dead_end":false,"group":1,"treasure":null,"fall":""},{"name":"Miulin","count":1,"weight":0,"dead_end":false,"group":1,"treasure":null,"fall":""},{"name":"Qurione","count":1,"weight":0,"dead_end":false,"group":6,"treasure":null,"fall":""},{"name":"Qurione","count":1,"weight":0,"dead_end":false,"group":6,"treasure":null,"fall":""},{"name":"Qurione","count":1,"weight":0,"dead_end":false,"group":6,"treasure":null,"fall":""},{"name":"Qurione","count":1,"weight":0,"dead_end":false,"group":6,"treasure":null,"fall":""},{"name":"HikariKinoko","count":16,"weight":0,"dead_end":false,"group":6,"treasure":null,"fall":""},{"name":"Hiba","count":10,"weight":0,"dead_end":false,"group":5,"treasure":null,"fall":""},{"name":"Tank","count":1,"weight":0,"dead_end":false,"group":0,"treasure":null,"fall":""},{"name":"Tank","count":1,"weight":0,"dead_end":false,"group":0,"treasure":null,"fall":""},{"name":"KumaChappy","count":1,"weight":0,"dead_end":false,"group":0,"treasure":"medama_yaki","fall":"$5"},{"name":"KumaChappy","count":1,"weight":0,"dead_end":false,"group":0,"treasure":"medama_yaki","fall":"$5"},{"name":"KumaChappy","count":1,"weight":0,"dead_end":false,"group":0,"treasure":"medama_yaki","fall":"$5"}],"treasures":[{"name":"key","count":1,"weight":0},{"name":"suit_powerup","count":1,"weight":0},{"name":"sensya","count":1,"weight":0},{"name":"be_dama_blue_l","count":1,"weight":0},{"name":"chocolate","count":1,"weight":0}],"gates":[]},{"name":"Sublevel 12 - No problem here","properties":{"unit":"2_units_exterior_medi.txt","max_rooms":4,"light":"normal_light_lv0.ini","music":"cavemetal_05_4.cnd","skybox":"none","corridor":0.3,"caps":50,"timer":0,"geyser":false,"clogged":false,"echo":0,"plane":false,"seesaw":false,"version":1,"max_entities":null,"max_trasures":null,"max_gates":null},"entities":[{"name":"Miulin","count":3,"weight":0,"dead_end":false,"group":1,"treasure":null,"fall":""},{"name":"Kurage","count":1,"weight":0,"dead_end":false,"group":0,"treasure":null,"fall":""},{"name":"Kogane","count":1,"weight":0,"dead_end":false,"group":0,"treasure":null,"fall":""},{"name":"HikariKinoko","count":8,"weight":0,"dead_end":false,"group":6,"treasure":null,"fall":""},{"name":"HikariKinoko","count":8,"weight":0,"dead_end":false,"group":6,"treasure":null,"fall":""},{"name":"RandPom","count":1,"weight":0,"dead_end":false,"group":5,"treasure":null,"fall":""},{"name":"Kogane","count":1,"weight":0,"dead_end":false,"group":5,"treasure":null,"fall":""}],"treasures":[{"name":"key","count":1,"weight":0},{"name":"creap","count":1,"weight":0},{"name":"toy_teala","count":1,"weight":0}],"gates":[{"word":"gate","health":1000,"weight":1},{"word":"gate","health":1000,"weight":1}]},{"name":"Sublevel 13 - \"Lake\" of \"Acid\"","properties":{"unit":"1_units_pool_tile.txt","max_rooms":2,"light":"acid_light.ini","music":"new_01_0.cnd","skybox":"none","corridor":0.15,"caps":50,"timer":0,"geyser":false,"clogged":true,"echo":0,"plane":false,"seesaw":false,"version":1,"max_entities":null,"max_trasures":null,"max_gates":null},"entities":[{"name":"WaterOtakara","count":2,"weight":0,"dead_end":false,"group":0,"treasure":null,"fall":""},{"name":"WaterOtakara","count":2,"weight":0,"dead_end":false,"group":0,"treasure":null,"fall":""},{"name":"WaterOtakara","count":2,"weight":0,"dead_end":false,"group":0,"treasure":null,"fall":""},{"name":"Fkabuto","count":1,"weight":0,"dead_end":false,"group":1,"treasure":"key","fall":""},{"name":"Fkabuto","count":1,"weight":0,"dead_end":false,"group":1,"treasure":null,"fall":""},{"name":"Sarai","count":1,"weight":0,"dead_end":false,"group":1,"treasure":null,"fall":""},{"name":"Sarai","count":1,"weight":0,"dead_end":false,"group":1,"treasure":null,"fall":""},{"name":"Demon","count":1,"weight":0,"dead_end":false,"group":1,"treasure":null,"fall":""},{"name":"Sarai","count":1,"weight":0,"dead_end":false,"group":1,"treasure":null,"fall":""},{"name":"Demon","count":1,"weight":0,"dead_end":false,"group":1,"treasure":null,"fall":""},{"name":"BluePom","count":1,"weight":0,"dead_end":false,"group":5,"treasure":null,"fall":""},{"name":"Jigumo","count":1,"weight":0,"dead_end":false,"group":5,"treasure":null,"fall":""},{"name":"Jigumo","count":1,"weight":0,"dead_end":false,"group":5,"treasure":null,"fall":""},{"name":"Jigumo","count":1,"weight":0,"dead_end":false,"group":5,"treasure":null,"fall":""},{"name":"BluePom","count":1,"weight":0,"dead_end":false,"group":5,"treasure":null,"fall":""},{"name":"Jigumo","count":1,"weight":0,"dead_end":false,"group":5,"treasure":null,"fall":""}],"treasures":[{"name":"j_block_red","count":1,"weight":0},{"name":"j_block_blue","count":1,"weight":0},{"name":"j_block_red","count":1,"weight":0},{"name":"j_block_blue","count":1,"weight":0},{"name":"leaf_normal","count":1,"weight":0},{"name":"fue_a","count":1,"weight":0}],"gates":[]},{"name":"Sublevel 14 - \"More\" \"Acid\"","properties":{"unit":"3_units_d_f_ujikou_tile.txt","max_rooms":3,"light":"acid_light.ini","music":"new_01_0.cnd","skybox":"medieval","corridor":0.0,"caps":50,"timer":0,"geyser":false,"clogged":true,"echo":0,"plane":false,"seesaw":false,"version":1,"max_entities":null,"max_trasures":null,"max_gates":null},"entities":[{"name":"BluePom","count":1,"weight":0,"dead_end":false,"group":5,"treasure":null,"fall":""},{"name":"SnakeCrow","count":1,"weight":0,"dead_end":false,"group":1,"treasure":"key","fall":""},{"name":"SnakeCrow","count":1,"weight":0,"dead_end":false,"group":1,"treasure":"kouseki_suisyou","fall":""},{"name":"Miulin","count":1,"weight":0,"dead_end":false,"group":1,"treasure":null,"fall":""},{"name":"Kochappy","count":3,"weight":0,"dead_end":false,"group":0,"treasure":null,"fall":""},{"name":"YellowKochappy","count":3,"weight":0,"dead_end":false,"group":0,"treasure":null,"fall":""},{"name":"Kochappy","count":3,"weight":0,"dead_end":false,"group":0,"treasure":null,"fall":""},{"name":"YellowKochappy","count":3,"weight":0,"dead_end":false,"group":0,"treasure":null,"fall":""},{"name":"Kochappy","count":3,"weight":0,"dead_end":false,"group":0,"treasure":null,"fall":""},{"name":"YellowKochappy","count":3,"weight":0,"dead_end":false,"group":0,"treasure":null,"fall":""},{"name":"UjiB","count":4,"weight":0,"dead_end":false,"group":5,"treasure":null,"fall":""},{"name":"UjiA","count":5,"weight":0,"dead_end":false,"group":5,"treasure":null,"fall":""},{"name":"Egg","count":3,"weight":0,"dead_end":true,"group":0,"treasure":"key","fall":"$"}],"treasures":[{"name":"j_block_blue","count":1,"weight":0},{"name":"j_block_blue","count":1,"weight":0},{"name":"j_block_blue","count":1,"weight":0},{"name":"j_block_red","count":1,"weight":0},{"name":"j_block_red","count":1,"weight":0},{"name":"j_block_red","count":1,"weight":0}],"gates":[]},{"name":"Sublevel 15 - Rouxls Breaad","properties":{"unit":"2_units_north_pool_tile.txt","max_rooms":2,"light":"acid_light.ini","music":"cavetsumiki_00_0.cnd","skybox":"medieval","corridor":0.0,"caps":50,"timer":0,"geyser":false,"clogged":false,"echo":0,"plane":false,"seesaw":false,"version":1,"max_entities":null,"max_trasures":null,"max_gates":null},"entities":[{"name":"OoPanModoki","count":1,"weight":0,"dead_end":false,"group":0,"treasure":"key","fall":""},{"name":"FminiHoudai","count":1,"weight":0,"dead_end":false,"group":1,"treasure":"ahiru","fall":""},{"name":"Tank","count":1,"weight":0,"dead_end":false,"group":0,"treasure":null,"fall":""},{"name":"Tank","count":1,"weight":0,"dead_end":false,"group":0,"treasure":null,"fall":""},{"name":"Tank","count":1,"weight":0,"dead_end":false,"group":0,"treasure":null,"fall":""},{"name":"OniKurage","count":1,"weight":0,"dead_end":false,"group":1,"treasure":"turi_uki","fall":"$"},{"name":"OniKurage","count":1,"weight":0,"dead_end":false,"group":1,"treasure":"bolt","fall":"$"},{"name":"OniKurage","count":1,"weight":0,"dead_end":false,"group":1,"treasure":"g_futa_kyusyu","fall":"$"}],"treasures":[{"name":"j_block_red","count":1,"weight":0},{"name":"j_block_blue","count":1,"weight":0},{"name":"j_block_white","count":1,"weight":0},{"name":"j_block_white","count":1,"weight":0},{"name":"j_block_white","count":1,"weight":0},{"name":"j_block_white","count":1,"weight":0}],"gates":[]},{"name":"Sublevel 16 - Roof I","properties":{"unit":"2_units_exterior_medi.txt","max_rooms":5,"light":"houdai_light.ini","music":"new_00_0.cnd","skybox":"medieval","corridor":0.0,"caps":50,"timer":0,"geyser":false,"clogged":false,"echo":0,"plane":false,"seesaw":false,"version":1,"max_entities":null,"max_trasures":null,"max_gates":null},"entities":[{"name":"Miulin","count":1,"weight":0,"dead_end":false,"group":1,"treasure":"j_block_green","fall":""},{"name":"HikariKinoko","count":15,"weight":0,"dead_end":false,"group":6,"treasure":null,"fall":""},{"name":"HikariKinoko","count":15,"weight":0,"dead_end":false,"group":6,"treasure":null,"fall":""},{"name":"HikariKinoko","count":1,"weight":0,"dead_end":false,"group":0,"treasure":null,"fall":""},{"name":"HikariKinoko","count":1,"weight":0,"dead_end":false,"group":0,"treasure":null,"fall":""},{"name":"HikariKinoko","count":1,"weight":0,"dead_end":false,"group":0,"treasure":null,"fall":""},{"name":"HikariKinoko","count":1,"weight":0,"dead_end":false,"group":0,"treasure":null,"fall":""},{"name":"Fuefuki","count":1,"weight":0,"dead_end":false,"group":1,"treasure":null,"fall":""},{"name":"Fuefuki","count":1,"weight":0,"dead_end":false,"group":1,"treasure":null,"fall":""},{"name":"HikariKinoko","count":1,"weight":0,"dead_end":false,"group":1,"treasure":null,"fall":""},{"name":"HikariKinoko","count":1,"weight":0,"dead_end":false,"group":1,"treasure":null,"fall":""},{"name":"HikariKinoko","count":1,"weight":0,"dead_end":false,"group":1,"treasure":null,"fall":""},{"name":"HikariKinoko","count":1,"weight":0,"dead_end":false,"group":1,"treasure":null,"fall":""},{"name":"HikariKinoko","count":8,"weight":0,"dead_end":false,"group":5,"treasure":null,"fall":""}],"treasures":[{"name":"key","count":1,"weight":0}],"gates":[]},{"name":"Sublevel 17 - Return to Entrance... again","properties":{"unit":"3_MAT_castle2_medi.txt","max_rooms":1,"light":"palace_light.ini","music":"new_06_0.cnd","skybox":"none","corridor":0.0,"caps":50,"timer":0,"geyser":false,"clogged":false,"echo":0,"plane":false,"seesaw":false,"version":1,"max_entities":null,"max_trasures":null,"max_gates":null},"entities":[{"name":"Miulin","count":1,"weight":0,"dead_end":false,"group":1,"treasure":"kan","fall":""},{"name":"RandPom","count":2,"weight":0,"dead_end":false,"group":5,"treasure":null,"fall":""},{"name":"Egg","count":1,"weight":0,"dead_end":true,"group":0,"treasure":null,"fall":"$5"},{"name":"Egg","count":1,"weight":0,"dead_end":true,"group":0,"treasure":null,"fall":"$5"},{"name":"Egg","count":1,"weight":0,"dead_end":false,"group":5,"treasure":null,"fall":"$5"},{"name":"Wealthy","count":1,"weight":0,"dead_end":false,"group":0,"treasure":null,"fall":""},{"name":"Fart","count":1,"weight":0,"dead_end":false,"group":0,"treasure":null,"fall":""},{"name":"ShijimiChou","count":1,"weight":0,"dead_end":false,"group":0,"treasure":null,"fall":""}],"treasures":[{"name":"key","count":1,"weight":0},{"name":"g_futa_sikoku","count":1,"weight":0},{"name":"dashboots","count":1,"weight":0},{"name":"dashboots","count":1,"weight":0}],"gates":[]},{"name":"Sublevel 18 - Roof II - Wireated Snagret","properties":{"unit":"1_units_nobo2_medi.txt","max_rooms":1,"light":"houdai_light.ini","music":"new_00_0.cnd","skybox":"wireframe2","corridor":0.0,"caps":50,"timer":0,"geyser":false,"clogged":false,"echo":0,"plane":true,"seesaw":false,"version":1,"max_entities":null,"max_trasures":null,"max_gates":null},"entities":[{"name":"SnakeWhole","count":1,"weight":0,"dead_end":false,"group":1,"treasure":"donutsichigo_s","fall":""},{"name":"HikariKinoko","count":1,"weight":0,"dead_end":false,"group":0,"treasure":null,"fall":""},{"name":"HikariKinoko","count":1,"weight":0,"dead_end":false,"group":0,"treasure":null,"fall":""},{"name":"HikariKinoko","count":1,"weight":0,"dead_end":false,"group":0,"treasure":null,"fall":""},{"name":"HikariKinoko","count":1,"weight":0,"dead_end":false,"group":0,"treasure":null,"fall":""},{"name":"HikariKinoko","count":1,"weight":0,"dead_end":false,"group":0,"treasure":null,"fall":""},{"name":"HikariKinoko","count":1,"weight":0,"dead_end":false,"group":0,"treasure":null,"fall":""},{"name":"HikariKinoko","count":1,"weight":0,"dead_end":false,"group":1,"treasure":null,"fall":""},{"name":"HikariKinoko","count":1,"weight":0,"dead_end":false,"group":1,"treasure":null,"fall":""},{"name":"HikariKinoko","count":1,"weight":0,"dead_end":false,"group":1,"treasure":null,"fall":""},{"name":"HikariKinoko","count":1,"weight":0,"dead_end":false,"group":1,"treasure":null,"fall":""},{"name":"HikariKinoko","count":6,"weight":0,"dead_end":false,"group":5,"treasure":null,"fall":""},{"name":"HikariKinoko","count":13,"weight":0,"dead_end":false,"group":6,"treasure":null,"fall":""}],"treasures":[{"name":"key","count":1,"weight":0}],"gates":[]},{"name":"Sublevel 19 - Holiday","properties":{"unit":"1_units_mid2_ice.txt","max_rooms":3,"light":"suityu_light_lv4.ini","music":"new_00_0.cnd","skybox":"none","corridor":0.05,"caps":50,"timer":0,"geyser":false,"clogged":false,"echo":0,"plane":false,"seesaw":false,"version":1,"max_entities":null,"max_trasures":null,"max_gates":null},"entities":[],"treasures":[{"name":"key","count":1,"weight":0},{"name":"chess_king_black","count":1,"weight":0},{"name":"toy_ring_c_red","count":1,"weight":0},{"name":"bell_red","count":1,"weight":0},{"name":"bell_yellow","count":1,"weight":0},{"name":"toy_ring_c_green","count":1,"weight":0},{"name":"Xmas_item","count":1,"weight":0},{"name":"toy_ring_c_blue","count":1,"weight":0}],"gates":[]},{"name":"Sublevel 20 - Roof III","properties":{"unit":"2_units_exterior_medi.txt","max_rooms":7,"light":"houdai_light.ini","music":"new_00_0.cnd","skybox":"medieval","corridor":0.1,"caps":50,"timer":0,"geyser":false,"clogged":true,"echo":0,"plane":false,"seesaw":false,"version":1,"max_entities":null,"max_trasures":null,"max_gates":null},"entities":[{"name":"ElecHiba","count":5,"weight":0,"dead_end":false,"group":5,"treasure":null,"fall":""},{"name":"YellowPom","count":1,"weight":0,"dead_end":false,"group":5,"treasure":null,"fall":""},{"name":"ElecHiba","count":5,"weight":0,"dead_end":false,"group":5,"treasure":null,"fall":""},{"name":"ElecOtakara","count":1,"weight":0,"dead_end":false,"group":0,"treasure":null,"fall":""},{"name":"ElecOtakara","count":1,"weight":0,"dead_end":false,"group":0,"treasure":null,"fall":""},{"name":"ElecOtakara","count":1,"weight":0,"dead_end":false,"group":0,"treasure":null,"fall":""},{"name":"ElecOtakara","count":1,"weight":0,"dead_end":false,"group":0,"treasure":null,"fall":""},{"name":"ElecOtakara","count":1,"weight":0,"dead_end":false,"group":1,"treasure":null,"fall":""},{"name":"ElecOtakara","count":1,"weight":0,"dead_end":false,"group":1,"treasure":null,"fall":""},{"name":"ElecOtakara","count":1,"weight":0,"dead_end":false,"group":1,"treasure":null,"fall":""}],"treasures":[{"name":"key","count":1,"weight":0},{"name":"nut","count":1,"weight":0},{"name":"nut_l","count":1,"weight":0},{"name":"sinkukan","count":1,"weight":0},{"name":"sinkukan_b","count":1,"weight":0},{"name":"sinkukan_c","count":1,"weight":0}],"gates":[]},{"name":"Sublevel 21 - Queen","properties":{"unit":"1_units_dangomushi_medi.txt","max_rooms":1,"light":"sniper_light_lv0.ini","music":"new_00_0.cnd","skybox":"medieval","corridor":0.0,"caps":50,"timer":0,"geyser":false,"clogged":false,"echo":0,"plane":false,"seesaw":false,"version":1,"max_entities":null,"max_trasures":null,"max_gates":null},"entities":[{"name":"BigTreasure","count":1,"weight":0,"dead_end":false,"group":0,"treasure":"gold_medal","fall":""},{"name":"Queen","count":1,"weight":0,"dead_end":false,"group":1,"treasure":"key","fall":""},{"name":"RandPom","count":1,"weight":0,"dead_end":false,"group":8,"treasure":null,"fall":"$3"}],"treasures":[{"name":"bane","count":1,"weight":0}],"gates":[]}],"content":null}