{"sublevels":[{"name":"Sublevel 1","properties":{"unit":"3_units_f_g_m_conc.txt","max_rooms":7,"light":"houdai_light.ini","music":"caveconc_10_0.cnd","skybox":"none","corridor":0.4,"caps":50,"timer":8,"geyser":false,"clogged":false,"echo":0,"plane":false,"seesaw":false,"version":1,"max_entities":null,"max_trasures":null,"max_gates":null},"entities":[{"name":"BlackMan","count":1,"weight":0,"dead_end":false,"group":1,"treasure":null,"fall":""},{"name":"BlackMan","count":1,"weight":0,"dead_end":false,"group":0,"treasure":null,"fall":""},{"name":"BlackMan","count":1,"weight":0,"dead_end":true,"group":0,"treasure":null,"fall":""}],"treasures":[{"name":"key","count":1,"weight":0},{"name":"denchi_1_black","count":1,"weight":0},{"name":"diamond_green","count":1,"weight":0},{"name":"chess_queen_black","count":1,"weight":0},{"name":"g_futa_kitaama","count":1,"weight":0},{"name":"chocowhite","count":1,"weight":0}],"gates":[]}],"content":null}