{"sublevels":[{"name":"Sublevel 1 - The Icy Dark Entrance","properties":{"unit":"3_MAT_hit2_hit3_blk1_snow.txt","max_rooms":4,"light":"forest_2_siro_light.ini","music":"new_06_0.cnd","skybox":"none","corridor":0.3,"caps":50,"timer":0,"geyser":false,"clogged":true,"echo":0,"plane":false,"seesaw":false,"version":1,"max_entities":null,"max_trasures":null,"max_gates":null},"entities":[{"name":"UjiB","count":3,"weight":0,"dead_end":false,"group":1,"treasure":"cookie","fall":""},{"name":"UjiB","count":3,"weight":0,"dead_end":false,"group":1,"treasure":"cookie","fall":""},{"name":"DaiodoRed","count":20,"weight":0,"dead_end":false,"group":6,"treasure":null,"fall":""},{"name":"DaiodoGreen","count":20,"weight":0,"dead_end":false,"group":6,"treasure":null,"fall":""},{"name":"YellowKochappy","count":4,"weight":0,"dead_end":false,"group":0,"treasure":"chocoichigo","fall":""},{"name":"YellowKochappy","count":4,"weight":0,"dead_end":false,"group":0,"treasure":"chocoichigo","fall":""},{"name":"YellowChappy","count":1,"weight":0,"dead_end":false,"group":1,"treasure":"key","fall":""},{"name":"KumaKochappy","count":3,"weight":0,"dead_end":false,"group":5,"treasure":"donguri","fall":""},{"name":"KumaKochappy","count":3,"weight":0,"dead_end":false,"group":5,"treasure":"donguri","fall":""},{"name":"Fuefuki","count":1,"weight":0,"dead_end":false,"group":1,"treasure":"matu_bokkuri","fall":""},{"name":"Fuefuki","count":1,"weight":0,"dead_end":false,"group":1,"treasure":"matu_bokkuri","fall":""},{"name":"YellowChappy","count":1,"weight":0,"dead_end":false,"group":1,"treasure":"be_dama_yellow","fall":""},{"name":"YellowChappy","count":1,"weight":0,"dead_end":false,"group":1,"treasure":"be_dama_yellow","fall":""},{"name":"Hiba","count":10,"weight":0,"dead_end":false,"group":1,"treasure":null,"fall":""},{"name":"HikariKinoko","count":20,"weight":0,"dead_end":false,"group":5,"treasure":null,"fall":""},{"name":"Hiba","count":10,"weight":0,"dead_end":false,"group":5,"treasure":null,"fall":""},{"name":"KumaChappy","count":1,"weight":0,"dead_end":false,"group":0,"treasure":"bolt_l","fall":""},{"name":"Kurage","count":1,"weight":0,"dead_end":false,"group":0,"treasure":"cookie_u","fall":""},{"name":"Kurage","count":1,"weight":0,"dead_end":false,"group":0,"treasure":"cookie_u","fall":""},{"name":"Demon","count":1,"weight":0,"dead_end":false,"group":0,"treasure":"cookie_s","fall":"$2"},{"name":"Demon","count":1,"weight":0,"dead_end":false,"group":0,"treasure":"cookie_s","fall":"$2"},{"name":"RandPom","count":1,"weight":0,"dead_end":true,"group":0,"treasure":null,"fall":""}],"treasures":[],"gates":[]},{"name":"Sublevel 2 - The Metalworld Protectors","properties":{"unit":"1_units_purple_snow.txt","max_rooms":1,"light":"forest_2_siro_light.ini","music":"new_00_0.cnd","skybox":"none","corridor":0.1,"caps":50,"timer":0,"geyser":false,"clogged":false,"echo":0,"plane":false,"seesaw":false,"version":1,"max_entities":null,"max_trasures":null,"max_gates":null},"entities":[{"name":"Fkabuto","count":1,"weight":0,"dead_end":false,"group":8,"treasure":"creap","fall":""},{"name":"Fkabuto","count":1,"weight":0,"dead_end":false,"group":8,"treasure":"creap","fall":""},{"name":"Fkabuto","count":1,"weight":0,"dead_end":false,"group":8,"treasure":"creap","fall":""},{"name":"BigFoot","count":1,"weight":0,"dead_end":false,"group":1,"treasure":"key","fall":""},{"name":"ElecHiba","count":6,"weight":0,"dead_end":false,"group":6,"treasure":null,"fall":""},{"name":"DaiodoRed","count":6,"weight":0,"dead_end":false,"group":6,"treasure":null,"fall":""},{"name":"SnakeCrow","count":1,"weight":0,"dead_end":false,"group":0,"treasure":"yoyo_blue","fall":""},{"name":"SnakeCrow","count":1,"weight":0,"dead_end":false,"group":0,"treasure":"yoyo_blue","fall":""},{"name":"Mar","count":1,"weight":0,"dead_end":false,"group":1,"treasure":"cookie_s_l","fall":""},{"name":"BlueChappy","count":4,"weight":0,"dead_end":false,"group":0,"treasure":"cookie_m_l","fall":""}],"treasures":[],"gates":[{"word":"gate","health":7000,"weight":1},{"word":"gate","health":7000,"weight":1},{"word":"gate","health":7000,"weight":1},{"word":"gate","health":7000,"weight":1},{"word":"gate","health":7000,"weight":1},{"word":"gate","health":7000,"weight":1},{"word":"gate","health":7000,"weight":1},{"word":"gate","health":7000,"weight":1},{"word":"gate","health":7000,"weight":1},{"word":"gate","health":7000,"weight":1},{"word":"gate","health":7000,"weight":1}]},{"name":"Sublevel 3 - The 3 Twins minions","properties":{"unit":"2_MAT_h335_h447_metal.txt","max_rooms":4,"light":"suityu_light_lv4.ini","music":"cavemetal_10_3.cnd","skybox":"build","corridor":0.25,"caps":50,"timer":0,"geyser":false,"clogged":true,"echo":0,"plane":true,"seesaw":false,"version":1,"max_entities":null,"max_trasures":null,"max_gates":null},"entities":[{"name":"GasHiba","count":10,"weight":0,"dead_end":false,"group":5,"treasure":null,"fall":""},{"name":"Hiba","count":10,"weight":0,"dead_end":false,"group":5,"treasure":null,"fall":""},{"name":"GasHiba","count":15,"weight":0,"dead_end":false,"group":6,"treasure":null,"fall":""},{"name":"BlueKochappy","count":3,"weight":0,"dead_end":false,"group":0,"treasure":"flower_red","fall":""},{"name":"BlueKochappy","count":3,"weight":0,"dead_end":false,"group":1,"treasure":"flower_red","fall":""},{"name":"Chappy","count":1,"weight":0,"dead_end":false,"group":0,"treasure":"key","fall":""},{"name":"Tank","count":1,"weight":0,"dead_end":false,"group":0,"treasure":"kan_b_gold","fall":"$2"},{"name":"Tank","count":1,"weight":0,"dead_end":false,"group":0,"treasure":"kan_b_gold","fall":"$2"},{"name":"Tank","count":1,"weight":0,"dead_end":false,"group":0,"treasure":"kan_b_gold","fall":"$2"},{"name":"Wtank","count":1,"weight":0,"dead_end":false,"group":1,"treasure":"bane_red","fall":""},{"name":"Wtank","count":1,"weight":0,"dead_end":false,"group":1,"treasure":"bane_red","fall":""},{"name":"Wtank","count":1,"weight":0,"dead_end":false,"group":1,"treasure":"bane_red","fall":""},{"name":"WaterOtakara","count":2,"weight":0,"dead_end":false,"group":0,"treasure":"momiji_normal","fall":""},{"name":"WaterOtakara","count":2,"weight":0,"dead_end":false,"group":0,"treasure":"momiji_normal","fall":""},{"name":"Demon","count":2,"weight":0,"dead_end":false,"group":1,"treasure":"bird_hane","fall":""},{"name":"Demon","count":2,"weight":0,"dead_end":false,"group":1,"treasure":"bird_hane","fall":""},{"name":"Chappy","count":1,"weight":0,"dead_end":false,"group":0,"treasure":"futa_a_gold","fall":""},{"name":"Chappy","count":1,"weight":0,"dead_end":false,"group":0,"treasure":"futa_a_gold","fall":""},{"name":"Damagumo","count":1,"weight":0,"dead_end":false,"group":0,"treasure":"be_dama_blue_l","fall":""},{"name":"FminiHoudai","count":1,"weight":0,"dead_end":false,"group":6,"treasure":"be_dama_red_l","fall":""},{"name":"BombSarai","count":3,"weight":0,"dead_end":false,"group":6,"treasure":"wadou_kaichin","fall":""},{"name":"RandPom","count":1,"weight":0,"dead_end":true,"group":0,"treasure":null,"fall":""}],"treasures":[],"gates":[]},{"name":"Sublevel 4 - The Watcher's warriors","properties":{"unit":"5_units_mid2_cent_hit4_hit5_nor2_metal.txt","max_rooms":5,"light":"toy_light_lv0.ini","music":"cavemetal_00_4.cnd","skybox":"none","corridor":0.05,"caps":50,"timer":0,"geyser":false,"clogged":false,"echo":0,"plane":false,"seesaw":false,"version":1,"max_entities":null,"max_trasures":null,"max_gates":null},"entities":[{"name":"Rock","count":20,"weight":0,"dead_end":false,"group":6,"treasure":null,"fall":""},{"name":"UmiMushiBlind","count":1,"weight":0,"dead_end":false,"group":0,"treasure":"key","fall":""},{"name":"UmiMushiBlind","count":1,"weight":0,"dead_end":false,"group":0,"treasure":"cookie_u_l","fall":""},{"name":"UmiMushiBlind","count":1,"weight":0,"dead_end":false,"group":0,"treasure":"cookie_u_l","fall":""},{"name":"Egg","count":1,"weight":0,"dead_end":true,"group":0,"treasure":null,"fall":""},{"name":"Egg","count":1,"weight":0,"dead_end":true,"group":0,"treasure":null,"fall":""},{"name":"Hanachirashi","count":1,"weight":0,"dead_end":false,"group":5,"treasure":"apple_blue","fall":""},{"name":"Hanachirashi","count":1,"weight":0,"dead_end":false,"group":5,"treasure":"apple_blue","fall":""},{"name":"Hanachirashi","count":1,"weight":0,"dead_end":false,"group":5,"treasure":"apple_blue","fall":""},{"name":"Hiba","count":25,"weight":0,"dead_end":false,"group":5,"treasure":null,"fall":""},{"name":"Kochappy","count":8,"weight":0,"dead_end":false,"group":0,"treasure":"flower_blue","fall":""},{"name":"Fuefuki","count":1,"weight":0,"dead_end":false,"group":1,"treasure":"dia_b_red","fall":""},{"name":"Fuefuki","count":1,"weight":0,"dead_end":false,"group":1,"treasure":"dia_b_red","fall":""},{"name":"Fuefuki","count":1,"weight":0,"dead_end":false,"group":1,"treasure":"dia_b_red","fall":""},{"name":"ElecBug","count":7,"weight":0,"dead_end":false,"group":1,"treasure":"chocolate","fall":""},{"name":"Hiba","count":10,"weight":0,"dead_end":false,"group":1,"treasure":null,"fall":""},{"name":"ElecBug","count":7,"weight":0,"dead_end":false,"group":6,"treasure":"chocowhite","fall":""},{"name":"Frog","count":1,"weight":0,"dead_end":false,"group":0,"treasure":"locket","fall":""},{"name":"Frog","count":1,"weight":0,"dead_end":false,"group":0,"treasure":"locket","fall":""},{"name":"Frog","count":1,"weight":0,"dead_end":false,"group":0,"treasure":"locket","fall":""},{"name":"Frog","count":1,"weight":0,"dead_end":false,"group":0,"treasure":"locket","fall":""},{"name":"RandPom","count":1,"weight":0,"dead_end":true,"group":0,"treasure":null,"fall":""}],"treasures":[],"gates":[{"word":"gate","health":4000,"weight":1},{"word":"gate","health":4000,"weight":1},{"word":"gate","health":4000,"weight":1},{"word":"gate","health":4000,"weight":1},{"word":"gate","health":4000,"weight":1},{"word":"gate","health":4000,"weight":1},{"word":"gate","health":4000,"weight":1},{"word":"gate","health":4000,"weight":1},{"word":"gate","health":4000,"weight":1},{"word":"gate","health":4000,"weight":1},{"word":"gate","health":4000,"weight":1},{"word":"gate","health":4000,"weight":1}]},{"name":"Sublevel 5 - Rest","properties":{"unit":"1_units_white_metal.txt","max_rooms":1,"light":"qchap_light.ini","music":"caverelax.cnd","skybox":"test","corridor":0.0,"caps":50,"timer":0,"geyser":false,"clogged":false,"echo":0,"plane":false,"seesaw":false,"version":1,"max_entities":null,"max_trasures":null,"max_gates":null},"entities":[{"name":"LeafChappy","count":1,"weight":0,"dead_end":false,"group":0,"treasure":"key","fall":""},{"name":"BlackPom","count":1,"weight":0,"dead_end":false,"group":1,"treasure":null,"fall":""},{"name":"RandPom","count":2,"weight":0,"dead_end":false,"group":1,"treasure":null,"fall":""},{"name":"Qurione","count":5,"weight":0,"dead_end":false,"group":6,"treasure":null,"fall":""},{"name":"Egg","count":5,"weight":0,"dead_end":false,"group":6,"treasure":null,"fall":""},{"name":"RandPom","count":1,"weight":0,"dead_end":false,"group":8,"treasure":null,"fall":""},{"name":"Tyre","count":1,"weight":0,"dead_end":false,"group":8,"treasure":null,"fall":""}],"treasures":[{"name":"silver_medal","count":1,"weight":0}],"gates":[]},{"name":"Sublevel 6 - The 4 Player Hardship","properties":{"unit":"1_units_bunki_2_tile.txt","max_rooms":1,"light":"houdai_light.ini","music":"cavemetal_05_3.cnd","skybox":"none","corridor":0.0,"caps":50,"timer":0,"geyser":false,"clogged":false,"echo":0,"plane":false,"seesaw":false,"version":1,"max_entities":null,"max_trasures":null,"max_gates":null},"entities":[{"name":"Houdai","count":1,"weight":0,"dead_end":false,"group":6,"treasure":"key","fall":""},{"name":"UmiMushi","count":1,"weight":0,"dead_end":false,"group":1,"treasure":"light_a","fall":""},{"name":"UmiMushi","count":1,"weight":0,"dead_end":false,"group":1,"treasure":"light_a","fall":""},{"name":"RandPom","count":1,"weight":0,"dead_end":true,"group":0,"treasure":null,"fall":""},{"name":"GasHiba","count":4,"weight":0,"dead_end":true,"group":0,"treasure":null,"fall":""},{"name":"MaroFrog","count":1,"weight":0,"dead_end":false,"group":0,"treasure":"chocoichigo","fall":""},{"name":"MaroFrog","count":1,"weight":0,"dead_end":false,"group":0,"treasure":"chocoichigo","fall":""},{"name":"MaroFrog","count":1,"weight":0,"dead_end":false,"group":0,"treasure":"chocoichigo","fall":""},{"name":"MaroFrog","count":1,"weight":0,"dead_end":false,"group":0,"treasure":"chocoichigo","fall":""},{"name":"ElecHiba","count":3,"weight":0,"dead_end":false,"group":0,"treasure":null,"fall":""},{"name":"ElecHiba","count":3,"weight":0,"dead_end":false,"group":0,"treasure":null,"fall":""},{"name":"ElecHiba","count":3,"weight":0,"dead_end":false,"group":0,"treasure":null,"fall":""},{"name":"ElecHiba","count":3,"weight":0,"dead_end":false,"group":0,"treasure":null,"fall":""},{"name":"ElecHiba","count":3,"weight":0,"dead_end":false,"group":0,"treasure":null,"fall":""},{"name":"DaiodoGreen","count":10,"weight":0,"dead_end":false,"group":0,"treasure":null,"fall":""},{"name":"Jigumo","count":5,"weight":0,"dead_end":false,"group":5,"treasure":"toy_ring_c_red","fall":""},{"name":"Demon","count":4,"weight":0,"dead_end":false,"group":1,"treasure":"bolt","fall":""}],"treasures":[],"gates":[]},{"name":"Sublevel 7 - Enter to the Kings Dark Lair","properties":{"unit":"5_NARI_nor1_nor2_nor3_hit1_hit2_tsuchi.txt","max_rooms":6,"light":"king_light.ini","music":"cavesoil_05_3.cnd","skybox":"none","corridor":0.5,"caps":50,"timer":0,"geyser":false,"clogged":false,"echo":0,"plane":false,"seesaw":false,"version":1,"max_entities":null,"max_trasures":null,"max_gates":null},"entities":[{"name":"OoPanModoki","count":2,"weight":0,"dead_end":false,"group":8,"treasure":"leaf_normal","fall":""},{"name":"OoPanModoki","count":1,"weight":0,"dead_end":false,"group":1,"treasure":"key","fall":""},{"name":"MaroFrog","count":1,"weight":0,"dead_end":false,"group":0,"treasure":"kan_b_gold","fall":""},{"name":"ElecHiba","count":10,"weight":0,"dead_end":false,"group":5,"treasure":null,"fall":""},{"name":"ElecHiba","count":5,"weight":0,"dead_end":false,"group":1,"treasure":null,"fall":""},{"name":"MaroFrog","count":1,"weight":0,"dead_end":false,"group":0,"treasure":"kan_b_gold","fall":""},{"name":"BlueChappy","count":2,"weight":0,"dead_end":false,"group":0,"treasure":"momiji_red","fall":""},{"name":"Miulin","count":2,"weight":0,"dead_end":false,"group":1,"treasure":"j_block_red","fall":""},{"name":"Kochappy","count":8,"weight":0,"dead_end":false,"group":1,"treasure":"chocoichigo","fall":""},{"name":"RandPom","count":3,"weight":0,"dead_end":true,"group":0,"treasure":null,"fall":""},{"name":"Egg","count":3,"weight":0,"dead_end":true,"group":0,"treasure":null,"fall":""},{"name":"Kurage","count":3,"weight":0,"dead_end":false,"group":6,"treasure":"donguri_l","fall":""},{"name":"Hiba","count":10,"weight":0,"dead_end":false,"group":5,"treasure":null,"fall":""},{"name":"Hiba","count":10,"weight":0,"dead_end":false,"group":1,"treasure":null,"fall":""},{"name":"MaroFrog","count":1,"weight":0,"dead_end":false,"group":0,"treasure":"kan_b_gold","fall":""},{"name":"MaroFrog","count":1,"weight":0,"dead_end":false,"group":0,"treasure":"kan_b_gold","fall":""},{"name":"Hiba","count":5,"weight":0,"dead_end":false,"group":1,"treasure":null,"fall":""},{"name":"Rock","count":20,"weight":0,"dead_end":false,"group":6,"treasure":null,"fall":""},{"name":"Chappy","count":1,"weight":0,"dead_end":false,"group":0,"treasure":"leaf_kare","fall":""},{"name":"Chappy","count":1,"weight":0,"dead_end":false,"group":0,"treasure":"leaf_kare","fall":""},{"name":"Chappy","count":1,"weight":0,"dead_end":false,"group":0,"treasure":"leaf_kare","fall":""},{"name":"Tank","count":4,"weight":0,"dead_end":false,"group":5,"treasure":"kuri","fall":""},{"name":"Wtank","count":4,"weight":0,"dead_end":false,"group":5,"treasure":"donguri","fall":""}],"treasures":[],"gates":[]},{"name":"Sublevel 8 - The Kings Intendents","properties":{"unit":"2_MAT_kingA_kingB_tsuchi.txt","max_rooms":2,"light":"chikahimi_metal_light_lv4.ini","music":"cavesoil_00_1.cnd","skybox":"none","corridor":0.05,"caps":50,"timer":0,"geyser":false,"clogged":true,"echo":0,"plane":false,"seesaw":false,"version":1,"max_entities":null,"max_trasures":null,"max_gates":null},"entities":[{"name":"SnakeWhole","count":1,"weight":0,"dead_end":false,"group":0,"treasure":"tape_red","fall":""},{"name":"DangoMushi","count":1,"weight":0,"dead_end":false,"group":1,"treasure":"g_futa_koiwai","fall":""},{"name":"GasHiba","count":5,"weight":0,"dead_end":false,"group":6,"treasure":null,"fall":""},{"name":"Hiba","count":5,"weight":0,"dead_end":false,"group":0,"treasure":null,"fall":""},{"name":"Tobi","count":3,"weight":0,"dead_end":false,"group":6,"treasure":"cookie","fall":""},{"name":"Kochappy","count":3,"weight":0,"dead_end":false,"group":0,"treasure":"chocowhite","fall":""},{"name":"FireChappy","count":1,"weight":0,"dead_end":false,"group":5,"treasure":"juji_key_fc","fall":""},{"name":"KumaKochappy","count":4,"weight":0,"dead_end":false,"group":8,"treasure":"flower_red","fall":""},{"name":"Hiba","count":4,"weight":0,"dead_end":false,"group":8,"treasure":null,"fall":""},{"name":"OniKurage","count":1,"weight":0,"dead_end":false,"group":0,"treasure":"hotate","fall":"$"},{"name":"OniKurage","count":1,"weight":0,"dead_end":false,"group":6,"treasure":"hotate","fall":"$"}],"treasures":[{"name":"key","count":1,"weight":0}],"gates":[]},{"name":"Sublevel 9 - Beat the kings and their weaponry","properties":{"unit":"1_MIYA_manh2_conc.txt","max_rooms":3,"light":"forest_3_light.ini","music":"new_05_0.cnd","skybox":"none","corridor":0.5,"caps":50,"timer":0,"geyser":false,"clogged":true,"echo":0,"plane":false,"seesaw":false,"version":1,"max_entities":null,"max_trasures":null,"max_gates":null},"entities":[{"name":"KingChappy","count":1,"weight":0,"dead_end":false,"group":1,"treasure":"suit_fire","fall":""},{"name":"KingChappy","count":1,"weight":0,"dead_end":false,"group":1,"treasure":"suit_powerup","fall":""},{"name":"KingChappy","count":1,"weight":0,"dead_end":false,"group":1,"treasure":"key","fall":""},{"name":"KingChappy","count":1,"weight":0,"dead_end":false,"group":0,"treasure":null,"fall":""},{"name":"KingChappy","count":1,"weight":0,"dead_end":false,"group":0,"treasure":null,"fall":""},{"name":"KingChappy","count":1,"weight":0,"dead_end":false,"group":0,"treasure":null,"fall":""},{"name":"KingChappy","count":1,"weight":0,"dead_end":false,"group":0,"treasure":null,"fall":""},{"name":"KingChappy","count":1,"weight":0,"dead_end":false,"group":0,"treasure":null,"fall":""},{"name":"KingChappy","count":1,"weight":0,"dead_end":false,"group":0,"treasure":null,"fall":""},{"name":"RandPom","count":1,"weight":0,"dead_end":false,"group":5,"treasure":null,"fall":""},{"name":"RandPom","count":1,"weight":0,"dead_end":false,"group":5,"treasure":null,"fall":""},{"name":"RedPom","count":1,"weight":0,"dead_end":false,"group":5,"treasure":null,"fall":""},{"name":"Fkabuto","count":1,"weight":0,"dead_end":false,"group":0,"treasure":"bell","fall":""},{"name":"Fkabuto","count":1,"weight":0,"dead_end":false,"group":0,"treasure":"bell","fall":""},{"name":"Fkabuto","count":1,"weight":0,"dead_end":false,"group":0,"treasure":"bell","fall":""},{"name":"Hanachirashi","count":1,"weight":0,"dead_end":false,"group":0,"treasure":"baum_kuchen_s","fall":""},{"name":"Hanachirashi","count":1,"weight":0,"dead_end":false,"group":0,"treasure":"baum_kuchen_s","fall":""},{"name":"Hanachirashi","count":1,"weight":0,"dead_end":false,"group":0,"treasure":"baum_kuchen_s","fall":""},{"name":"GasHiba","count":4,"weight":0,"dead_end":false,"group":0,"treasure":null,"fall":""},{"name":"GasHiba","count":4,"weight":0,"dead_end":false,"group":0,"treasure":null,"fall":""},{"name":"GasHiba","count":4,"weight":0,"dead_end":false,"group":0,"treasure":null,"fall":""},{"name":"GasHiba","count":4,"weight":0,"dead_end":false,"group":0,"treasure":null,"fall":""},{"name":"KumaChappy","count":1,"weight":0,"dead_end":false,"group":5,"treasure":"donutschoco_s","fall":""},{"name":"HikariKinoko","count":10,"weight":0,"dead_end":false,"group":5,"treasure":null,"fall":""},{"name":"Rkabuto","count":2,"weight":0,"dead_end":false,"group":0,"treasure":"kinoko_tubu","fall":""},{"name":"Rkabuto","count":2,"weight":0,"dead_end":false,"group":0,"treasure":"kinoko_tubu","fall":""},{"name":"KumaChappy","count":1,"weight":0,"dead_end":false,"group":5,"treasure":"kouseki_suisyou","fall":""},{"name":"KumaChappy","count":1,"weight":0,"dead_end":false,"group":5,"treasure":"dia_c_blue","fall":""}],"treasures":[],"gates":[]},{"name":"Sublevel 10 - Finally.. an exit...","properties":{"unit":"1_unit_16x17r_conc.txt","max_rooms":1,"light":"metal_light_cha.ini","music":"caverelax.cnd","skybox":"none","corridor":0.0,"caps":50,"timer":0,"geyser":false,"clogged":false,"echo":0,"plane":true,"seesaw":false,"version":1,"max_entities":null,"max_trasures":null,"max_gates":null},"entities":[{"name":"Wealthy","count":1,"weight":0,"dead_end":false,"group":0,"treasure":"key","fall":""},{"name":"Nekojarashi","count":20,"weight":0,"dead_end":false,"group":0,"treasure":null,"fall":""},{"name":"Tanpopo","count":20,"weight":0,"dead_end":false,"group":8,"treasure":null,"fall":""},{"name":"Magaret","count":20,"weight":0,"dead_end":false,"group":1,"treasure":null,"fall":""}],"treasures":[{"name":"flask","count":1,"weight":0}],"gates":[]}],"content":null}