{"sublevels":[{"name":"Sublevel 1","properties":{"unit":"4_units_mid1_mid2_hit1_sak1_tsuchi.txt","max_rooms":4,"light":"normal_light_lv0.ini","music":"cavesoil_00_0.cnd","skybox":"none","corridor":0.05,"caps":50,"timer":0,"geyser":false,"clogged":false,"echo":0,"plane":false,"seesaw":false,"version":1,"max_entities":null,"max_trasures":null,"max_gates":null},"entities":[{"name":"FireChappy","count":1,"weight":0,"dead_end":false,"group":1,"treasure":"key","fall":""},{"name":"YellowKochappy","count":5,"weight":0,"dead_end":false,"group":0,"treasure":"be_dama_yellow","fall":""}],"treasures":[{"name":"channel","count":1,"weight":0},{"name":"g_futa_kyodo","count":1,"weight":0},{"name":"ahiru","count":1,"weight":0}],"gates":[{"word":"gate","health":1000,"weight":1},{"word":"gate","health":1000,"weight":1},{"word":"gate","health":1000,"weight":1}]},{"name":"Sublevel 2 -  Duplicate of Sublevel 1","properties":{"unit":"4_units_mid1_mid2_hit1_sak1_tsuchi.txt","max_rooms":4,"light":"normal_light_lv0.ini","music":"cavesoil_00_0.cnd","skybox":"none","corridor":0.05,"caps":50,"timer":0,"geyser":false,"clogged":false,"echo":0,"plane":false,"seesaw":false,"version":1,"max_entities":null,"max_trasures":null,"max_gates":null},"entities":[{"name":"FireChappy","count":1,"weight":0,"dead_end":false,"group":1,"treasure":"key","fall":""},{"name":"YellowKochappy","count":5,"weight":0,"dead_end":false,"group":0,"treasure":"be_dama_yellow","fall":""},{"name":"Hiba","count":5,"weight":0,"dead_end":false,"group":5,"treasure":null,"fall":""},{"name":"Rock","count":4,"weight":0,"dead_end":false,"group":5,"treasure":null,"fall":""},{"name":"UmiMushiBlind","count":2,"weight":0,"dead_end":false,"group":1,"treasure":"bane_red","fall":""}],"treasures":[{"name":"channel","count":1,"weight":0},{"name":"g_futa_kyodo","count":1,"weight":0},{"name":"ahiru","count":1,"weight":0},{"name":"chocowhite","count":1,"weight":0}],"gates":[{"word":"gate","health":1000,"weight":1},{"word":"gate","health":1000,"weight":1},{"word":"gate","health":1000,"weight":1}]},{"name":"Sublevel 3 -  Duplicate of Sublevel 2","properties":{"unit":"4_units_mid1_mid2_hit1_sak1_tsuchi.txt","max_rooms":4,"light":"normal_light_lv0.ini","music":"cavesoil_00_0.cnd","skybox":"none","corridor":0.05,"caps":50,"timer":0,"geyser":false,"clogged":false,"echo":0,"plane":false,"seesaw":false,"version":1,"max_entities":null,"max_trasures":null,"max_gates":null},"entities":[{"name":"FireChappy","count":1,"weight":0,"dead_end":false,"group":1,"treasure":"key","fall":""},{"name":"YellowKochappy","count":5,"weight":0,"dead_end":false,"group":0,"treasure":"be_dama_yellow","fall":""},{"name":"Hiba","count":5,"weight":0,"dead_end":false,"group":5,"treasure":null,"fall":""},{"name":"Rock","count":4,"weight":0,"dead_end":false,"group":5,"treasure":null,"fall":""},{"name":"UmiMushiBlind","count":2,"weight":0,"dead_end":false,"group":1,"treasure":"bane_red","fall":""},{"name":"KumaChappy","count":1,"weight":0,"dead_end":false,"group":0,"treasure":"dia_b_green","fall":""},{"name":"Kabuto","count":1,"weight":0,"dead_end":false,"group":1,"treasure":"apple_blue","fall":"$"},{"name":"Tobi","count":4,"weight":0,"dead_end":false,"group":6,"treasure":"flower_blue","fall":""},{"name":"MaroFrog","count":2,"weight":0,"dead_end":false,"group":1,"treasure":"donguri_l","fall":""}],"treasures":[{"name":"channel","count":1,"weight":0},{"name":"g_futa_kyodo","count":1,"weight":0},{"name":"ahiru","count":1,"weight":0},{"name":"chocowhite","count":1,"weight":0}],"gates":[{"word":"gate","health":1000,"weight":1},{"word":"gate","health":1000,"weight":1},{"word":"gate","health":1000,"weight":1}]},{"name":"Sublevel 4 -  Duplicate of Sublevel 3","properties":{"unit":"4_units_mid1_mid2_hit1_sak1_tsuchi.txt","max_rooms":4,"light":"normal_light_lv0.ini","music":"cavesoil_00_0.cnd","skybox":"none","corridor":0.05,"caps":50,"timer":0,"geyser":false,"clogged":false,"echo":0,"plane":false,"seesaw":false,"version":1,"max_entities":null,"max_trasures":null,"max_gates":null},"entities":[{"name":"FireChappy","count":1,"weight":0,"dead_end":false,"group":1,"treasure":"key","fall":""},{"name":"YellowKochappy","count":5,"weight":0,"dead_end":false,"group":0,"treasure":"be_dama_yellow","fall":""},{"name":"Hiba","count":5,"weight":0,"dead_end":false,"group":5,"treasure":null,"fall":""},{"name":"Rock","count":4,"weight":0,"dead_end":false,"group":5,"treasure":null,"fall":""},{"name":"UmiMushiBlind","count":2,"weight":0,"dead_end":false,"group":1,"treasure":"bane_red","fall":""},{"name":"KumaChappy","count":1,"weight":0,"dead_end":false,"group":0,"treasure":"dia_b_green","fall":""},{"name":"Kabuto","count":1,"weight":0,"dead_end":false,"group":1,"treasure":"apple_blue","fall":"$"},{"name":"Tobi","count":4,"weight":0,"dead_end":false,"group":6,"treasure":"flower_blue","fall":""},{"name":"SnakeCrow","count":2,"weight":0,"dead_end":false,"group":1,"treasure":"silver_medal","fall":""},{"name":"MaroFrog","count":2,"weight":0,"dead_end":false,"group":1,"treasure":"donguri_l","fall":""},{"name":"BombSarai","count":1,"weight":0,"dead_end":false,"group":6,"treasure":"be_dama_blue_l","fall":""}],"treasures":[{"name":"channel","count":1,"weight":0},{"name":"g_futa_kyodo","count":1,"weight":0},{"name":"ahiru","count":1,"weight":0},{"name":"chocowhite","count":1,"weight":0},{"name":"gold_medal","count":1,"weight":0}],"gates":[{"word":"gate","health":1000,"weight":1},{"word":"gate","health":1000,"weight":1},{"word":"gate","health":1000,"weight":1}]}],"content":null}