{"sublevels":[{"name":"Sublevel 1 - breadbug","properties":{"unit":"1_MIYA_mid_toy.txt","max_rooms":1,"light":"hiroba_light.ini","music":"new_03_0.cnd","skybox":"test","corridor":0.12,"caps":50,"timer":0,"geyser":true,"clogged":true,"echo":0,"plane":false,"seesaw":false,"version":1,"max_entities":null,"max_trasures":null,"max_gates":null},"entities":[{"name":"OoPanModoki","count":10,"weight":0,"dead_end":false,"group":0,"treasure":"medama_yaki","fall":""},{"name":"OoPanModoki","count":1,"weight":0,"dead_end":false,"group":0,"treasure":"key","fall":""}],"treasures":[],"gates":[]}],"content":null}