{"sublevels":[{"name":"Sublevel 1 - Water Start","properties":{"unit":"2_units_northF_pool_tile.txt","max_rooms":4,"light":"metal_light_cha.ini","music":"new_02_0.cnd","skybox":"none","corridor":0.15,"caps":50,"timer":0,"geyser":false,"clogged":true,"echo":0,"plane":false,"seesaw":false,"version":1,"max_entities":null,"max_trasures":null,"max_gates":null},"entities":[{"name":"Sarai","count":2,"weight":0,"dead_end":false,"group":1,"treasure":"be_dama_blue","fall":""},{"name":"Hanachirashi","count":1,"weight":0,"dead_end":false,"group":1,"treasure":"be_dama_yellow_l","fall":""},{"name":"Hanachirashi","count":1,"weight":0,"dead_end":false,"group":1,"treasure":"be_dama_yellow_l","fall":""},{"name":"MaroFrog","count":2,"weight":0,"dead_end":false,"group":0,"treasure":"be_dama_yellow","fall":"$"},{"name":"MaroFrog","count":2,"weight":0,"dead_end":false,"group":0,"treasure":"be_dama_yellow","fall":"$"},{"name":"Rock","count":5,"weight":0,"dead_end":false,"group":0,"treasure":null,"fall":"$2"},{"name":"RandPom","count":1,"weight":0,"dead_end":false,"group":1,"treasure":null,"fall":""},{"name":"RandPom","count":1,"weight":0,"dead_end":false,"group":1,"treasure":null,"fall":""},{"name":"BlueChappy","count":1,"weight":0,"dead_end":false,"group":1,"treasure":"flower_blue","fall":""},{"name":"BlueChappy","count":1,"weight":0,"dead_end":false,"group":1,"treasure":"key","fall":""},{"name":"Rock","count":5,"weight":0,"dead_end":false,"group":1,"treasure":null,"fall":"$2"},{"name":"KumaKochappy","count":1,"weight":0,"dead_end":false,"group":5,"treasure":"be_dama_red","fall":"$2"},{"name":"KumaKochappy","count":1,"weight":0,"dead_end":false,"group":5,"treasure":"be_dama_red","fall":"$2"},{"name":"KumaKochappy","count":1,"weight":0,"dead_end":false,"group":5,"treasure":"be_dama_red","fall":"$2"},{"name":"KumaKochappy","count":1,"weight":0,"dead_end":false,"group":5,"treasure":"be_dama_red","fall":"$2"},{"name":"KumaKochappy","count":1,"weight":0,"dead_end":false,"group":5,"treasure":"be_dama_red","fall":"$2"},{"name":"KumaKochappy","count":1,"weight":0,"dead_end":false,"group":5,"treasure":"be_dama_red","fall":"$2"},{"name":"Demon","count":2,"weight":0,"dead_end":false,"group":1,"treasure":"be_dama_blue","fall":""},{"name":"Hiba","count":15,"weight":0,"dead_end":false,"group":0,"treasure":null,"fall":""}],"treasures":[],"gates":[{"word":"gate","health":1500,"weight":1},{"word":"gate","health":1500,"weight":1},{"word":"gate","health":1500,"weight":1},{"word":"gate","health":1500,"weight":1},{"word":"gate","health":1500,"weight":1},{"word":"gate","health":1500,"weight":1}]},{"name":"Sublevel 2 - Fire and Water","properties":{"unit":"4_units_b_f_g_h_conc.txt","max_rooms":4,"light":"normal_light_cha.ini","music":"new_05_0.cnd","skybox":"none","corridor":0.17,"caps":50,"timer":0,"geyser":false,"clogged":true,"echo":0,"plane":false,"seesaw":false,"version":1,"max_entities":null,"max_trasures":null,"max_gates":null},"entities":[{"name":"FireChappy","count":1,"weight":0,"dead_end":false,"group":0,"treasure":"toy_ring_a_red","fall":""},{"name":"FireChappy","count":1,"weight":0,"dead_end":false,"group":0,"treasure":"toy_ring_a_red","fall":""},{"name":"UmiMushi","count":1,"weight":0,"dead_end":false,"group":0,"treasure":"key","fall":""},{"name":"Hiba","count":1,"weight":0,"dead_end":false,"group":5,"treasure":null,"fall":""},{"name":"Hiba","count":1,"weight":0,"dead_end":false,"group":5,"treasure":null,"fall":""},{"name":"Hiba","count":1,"weight":0,"dead_end":false,"group":5,"treasure":null,"fall":""},{"name":"Hiba","count":1,"weight":0,"dead_end":false,"group":5,"treasure":null,"fall":""},{"name":"Hiba","count":1,"weight":0,"dead_end":false,"group":5,"treasure":null,"fall":""},{"name":"Hiba","count":1,"weight":0,"dead_end":false,"group":5,"treasure":null,"fall":""},{"name":"Hiba","count":1,"weight":0,"dead_end":false,"group":5,"treasure":null,"fall":""},{"name":"Hiba","count":1,"weight":0,"dead_end":false,"group":5,"treasure":null,"fall":""},{"name":"Hiba","count":1,"weight":0,"dead_end":false,"group":5,"treasure":null,"fall":""},{"name":"Hiba","count":1,"weight":0,"dead_end":false,"group":5,"treasure":null,"fall":""},{"name":"Hiba","count":3,"weight":0,"dead_end":false,"group":0,"treasure":null,"fall":""},{"name":"Hiba","count":3,"weight":0,"dead_end":false,"group":0,"treasure":null,"fall":""},{"name":"Hiba","count":3,"weight":0,"dead_end":false,"group":0,"treasure":null,"fall":""},{"name":"Hiba","count":2,"weight":0,"dead_end":false,"group":6,"treasure":null,"fall":""},{"name":"Hiba","count":2,"weight":0,"dead_end":false,"group":6,"treasure":null,"fall":""},{"name":"Hiba","count":2,"weight":0,"dead_end":false,"group":6,"treasure":null,"fall":""},{"name":"Hiba","count":2,"weight":0,"dead_end":false,"group":6,"treasure":null,"fall":""},{"name":"Hiba","count":2,"weight":0,"dead_end":false,"group":6,"treasure":null,"fall":""},{"name":"Tank","count":2,"weight":0,"dead_end":false,"group":1,"treasure":"teala_dia_d","fall":""},{"name":"Tank","count":2,"weight":0,"dead_end":false,"group":0,"treasure":"teala_dia_d","fall":""},{"name":"Tank","count":2,"weight":0,"dead_end":false,"group":0,"treasure":"teala_dia_d","fall":""},{"name":"Wtank","count":1,"weight":0,"dead_end":false,"group":1,"treasure":"teala_dia_b","fall":"$2"},{"name":"Wtank","count":1,"weight":0,"dead_end":false,"group":1,"treasure":"teala_dia_b","fall":"$2"},{"name":"Wtank","count":1,"weight":0,"dead_end":false,"group":1,"treasure":"teala_dia_b","fall":"$2"},{"name":"Wtank","count":1,"weight":0,"dead_end":false,"group":1,"treasure":"teala_dia_b","fall":"$2"},{"name":"Demon","count":1,"weight":0,"dead_end":false,"group":1,"treasure":"wadou_kaichin","fall":""},{"name":"Demon","count":1,"weight":0,"dead_end":false,"group":1,"treasure":"wadou_kaichin","fall":""},{"name":"Demon","count":1,"weight":0,"dead_end":false,"group":0,"treasure":"wadou_kaichin","fall":""},{"name":"Demon","count":1,"weight":0,"dead_end":false,"group":0,"treasure":"wadou_kaichin","fall":""},{"name":"PanModoki","count":1,"weight":0,"dead_end":false,"group":0,"treasure":"momiji_normal","fall":""},{"name":"PanModoki","count":1,"weight":0,"dead_end":false,"group":0,"treasure":"momiji_normal","fall":""},{"name":"PanModoki","count":1,"weight":0,"dead_end":false,"group":0,"treasure":"momiji_normal","fall":""},{"name":"PanModoki","count":1,"weight":0,"dead_end":false,"group":0,"treasure":"momiji_normal","fall":""},{"name":"RandPom","count":1,"weight":0,"dead_end":true,"group":0,"treasure":null,"fall":""}],"treasures":[],"gates":[{"word":"gate","health":500,"weight":1},{"word":"gate","health":500,"weight":1},{"word":"gate","health":500,"weight":1},{"word":"gate","health":500,"weight":1},{"word":"gate","health":500,"weight":1}]},{"name":"Sublevel 3 - Water and Electricity","properties":{"unit":"1_units_ike4_tsuchi.txt","max_rooms":2,"light":"vs_2_light.ini","music":"cavesoil_00_3.cnd","skybox":"none","corridor":0.0,"caps":50,"timer":0,"geyser":false,"clogged":false,"echo":0,"plane":false,"seesaw":false,"version":1,"max_entities":null,"max_trasures":null,"max_gates":null},"entities":[{"name":"RandPom","count":1,"weight":0,"dead_end":true,"group":0,"treasure":null,"fall":""},{"name":"RandPom","count":1,"weight":0,"dead_end":true,"group":0,"treasure":null,"fall":""},{"name":"KingChappy","count":1,"weight":0,"dead_end":false,"group":0,"treasure":"denchi_1_red","fall":""},{"name":"KingChappy","count":1,"weight":0,"dead_end":false,"group":0,"treasure":"radar_a","fall":""},{"name":"KingChappy","count":1,"weight":0,"dead_end":false,"group":0,"treasure":"locket","fall":""},{"name":"KingChappy","count":1,"weight":0,"dead_end":false,"group":0,"treasure":"key","fall":""},{"name":"Bomb","count":2,"weight":0,"dead_end":false,"group":1,"treasure":null,"fall":""},{"name":"Bomb","count":2,"weight":0,"dead_end":false,"group":1,"treasure":null,"fall":""},{"name":"Kabuto","count":1,"weight":0,"dead_end":false,"group":0,"treasure":"j_block_red","fall":""},{"name":"Kabuto","count":1,"weight":0,"dead_end":false,"group":0,"treasure":"j_block_red","fall":""},{"name":"Kabuto","count":1,"weight":0,"dead_end":false,"group":0,"treasure":"j_block_red","fall":""},{"name":"Fkabuto","count":1,"weight":0,"dead_end":false,"group":1,"treasure":"donutschoco_s","fall":""},{"name":"Fkabuto","count":1,"weight":0,"dead_end":false,"group":1,"treasure":"be_dama_yellow","fall":""},{"name":"WaterOtakara","count":2,"weight":0,"dead_end":false,"group":0,"treasure":"be_dama_blue","fall":""},{"name":"WaterOtakara","count":2,"weight":0,"dead_end":false,"group":0,"treasure":"be_dama_blue","fall":""},{"name":"WaterOtakara","count":1,"weight":0,"dead_end":false,"group":1,"treasure":"be_dama_blue","fall":""},{"name":"WaterOtakara","count":1,"weight":0,"dead_end":false,"group":1,"treasure":"be_dama_blue","fall":""},{"name":"Kurage","count":1,"weight":0,"dead_end":false,"group":0,"treasure":"juji_key_fc","fall":""},{"name":"Kurage","count":1,"weight":0,"dead_end":false,"group":0,"treasure":"juji_key_fc","fall":""},{"name":"Rkabuto","count":1,"weight":0,"dead_end":false,"group":8,"treasure":"diamond_blue_l","fall":""},{"name":"Rkabuto","count":1,"weight":0,"dead_end":false,"group":8,"treasure":"diamond_blue_l","fall":""},{"name":"ElecBug","count":2,"weight":0,"dead_end":false,"group":0,"treasure":"be_dama_yellow","fall":""},{"name":"ElecBug","count":2,"weight":0,"dead_end":false,"group":0,"treasure":"be_dama_yellow","fall":""},{"name":"ElecBug","count":2,"weight":0,"dead_end":false,"group":0,"treasure":"be_dama_yellow","fall":""},{"name":"ElecHiba","count":7,"weight":0,"dead_end":false,"group":5,"treasure":null,"fall":""},{"name":"ElecHiba","count":3,"weight":0,"dead_end":false,"group":8,"treasure":null,"fall":""},{"name":"Bomb","count":10,"weight":0,"dead_end":false,"group":0,"treasure":null,"fall":"$"}],"treasures":[],"gates":[]},{"name":"Sublevel 4 - Water and Poison","properties":{"unit":"3_MAT_nor4_hit2_blk1_snow.txt","max_rooms":7,"light":"muraon_light_lv2.ini","music":"new_06_0.cnd","skybox":"none","corridor":0.07,"caps":50,"timer":0,"geyser":false,"clogged":true,"echo":0,"plane":false,"seesaw":false,"version":1,"max_entities":null,"max_trasures":null,"max_gates":null},"entities":[{"name":"WhitePom","count":1,"weight":0,"dead_end":true,"group":0,"treasure":null,"fall":""},{"name":"GasHiba","count":1,"weight":0,"dead_end":false,"group":5,"treasure":null,"fall":""},{"name":"GasHiba","count":1,"weight":0,"dead_end":false,"group":5,"treasure":null,"fall":""},{"name":"GasHiba","count":1,"weight":0,"dead_end":false,"group":5,"treasure":null,"fall":""},{"name":"GasHiba","count":1,"weight":0,"dead_end":false,"group":5,"treasure":null,"fall":""},{"name":"GasHiba","count":2,"weight":0,"dead_end":false,"group":1,"treasure":null,"fall":""},{"name":"GasHiba","count":2,"weight":0,"dead_end":false,"group":1,"treasure":null,"fall":""},{"name":"GasHiba","count":2,"weight":0,"dead_end":false,"group":1,"treasure":null,"fall":""},{"name":"GasHiba","count":1,"weight":0,"dead_end":false,"group":0,"treasure":null,"fall":""},{"name":"GasHiba","count":1,"weight":0,"dead_end":false,"group":0,"treasure":null,"fall":""},{"name":"GasHiba","count":1,"weight":0,"dead_end":false,"group":0,"treasure":null,"fall":""},{"name":"Wtank","count":1,"weight":0,"dead_end":false,"group":0,"treasure":"toy_ring_a_blue","fall":""},{"name":"Wtank","count":1,"weight":0,"dead_end":false,"group":0,"treasure":"toy_ring_a_blue","fall":""},{"name":"Wtank","count":1,"weight":0,"dead_end":false,"group":0,"treasure":"toy_ring_a_blue","fall":""},{"name":"Tank","count":1,"weight":0,"dead_end":false,"group":0,"treasure":"cookie_u","fall":""},{"name":"Tank","count":1,"weight":0,"dead_end":false,"group":0,"treasure":"cookie_u","fall":""},{"name":"Tank","count":1,"weight":0,"dead_end":false,"group":0,"treasure":"cookie_u","fall":""},{"name":"SnakeCrow","count":1,"weight":0,"dead_end":false,"group":1,"treasure":"diamond_blue_l","fall":""},{"name":"SnakeCrow","count":1,"weight":0,"dead_end":false,"group":1,"treasure":"key","fall":""},{"name":"SnakeWhole","count":1,"weight":0,"dead_end":false,"group":0,"treasure":"dia_c_red","fall":""},{"name":"SnakeWhole","count":1,"weight":0,"dead_end":false,"group":0,"treasure":"dia_c_red","fall":""},{"name":"OniKurage","count":1,"weight":0,"dead_end":false,"group":0,"treasure":"diamond_red","fall":"$"},{"name":"OniKurage","count":1,"weight":0,"dead_end":false,"group":0,"treasure":"diamond_red","fall":"$"},{"name":"OniKurage","count":1,"weight":0,"dead_end":false,"group":0,"treasure":"diamond_red","fall":"$"},{"name":"OniKurage","count":1,"weight":0,"dead_end":false,"group":0,"treasure":"diamond_red","fall":"$"},{"name":"Fart","count":1,"weight":0,"dead_end":false,"group":1,"treasure":"flower_blue","fall":""},{"name":"Fart","count":1,"weight":0,"dead_end":false,"group":1,"treasure":"flower_blue","fall":""},{"name":"Fart","count":1,"weight":0,"dead_end":false,"group":1,"treasure":"flower_blue","fall":""},{"name":"Fart","count":1,"weight":0,"dead_end":false,"group":1,"treasure":"flower_blue","fall":""},{"name":"Tobi","count":3,"weight":0,"dead_end":false,"group":0,"treasure":"flower_red","fall":""},{"name":"Tobi","count":3,"weight":0,"dead_end":false,"group":0,"treasure":"flower_red","fall":""},{"name":"Tobi","count":3,"weight":0,"dead_end":false,"group":5,"treasure":"flower_red","fall":""},{"name":"Fart","count":1,"weight":0,"dead_end":true,"group":0,"treasure":null,"fall":""},{"name":"GasOtakara","count":1,"weight":0,"dead_end":false,"group":1,"treasure":"be_dama_red","fall":""},{"name":"GasOtakara","count":1,"weight":0,"dead_end":false,"group":5,"treasure":"be_dama_red","fall":""},{"name":"Tobi","count":2,"weight":0,"dead_end":false,"group":1,"treasure":"flower_red","fall":""},{"name":"Tobi","count":2,"weight":0,"dead_end":false,"group":1,"treasure":"flower_red","fall":""},{"name":"GasHiba","count":2,"weight":0,"dead_end":false,"group":6,"treasure":null,"fall":""},{"name":"GasHiba","count":2,"weight":0,"dead_end":false,"group":6,"treasure":null,"fall":""},{"name":"GasHiba","count":2,"weight":0,"dead_end":false,"group":6,"treasure":null,"fall":""},{"name":"GasHiba","count":2,"weight":0,"dead_end":false,"group":6,"treasure":null,"fall":""},{"name":"GasHiba","count":2,"weight":0,"dead_end":false,"group":6,"treasure":null,"fall":""},{"name":"ElecOtakara","count":1,"weight":0,"dead_end":false,"group":1,"treasure":"bird_hane","fall":""},{"name":"ElecOtakara","count":1,"weight":0,"dead_end":false,"group":1,"treasure":"bird_hane","fall":""},{"name":"ElecOtakara","count":1,"weight":0,"dead_end":false,"group":5,"treasure":"bird_hane","fall":""},{"name":"Armor","count":4,"weight":0,"dead_end":false,"group":1,"treasure":"creap","fall":""},{"name":"YellowChappy","count":2,"weight":0,"dead_end":false,"group":1,"treasure":"diamond_green","fall":""},{"name":"YellowChappy","count":2,"weight":0,"dead_end":false,"group":1,"treasure":"diamond_green","fall":""},{"name":"RandPom","count":1,"weight":0,"dead_end":true,"group":0,"treasure":null,"fall":""},{"name":"RandPom","count":1,"weight":0,"dead_end":true,"group":0,"treasure":null,"fall":""},{"name":"KareOoinu_l","count":30,"weight":0,"dead_end":false,"group":6,"treasure":null,"fall":""},{"name":"KareOoinu_l","count":30,"weight":0,"dead_end":false,"group":1,"treasure":null,"fall":""},{"name":"KareOoinu_l","count":30,"weight":0,"dead_end":false,"group":0,"treasure":null,"fall":""},{"name":"KareOoinu_l","count":30,"weight":0,"dead_end":false,"group":5,"treasure":null,"fall":""},{"name":"KareOoinu_l","count":30,"weight":0,"dead_end":false,"group":8,"treasure":null,"fall":""}],"treasures":[],"gates":[]},{"name":"Sublevel 5 - The party is Hapening","properties":{"unit":"1_units_king_tsuchi.txt","max_rooms":1,"light":"sirohana_light_lv1.ini","music":"cavetsumiki_00_0.cnd","skybox":"none","corridor":0.11,"caps":50,"timer":0,"geyser":false,"clogged":false,"echo":0,"plane":false,"seesaw":false,"version":1,"max_entities":null,"max_trasures":null,"max_gates":null},"entities":[{"name":"Houdai","count":1,"weight":0,"dead_end":false,"group":1,"treasure":"key","fall":""},{"name":"Houdai","count":1,"weight":0,"dead_end":false,"group":1,"treasure":"diamond_green","fall":""},{"name":"Houdai","count":1,"weight":0,"dead_end":false,"group":1,"treasure":"diamond_green","fall":""},{"name":"Fuefuki","count":2,"weight":0,"dead_end":false,"group":0,"treasure":"flower_blue","fall":""},{"name":"Fuefuki","count":2,"weight":0,"dead_end":false,"group":0,"treasure":"flower_blue","fall":""},{"name":"Fuefuki","count":1,"weight":0,"dead_end":false,"group":0,"treasure":"flower_blue","fall":""},{"name":"GasHiba","count":1,"weight":0,"dead_end":false,"group":6,"treasure":null,"fall":""},{"name":"Hiba","count":1,"weight":0,"dead_end":false,"group":6,"treasure":null,"fall":""},{"name":"GasHiba","count":1,"weight":0,"dead_end":false,"group":6,"treasure":null,"fall":""},{"name":"Hiba","count":1,"weight":0,"dead_end":false,"group":6,"treasure":null,"fall":""},{"name":"GasHiba","count":1,"weight":0,"dead_end":false,"group":6,"treasure":null,"fall":""},{"name":"Hiba","count":1,"weight":0,"dead_end":false,"group":6,"treasure":null,"fall":""},{"name":"GasHiba","count":1,"weight":0,"dead_end":false,"group":6,"treasure":null,"fall":""},{"name":"Hiba","count":1,"weight":0,"dead_end":false,"group":6,"treasure":null,"fall":""},{"name":"GasHiba","count":1,"weight":0,"dead_end":false,"group":6,"treasure":null,"fall":""},{"name":"Hiba","count":1,"weight":0,"dead_end":false,"group":6,"treasure":null,"fall":""},{"name":"GasHiba","count":1,"weight":0,"dead_end":false,"group":6,"treasure":null,"fall":""},{"name":"Hiba","count":1,"weight":0,"dead_end":false,"group":6,"treasure":null,"fall":""},{"name":"GasHiba","count":1,"weight":0,"dead_end":false,"group":6,"treasure":null,"fall":""},{"name":"Hiba","count":1,"weight":0,"dead_end":false,"group":6,"treasure":null,"fall":""},{"name":"GasHiba","count":1,"weight":0,"dead_end":false,"group":6,"treasure":null,"fall":""},{"name":"ElecBug","count":10,"weight":0,"dead_end":false,"group":0,"treasure":"bird_hane","fall":""},{"name":"Hana","count":3,"weight":0,"dead_end":false,"group":5,"treasure":"chess_queen_black","fall":""}],"treasures":[],"gates":[]}],"content":null}