{"sublevels":[{"name":"Sublevel 1","properties":{"unit":"1_MIYA_mid_toy.txt","max_rooms":1,"light":"oootakara_light.ini","music":"caverelax.cnd","skybox":"none","corridor":0.12,"caps":29,"timer":0,"geyser":true,"clogged":true,"echo":0,"plane":true,"seesaw":false,"version":1,"max_entities":null,"max_trasures":null,"max_gates":null},"entities":[{"name":"OoPanModoki","count":1,"weight":0,"dead_end":false,"group":0,"treasure":"key","fall":""},{"name":"ElecOtakara","count":4,"weight":0,"dead_end":false,"group":0,"treasure":null,"fall":""},{"name":"PanModoki","count":4,"weight":0,"dead_end":false,"group":0,"treasure":null,"fall":""}],"treasures":[{"name":"dia_a_red","count":1,"weight":0},{"name":"dia_a_red","count":1,"weight":0},{"name":"dia_a_red","count":1,"weight":0},{"name":"dia_a_red","count":1,"weight":0},{"name":"dia_a_red","count":1,"weight":0},{"name":"dia_a_red","count":1,"weight":0},{"name":"dia_a_red","count":1,"weight":0},{"name":"dia_a_red","count":1,"weight":0},{"name":"dia_a_red","count":1,"weight":0},{"name":"dia_a_red","count":1,"weight":0},{"name":"dia_a_red","count":1,"weight":0},{"name":"dia_a_red","count":1,"weight":0},{"name":"dia_a_red","count":1,"weight":0},{"name":"dia_a_red","count":1,"weight":0},{"name":"dia_a_red","count":1,"weight":0},{"name":"dia_a_red","count":1,"weight":0},{"name":"dia_a_red","count":1,"weight":0},{"name":"dia_a_red","count":1,"weight":0},{"name":"dia_a_red","count":1,"weight":0},{"name":"dia_a_red","count":1,"weight":0},{"name":"dia_a_red","count":1,"weight":0},{"name":"dia_a_red","count":1,"weight":0},{"name":"dia_a_red","count":1,"weight":0},{"name":"dia_a_red","count":1,"weight":0},{"name":"dia_a_red","count":1,"weight":0},{"name":"dia_a_red","count":1,"weight":0},{"name":"dia_a_red","count":1,"weight":0},{"name":"dia_a_red","count":1,"weight":0},{"name":"dia_a_red","count":1,"weight":0}],"gates":[{"word":"gate","health":1000,"weight":1},{"word":"gate","health":1000,"weight":1},{"word":"gate","health":1000,"weight":1},{"word":"gate","health":1000,"weight":1},{"word":"gate","health":1000,"weight":1},{"word":"gate","health":1000,"weight":1}]},{"name":"Sublevel 2","properties":{"unit":"3_units_f_g_l_conc.txt","max_rooms":10,"light":"oootakara_light.ini","music":"caverelax.cnd","skybox":"none","corridor":0.12,"caps":30,"timer":0,"geyser":true,"clogged":true,"echo":0,"plane":true,"seesaw":false,"version":1,"max_entities":31,"max_trasures":null,"max_gates":null},"entities":[{"name":"OoPanModoki","count":1,"weight":0,"dead_end":false,"group":0,"treasure":"key","fall":""},{"name":"BigTreasure","count":1,"weight":0,"dead_end":true,"group":0,"treasure":"g_futa_kyosin","fall":""},{"name":"ElecOtakara","count":4,"weight":0,"dead_end":false,"group":0,"treasure":null,"fall":""}],"treasures":[{"name":"dia_a_red","count":1,"weight":0},{"name":"dia_a_red","count":1,"weight":0},{"name":"dia_a_red","count":1,"weight":0},{"name":"dia_a_red","count":1,"weight":0},{"name":"dia_a_red","count":1,"weight":0},{"name":"dia_a_red","count":1,"weight":0},{"name":"dia_a_red","count":1,"weight":0},{"name":"dia_a_red","count":1,"weight":0},{"name":"dia_a_red","count":1,"weight":0},{"name":"dia_a_red","count":1,"weight":0},{"name":"dia_a_red","count":1,"weight":0},{"name":"dia_a_red","count":1,"weight":0},{"name":"dia_a_red","count":1,"weight":0},{"name":"dia_a_red","count":1,"weight":0},{"name":"dia_a_red","count":1,"weight":0},{"name":"dia_a_red","count":1,"weight":0},{"name":"dia_a_red","count":1,"weight":0},{"name":"dia_a_red","count":1,"weight":0},{"name":"dia_a_red","count":1,"weight":0},{"name":"dia_a_red","count":1,"weight":0},{"name":"dia_a_red","count":1,"weight":0},{"name":"dia_a_red","count":1,"weight":0},{"name":"dia_a_red","count":1,"weight":0},{"name":"dia_a_red","count":1,"weight":0},{"name":"dia_a_red","count":1,"weight":0},{"name":"dia_a_red","count":1,"weight":0},{"name":"dia_a_red","count":1,"weight":0},{"name":"dia_a_red","count":1,"weight":0},{"name":"dia_a_red","count":1,"weight":0},{"name":"dia_a_red","count":1,"weight":0},{"name":"dia_a_red","count":1,"weight":0},{"name":"dia_a_red","count":1,"weight":0},{"name":"dia_a_red","count":1,"weight":0},{"name":"dia_a_red","count":1,"weight":0},{"name":"dia_a_red","count":1,"weight":0},{"name":"dia_a_red","count":1,"weight":0},{"name":"dia_a_red","count":1,"weight":0},{"name":"dia_a_red","count":1,"weight":0},{"name":"dia_a_red","count":1,"weight":0},{"name":"dia_a_red","count":1,"weight":0},{"name":"dia_a_red","count":1,"weight":0},{"name":"dia_a_red","count":1,"weight":0},{"name":"dia_a_red","count":1,"weight":0},{"name":"dia_a_red","count":1,"weight":0},{"name":"dia_a_red","count":1,"weight":0},{"name":"dia_a_red","count":1,"weight":0},{"name":"dia_a_red","count":1,"weight":0},{"name":"dia_a_red","count":1,"weight":0}],"gates":[{"word":"gate","health":1000,"weight":1},{"word":"gate","health":1000,"weight":1},{"word":"gate","health":1000,"weight":1},{"word":"gate","health":1000,"weight":1},{"word":"gate","health":1000,"weight":1},{"word":"gate","health":1000,"weight":1},{"word":"gate","health":999999,"weight":1}]},{"name":"Sublevel 3","properties":{"unit":"1_ABE_ari_metal.txt","max_rooms":1,"light":"normal_light_lv0.ini","music":"caveconc_00_0.cnd","skybox":"none","corridor":0.12,"caps":50,"timer":0,"geyser":false,"clogged":false,"echo":0,"plane":false,"seesaw":false,"version":1,"max_entities":null,"max_trasures":null,"max_gates":null},"entities":[{"name":"KingChappy","count":1,"weight":0,"dead_end":true,"group":0,"treasure":"key","fall":""},{"name":"KingChappy","count":3,"weight":0,"dead_end":true,"group":0,"treasure":null,"fall":""},{"name":"Hana","count":2,"weight":0,"dead_end":true,"group":0,"treasure":null,"fall":""},{"name":"Baby","count":10,"weight":0,"dead_end":false,"group":6,"treasure":null,"fall":""}],"treasures":[],"gates":[]}],"content":null}