{"sublevels":[{"name":"Sublevel 1","properties":{"unit":"2_MAT_5x5_mid_kusachi.txt","max_rooms":3,"light":"Dusk.ini","music":"new_01_0.cnd","skybox":"hiroba","corridor":0.005,"caps":12,"timer":0,"geyser":false,"clogged":false,"echo":0,"plane":true,"seesaw":false,"version":1,"max_entities":28,"max_trasures":null,"max_gates":null},"entities":[{"name":"Chappy","count":1,"weight":0,"dead_end":false,"group":0,"treasure":"dia_a_red","fall":""},{"name":"Chappy","count":1,"weight":0,"dead_end":false,"group":0,"treasure":"baum_kuchen","fall":""},{"name":"HikariKinoko","count":8,"weight":0,"dead_end":false,"group":6,"treasure":null,"fall":""},{"name":"Kochappy","count":5,"weight":0,"dead_end":false,"group":0,"treasure":"flower_red","fall":""},{"name":"UjiB","count":6,"weight":0,"dead_end":false,"group":1,"treasure":"bird_hane","fall":""},{"name":"UjiB","count":6,"weight":0,"dead_end":false,"group":1,"treasure":"bird_hane","fall":""},{"name":"BlueChappy","count":1,"weight":0,"dead_end":false,"group":0,"treasure":"key","fall":"$"}],"treasures":[{"name":"kinoko_tubu","count":1,"weight":0},{"name":"kinoko_tubu","count":1,"weight":0},{"name":"matu_bokkuri","count":1,"weight":0},{"name":"denchi_1_black","count":1,"weight":0},{"name":"momiji_normal","count":1,"weight":0},{"name":"momiji_normal","count":1,"weight":0}],"gates":[{"word":"gate","health":17000,"weight":5},{"word":"gate","health":17000,"weight":4}]},{"name":"Sublevel 2","properties":{"unit":"1_unit_16x17r_conc.txt","max_rooms":1,"light":"chikahimi_metal_light_lv4.ini","music":"new_00_1.cnd","skybox":"none","corridor":0.0,"caps":50,"timer":0,"geyser":false,"clogged":false,"echo":0,"plane":false,"seesaw":false,"version":1,"max_entities":14,"max_trasures":null,"max_gates":null},"entities":[{"name":"SnakeCrow","count":1,"weight":0,"dead_end":false,"group":0,"treasure":"key","fall":""},{"name":"SnakeCrow","count":1,"weight":0,"dead_end":false,"group":0,"treasure":"diamond_blue_l","fall":""},{"name":"SnakeCrow","count":1,"weight":0,"dead_end":false,"group":1,"treasure":"be_dama_blue","fall":""},{"name":"BlueChappy","count":1,"weight":0,"dead_end":false,"group":1,"treasure":"creap","fall":""},{"name":"BlueChappy","count":1,"weight":0,"dead_end":false,"group":0,"treasure":"silver_medal","fall":""},{"name":"BlueChappy","count":1,"weight":0,"dead_end":false,"group":0,"treasure":"silver_medal","fall":""},{"name":"BlueKochappy","count":4,"weight":0,"dead_end":false,"group":0,"treasure":null,"fall":""},{"name":"BlueKochappy","count":4,"weight":0,"dead_end":false,"group":1,"treasure":null,"fall":""}],"treasures":[{"name":"teala_dia_b","count":1,"weight":0},{"name":"teala_dia_a","count":1,"weight":0}],"gates":[]},{"name":"Sublevel 3","properties":{"unit":"2_units_ike2_ike4_tsuchi.txt","max_rooms":1,"light":"muraon_light_lv1.ini","music":"cavesoil_00_3.cnd","skybox":"none","corridor":0.0,"caps":25,"timer":0,"geyser":false,"clogged":false,"echo":0,"plane":false,"seesaw":false,"version":1,"max_entities":28,"max_trasures":null,"max_gates":null},"entities":[{"name":"Jigumo","count":1,"weight":0,"dead_end":false,"group":0,"treasure":"diamond_red","fall":""},{"name":"Jigumo","count":3,"weight":0,"dead_end":false,"group":0,"treasure":"diamond_red","fall":""},{"name":"Jigumo","count":2,"weight":0,"dead_end":false,"group":1,"treasure":"kan_b_gold","fall":""},{"name":"Frog","count":2,"weight":0,"dead_end":false,"group":0,"treasure":null,"fall":"$"},{"name":"Nekojarashi","count":5,"weight":0,"dead_end":false,"group":6,"treasure":null,"fall":""},{"name":"Catfish","count":4,"weight":0,"dead_end":false,"group":0,"treasure":"kouseki_suisyou","fall":""},{"name":"Tank","count":2,"weight":0,"dead_end":false,"group":1,"treasure":null,"fall":""},{"name":"OniKurage","count":1,"weight":0,"dead_end":false,"group":1,"treasure":null,"fall":""},{"name":"OniKurage","count":1,"weight":0,"dead_end":false,"group":1,"treasure":null,"fall":""},{"name":"ElecOtakara","count":2,"weight":0,"dead_end":false,"group":1,"treasure":null,"fall":""},{"name":"UmiMushiBlind","count":2,"weight":0,"dead_end":false,"group":0,"treasure":null,"fall":""},{"name":"ElecOtakara","count":2,"weight":0,"dead_end":false,"group":0,"treasure":null,"fall":""},{"name":"Sokkuri","count":1,"weight":0,"dead_end":false,"group":1,"treasure":"key","fall":""}],"treasures":[{"name":"denchi_1_red","count":1,"weight":0},{"name":"donutsichigo_s","count":1,"weight":0},{"name":"saru_head","count":1,"weight":0}],"gates":[]},{"name":"Sublevel 4","properties":{"unit":"3_ABE_blk_uzu1_mid2_tsuchi.txt","max_rooms":4,"light":"king_light.ini","music":"cavesoil_00_4.cnd","skybox":"none","corridor":0.01,"caps":50,"timer":0,"geyser":false,"clogged":false,"echo":0,"plane":false,"seesaw":false,"version":1,"max_entities":39,"max_trasures":null,"max_gates":null},"entities":[{"name":"ElecBug","count":3,"weight":0,"dead_end":false,"group":0,"treasure":"be_dama_blue","fall":""},{"name":"PanModoki","count":5,"weight":0,"dead_end":false,"group":1,"treasure":"apple_blue","fall":""},{"name":"KumaKochappy","count":8,"weight":0,"dead_end":false,"group":0,"treasure":null,"fall":""},{"name":"Demon","count":4,"weight":0,"dead_end":false,"group":0,"treasure":null,"fall":""},{"name":"BigFoot","count":1,"weight":0,"dead_end":false,"group":1,"treasure":"key","fall":""},{"name":"Kurage","count":3,"weight":0,"dead_end":false,"group":0,"treasure":"toy_ring_b_green","fall":""},{"name":"Tukushi","count":3,"weight":0,"dead_end":false,"group":6,"treasure":null,"fall":""},{"name":"Tukushi","count":3,"weight":0,"dead_end":false,"group":6,"treasure":null,"fall":""},{"name":"Hiba","count":4,"weight":0,"dead_end":false,"group":5,"treasure":null,"fall":""},{"name":"KumaChappy","count":1,"weight":0,"dead_end":false,"group":0,"treasure":"ahiru","fall":""},{"name":"KumaChappy","count":1,"weight":0,"dead_end":false,"group":1,"treasure":"ahiru","fall":""},{"name":"MaroFrog","count":3,"weight":0,"dead_end":false,"group":0,"treasure":null,"fall":""}],"treasures":[{"name":"kan_nichiro","count":1,"weight":0},{"name":"fire","count":1,"weight":0},{"name":"cookie_s","count":1,"weight":0},{"name":"cookie_s","count":1,"weight":0},{"name":"apple","count":1,"weight":0},{"name":"sinkukan_b","count":1,"weight":0},{"name":"apple_blue","count":1,"weight":0},{"name":"apple_blue","count":1,"weight":0}],"gates":[]},{"name":"Sublevel 5","properties":{"unit":"1_units_nobo2_metal.txt","max_rooms":1,"light":"key_light_lv1.ini","music":"caverelax.cnd","skybox":"build","corridor":0.0,"caps":50,"timer":0,"geyser":false,"clogged":false,"echo":0,"plane":false,"seesaw":false,"version":1,"max_entities":57,"max_trasures":null,"max_gates":null},"entities":[{"name":"Bomb","count":3,"weight":0,"dead_end":false,"group":0,"treasure":null,"fall":"$4"},{"name":"Bomb","count":3,"weight":0,"dead_end":false,"group":0,"treasure":null,"fall":"$4"},{"name":"Bomb","count":3,"weight":0,"dead_end":false,"group":0,"treasure":null,"fall":"$4"},{"name":"Bomb","count":3,"weight":0,"dead_end":false,"group":0,"treasure":null,"fall":"$4"},{"name":"Bomb","count":2,"weight":0,"dead_end":false,"group":1,"treasure":null,"fall":"$4"},{"name":"DaiodoRed","count":5,"weight":0,"dead_end":false,"group":6,"treasure":null,"fall":""},{"name":"Mar","count":1,"weight":0,"dead_end":false,"group":0,"treasure":null,"fall":""},{"name":"ElecHiba","count":1,"weight":0,"dead_end":false,"group":5,"treasure":null,"fall":""},{"name":"ElecHiba","count":1,"weight":0,"dead_end":false,"group":5,"treasure":null,"fall":""},{"name":"ElecHiba","count":1,"weight":0,"dead_end":false,"group":5,"treasure":null,"fall":""},{"name":"KumaKochappy","count":4,"weight":0,"dead_end":false,"group":0,"treasure":"fue_a","fall":""},{"name":"BlueChappy","count":1,"weight":0,"dead_end":false,"group":8,"treasure":"bane","fall":""},{"name":"KumaKochappy","count":5,"weight":0,"dead_end":false,"group":0,"treasure":null,"fall":""},{"name":"KumaKochappy","count":5,"weight":0,"dead_end":false,"group":1,"treasure":null,"fall":""},{"name":"KumaKochappy","count":5,"weight":0,"dead_end":false,"group":1,"treasure":null,"fall":""},{"name":"KumaKochappy","count":5,"weight":0,"dead_end":false,"group":1,"treasure":null,"fall":""},{"name":"KumaKochappy","count":5,"weight":0,"dead_end":false,"group":0,"treasure":null,"fall":""},{"name":"Bomb","count":3,"weight":0,"dead_end":false,"group":0,"treasure":null,"fall":"$"},{"name":"Bomb","count":1,"weight":0,"dead_end":false,"group":1,"treasure":null,"fall":"$"},{"name":"Bomb","count":1,"weight":0,"dead_end":true,"group":0,"treasure":null,"fall":"$"},{"name":"Bomb","count":1,"weight":0,"dead_end":true,"group":0,"treasure":null,"fall":"$"}],"treasures":[{"name":"kinoko_tubu","count":1,"weight":0},{"name":"key","count":1,"weight":0},{"name":"elec","count":1,"weight":0},{"name":"chess_queen_black","count":1,"weight":0},{"name":"water","count":1,"weight":0}],"gates":[]},{"name":"Sublevel 6","properties":{"unit":"1_ABE_mid1_metal.txt","max_rooms":1,"light":"kumomei_light_cha.ini","music":"caverelax.cnd","skybox":"build","corridor":0.0,"caps":50,"timer":0,"geyser":false,"clogged":false,"echo":0,"plane":false,"seesaw":false,"version":1,"max_entities":20,"max_trasures":null,"max_gates":null},"entities":[{"name":"RandPom","count":1,"weight":0,"dead_end":false,"group":0,"treasure":null,"fall":""},{"name":"RandPom","count":1,"weight":0,"dead_end":false,"group":0,"treasure":null,"fall":""},{"name":"BlackPom","count":2,"weight":0,"dead_end":false,"group":0,"treasure":null,"fall":""},{"name":"HikariKinoko","count":3,"weight":0,"dead_end":false,"group":6,"treasure":null,"fall":""},{"name":"Egg","count":2,"weight":0,"dead_end":false,"group":0,"treasure":null,"fall":""},{"name":"LeafChappy","count":1,"weight":0,"dead_end":false,"group":0,"treasure":null,"fall":""},{"name":"BluePom","count":2,"weight":0,"dead_end":false,"group":0,"treasure":null,"fall":""},{"name":"RedPom","count":2,"weight":0,"dead_end":false,"group":0,"treasure":null,"fall":""},{"name":"Egg","count":2,"weight":0,"dead_end":false,"group":1,"treasure":null,"fall":""},{"name":"Egg","count":2,"weight":0,"dead_end":false,"group":1,"treasure":null,"fall":""},{"name":"Egg","count":1,"weight":0,"dead_end":false,"group":6,"treasure":null,"fall":""},{"name":"LeafChappy","count":1,"weight":0,"dead_end":false,"group":6,"treasure":null,"fall":""},{"name":"Egg","count":3,"weight":0,"dead_end":true,"group":0,"treasure":null,"fall":""}],"treasures":[{"name":"key","count":1,"weight":0}],"gates":[]},{"name":"Sublevel 7","properties":{"unit":"2_units_pool_dry_tile.txt","max_rooms":3,"light":"muraon_light_lv3.ini","music":"cavetile_00_0.cnd","skybox":"none","corridor":0.02,"caps":42,"timer":0,"geyser":false,"clogged":false,"echo":0,"plane":false,"seesaw":false,"version":1,"max_entities":25,"max_trasures":null,"max_gates":null},"entities":[{"name":"KumaChappy","count":1,"weight":0,"dead_end":false,"group":0,"treasure":"key","fall":""},{"name":"KumaChappy","count":1,"weight":0,"dead_end":false,"group":0,"treasure":"cookie_s_l","fall":""},{"name":"KumaChappy","count":1,"weight":0,"dead_end":false,"group":0,"treasure":"juji_key","fall":""},{"name":"KumaKochappy","count":7,"weight":0,"dead_end":false,"group":0,"treasure":"toy_ring_b_green","fall":""},{"name":"KumaKochappy","count":7,"weight":0,"dead_end":false,"group":0,"treasure":"toy_ring_b_green","fall":""},{"name":"UmiMushiBlind","count":1,"weight":0,"dead_end":false,"group":1,"treasure":"dia_b_blue","fall":""},{"name":"UmiMushiBlind","count":1,"weight":0,"dead_end":false,"group":1,"treasure":"dia_b_blue","fall":""},{"name":"DaiodoGreen","count":4,"weight":0,"dead_end":false,"group":6,"treasure":null,"fall":""},{"name":"Demon","count":2,"weight":0,"dead_end":false,"group":0,"treasure":null,"fall":""}],"treasures":[{"name":"otama","count":1,"weight":0},{"name":"toy_ring_a_red","count":1,"weight":0},{"name":"gear_silver","count":1,"weight":0},{"name":"kinoko_tubu","count":1,"weight":0},{"name":"toy_teala","count":1,"weight":0}],"gates":[{"word":"gate","health":20000,"weight":1},{"word":"gate","health":15000,"weight":1},{"word":"gate","health":13000,"weight":2}]},{"name":"Sublevel 8","properties":{"unit":"2_MAT_tak22_nor22_tile.txt","max_rooms":3,"light":"vs_10_light.ini","music":"new_00_0.cnd","skybox":"none","corridor":0.025,"caps":50,"timer":0,"geyser":false,"clogged":false,"echo":0,"plane":false,"seesaw":false,"version":1,"max_entities":13,"max_trasures":null,"max_gates":null},"entities":[{"name":"KumaKochappy","count":7,"weight":0,"dead_end":false,"group":0,"treasure":"ichigo","fall":""},{"name":"KumaChappy","count":2,"weight":0,"dead_end":false,"group":0,"treasure":"bell_blue","fall":""},{"name":"KumaChappy","count":2,"weight":0,"dead_end":false,"group":0,"treasure":"key","fall":""},{"name":"KumaChappy","count":2,"weight":0,"dead_end":false,"group":1,"treasure":"key","fall":""}],"treasures":[{"name":"doll","count":1,"weight":0},{"name":"doll","count":1,"weight":0},{"name":"doll","count":1,"weight":0},{"name":"doll","count":1,"weight":0},{"name":"doll","count":1,"weight":0},{"name":"doll","count":1,"weight":0},{"name":"doll","count":1,"weight":0},{"name":"doll","count":1,"weight":0},{"name":"doll","count":1,"weight":0},{"name":"doll","count":1,"weight":0}],"gates":[]},{"name":"Sublevel 9","properties":{"unit":"1_units_queen_c_tsuchi.txt","max_rooms":1,"light":"oootakara_light.ini","music":"new_00_0.cnd","skybox":"none","corridor":0.0,"caps":50,"timer":0,"geyser":false,"clogged":false,"echo":0,"plane":false,"seesaw":false,"version":1,"max_entities":5,"max_trasures":null,"max_gates":null},"entities":[{"name":"DangoMushi","count":1,"weight":0,"dead_end":false,"group":8,"treasure":"key","fall":""},{"name":"KumaKochappy","count":1,"weight":0,"dead_end":false,"group":8,"treasure":"toy_dog","fall":""},{"name":"KumaKochappy","count":1,"weight":0,"dead_end":false,"group":0,"treasure":"toy_dog","fall":""},{"name":"KumaKochappy","count":1,"weight":0,"dead_end":false,"group":1,"treasure":"toy_dog","fall":""},{"name":"KumaKochappy","count":1,"weight":0,"dead_end":false,"group":8,"treasure":"toy_dog","fall":""}],"treasures":[],"gates":[]}],"content":null}