{"sublevels":[{"name":"Sublevel 1","properties":{"unit":"3_units_f_g_l_conc.txt","max_rooms":4,"light":"normal_light_cha.ini","music":"new_01_0.cnd","skybox":"none","corridor":0.2,"caps":60,"timer":60,"geyser":false,"clogged":false,"echo":0,"plane":false,"seesaw":false,"version":1,"max_entities":null,"max_trasures":null,"max_gates":null},"entities":[{"name":"Catfish","count":3,"weight":0,"dead_end":false,"group":0,"treasure":null,"fall":""},{"name":"Catfish","count":3,"weight":0,"dead_end":false,"group":0,"treasure":null,"fall":""},{"name":"Catfish","count":2,"weight":0,"dead_end":false,"group":0,"treasure":null,"fall":""},{"name":"Catfish","count":2,"weight":0,"dead_end":false,"group":0,"treasure":null,"fall":""},{"name":"BlackMan","count":1,"weight":0,"dead_end":false,"group":1,"treasure":null,"fall":""},{"name":"BlackMan","count":1,"weight":0,"dead_end":false,"group":1,"treasure":null,"fall":""},{"name":"Demon","count":1,"weight":0,"dead_end":false,"group":1,"treasure":null,"fall":""},{"name":"Demon","count":1,"weight":0,"dead_end":false,"group":1,"treasure":null,"fall":""},{"name":"Demon","count":1,"weight":0,"dead_end":false,"group":1,"treasure":null,"fall":""}],"treasures":[{"name":"kan_imuraya","count":1,"weight":0},{"name":"kan_nichiro","count":1,"weight":0},{"name":"kan_iwate","count":1,"weight":0},{"name":"kan_kyokuyo","count":1,"weight":0},{"name":"kan_meidiya","count":1,"weight":0},{"name":"kan_maruha","count":1,"weight":0},{"name":"key","count":1,"weight":0},{"name":"kan","count":1,"weight":0},{"name":"bane_red","count":1,"weight":0},{"name":"toy_gentle","count":1,"weight":0},{"name":"dia_b_red","count":1,"weight":0},{"name":"uji_jisyaku","count":1,"weight":0},{"name":"castanets","count":1,"weight":0},{"name":"whistle","count":1,"weight":0},{"name":"tatebue","count":1,"weight":0}],"gates":[{"word":"gate","health":100,"weight":1},{"word":"gate","health":100,"weight":1},{"word":"gate","health":100,"weight":1},{"word":"gate","health":100,"weight":1},{"word":"gate","health":100,"weight":1},{"word":"gate","health":100,"weight":1},{"word":"gate","health":100,"weight":1},{"word":"gate","health":100,"weight":1},{"word":"gate","health":100,"weight":1},{"word":"gate","health":100,"weight":1}]}],"content":null}