{"sublevels":[{"name":"Sublevel 1 - rest","properties":{"unit":"2_units_5x5a_big_tekiF_kusachi.txt","max_rooms":3,"light":"kusachi_light_cha.ini","music":"caveglass_00_0.cnd","skybox":"hiroba","corridor":0.1,"caps":50,"timer":0,"geyser":false,"clogged":false,"echo":0,"plane":true,"seesaw":false,"version":1,"max_entities":null,"max_trasures":null,"max_gates":null},"entities":[{"name":"Ooinu_l","count":10,"weight":0,"dead_end":false,"group":6,"treasure":null,"fall":""},{"name":"WhitePom","count":1,"weight":0,"dead_end":false,"group":5,"treasure":null,"fall":""},{"name":"WhitePom","count":1,"weight":0,"dead_end":false,"group":5,"treasure":null,"fall":""},{"name":"Miulin","count":1,"weight":0,"dead_end":false,"group":8,"treasure":"key","fall":""},{"name":"UjiA","count":5,"weight":0,"dead_end":false,"group":0,"treasure":"flower_blue","fall":""},{"name":"UjiA","count":5,"weight":0,"dead_end":false,"group":0,"treasure":"flower_blue","fall":""},{"name":"UjiB","count":1,"weight":0,"dead_end":false,"group":1,"treasure":null,"fall":""},{"name":"UjiB","count":1,"weight":0,"dead_end":false,"group":1,"treasure":null,"fall":""},{"name":"YellowKochappy","count":1,"weight":0,"dead_end":true,"group":0,"treasure":"g_futa_hiruzen","fall":"$"}],"treasures":[{"name":"momiji_kare","count":1,"weight":0},{"name":"momiji_kare","count":1,"weight":0},{"name":"momiji_kare","count":1,"weight":0},{"name":"kinoko","count":1,"weight":0},{"name":"bane_yellow","count":1,"weight":0},{"name":"leaf_yellow","count":1,"weight":0},{"name":"leaf_yellow","count":1,"weight":0}],"gates":[]},{"name":"Sublevel 2 - fire","properties":{"unit":"3_ABE_sak1_sak2_hit1_tsuchi.txt","max_rooms":3,"light":"normal_light_lv0.ini","music":"new_04_0.cnd","skybox":"none","corridor":0.1,"caps":50,"timer":0,"geyser":false,"clogged":false,"echo":0,"plane":false,"seesaw":false,"version":1,"max_entities":null,"max_trasures":null,"max_gates":null},"entities":[{"name":"FireChappy","count":1,"weight":0,"dead_end":false,"group":1,"treasure":"key","fall":""},{"name":"Hiba","count":4,"weight":0,"dead_end":false,"group":5,"treasure":null,"fall":""},{"name":"Hiba","count":4,"weight":0,"dead_end":false,"group":5,"treasure":null,"fall":""},{"name":"BlueKochappy","count":2,"weight":0,"dead_end":false,"group":0,"treasure":"be_dama_red","fall":""},{"name":"BlueKochappy","count":2,"weight":0,"dead_end":false,"group":0,"treasure":"be_dama_red","fall":""},{"name":"BlueChappy","count":1,"weight":0,"dead_end":false,"group":1,"treasure":"be_dama_red_l","fall":""},{"name":"BlueChappy","count":1,"weight":0,"dead_end":false,"group":1,"treasure":"be_dama_red_l","fall":""},{"name":"RedPom","count":1,"weight":0,"dead_end":false,"group":1,"treasure":null,"fall":""},{"name":"RedPom","count":1,"weight":0,"dead_end":false,"group":0,"treasure":null,"fall":""},{"name":"KareOoinu_s","count":10,"weight":0,"dead_end":false,"group":6,"treasure":null,"fall":""}],"treasures":[{"name":"be_dama_red_l","count":1,"weight":0},{"name":"be_dama_red_l","count":1,"weight":0},{"name":"toy_ring_b_red","count":1,"weight":0},{"name":"toy_teala","count":1,"weight":0}],"gates":[]},{"name":"Sublevel 3 - concrete","properties":{"unit":"3_MAT_d_i_m_conc.txt","max_rooms":4,"light":"forest_3_light.ini","music":"caveconc_00_0.cnd","skybox":"none","corridor":0.1,"caps":50,"timer":0,"geyser":false,"clogged":false,"echo":0,"plane":false,"seesaw":false,"version":1,"max_entities":null,"max_trasures":null,"max_gates":null},"entities":[{"name":"KumaChappy","count":1,"weight":0,"dead_end":false,"group":0,"treasure":"juji_key_fc","fall":""},{"name":"Fart","count":1,"weight":0,"dead_end":false,"group":0,"treasure":"key","fall":""},{"name":"KumaKochappy","count":2,"weight":0,"dead_end":false,"group":0,"treasure":null,"fall":""},{"name":"KumaKochappy","count":2,"weight":0,"dead_end":false,"group":0,"treasure":null,"fall":""},{"name":"KumaKochappy","count":2,"weight":0,"dead_end":false,"group":0,"treasure":null,"fall":""},{"name":"KumaKochappy","count":2,"weight":0,"dead_end":false,"group":0,"treasure":null,"fall":""},{"name":"Tobi","count":5,"weight":0,"dead_end":false,"group":1,"treasure":"chocolate","fall":""},{"name":"UjiB","count":5,"weight":0,"dead_end":false,"group":1,"treasure":null,"fall":""},{"name":"UjiB","count":5,"weight":0,"dead_end":false,"group":1,"treasure":null,"fall":""}],"treasures":[{"name":"saru_head","count":1,"weight":0},{"name":"saru_head","count":1,"weight":0},{"name":"wadou_kaichin","count":1,"weight":0},{"name":"wadou_kaichin","count":1,"weight":0},{"name":"wadou_kaichin","count":1,"weight":0},{"name":"akagai","count":1,"weight":0},{"name":"chess_queen_black","count":1,"weight":0}],"gates":[{"word":"gate","health":2000,"weight":1},{"word":"gate","health":2000,"weight":1}]}],"content":null}