{"sublevels":[{"name":"Sublevel 1 - Snowdrop Floor","properties":{"unit":"4_MAT_mid1_mid2_sak2_uzu1_snow.txt","max_rooms":3,"light":"normal_light_lv2.ini","music":"new_00_1.cnd","skybox":"none","corridor":0.12,"caps":50,"timer":0,"geyser":false,"clogged":false,"echo":0,"plane":false,"seesaw":false,"version":1,"max_entities":null,"max_trasures":null,"max_gates":null},"entities":[{"name":"YellowKochappy","count":1,"weight":0,"dead_end":false,"group":1,"treasure":"key","fall":"$2"},{"name":"Tukushi","count":2,"weight":0,"dead_end":false,"group":6,"treasure":null,"fall":"$2"},{"name":"YellowKochappy","count":14,"weight":0,"dead_end":false,"group":0,"treasure":"donguri","fall":"$2"},{"name":"YellowKochappy","count":13,"weight":0,"dead_end":false,"group":1,"treasure":"cookie","fall":"$2"}],"treasures":[{"name":"g_futa_nihonraku","count":1,"weight":0},{"name":"donutswhite","count":1,"weight":0},{"name":"sinkukan_c","count":1,"weight":0},{"name":"toy_ring_a_red","count":1,"weight":0}],"gates":[{"word":"gate","health":1200,"weight":1},{"word":"gate","health":1200,"weight":1}]},{"name":"Sublevel 2 - Hairydrop Floor","properties":{"unit":"3_MAT_hit2_hit3_blk1_snow.txt","max_rooms":4,"light":"normal_light_lv0.ini","music":"new_00_1.cnd","skybox":"none","corridor":0.15,"caps":50,"timer":0,"geyser":false,"clogged":false,"echo":0,"plane":false,"seesaw":false,"version":1,"max_entities":null,"max_trasures":null,"max_gates":null},"entities":[{"name":"YellowChappy","count":1,"weight":0,"dead_end":false,"group":0,"treasure":"key","fall":"$2"},{"name":"YellowChappy","count":1,"weight":0,"dead_end":false,"group":0,"treasure":"toy_dog","fall":"$2"},{"name":"GasOtakara","count":7,"weight":0,"dead_end":false,"group":0,"treasure":"be_dama_red","fall":""},{"name":"Hanachirashi","count":2,"weight":0,"dead_end":true,"group":0,"treasure":"apple_blue","fall":"$2"},{"name":"HikariKinoko","count":3,"weight":0,"dead_end":false,"group":6,"treasure":null,"fall":""}],"treasures":[{"name":"tape_yellow","count":1,"weight":0},{"name":"diamond_blue","count":1,"weight":0},{"name":"g_futa_kyodo","count":1,"weight":0},{"name":"ahiru","count":1,"weight":0}],"gates":[{"word":"gate","health":1200,"weight":1},{"word":"gate","health":1200,"weight":1},{"word":"gate","health":1200,"weight":1},{"word":"gate","health":1200,"weight":1},{"word":"gate","health":1200,"weight":1}]}],"content":null}