{"sublevels":[{"name":"Sublevel 1 - Empty Locker Room","properties":{"unit":"3_units_a_l_yuko_tile.txt","max_rooms":5,"light":"forest_3_light.ini","music":"new_00_0.cnd","skybox":"none","corridor":0.1,"caps":50,"timer":0,"geyser":false,"clogged":false,"echo":0,"plane":false,"seesaw":false,"version":1,"max_entities":null,"max_trasures":null,"max_gates":null},"entities":[{"name":"BlueKochappy","count":6,"weight":0,"dead_end":false,"group":1,"treasure":null,"fall":"$4"},{"name":"BombSarai","count":1,"weight":0,"dead_end":false,"group":0,"treasure":null,"fall":"$4"},{"name":"Hanachirashi","count":2,"weight":0,"dead_end":false,"group":0,"treasure":null,"fall":"$4"},{"name":"Mar","count":1,"weight":0,"dead_end":false,"group":0,"treasure":null,"fall":"$4"},{"name":"ElecOtakara","count":3,"weight":0,"dead_end":false,"group":5,"treasure":null,"fall":"$4"},{"name":"GasOtakara","count":2,"weight":0,"dead_end":false,"group":5,"treasure":null,"fall":"$4"},{"name":"Jigumo","count":6,"weight":0,"dead_end":false,"group":6,"treasure":null,"fall":""},{"name":"Fkabuto","count":2,"weight":0,"dead_end":false,"group":1,"treasure":null,"fall":"$"},{"name":"OniKurage","count":1,"weight":0,"dead_end":false,"group":1,"treasure":null,"fall":"$2"},{"name":"Hanachirashi","count":2,"weight":0,"dead_end":false,"group":1,"treasure":null,"fall":"$2"},{"name":"Catfish","count":3,"weight":0,"dead_end":false,"group":5,"treasure":null,"fall":"$3"},{"name":"Demon","count":3,"weight":0,"dead_end":false,"group":1,"treasure":null,"fall":"$2"},{"name":"Fart","count":1,"weight":0,"dead_end":false,"group":8,"treasure":"dia_c_red","fall":""}],"treasures":[{"name":"key","count":1,"weight":0},{"name":"toy_dog","count":1,"weight":0},{"name":"diamond_red_l","count":1,"weight":0},{"name":"teala_dia_d","count":1,"weight":0},{"name":"dia_a_blue","count":1,"weight":0},{"name":"makigai","count":1,"weight":0},{"name":"futa_a_gold","count":1,"weight":0},{"name":"toy_cat","count":1,"weight":0},{"name":"hotate","count":1,"weight":0},{"name":"channel","count":1,"weight":0}],"gates":[]},{"name":"Sublevel 2 - Chilly Cave","properties":{"unit":"all_units_snow.txt","max_rooms":7,"light":"forest_3_light.ini","music":"new_00_0.cnd","skybox":"none","corridor":0.08,"caps":50,"timer":0,"geyser":false,"clogged":false,"echo":0,"plane":false,"seesaw":false,"version":1,"max_entities":null,"max_trasures":null,"max_gates":null},"entities":[{"name":"YellowChappy","count":2,"weight":0,"dead_end":false,"group":5,"treasure":null,"fall":"$2"},{"name":"WaterOtakara","count":3,"weight":0,"dead_end":false,"group":5,"treasure":null,"fall":"$4"},{"name":"FireOtakara","count":7,"weight":0,"dead_end":false,"group":1,"treasure":null,"fall":"$4"},{"name":"FireChappy","count":1,"weight":0,"dead_end":false,"group":0,"treasure":"cookie_s_l","fall":"$2"},{"name":"Kurage","count":3,"weight":0,"dead_end":false,"group":1,"treasure":null,"fall":"$4"},{"name":"Kogane","count":1,"weight":0,"dead_end":true,"group":0,"treasure":"g_futa_kyodo","fall":""},{"name":"Sarai","count":4,"weight":0,"dead_end":false,"group":6,"treasure":null,"fall":"$2"},{"name":"Demon","count":2,"weight":0,"dead_end":false,"group":6,"treasure":null,"fall":"$3"},{"name":"Tank","count":3,"weight":0,"dead_end":true,"group":0,"treasure":null,"fall":"$4"},{"name":"KumaKochappy","count":15,"weight":0,"dead_end":false,"group":6,"treasure":null,"fall":"$"},{"name":"BombOtakara","count":8,"weight":0,"dead_end":false,"group":1,"treasure":null,"fall":"$2"},{"name":"MaroFrog","count":1,"weight":0,"dead_end":false,"group":0,"treasure":"key","fall":"$2"},{"name":"Tobi","count":8,"weight":0,"dead_end":false,"group":0,"treasure":null,"fall":""}],"treasures":[{"name":"toy_ring_c_blue","count":1,"weight":0},{"name":"chess_king_black","count":1,"weight":0},{"name":"toy_ring_c_green","count":1,"weight":0},{"name":"locket","count":1,"weight":0},{"name":"teala_dia_b","count":1,"weight":0},{"name":"leaf_kare","count":1,"weight":0},{"name":"toy_ring_a_green","count":1,"weight":0},{"name":"toy_ring_b_red","count":1,"weight":0},{"name":"toy_ring_c_red","count":1,"weight":0}],"gates":[]},{"name":"Sublevel 3 - Toybox of Grief","properties":{"unit":"2_units_sara_sara2_toy.txt","max_rooms":2,"light":"forest_3_light.ini","music":"new_00_0.cnd","skybox":"tatami","corridor":0.01,"caps":50,"timer":0,"geyser":false,"clogged":false,"echo":0,"plane":true,"seesaw":false,"version":1,"max_entities":null,"max_trasures":null,"max_gates":null},"entities":[{"name":"Armor","count":4,"weight":0,"dead_end":false,"group":1,"treasure":null,"fall":""},{"name":"PanModoki","count":1,"weight":0,"dead_end":false,"group":0,"treasure":null,"fall":""},{"name":"OoPanModoki","count":1,"weight":0,"dead_end":false,"group":1,"treasure":null,"fall":""},{"name":"Fuefuki","count":2,"weight":0,"dead_end":false,"group":1,"treasure":null,"fall":""},{"name":"Kurage","count":2,"weight":0,"dead_end":false,"group":1,"treasure":null,"fall":"$2"},{"name":"Mar","count":3,"weight":0,"dead_end":false,"group":1,"treasure":null,"fall":"$2"},{"name":"KumaChappy","count":1,"weight":0,"dead_end":false,"group":0,"treasure":"castanets","fall":"$2"},{"name":"Wealthy","count":1,"weight":0,"dead_end":false,"group":0,"treasure":"key","fall":""},{"name":"Bomb","count":8,"weight":0,"dead_end":false,"group":0,"treasure":null,"fall":"$4"},{"name":"BombSarai","count":9,"weight":0,"dead_end":false,"group":5,"treasure":null,"fall":"$4"},{"name":"BlueChappy","count":2,"weight":0,"dead_end":false,"group":0,"treasure":null,"fall":"$4"},{"name":"Wtank","count":5,"weight":0,"dead_end":true,"group":0,"treasure":null,"fall":"$4"},{"name":"Baby","count":6,"weight":0,"dead_end":false,"group":5,"treasure":null,"fall":"$2"}],"treasures":[{"name":"chocoichigo","count":1,"weight":0},{"name":"cookie_u_l","count":1,"weight":0},{"name":"cookie_m_l","count":1,"weight":0},{"name":"bane_red","count":1,"weight":0},{"name":"dia_b_green","count":1,"weight":0},{"name":"medama_yaki","count":1,"weight":0},{"name":"cookie","count":1,"weight":0},{"name":"donutschoco","count":1,"weight":0},{"name":"donutsichigo","count":1,"weight":0}],"gates":[]},{"name":"Sublevel 4 - Abandoned Workshop","properties":{"unit":"3_MAT_ari_h446_h443_tower_metal.txt","max_rooms":4,"light":"forest_3_light.ini","music":"new_00_0.cnd","skybox":"none","corridor":0.12,"caps":50,"timer":0,"geyser":false,"clogged":false,"echo":0,"plane":false,"seesaw":false,"version":1,"max_entities":null,"max_trasures":null,"max_gates":null},"entities":[{"name":"FminiHoudai","count":1,"weight":0,"dead_end":false,"group":8,"treasure":"key","fall":""},{"name":"BombSarai","count":6,"weight":0,"dead_end":false,"group":1,"treasure":null,"fall":"$2"},{"name":"Fkabuto","count":1,"weight":0,"dead_end":false,"group":1,"treasure":null,"fall":""},{"name":"MaroFrog","count":2,"weight":0,"dead_end":false,"group":1,"treasure":null,"fall":"$4"},{"name":"Rkabuto","count":4,"weight":0,"dead_end":false,"group":5,"treasure":null,"fall":"$4"},{"name":"TamagoMushi","count":3,"weight":0,"dead_end":false,"group":1,"treasure":null,"fall":""},{"name":"Sarai","count":8,"weight":0,"dead_end":false,"group":5,"treasure":null,"fall":"$2"},{"name":"SnakeCrow","count":3,"weight":0,"dead_end":false,"group":6,"treasure":null,"fall":""},{"name":"FireChappy","count":1,"weight":0,"dead_end":false,"group":8,"treasure":"bolt_l","fall":""},{"name":"Bomb","count":25,"weight":0,"dead_end":false,"group":0,"treasure":null,"fall":"$4"},{"name":"Rock","count":20,"weight":0,"dead_end":false,"group":1,"treasure":null,"fall":""}],"treasures":[{"name":"nut","count":1,"weight":0},{"name":"nut_l","count":1,"weight":0},{"name":"sinkukan_c","count":1,"weight":0},{"name":"sinkukan_b","count":1,"weight":0},{"name":"dia_b_red","count":1,"weight":0},{"name":"sinkukan","count":1,"weight":0},{"name":"bane","count":1,"weight":0},{"name":"denchi_2_black","count":1,"weight":0},{"name":"denchi_3_red","count":1,"weight":0},{"name":"wadou_kaichin","count":1,"weight":0},{"name":"bey_goma","count":1,"weight":0}],"gates":[]},{"name":"Sublevel 5 - Hazardous Hallways","properties":{"unit":"all_units_renga.txt","max_rooms":12,"light":"forest_3_light.ini","music":"new_00_0.cnd","skybox":"none","corridor":0.12,"caps":50,"timer":0,"geyser":false,"clogged":false,"echo":0,"plane":false,"seesaw":false,"version":1,"max_entities":null,"max_trasures":null,"max_gates":null},"entities":[{"name":"Magaret","count":20,"weight":0,"dead_end":false,"group":6,"treasure":null,"fall":""},{"name":"Hana","count":15,"weight":0,"dead_end":false,"group":6,"treasure":null,"fall":""},{"name":"ElecHiba","count":18,"weight":0,"dead_end":false,"group":5,"treasure":null,"fall":""},{"name":"Hiba","count":18,"weight":0,"dead_end":false,"group":6,"treasure":null,"fall":""},{"name":"GasHiba","count":18,"weight":0,"dead_end":false,"group":6,"treasure":null,"fall":""},{"name":"Rock","count":30,"weight":0,"dead_end":false,"group":1,"treasure":null,"fall":"$4"},{"name":"Bomb","count":30,"weight":0,"dead_end":false,"group":0,"treasure":null,"fall":"$4"},{"name":"WaterOtakara","count":15,"weight":0,"dead_end":false,"group":5,"treasure":null,"fall":"$4"},{"name":"Wtank","count":7,"weight":0,"dead_end":true,"group":0,"treasure":null,"fall":"$4"}],"treasures":[{"name":"key","count":1,"weight":0},{"name":"donguri_l","count":1,"weight":0},{"name":"donguri","count":1,"weight":0},{"name":"matu_bokkuri","count":1,"weight":0},{"name":"futa_a_silver","count":1,"weight":0},{"name":"ichigo_l","count":1,"weight":0},{"name":"flower_red","count":1,"weight":0},{"name":"bird_hane","count":1,"weight":0},{"name":"toy_gentle","count":1,"weight":0},{"name":"creap","count":1,"weight":0},{"name":"g_futa_nihonraku","count":1,"weight":0}],"gates":[]},{"name":"Sublevel 6 - The Demon's Lair","properties":{"unit":"all_units_water_tsuchi.txt","max_rooms":4,"light":"forest_3_light.ini","music":"new_00_0.cnd","skybox":"none","corridor":0.12,"caps":50,"timer":10,"geyser":false,"clogged":false,"echo":0,"plane":false,"seesaw":false,"version":1,"max_entities":null,"max_trasures":null,"max_gates":null},"entities":[{"name":"BlackMan","count":3,"weight":0,"dead_end":false,"group":8,"treasure":null,"fall":""},{"name":"Demon","count":4,"weight":0,"dead_end":false,"group":0,"treasure":null,"fall":"$"},{"name":"Mar","count":1,"weight":0,"dead_end":false,"group":1,"treasure":"key","fall":"$"},{"name":"OniKurage","count":3,"weight":0,"dead_end":false,"group":1,"treasure":null,"fall":"$4"},{"name":"FireOtakara","count":1,"weight":0,"dead_end":true,"group":0,"treasure":null,"fall":"$4"},{"name":"ElecOtakara","count":1,"weight":0,"dead_end":true,"group":0,"treasure":null,"fall":"$4"},{"name":"WaterOtakara","count":1,"weight":0,"dead_end":true,"group":0,"treasure":null,"fall":"$4"},{"name":"GasOtakara","count":1,"weight":0,"dead_end":true,"group":0,"treasure":null,"fall":"$4"},{"name":"Sarai","count":2,"weight":0,"dead_end":false,"group":0,"treasure":null,"fall":"$4"},{"name":"Hanachirashi","count":2,"weight":0,"dead_end":false,"group":1,"treasure":null,"fall":"$4"},{"name":"Kurage","count":3,"weight":0,"dead_end":false,"group":1,"treasure":null,"fall":"$4"},{"name":"BombSarai","count":6,"weight":0,"dead_end":false,"group":5,"treasure":null,"fall":"$4"}],"treasures":[{"name":"be_dama_blue_l","count":1,"weight":0},{"name":"be_dama_yellow_l","count":1,"weight":0},{"name":"be_dama_red_l","count":1,"weight":0},{"name":"be_dama_red","count":1,"weight":0},{"name":"be_dama_blue","count":1,"weight":0},{"name":"be_dama_yellow","count":1,"weight":0},{"name":"badminton","count":1,"weight":0},{"name":"chess_king_white","count":1,"weight":0},{"name":"chess_queen_black","count":1,"weight":0},{"name":"ahiru","count":1,"weight":0}],"gates":[]},{"name":"Sublevel 7 - Garden of Silence","properties":{"unit":"all_units_kusachi.txt","max_rooms":4,"light":"forest_3_light.ini","music":"new_00_0.cnd","skybox":"hiroba","corridor":0.12,"caps":50,"timer":0,"geyser":false,"clogged":false,"echo":0,"plane":true,"seesaw":false,"version":1,"max_entities":null,"max_trasures":null,"max_gates":null},"entities":[{"name":"UjiB","count":12,"weight":0,"dead_end":false,"group":0,"treasure":null,"fall":""},{"name":"Tobi","count":15,"weight":0,"dead_end":false,"group":6,"treasure":null,"fall":""},{"name":"Miulin","count":7,"weight":0,"dead_end":false,"group":0,"treasure":null,"fall":""},{"name":"Frog","count":5,"weight":0,"dead_end":false,"group":1,"treasure":null,"fall":"$2"},{"name":"SnakeWhole","count":1,"weight":0,"dead_end":false,"group":0,"treasure":"ichigo","fall":""},{"name":"Hanachirashi","count":2,"weight":0,"dead_end":true,"group":0,"treasure":null,"fall":"$4"},{"name":"SnakeWhole","count":1,"weight":0,"dead_end":false,"group":6,"treasure":"key","fall":""},{"name":"Fkabuto","count":3,"weight":0,"dead_end":false,"group":1,"treasure":null,"fall":""},{"name":"UjiA","count":3,"weight":0,"dead_end":false,"group":5,"treasure":null,"fall":""},{"name":"Hiba","count":6,"weight":0,"dead_end":false,"group":6,"treasure":null,"fall":""},{"name":"GasHiba","count":6,"weight":0,"dead_end":false,"group":6,"treasure":null,"fall":""},{"name":"ElecHiba","count":6,"weight":0,"dead_end":false,"group":6,"treasure":null,"fall":""}],"treasures":[{"name":"sinjyu","count":1,"weight":0},{"name":"bane_yellow","count":1,"weight":0},{"name":"diamond_blue","count":1,"weight":0},{"name":"momiji_normal","count":1,"weight":0},{"name":"donutschoco_s","count":1,"weight":0},{"name":"toy_ring_b_blue","count":1,"weight":0}],"gates":[]},{"name":"Sublevel 8 - Infested Pipeline","properties":{"unit":"all_units_conc.txt","max_rooms":10,"light":"forest_3_light.ini","music":"new_00_0.cnd","skybox":"none","corridor":0.06,"caps":50,"timer":0,"geyser":false,"clogged":false,"echo":0,"plane":false,"seesaw":false,"version":1,"max_entities":null,"max_trasures":null,"max_gates":null},"entities":[{"name":"BigFoot","count":1,"weight":0,"dead_end":false,"group":0,"treasure":"key","fall":""},{"name":"ElecBug","count":50,"weight":0,"dead_end":false,"group":0,"treasure":null,"fall":"$"},{"name":"Damagumo","count":1,"weight":0,"dead_end":false,"group":0,"treasure":"turi_uki","fall":"$"},{"name":"DangoMushi","count":1,"weight":0,"dead_end":false,"group":0,"treasure":"tape_blue","fall":"$"}],"treasures":[{"name":"milk_cap","count":1,"weight":0},{"name":"denchi_1_black","count":1,"weight":0},{"name":"g_futa_nihonraku","count":1,"weight":0},{"name":"fire_helmet","count":1,"weight":0},{"name":"denchi_2_red","count":1,"weight":0},{"name":"g_futa_kyosin","count":1,"weight":0},{"name":"g_futa_kyodo","count":1,"weight":0},{"name":"g_futa_daisen","count":1,"weight":0},{"name":"chocoichigo_l","count":1,"weight":0},{"name":"g_futa_sikoku","count":1,"weight":0},{"name":"g_futa_sakotani","count":1,"weight":0},{"name":"g_futa_kyusyu","count":1,"weight":0},{"name":"g_futa_kitaama","count":1,"weight":0},{"name":"tape_yellow","count":1,"weight":0},{"name":"g_futa_titiyas","count":1,"weight":0}],"gates":[]},{"name":"Sublevel 9 - Bulborb Nest","properties":{"unit":"4_units_f_g_i_spiral_conc.txt","max_rooms":5,"light":"forest_3_light.ini","music":"new_00_0.cnd","skybox":"none","corridor":0.12,"caps":50,"timer":0,"geyser":false,"clogged":false,"echo":0,"plane":false,"seesaw":false,"version":1,"max_entities":null,"max_trasures":null,"max_gates":null},"entities":[{"name":"KingChappy","count":6,"weight":0,"dead_end":false,"group":1,"treasure":null,"fall":""},{"name":"BlueChappy","count":5,"weight":0,"dead_end":false,"group":1,"treasure":null,"fall":"$2"},{"name":"Chappy","count":5,"weight":0,"dead_end":false,"group":1,"treasure":null,"fall":"$2"},{"name":"YellowChappy","count":5,"weight":0,"dead_end":false,"group":1,"treasure":null,"fall":"$2"},{"name":"KingChappy","count":1,"weight":0,"dead_end":false,"group":1,"treasure":"key","fall":""},{"name":"FireChappy","count":2,"weight":0,"dead_end":false,"group":0,"treasure":null,"fall":"$2"},{"name":"Kochappy","count":10,"weight":0,"dead_end":false,"group":0,"treasure":null,"fall":"$2"},{"name":"YellowKochappy","count":10,"weight":0,"dead_end":false,"group":0,"treasure":null,"fall":"$2"},{"name":"BlueKochappy","count":10,"weight":0,"dead_end":false,"group":0,"treasure":null,"fall":"$2"},{"name":"KumaChappy","count":4,"weight":0,"dead_end":false,"group":6,"treasure":null,"fall":"$2"},{"name":"Catfish","count":10,"weight":0,"dead_end":true,"group":0,"treasure":null,"fall":"$4"}],"treasures":[{"name":"donutswhite","count":1,"weight":0},{"name":"j_block_white","count":1,"weight":0},{"name":"j_block_red","count":1,"weight":0},{"name":"j_block_blue","count":1,"weight":0},{"name":"j_block_yellow","count":1,"weight":0},{"name":"j_block_green","count":1,"weight":0},{"name":"juji_key","count":1,"weight":0}],"gates":[]},{"name":"Sublevel 10 - Ambush Endruance","properties":{"unit":"1_MIYA_bunki_tile.txt","max_rooms":1,"light":"suityu_light_lv4.ini","music":"new_00_1.cnd","skybox":"none","corridor":0.12,"caps":50,"timer":0,"geyser":false,"clogged":false,"echo":0,"plane":false,"seesaw":false,"version":1,"max_entities":null,"max_trasures":null,"max_gates":null},"entities":[{"name":"Houdai","count":1,"weight":0,"dead_end":false,"group":6,"treasure":"key","fall":""},{"name":"KumaChappy","count":1,"weight":0,"dead_end":false,"group":0,"treasure":null,"fall":"$2"},{"name":"OniKurage","count":1,"weight":0,"dead_end":false,"group":0,"treasure":null,"fall":"$2"},{"name":"Hanachirashi","count":1,"weight":0,"dead_end":false,"group":0,"treasure":null,"fall":"$2"},{"name":"Mar","count":1,"weight":0,"dead_end":false,"group":0,"treasure":null,"fall":"$2"},{"name":"MiniHoudai","count":1,"weight":0,"dead_end":false,"group":0,"treasure":null,"fall":"$2"},{"name":"BombSarai","count":1,"weight":0,"dead_end":false,"group":0,"treasure":null,"fall":"$2"},{"name":"MaroFrog","count":1,"weight":0,"dead_end":false,"group":1,"treasure":null,"fall":"$2"},{"name":"Demon","count":1,"weight":0,"dead_end":false,"group":1,"treasure":null,"fall":"$2"},{"name":"TamagoMushi","count":1,"weight":0,"dead_end":false,"group":1,"treasure":null,"fall":"$2"}],"treasures":[],"gates":[]}],"content":null}