{"sublevels":[{"name":"Sublevel 1","properties":{"unit":"3_units_north_ike2_hitode_tsuchi.txt","max_rooms":2,"light":"forest_3_light.ini","music":"cavemetal_00_0.cnd","skybox":"none","corridor":0.12,"caps":50,"timer":0,"geyser":false,"clogged":false,"echo":0,"plane":false,"seesaw":false,"version":1,"max_entities":null,"max_trasures":null,"max_gates":null},"entities":[{"name":"KumaChappy","count":1,"weight":0,"dead_end":false,"group":0,"treasure":"key","fall":""},{"name":"Qurione","count":2,"weight":0,"dead_end":true,"group":0,"treasure":null,"fall":""},{"name":"Bomb","count":10,"weight":0,"dead_end":false,"group":6,"treasure":null,"fall":""}],"treasures":[{"name":"sinkukan","count":1,"weight":0},{"name":"sinkukan_c","count":1,"weight":0},{"name":"sinkukan_b","count":1,"weight":0}],"gates":[]},{"name":"Sublevel 2","properties":{"unit":"4_MAT_mid1_mid2_ike1_ike3_tsuchi.txt","max_rooms":2,"light":"forest_3_light.ini","music":"caveglass_00_0.cnd","skybox":"none","corridor":0.12,"caps":50,"timer":0,"geyser":false,"clogged":false,"echo":0,"plane":false,"seesaw":false,"version":1,"max_entities":null,"max_trasures":null,"max_gates":null},"entities":[{"name":"KumaChappy","count":1,"weight":0,"dead_end":false,"group":0,"treasure":"key","fall":""},{"name":"BombOtakara","count":5,"weight":0,"dead_end":false,"group":1,"treasure":null,"fall":""},{"name":"BombOtakara","count":3,"weight":0,"dead_end":false,"group":1,"treasure":null,"fall":"$"},{"name":"Bomb","count":10,"weight":0,"dead_end":false,"group":6,"treasure":null,"fall":""}],"treasures":[{"name":"gear","count":1,"weight":0},{"name":"gear_silver","count":1,"weight":0},{"name":"mojiban","count":1,"weight":0}],"gates":[]},{"name":"Sublevel 3","properties":{"unit":"3_units_f_m_bomb_conc.txt","max_rooms":2,"light":"forest_3_light.ini","music":"caveconc_05_0.cnd","skybox":"none","corridor":0.12,"caps":50,"timer":0,"geyser":false,"clogged":false,"echo":0,"plane":false,"seesaw":false,"version":1,"max_entities":null,"max_trasures":null,"max_gates":null},"entities":[{"name":"KumaChappy","count":1,"weight":0,"dead_end":false,"group":0,"treasure":"key","fall":""},{"name":"KumaChappy","count":2,"weight":0,"dead_end":false,"group":0,"treasure":"channel","fall":""},{"name":"BombSarai","count":3,"weight":0,"dead_end":false,"group":1,"treasure":"bane","fall":""},{"name":"BombOtakara","count":3,"weight":0,"dead_end":false,"group":5,"treasure":null,"fall":""},{"name":"BombOtakara","count":2,"weight":0,"dead_end":false,"group":5,"treasure":null,"fall":"$"},{"name":"Bomb","count":10,"weight":0,"dead_end":false,"group":6,"treasure":null,"fall":""}],"treasures":[{"name":"bolt_l","count":1,"weight":0},{"name":"bolt","count":1,"weight":0},{"name":"nut","count":1,"weight":0}],"gates":[{"word":"gate","health":1000,"weight":1},{"word":"gate","health":1000,"weight":1}]}],"content":null}