{"sublevels":[{"name":"Sublevel 1","properties":{"unit":"1_MAT_mid2_tsuchi.txt","max_rooms":2,"light":"forest_2_siro_light.ini","music":"new_00_0.cnd","skybox":"none","corridor":0.12,"caps":100,"timer":0,"geyser":false,"clogged":false,"echo":0,"plane":false,"seesaw":false,"version":1,"max_entities":null,"max_trasures":null,"max_gates":null},"entities":[{"name":"YellowKochappy","count":4,"weight":0,"dead_end":false,"group":0,"treasure":null,"fall":""},{"name":"Kochappy","count":1,"weight":0,"dead_end":false,"group":0,"treasure":"tape_yellow","fall":""},{"name":"Hiba","count":2,"weight":0,"dead_end":false,"group":5,"treasure":null,"fall":""},{"name":"Wakame_s","count":1,"weight":0,"dead_end":false,"group":6,"treasure":null,"fall":""},{"name":"Zenmai","count":2,"weight":0,"dead_end":false,"group":6,"treasure":null,"fall":""}],"treasures":[{"name":"dia_a_red","count":1,"weight":0},{"name":"key","count":1,"weight":0}],"gates":[]},{"name":"Sublevel 2","properties":{"unit":"1_MAT_vs_drypool_tile.txt","max_rooms":3,"light":"houdai_light.ini","music":"cavetile_00_0.cnd","skybox":"none","corridor":0.15,"caps":100,"timer":0,"geyser":true,"clogged":false,"echo":0,"plane":false,"seesaw":false,"version":1,"max_entities":null,"max_trasures":null,"max_gates":null},"entities":[{"name":"Kochappy","count":2,"weight":0,"dead_end":false,"group":0,"treasure":null,"fall":""},{"name":"Kochappy","count":3,"weight":0,"dead_end":false,"group":1,"treasure":null,"fall":""},{"name":"Rock","count":1,"weight":0,"dead_end":false,"group":5,"treasure":null,"fall":""},{"name":"Chiyogami","count":2,"weight":0,"dead_end":false,"group":6,"treasure":null,"fall":""},{"name":"Chiyogami","count":1,"weight":0,"dead_end":false,"group":6,"treasure":null,"fall":""},{"name":"BlackPom","count":3,"weight":0,"dead_end":false,"group":6,"treasure":null,"fall":""},{"name":"Wtank","count":1,"weight":0,"dead_end":false,"group":0,"treasure":null,"fall":""}],"treasures":[{"name":"map01","count":1,"weight":0},{"name":"key","count":1,"weight":0}],"gates":[{"word":"gate","health":3000,"weight":1}]}],"content":null}