{"sublevels":[{"name":"Sublevel 1 - Chess Bulborbs","properties":{"unit":"1_ABE_vshit67_toy.txt","max_rooms":3,"light":"metal_light_lv0.ini","music":"new_07_0.cnd","skybox":"flooring","corridor":0.12,"caps":6,"timer":0,"geyser":false,"clogged":false,"echo":0,"plane":true,"seesaw":false,"version":1,"max_entities":null,"max_trasures":null,"max_gates":null},"entities":[{"name":"BlueChappy","count":1,"weight":0,"dead_end":false,"group":0,"treasure":"key","fall":""},{"name":"BlueChappy","count":1,"weight":0,"dead_end":false,"group":0,"treasure":"chess_queen_black","fall":""},{"name":"BlueChappy","count":1,"weight":0,"dead_end":false,"group":0,"treasure":"chess_king_white","fall":""},{"name":"Jigumo","count":5,"weight":0,"dead_end":false,"group":1,"treasure":null,"fall":""},{"name":"GasHiba","count":3,"weight":0,"dead_end":false,"group":5,"treasure":null,"fall":""},{"name":"DaiodoGreen","count":6,"weight":0,"dead_end":false,"group":6,"treasure":null,"fall":""}],"treasures":[],"gates":[]},{"name":"Sublevel 2 - Jellyfloat dice","properties":{"unit":"2_NARI_hit4x7_small_toy.txt","max_rooms":2,"light":"houdai_light.ini","music":"cavemetal_10_0.cnd","skybox":"flooring","corridor":0.12,"caps":50,"timer":0,"geyser":false,"clogged":true,"echo":0,"plane":true,"seesaw":false,"version":1,"max_entities":null,"max_trasures":null,"max_gates":null},"entities":[{"name":"OniKurage","count":1,"weight":0,"dead_end":false,"group":0,"treasure":"key","fall":""},{"name":"Mar","count":4,"weight":0,"dead_end":false,"group":0,"treasure":null,"fall":""},{"name":"Kurage","count":2,"weight":0,"dead_end":false,"group":0,"treasure":null,"fall":""},{"name":"GasHiba","count":2,"weight":0,"dead_end":false,"group":5,"treasure":null,"fall":""},{"name":"HikariKinoko","count":8,"weight":0,"dead_end":false,"group":6,"treasure":null,"fall":""}],"treasures":[{"name":"turi_uki","count":1,"weight":0},{"name":"toy_cat","count":1,"weight":0}],"gates":[]},{"name":"Sublevel 3 - Bomb Snitchbug","properties":{"unit":"1_ABE_ari_metal.txt","max_rooms":1,"light":"normal_light_lv0.ini","music":"caveconc_05_0.cnd","skybox":"build","corridor":0.12,"caps":50,"timer":0,"geyser":false,"clogged":false,"echo":0,"plane":false,"seesaw":false,"version":1,"max_entities":null,"max_trasures":null,"max_gates":null},"entities":[{"name":"BlueChappy","count":1,"weight":0,"dead_end":false,"group":0,"treasure":"key","fall":""},{"name":"BombSarai","count":3,"weight":0,"dead_end":false,"group":0,"treasure":null,"fall":""},{"name":"Bomb","count":3,"weight":0,"dead_end":false,"group":0,"treasure":null,"fall":"$"},{"name":"Chiyogami","count":5,"weight":0,"dead_end":false,"group":6,"treasure":null,"fall":""}],"treasures":[{"name":"ahiru","count":1,"weight":0},{"name":"juji_key_fc","count":1,"weight":0}],"gates":[]},{"name":"Sublevel 4 - Tower Cannon Beetle","properties":{"unit":"1_MAT_tower2_toy.txt","max_rooms":1,"light":"vs_10_light.ini","music":"cavemetal_05_4.cnd","skybox":"flooring","corridor":0.12,"caps":50,"timer":0,"geyser":false,"clogged":false,"echo":0,"plane":true,"seesaw":false,"version":1,"max_entities":null,"max_trasures":null,"max_gates":null},"entities":[{"name":"Fkabuto","count":1,"weight":0,"dead_end":false,"group":0,"treasure":"key","fall":""},{"name":"BlueKochappy","count":1,"weight":0,"dead_end":false,"group":0,"treasure":"badminton","fall":""},{"name":"BlueKochappy","count":5,"weight":0,"dead_end":false,"group":0,"treasure":null,"fall":""},{"name":"Chiyogami","count":3,"weight":0,"dead_end":false,"group":6,"treasure":null,"fall":""}],"treasures":[],"gates":[]},{"name":"Sublevel 5 - Rest Floor Temporal Mechanism","properties":{"unit":"1_ABE_ari_metal.txt","max_rooms":1,"light":"metal_light_cha.ini","music":"caverelax.cnd","skybox":"none","corridor":0.0,"caps":50,"timer":0,"geyser":true,"clogged":false,"echo":0,"plane":false,"seesaw":false,"version":1,"max_entities":null,"max_trasures":null,"max_gates":null},"entities":[{"name":"Miulin","count":1,"weight":0,"dead_end":false,"group":0,"treasure":"key","fall":""},{"name":"Miulin","count":2,"weight":0,"dead_end":false,"group":0,"treasure":null,"fall":""},{"name":"RandPom","count":1,"weight":0,"dead_end":false,"group":1,"treasure":null,"fall":""},{"name":"Egg","count":4,"weight":0,"dead_end":false,"group":1,"treasure":null,"fall":"$2"},{"name":"DaiodoRed","count":3,"weight":0,"dead_end":false,"group":6,"treasure":null,"fall":""},{"name":"DaiodoGreen","count":3,"weight":0,"dead_end":false,"group":6,"treasure":null,"fall":""}],"treasures":[{"name":"watch","count":1,"weight":0}],"gates":[]},{"name":"Sublevel 6 - Gattling Groink","properties":{"unit":"1_units_large_toy.txt","max_rooms":1,"light":"jyoou_light_lv2.ini","music":"cavemetal_00_0.cnd","skybox":"flooring","corridor":0.0,"caps":50,"timer":0,"geyser":false,"clogged":false,"echo":0,"plane":true,"seesaw":false,"version":1,"max_entities":null,"max_trasures":null,"max_gates":null},"entities":[{"name":"MiniHoudai","count":1,"weight":0,"dead_end":false,"group":0,"treasure":"key","fall":""},{"name":"BombOtakara","count":5,"weight":0,"dead_end":false,"group":0,"treasure":null,"fall":"$"},{"name":"Bomb","count":3,"weight":0,"dead_end":false,"group":0,"treasure":null,"fall":"$"},{"name":"Bomb","count":4,"weight":0,"dead_end":false,"group":0,"treasure":null,"fall":""},{"name":"Chiyogami","count":8,"weight":0,"dead_end":false,"group":6,"treasure":null,"fall":""}],"treasures":[{"name":"kumakibori","count":1,"weight":0},{"name":"flask","count":1,"weight":0},{"name":"haniwa","count":1,"weight":0}],"gates":[]},{"name":"Sublevel 7 - Man At Legs R.O.B.","properties":{"unit":"2_units_473_663_toy.txt","max_rooms":2,"light":"kumomei_light_cha.ini","music":"","skybox":"flooring","corridor":0.12,"caps":50,"timer":0,"geyser":false,"clogged":false,"echo":0,"plane":true,"seesaw":false,"version":1,"max_entities":null,"max_trasures":null,"max_gates":null},"entities":[{"name":"Houdai","count":1,"weight":0,"dead_end":false,"group":0,"treasure":"key","fall":""},{"name":"Chiyogami","count":8,"weight":0,"dead_end":false,"group":6,"treasure":null,"fall":""},{"name":"DaiodoRed","count":5,"weight":0,"dead_end":false,"group":6,"treasure":null,"fall":""},{"name":"DaiodoGreen","count":5,"weight":0,"dead_end":false,"group":6,"treasure":null,"fall":""}],"treasures":[],"gates":[]}],"content":null}