{"sublevels":[{"name":"Sublevel 1","properties":{"unit":"2_ABE_norhiba_blkhiba_tsuchi.txt","max_rooms":3,"light":"normal_light_lv0.ini","music":"cavesoil_05_0.cnd","skybox":"none","corridor":0.05,"caps":50,"timer":0,"geyser":false,"clogged":false,"echo":0,"plane":false,"seesaw":false,"version":1,"max_entities":null,"max_trasures":null,"max_gates":null},"entities":[{"name":"BlueChappy","count":1,"weight":0,"dead_end":false,"group":1,"treasure":"key","fall":""},{"name":"BlueChappy","count":1,"weight":0,"dead_end":false,"group":1,"treasure":"donutsichigo","fall":""},{"name":"Jigumo","count":5,"weight":0,"dead_end":false,"group":0,"treasure":"juji_key_fc","fall":""},{"name":"UmiMushiBlind","count":1,"weight":0,"dead_end":false,"group":0,"treasure":"futa_a_gold","fall":""}],"treasures":[{"name":"be_dama_yellow","count":1,"weight":0},{"name":"bane_red","count":1,"weight":0}],"gates":[]},{"name":"Sublevel 2","properties":{"unit":"3_ABE_b_f_g_conc.txt","max_rooms":3,"light":"normal_light_lv0.ini","music":"caveconc_00_0.cnd","skybox":"none","corridor":0.2,"caps":50,"timer":0,"geyser":false,"clogged":false,"echo":0,"plane":false,"seesaw":false,"version":1,"max_entities":null,"max_trasures":null,"max_gates":null},"entities":[{"name":"Mar","count":1,"weight":0,"dead_end":false,"group":0,"treasure":"key","fall":""},{"name":"Demon","count":1,"weight":0,"dead_end":false,"group":0,"treasure":"denchi_3_red","fall":""},{"name":"MaroFrog","count":2,"weight":0,"dead_end":false,"group":1,"treasure":"diamond_green","fall":""},{"name":"UmiMushiBlind","count":3,"weight":0,"dead_end":false,"group":1,"treasure":"kuri","fall":""},{"name":"UmiMushiBlind","count":2,"weight":0,"dead_end":false,"group":0,"treasure":"kuri","fall":""},{"name":"BombOtakara","count":2,"weight":0,"dead_end":false,"group":0,"treasure":null,"fall":""},{"name":"Kabuto","count":1,"weight":0,"dead_end":false,"group":0,"treasure":"diamond_blue_l","fall":""}],"treasures":[{"name":"dia_b_green","count":1,"weight":0},{"name":"apple_blue","count":1,"weight":0},{"name":"g_futa_kyodo","count":1,"weight":0}],"gates":[]},{"name":"Sublevel 3","properties":{"unit":"1_MIYA_bunki_tile.txt","max_rooms":1,"light":"normal_light_lv0.ini","music":"cavetile_00_0.cnd","skybox":"none","corridor":0.2,"caps":50,"timer":0,"geyser":false,"clogged":false,"echo":0,"plane":false,"seesaw":false,"version":1,"max_entities":null,"max_trasures":null,"max_gates":null},"entities":[{"name":"UmiMushi","count":1,"weight":0,"dead_end":false,"group":6,"treasure":"key","fall":""},{"name":"UmiMushi","count":1,"weight":0,"dead_end":false,"group":1,"treasure":"bell_blue","fall":""},{"name":"Jigumo","count":6,"weight":0,"dead_end":false,"group":1,"treasure":"be_dama_blue","fall":""},{"name":"Jigumo","count":6,"weight":0,"dead_end":false,"group":0,"treasure":"be_dama_blue","fall":""}],"treasures":[{"name":"milk_cap","count":1,"weight":0}],"gates":[]}],"content":null}