{"sublevels":[{"name":"Sublevel 1","properties":{"unit":"1_MAT_manp_2_conc.txt","max_rooms":1,"light":"normal_light_lv1.ini","music":"caveconc_10_1.cnd","skybox":"none","corridor":0.0,"caps":50,"timer":0,"geyser":false,"clogged":false,"echo":0,"plane":false,"seesaw":false,"version":1,"max_entities":null,"max_trasures":null,"max_gates":null},"entities":[{"name":"Egg","count":9,"weight":0,"dead_end":false,"group":1,"treasure":null,"fall":""},{"name":"Egg","count":1,"weight":0,"dead_end":false,"group":1,"treasure":"key","fall":""},{"name":"LeafChappy","count":1,"weight":0,"dead_end":false,"group":0,"treasure":"cookie_s","fall":""},{"name":"LeafChappy","count":1,"weight":0,"dead_end":false,"group":0,"treasure":"donguri_l","fall":""}],"treasures":[{"name":"kinoko","count":1,"weight":0},{"name":"kuri","count":1,"weight":0}],"gates":[]},{"name":"Sublevel 2","properties":{"unit":"1_MAT_vs_drypool_tile.txt","max_rooms":3,"light":"normal_light_lv3.ini","music":"caveconc_00_1.cnd","skybox":"none","corridor":0.1,"caps":50,"timer":0,"geyser":true,"clogged":false,"echo":0,"plane":false,"seesaw":false,"version":1,"max_entities":null,"max_trasures":null,"max_gates":null},"entities":[{"name":"Egg","count":1,"weight":0,"dead_end":false,"group":1,"treasure":"donguri_l","fall":""},{"name":"Egg","count":1,"weight":0,"dead_end":false,"group":1,"treasure":"bell_red","fall":""},{"name":"Egg","count":1,"weight":0,"dead_end":false,"group":1,"treasure":"flask","fall":""},{"name":"Egg","count":1,"weight":0,"dead_end":false,"group":1,"treasure":"toy_gentle","fall":""},{"name":"Egg","count":1,"weight":0,"dead_end":false,"group":0,"treasure":"denchi_3_red","fall":""},{"name":"Egg","count":1,"weight":0,"dead_end":false,"group":0,"treasure":"key","fall":""},{"name":"Egg","count":1,"weight":0,"dead_end":false,"group":0,"treasure":"denchi_1_black","fall":""},{"name":"ElecHiba","count":3,"weight":0,"dead_end":true,"group":0,"treasure":null,"fall":""},{"name":"Catfish","count":3,"weight":0,"dead_end":false,"group":0,"treasure":"cookie","fall":""}],"treasures":[],"gates":[]}],"content":null}