{"sublevels":[{"name":"Sublevel 1","properties":{"unit":"3_ABE_5X5a_ike_mid_kusachi.txt","max_rooms":3,"light":"jyoou_light_lv1.ini","music":"caveglass_00_0.cnd","skybox":"hiroba","corridor":0.12,"caps":50,"timer":0,"geyser":false,"clogged":false,"echo":0,"plane":true,"seesaw":false,"version":1,"max_entities":null,"max_trasures":null,"max_gates":null},"entities":[{"name":"LeafChappy","count":1,"weight":0,"dead_end":false,"group":0,"treasure":"key","fall":""},{"name":"Fkabuto","count":2,"weight":0,"dead_end":false,"group":0,"treasure":"ichigo","fall":""},{"name":"Catfish","count":3,"weight":0,"dead_end":false,"group":0,"treasure":"donguri","fall":"$"},{"name":"Catfish","count":2,"weight":0,"dead_end":false,"group":1,"treasure":"donguri","fall":"$"},{"name":"Demon","count":2,"weight":0,"dead_end":false,"group":1,"treasure":"chocowhite","fall":"$"}],"treasures":[{"name":"g_futa_nihonraku","count":1,"weight":0},{"name":"kinoko","count":1,"weight":0},{"name":"dia_a_red","count":1,"weight":0}],"gates":[]},{"name":"Sublevel 2","properties":{"unit":"2_units_tak22_yuko_tile.txt","max_rooms":6,"light":"normal_light_lv0.ini","music":"cavetile_00_0.cnd","skybox":"none","corridor":0.0,"caps":50,"timer":0,"geyser":false,"clogged":false,"echo":0,"plane":false,"seesaw":false,"version":1,"max_entities":null,"max_trasures":null,"max_gates":null},"entities":[{"name":"LeafChappy","count":1,"weight":0,"dead_end":false,"group":0,"treasure":"denchi_3_black","fall":""},{"name":"LeafChappy","count":1,"weight":0,"dead_end":false,"group":1,"treasure":"denchi_3_black","fall":""},{"name":"MaroFrog","count":2,"weight":0,"dead_end":false,"group":0,"treasure":"juji_key","fall":""},{"name":"MaroFrog","count":1,"weight":0,"dead_end":false,"group":1,"treasure":"juji_key","fall":""},{"name":"FireChappy","count":1,"weight":0,"dead_end":false,"group":1,"treasure":"key","fall":""},{"name":"FireChappy","count":1,"weight":0,"dead_end":false,"group":1,"treasure":"cookie_s_l","fall":""},{"name":"Egg","count":2,"weight":0,"dead_end":true,"group":0,"treasure":null,"fall":""}],"treasures":[{"name":"be_dama_yellow_l","count":1,"weight":0},{"name":"be_dama_red_l","count":1,"weight":0},{"name":"be_dama_blue_l","count":1,"weight":0}],"gates":[]},{"name":"Sublevel 3","properties":{"unit":"3_units_d_f_ujikou_tile.txt","max_rooms":5,"light":"normal_light_lv0.ini","music":"new_02_0.cnd","skybox":"none","corridor":0.0,"caps":50,"timer":0,"geyser":false,"clogged":false,"echo":0,"plane":false,"seesaw":false,"version":1,"max_entities":null,"max_trasures":null,"max_gates":null},"entities":[{"name":"KingChappy","count":1,"weight":0,"dead_end":false,"group":0,"treasure":"key","fall":""},{"name":"LeafChappy","count":1,"weight":0,"dead_end":false,"group":0,"treasure":"ichigo","fall":""},{"name":"MaroFrog","count":2,"weight":0,"dead_end":false,"group":0,"treasure":"j_block_white","fall":""},{"name":"BlueChappy","count":1,"weight":0,"dead_end":false,"group":1,"treasure":"toy_dog","fall":""},{"name":"LeafChappy","count":1,"weight":0,"dead_end":false,"group":1,"treasure":"ichigo","fall":""},{"name":"BombOtakara","count":6,"weight":0,"dead_end":false,"group":5,"treasure":null,"fall":""},{"name":"Egg","count":2,"weight":0,"dead_end":true,"group":0,"treasure":null,"fall":""},{"name":"LeafChappy","count":1,"weight":0,"dead_end":false,"group":5,"treasure":"ichigo","fall":""}],"treasures":[{"name":"bell_red","count":1,"weight":0},{"name":"kan","count":1,"weight":0},{"name":"chocoichigo","count":1,"weight":0},{"name":"leaf_kare","count":1,"weight":0}],"gates":[]},{"name":"Sublevel 4","properties":{"unit":"4_units_a_d_f_l_tile.txt","max_rooms":6,"light":"normal_light_lv0.ini","music":"new_02_0.cnd","skybox":"none","corridor":0.0,"caps":50,"timer":0,"geyser":false,"clogged":false,"echo":0,"plane":false,"seesaw":false,"version":1,"max_entities":null,"max_trasures":null,"max_gates":null},"entities":[{"name":"Houdai","count":1,"weight":0,"dead_end":false,"group":0,"treasure":"key","fall":""},{"name":"Mar","count":3,"weight":0,"dead_end":false,"group":0,"treasure":"bey_goma","fall":""},{"name":"LeafChappy","count":2,"weight":0,"dead_end":false,"group":1,"treasure":"ichigo","fall":""},{"name":"PanModoki","count":1,"weight":0,"dead_end":false,"group":1,"treasure":"gold_medal","fall":""},{"name":"Egg","count":2,"weight":0,"dead_end":true,"group":0,"treasure":null,"fall":""},{"name":"MaroFrog","count":2,"weight":0,"dead_end":false,"group":0,"treasure":"chess_king_white","fall":""},{"name":"MaroFrog","count":2,"weight":0,"dead_end":false,"group":1,"treasure":"chess_king_white","fall":""},{"name":"MaroFrog","count":2,"weight":0,"dead_end":false,"group":5,"treasure":"chess_king_white","fall":""},{"name":"BlueChappy","count":1,"weight":0,"dead_end":false,"group":5,"treasure":"bell_blue","fall":""},{"name":"YellowPom","count":2,"weight":0,"dead_end":false,"group":6,"treasure":null,"fall":""}],"treasures":[{"name":"leaf_kare","count":1,"weight":0},{"name":"chocolate_l","count":1,"weight":0},{"name":"Xmas_item","count":1,"weight":0},{"name":"j_block_blue","count":1,"weight":0},{"name":"radar_b","count":1,"weight":0}],"gates":[{"word":"gate","health":1000,"weight":1},{"word":"gate","health":1000,"weight":1},{"word":"gate","health":1000,"weight":1}]}],"content":null}