{"sublevels":[{"name":"Sublevel 1","properties":{"unit":"1_units_torigoya_kusachi.txt","max_rooms":1,"light":"key_light_lv0.ini","music":"new_07_0.cnd","skybox":"none","corridor":0.0,"caps":50,"timer":0,"geyser":false,"clogged":false,"echo":0,"plane":false,"seesaw":false,"version":1,"max_entities":null,"max_trasures":null,"max_gates":null},"entities":[{"name":"BlueChappy","count":1,"weight":0,"dead_end":false,"group":0,"treasure":"be_dama_yellow_l","fall":""},{"name":"Sarai","count":1,"weight":0,"dead_end":false,"group":0,"treasure":null,"fall":""},{"name":"Demon","count":1,"weight":0,"dead_end":false,"group":0,"treasure":null,"fall":""},{"name":"BlueChappy","count":1,"weight":0,"dead_end":false,"group":8,"treasure":"key","fall":""},{"name":"Tobi","count":2,"weight":0,"dead_end":false,"group":0,"treasure":null,"fall":""},{"name":"Tobi","count":2,"weight":0,"dead_end":false,"group":1,"treasure":null,"fall":""}],"treasures":[{"name":"bird_hane","count":1,"weight":0}],"gates":[]},{"name":"Sublevel 2","properties":{"unit":"3_ABE_5X5a_ike_big_kusachi.txt","max_rooms":3,"light":"kumomei_light_cha.ini","music":"caveglass_00_0.cnd","skybox":"hiroba","corridor":0.08,"caps":50,"timer":0,"geyser":false,"clogged":false,"echo":0,"plane":true,"seesaw":false,"version":1,"max_entities":null,"max_trasures":null,"max_gates":null},"entities":[{"name":"SnakeCrow","count":1,"weight":0,"dead_end":false,"group":0,"treasure":"key","fall":""},{"name":"Hana","count":1,"weight":0,"dead_end":false,"group":0,"treasure":"ichigo_l","fall":""},{"name":"Hana","count":2,"weight":0,"dead_end":false,"group":0,"treasure":"fire_helmet","fall":""},{"name":"Armor","count":3,"weight":0,"dead_end":false,"group":0,"treasure":"kan","fall":""},{"name":"WhitePom","count":1,"weight":0,"dead_end":true,"group":0,"treasure":null,"fall":""},{"name":"Egg","count":1,"weight":0,"dead_end":true,"group":0,"treasure":null,"fall":""},{"name":"Mar","count":1,"weight":0,"dead_end":false,"group":1,"treasure":"donutswhite","fall":""},{"name":"Tobi","count":7,"weight":0,"dead_end":false,"group":1,"treasure":null,"fall":""},{"name":"Ooinu_s","count":8,"weight":0,"dead_end":false,"group":6,"treasure":null,"fall":""},{"name":"Clover","count":8,"weight":0,"dead_end":false,"group":6,"treasure":null,"fall":""},{"name":"Magaret","count":6,"weight":0,"dead_end":false,"group":6,"treasure":null,"fall":""},{"name":"Tanpopo","count":2,"weight":0,"dead_end":false,"group":6,"treasure":null,"fall":""}],"treasures":[{"name":"futa_a_silver","count":1,"weight":0}],"gates":[]},{"name":"Sublevel 3","properties":{"unit":"3_ABE_mid2_hit446_hit344.txt","max_rooms":4,"light":"metal_light_lv3.ini","music":"cavemetal_00_1.cnd","skybox":"test","corridor":0.07,"caps":50,"timer":0,"geyser":false,"clogged":true,"echo":0,"plane":false,"seesaw":false,"version":1,"max_entities":null,"max_trasures":null,"max_gates":null},"entities":[{"name":"Kabuto","count":1,"weight":0,"dead_end":false,"group":0,"treasure":"key","fall":""},{"name":"Fkabuto","count":1,"weight":0,"dead_end":false,"group":0,"treasure":"diamond_blue_l","fall":""},{"name":"Kabuto","count":1,"weight":0,"dead_end":false,"group":0,"treasure":"uji_jisyaku","fall":"$"},{"name":"Bomb","count":2,"weight":0,"dead_end":true,"group":0,"treasure":null,"fall":"$"},{"name":"Egg","count":2,"weight":0,"dead_end":true,"group":0,"treasure":null,"fall":"$"},{"name":"ElecHiba","count":5,"weight":0,"dead_end":false,"group":5,"treasure":null,"fall":""},{"name":"DaiodoRed","count":5,"weight":0,"dead_end":false,"group":6,"treasure":null,"fall":""},{"name":"DaiodoGreen","count":5,"weight":0,"dead_end":false,"group":6,"treasure":null,"fall":""},{"name":"Wtank","count":3,"weight":0,"dead_end":false,"group":1,"treasure":"dia_c_green","fall":""},{"name":"WaterOtakara","count":2,"weight":0,"dead_end":false,"group":1,"treasure":"yoyo_blue","fall":""},{"name":"ElecOtakara","count":2,"weight":0,"dead_end":false,"group":1,"treasure":"yoyo_blue","fall":""},{"name":"BlueKochappy","count":7,"weight":0,"dead_end":false,"group":0,"treasure":null,"fall":""}],"treasures":[{"name":"be_dama_red_l","count":1,"weight":0},{"name":"flower_red","count":1,"weight":0}],"gates":[]},{"name":"Sublevel 4","properties":{"unit":"3_ABE_cent_4x4_mid1_metal.txt","max_rooms":3,"light":"normal_light_lv0.ini","music":"cavemetal_10_1.cnd","skybox":"test","corridor":0.075,"caps":50,"timer":0,"geyser":false,"clogged":true,"echo":0,"plane":false,"seesaw":false,"version":1,"max_entities":null,"max_trasures":null,"max_gates":null},"entities":[{"name":"Fuefuki","count":1,"weight":0,"dead_end":false,"group":0,"treasure":"key","fall":""},{"name":"BlueKochappy","count":1,"weight":0,"dead_end":false,"group":1,"treasure":"whistle","fall":"$"},{"name":"BlueKochappy","count":1,"weight":0,"dead_end":false,"group":0,"treasure":"be_dama_blue_l","fall":"$"},{"name":"BlueKochappy","count":5,"weight":0,"dead_end":false,"group":1,"treasure":null,"fall":"$"},{"name":"BlueKochappy","count":5,"weight":0,"dead_end":false,"group":0,"treasure":null,"fall":"$"},{"name":"Rock","count":5,"weight":0,"dead_end":false,"group":5,"treasure":null,"fall":"$"},{"name":"DaiodoRed","count":5,"weight":0,"dead_end":false,"group":6,"treasure":null,"fall":""},{"name":"DaiodoGreen","count":5,"weight":0,"dead_end":false,"group":6,"treasure":null,"fall":""},{"name":"Egg","count":3,"weight":0,"dead_end":true,"group":0,"treasure":null,"fall":"$"},{"name":"BlueKochappy","count":3,"weight":0,"dead_end":true,"group":0,"treasure":null,"fall":"$"}],"treasures":[],"gates":[]},{"name":"Sublevel 5","properties":{"unit":"1_ABE_mid1_boss_tsuchi.txt","max_rooms":1,"light":"normal_light_lv2.ini","music":"new_07_0.cnd","skybox":"none","corridor":0.0,"caps":100,"timer":0,"geyser":false,"clogged":false,"echo":0,"plane":false,"seesaw":false,"version":1,"max_entities":null,"max_trasures":null,"max_gates":null},"entities":[{"name":"SnakeCrow","count":1,"weight":0,"dead_end":false,"group":0,"treasure":"key","fall":""},{"name":"SnakeCrow","count":1,"weight":0,"dead_end":false,"group":0,"treasure":"apple_blue","fall":""},{"name":"SnakeCrow","count":2,"weight":0,"dead_end":false,"group":0,"treasure":"chocoichigo_l","fall":""},{"name":"BlackPom","count":1,"weight":0,"dead_end":true,"group":0,"treasure":null,"fall":""},{"name":"WhitePom","count":1,"weight":0,"dead_end":true,"group":0,"treasure":null,"fall":""},{"name":"Egg","count":1,"weight":0,"dead_end":true,"group":0,"treasure":null,"fall":""},{"name":"Ooinu_s","count":6,"weight":0,"dead_end":false,"group":6,"treasure":null,"fall":""},{"name":"Ooinu_l","count":4,"weight":0,"dead_end":false,"group":6,"treasure":null,"fall":""}],"treasures":[],"gates":[{"word":"gate","health":3000,"weight":1},{"word":"gate","health":3000,"weight":1},{"word":"gate","health":3000,"weight":1},{"word":"gate","health":3000,"weight":1},{"word":"gate","health":3000,"weight":1},{"word":"gate","health":3000,"weight":1}]},{"name":"Sublevel 6","properties":{"unit":"3_ABE_b_f_g_conc.txt","max_rooms":4,"light":"normal_light_lv4.ini","music":"new_07_0.cnd","skybox":"none","corridor":0.07,"caps":50,"timer":0,"geyser":false,"clogged":true,"echo":0,"plane":false,"seesaw":false,"version":1,"max_entities":null,"max_trasures":null,"max_gates":null},"entities":[{"name":"GasHiba","count":5,"weight":0,"dead_end":false,"group":5,"treasure":null,"fall":""},{"name":"Fuefuki","count":1,"weight":0,"dead_end":false,"group":0,"treasure":"key","fall":""},{"name":"SnakeCrow","count":1,"weight":0,"dead_end":false,"group":0,"treasure":"diamond_red_l","fall":""},{"name":"SnakeCrow","count":1,"weight":0,"dead_end":false,"group":0,"treasure":"diamond_green_l","fall":""},{"name":"SnakeWhole","count":1,"weight":0,"dead_end":false,"group":0,"treasure":"bey_goma","fall":""},{"name":"RandPom","count":1,"weight":0,"dead_end":true,"group":0,"treasure":null,"fall":""},{"name":"WhitePom","count":1,"weight":0,"dead_end":true,"group":0,"treasure":null,"fall":""},{"name":"BluePom","count":3,"weight":0,"dead_end":true,"group":0,"treasure":null,"fall":""},{"name":"Clover","count":3,"weight":0,"dead_end":true,"group":0,"treasure":null,"fall":""},{"name":"Clover","count":6,"weight":0,"dead_end":false,"group":6,"treasure":null,"fall":""}],"treasures":[{"name":"g_futa_kyodo","count":1,"weight":0},{"name":"flower_blue","count":1,"weight":0}],"gates":[{"word":"gate","health":3000,"weight":1},{"word":"gate","health":3000,"weight":1},{"word":"gate","health":3000,"weight":1}]},{"name":"Sublevel 7","properties":{"unit":"1_ABE_manp_boss_conc.txt","max_rooms":1,"light":"normal_light_lv4.ini","music":"new_07_0.cnd","skybox":"none","corridor":0.0,"caps":50,"timer":0,"geyser":false,"clogged":false,"echo":0,"plane":false,"seesaw":false,"version":1,"max_entities":null,"max_trasures":null,"max_gates":null},"entities":[{"name":"SnakeWhole","count":1,"weight":0,"dead_end":false,"group":0,"treasure":"chess_queen_white","fall":""},{"name":"SnakeWhole","count":1,"weight":0,"dead_end":false,"group":1,"treasure":"key","fall":""},{"name":"RandPom","count":2,"weight":0,"dead_end":true,"group":0,"treasure":null,"fall":""},{"name":"Egg","count":2,"weight":0,"dead_end":true,"group":0,"treasure":null,"fall":""}],"treasures":[],"gates":[{"word":"gate","health":3000,"weight":1},{"word":"gate","health":3000,"weight":1},{"word":"gate","health":3000,"weight":1},{"word":"gate","health":3000,"weight":1},{"word":"gate","health":3000,"weight":1},{"word":"gate","health":3000,"weight":1},{"word":"gate","health":3000,"weight":1},{"word":"gate","health":3000,"weight":1},{"word":"gate","health":3000,"weight":1}]}],"content":null}