{"sublevels":[{"name":"Sublevel 1 - Watery Flowers","properties":{"unit":"3_units_north_ud_pool_tile.txt","max_rooms":3,"light":"water_light.ini","music":"new_02_0.cnd","skybox":"none","corridor":0.1,"caps":50,"timer":0,"geyser":false,"clogged":false,"echo":0,"plane":false,"seesaw":false,"version":1,"max_entities":null,"max_trasures":null,"max_gates":null},"entities":[{"name":"Kurage","count":1,"weight":0,"dead_end":false,"group":1,"treasure":"key","fall":""},{"name":"Kurage","count":1,"weight":0,"dead_end":false,"group":1,"treasure":"be_dama_blue_l","fall":""},{"name":"BluePom","count":5,"weight":0,"dead_end":false,"group":5,"treasure":null,"fall":""},{"name":"YellowKochappy","count":1,"weight":0,"dead_end":false,"group":5,"treasure":"g_futa_hiruzen","fall":"$"},{"name":"Wakame_l","count":5,"weight":0,"dead_end":false,"group":6,"treasure":null,"fall":""},{"name":"Wakame_s","count":5,"weight":0,"dead_end":false,"group":6,"treasure":null,"fall":""},{"name":"Catfish","count":1,"weight":0,"dead_end":false,"group":0,"treasure":"be_dama_blue","fall":"$"},{"name":"Catfish","count":1,"weight":0,"dead_end":false,"group":0,"treasure":"be_dama_blue","fall":""},{"name":"Catfish","count":1,"weight":0,"dead_end":false,"group":0,"treasure":"be_dama_blue","fall":""},{"name":"Catfish","count":1,"weight":0,"dead_end":false,"group":0,"treasure":"be_dama_blue","fall":"$"},{"name":"Catfish","count":1,"weight":0,"dead_end":false,"group":0,"treasure":"be_dama_blue","fall":""},{"name":"Catfish","count":1,"weight":0,"dead_end":false,"group":0,"treasure":"be_dama_blue","fall":""}],"treasures":[{"name":"diamond_blue_l","count":1,"weight":0},{"name":"kan_iwate","count":1,"weight":0},{"name":"otama","count":1,"weight":0},{"name":"kan_b_gold","count":5,"weight":0}],"gates":[]},{"name":"Sublevel 2 - Water","properties":{"unit":"2_units_northF_pool_tile.txt","max_rooms":3,"light":"water_light.ini","music":"cavetile_00_0.cnd","skybox":"none","corridor":0.0,"caps":50,"timer":0,"geyser":false,"clogged":false,"echo":0,"plane":false,"seesaw":false,"version":1,"max_entities":null,"max_trasures":null,"max_gates":null},"entities":[{"name":"Wtank","count":2,"weight":0,"dead_end":false,"group":1,"treasure":"j_block_blue","fall":""},{"name":"Tank","count":2,"weight":0,"dead_end":false,"group":1,"treasure":"turi_uki","fall":""},{"name":"Wtank","count":2,"weight":0,"dead_end":false,"group":1,"treasure":"j_block_blue","fall":""},{"name":"MaroFrog","count":2,"weight":0,"dead_end":false,"group":5,"treasure":"kan","fall":""},{"name":"Tadpole","count":10,"weight":0,"dead_end":false,"group":0,"treasure":null,"fall":""},{"name":"Wakame_s","count":10,"weight":0,"dead_end":false,"group":6,"treasure":null,"fall":""}],"treasures":[{"name":"key","count":1,"weight":0},{"name":"g_futa_kyodo","count":1,"weight":0},{"name":"leaf_kare","count":1,"weight":0}],"gates":[{"word":"gate","health":2000,"weight":1},{"word":"gate","health":2000,"weight":1}]},{"name":"Sublevel 3 - More water","properties":{"unit":"3_units_pool_nor_ujikou_tile.txt","max_rooms":3,"light":"water_light.ini","music":"new_02_0.cnd","skybox":"none","corridor":0.0,"caps":50,"timer":0,"geyser":false,"clogged":false,"echo":0,"plane":false,"seesaw":false,"version":1,"max_entities":null,"max_trasures":null,"max_gates":null},"entities":[{"name":"Catfish","count":1,"weight":0,"dead_end":false,"group":5,"treasure":"key","fall":"$"},{"name":"Catfish","count":5,"weight":0,"dead_end":false,"group":5,"treasure":"tape_yellow","fall":"$"},{"name":"WaterOtakara","count":1,"weight":0,"dead_end":false,"group":0,"treasure":"be_dama_blue","fall":""},{"name":"WaterOtakara","count":1,"weight":0,"dead_end":false,"group":0,"treasure":"be_dama_blue","fall":""},{"name":"WaterOtakara","count":1,"weight":0,"dead_end":false,"group":0,"treasure":"be_dama_blue","fall":""},{"name":"WaterOtakara","count":1,"weight":0,"dead_end":false,"group":0,"treasure":"be_dama_blue","fall":""},{"name":"WaterOtakara","count":1,"weight":0,"dead_end":false,"group":0,"treasure":"be_dama_blue","fall":""},{"name":"Fuefuki","count":1,"weight":0,"dead_end":false,"group":1,"treasure":"fue_wide","fall":""}],"treasures":[{"name":"sensya","count":1,"weight":0},{"name":"toy_lady","count":1,"weight":0},{"name":"toy_dog","count":1,"weight":0}],"gates":[]},{"name":"Sublevel 4 - Maybe water","properties":{"unit":"4_units_a_d_f_l_tile.txt","max_rooms":2,"light":"water_light.ini","music":"cavetile_00_0.cnd","skybox":"none","corridor":0.5,"caps":50,"timer":0,"geyser":false,"clogged":false,"echo":0,"plane":false,"seesaw":false,"version":1,"max_entities":null,"max_trasures":null,"max_gates":null},"entities":[{"name":"SnakeCrow","count":1,"weight":0,"dead_end":false,"group":1,"treasure":"key","fall":""},{"name":"Frog","count":2,"weight":0,"dead_end":false,"group":0,"treasure":"g_futa_sakotani","fall":""},{"name":"Frog","count":2,"weight":0,"dead_end":false,"group":1,"treasure":"g_futa_sakotani","fall":""},{"name":"ElecOtakara","count":4,"weight":0,"dead_end":false,"group":5,"treasure":null,"fall":""},{"name":"Hiba","count":6,"weight":0,"dead_end":false,"group":5,"treasure":null,"fall":""}],"treasures":[{"name":"kan_meidiya","count":1,"weight":0},{"name":"ahiru_head","count":1,"weight":0}],"gates":[{"word":"gate","health":3000,"weight":1}]}],"content":null}