{"sublevels":[{"name":"Sublevel 1 - PurplePikminTest","properties":{"unit":"1_units_funny_water.txt","max_rooms":1,"light":"vs_7_light.ini","music":"new_01_0.cnd","skybox":"none","corridor":0.0,"caps":0,"timer":0,"geyser":false,"clogged":true,"echo":0,"plane":false,"seesaw":false,"version":1,"max_entities":null,"max_trasures":null,"max_gates":null},"entities":[{"name":"Tadpole","count":3,"weight":0,"dead_end":false,"group":0,"treasure":null,"fall":""},{"name":"Sarai","count":2,"weight":0,"dead_end":false,"group":0,"treasure":null,"fall":""},{"name":"Frog","count":1,"weight":0,"dead_end":false,"group":0,"treasure":null,"fall":""},{"name":"KumaKochappy","count":3,"weight":0,"dead_end":false,"group":0,"treasure":null,"fall":""},{"name":"Rkabuto","count":1,"weight":0,"dead_end":false,"group":0,"treasure":null,"fall":""},{"name":"Rkabuto","count":1,"weight":0,"dead_end":false,"group":0,"treasure":null,"fall":""},{"name":"Kurage","count":1,"weight":0,"dead_end":false,"group":0,"treasure":"ichigo","fall":""},{"name":"Fuefuki","count":1,"weight":0,"dead_end":false,"group":0,"treasure":"toy_dog","fall":""},{"name":"Chappy","count":1,"weight":0,"dead_end":false,"group":0,"treasure":"chess_queen_white","fall":""},{"name":"Mar","count":1,"weight":0,"dead_end":false,"group":0,"treasure":"wadou_kaichin","fall":""},{"name":"LeafChappy","count":1,"weight":0,"dead_end":false,"group":0,"treasure":null,"fall":""},{"name":"BombOtakara","count":1,"weight":0,"dead_end":false,"group":1,"treasure":null,"fall":""},{"name":"BombOtakara","count":1,"weight":0,"dead_end":false,"group":1,"treasure":null,"fall":""},{"name":"KumaChappy","count":1,"weight":0,"dead_end":false,"group":8,"treasure":"key","fall":""},{"name":"OoPanModoki","count":1,"weight":0,"dead_end":false,"group":8,"treasure":"gas","fall":""},{"name":"KareOoinu_l","count":10,"weight":0,"dead_end":false,"group":6,"treasure":null,"fall":""},{"name":"KareOoinu_s","count":10,"weight":0,"dead_end":false,"group":6,"treasure":null,"fall":""},{"name":"Wakame_l","count":10,"weight":0,"dead_end":false,"group":6,"treasure":null,"fall":""}],"treasures":[{"name":"toy_cat","count":1,"weight":0},{"name":"fue_pullout","count":1,"weight":0},{"name":"bell_blue","count":1,"weight":0},{"name":"toy_ring_c_red","count":1,"weight":0},{"name":"water","count":1,"weight":0}],"gates":[]},{"name":"Sublevel 2 - WaterFlooded","properties":{"unit":"3_units_pool_nor_ujikou_tile.txt","max_rooms":5,"light":"metal_light_cha.ini","music":"new_02_0.cnd","skybox":"none","corridor":0.12,"caps":50,"timer":0,"geyser":false,"clogged":false,"echo":0,"plane":false,"seesaw":false,"version":1,"max_entities":null,"max_trasures":null,"max_gates":null},"entities":[{"name":"ElecHiba","count":3,"weight":0,"dead_end":false,"group":5,"treasure":null,"fall":""},{"name":"Catfish","count":3,"weight":0,"dead_end":false,"group":0,"treasure":null,"fall":""},{"name":"UjiA","count":3,"weight":0,"dead_end":false,"group":0,"treasure":null,"fall":"$"},{"name":"UjiA","count":3,"weight":0,"dead_end":false,"group":0,"treasure":null,"fall":"$"},{"name":"UjiA","count":3,"weight":0,"dead_end":false,"group":0,"treasure":null,"fall":"$"},{"name":"UjiA","count":3,"weight":0,"dead_end":false,"group":0,"treasure":null,"fall":"$"},{"name":"UjiA","count":3,"weight":0,"dead_end":false,"group":0,"treasure":null,"fall":"$"},{"name":"Mar","count":1,"weight":0,"dead_end":false,"group":1,"treasure":"donguri","fall":"$"},{"name":"ElecBug","count":1,"weight":0,"dead_end":true,"group":0,"treasure":null,"fall":""},{"name":"ElecBug","count":1,"weight":0,"dead_end":true,"group":0,"treasure":null,"fall":""},{"name":"ElecBug","count":1,"weight":0,"dead_end":true,"group":0,"treasure":null,"fall":""},{"name":"WaterOtakara","count":1,"weight":0,"dead_end":true,"group":0,"treasure":null,"fall":""},{"name":"ElecOtakara","count":1,"weight":0,"dead_end":true,"group":0,"treasure":null,"fall":""},{"name":"Tadpole","count":1,"weight":0,"dead_end":false,"group":1,"treasure":"toy_dog","fall":""},{"name":"LeafChappy","count":1,"weight":0,"dead_end":false,"group":1,"treasure":"key","fall":""}],"treasures":[{"name":"turi_uki","count":3,"weight":0},{"name":"leaf_yellow","count":3,"weight":0},{"name":"sinkukan_b","count":3,"weight":0},{"name":"elec","count":3,"weight":0},{"name":"ahiru_head","count":3,"weight":0}],"gates":[{"word":"gate","health":100,"weight":1},{"word":"gate","health":100,"weight":1},{"word":"gate","health":100,"weight":1}]},{"name":"Sublevel 3 - Electrotower","properties":{"unit":"2_ABE_nor1_cen2_metal.txt","max_rooms":3,"light":"kumomei_light_cha.ini","music":"cavemetal_05_1.cnd","skybox":"build","corridor":0.0,"caps":50,"timer":30,"geyser":true,"clogged":false,"echo":0,"plane":false,"seesaw":false,"version":1,"max_entities":null,"max_trasures":null,"max_gates":null},"entities":[{"name":"BlackMan","count":1,"weight":0,"dead_end":false,"group":0,"treasure":"key","fall":""},{"name":"BlackPom","count":1,"weight":0,"dead_end":true,"group":0,"treasure":null,"fall":""},{"name":"Demon","count":1,"weight":0,"dead_end":false,"group":0,"treasure":"loozy","fall":""},{"name":"ElecBug","count":3,"weight":0,"dead_end":false,"group":1,"treasure":null,"fall":""},{"name":"Hiba","count":10,"weight":0,"dead_end":false,"group":6,"treasure":null,"fall":""},{"name":"Hiba","count":10,"weight":0,"dead_end":false,"group":6,"treasure":null,"fall":""},{"name":"Hiba","count":10,"weight":0,"dead_end":false,"group":6,"treasure":null,"fall":""},{"name":"BlackPom","count":1,"weight":0,"dead_end":false,"group":0,"treasure":null,"fall":""},{"name":"BlackPom","count":1,"weight":0,"dead_end":false,"group":0,"treasure":null,"fall":""}],"treasures":[{"name":"diamond_red_l","count":1,"weight":0}],"gates":[{"word":"gate","health":1000,"weight":1}]}],"content":null}