{"sublevels":[{"name":"Sublevel 1","properties":{"unit":"3_MAT_mid1_mid2_uzu1_snow.txt","max_rooms":3,"light":"bluefog00.ini","music":"new_02_0.cnd","skybox":"ice","corridor":0.08,"caps":50,"timer":0,"geyser":false,"clogged":false,"echo":0,"plane":false,"seesaw":false,"version":1,"max_entities":null,"max_trasures":null,"max_gates":null},"entities":[{"name":"Tadpole","count":1,"weight":0,"dead_end":false,"group":0,"treasure":"key","fall":""},{"name":"Tadpole","count":15,"weight":0,"dead_end":false,"group":1,"treasure":null,"fall":"$"},{"name":"Qurione","count":2,"weight":0,"dead_end":false,"group":5,"treasure":null,"fall":""},{"name":"Frog","count":2,"weight":0,"dead_end":false,"group":0,"treasure":"badminton","fall":"$"},{"name":"Frog","count":1,"weight":0,"dead_end":false,"group":0,"treasure":null,"fall":""},{"name":"Mar","count":1,"weight":0,"dead_end":false,"group":0,"treasure":"kan","fall":"$"},{"name":"Mar","count":2,"weight":0,"dead_end":false,"group":0,"treasure":null,"fall":""},{"name":"Frog","count":1,"weight":0,"dead_end":false,"group":0,"treasure":null,"fall":""},{"name":"Chiyogami","count":3,"weight":0,"dead_end":false,"group":6,"treasure":null,"fall":""},{"name":"Zenmai","count":20,"weight":0,"dead_end":false,"group":6,"treasure":null,"fall":""},{"name":"Clover","count":30,"weight":0,"dead_end":false,"group":6,"treasure":null,"fall":""}],"treasures":[],"gates":[]},{"name":"Sublevel 2","properties":{"unit":"1_units_houdai2_metal.txt","max_rooms":2,"light":"jyoou_light_lv3.ini","music":"new_02_0.cnd","skybox":"ice","corridor":0.08,"caps":50,"timer":0,"geyser":false,"clogged":true,"echo":0,"plane":false,"seesaw":false,"version":1,"max_entities":null,"max_trasures":null,"max_gates":null},"entities":[{"name":"Kurage","count":5,"weight":0,"dead_end":false,"group":0,"treasure":"j_block_blue","fall":""},{"name":"TamagoMushi","count":2,"weight":0,"dead_end":false,"group":6,"treasure":null,"fall":"$"},{"name":"Chiyogami","count":5,"weight":0,"dead_end":false,"group":6,"treasure":null,"fall":""},{"name":"Zenmai","count":10,"weight":0,"dead_end":false,"group":6,"treasure":null,"fall":""},{"name":"UmiMushi","count":1,"weight":0,"dead_end":false,"group":1,"treasure":"key","fall":""},{"name":"TamagoMushi","count":1,"weight":0,"dead_end":false,"group":6,"treasure":"dia_b_blue","fall":""},{"name":"TamagoMushi","count":2,"weight":0,"dead_end":false,"group":6,"treasure":null,"fall":""},{"name":"Rock","count":10,"weight":0,"dead_end":false,"group":5,"treasure":null,"fall":"$"},{"name":"UmiMushiBlind","count":2,"weight":0,"dead_end":false,"group":1,"treasure":"turi_uki","fall":""},{"name":"TamagoMushi","count":5,"weight":0,"dead_end":false,"group":5,"treasure":null,"fall":""}],"treasures":[],"gates":[]},{"name":"Sublevel 3","properties":{"unit":"2_ABE_nor1_hit43_metal.txt","max_rooms":5,"light":"jyoou_light_lv4_5.ini","music":"new_01_0.cnd","skybox":"ice","corridor":0.07,"caps":50,"timer":0,"geyser":false,"clogged":true,"echo":0,"plane":false,"seesaw":false,"version":1,"max_entities":null,"max_trasures":null,"max_gates":null},"entities":[{"name":"WhitePom","count":2,"weight":0,"dead_end":false,"group":6,"treasure":null,"fall":""},{"name":"OniKurage","count":5,"weight":0,"dead_end":false,"group":0,"treasure":null,"fall":""},{"name":"Kurage","count":1,"weight":0,"dead_end":false,"group":0,"treasure":"kan_maruha","fall":""},{"name":"GasHiba","count":5,"weight":0,"dead_end":false,"group":5,"treasure":null,"fall":"$"},{"name":"Chiyogami","count":8,"weight":0,"dead_end":false,"group":6,"treasure":null,"fall":""},{"name":"HikariKinoko","count":8,"weight":0,"dead_end":false,"group":6,"treasure":null,"fall":""},{"name":"UmiMushiBlind","count":2,"weight":0,"dead_end":false,"group":1,"treasure":"turi_uki","fall":""},{"name":"MiniHoudai","count":1,"weight":0,"dead_end":false,"group":1,"treasure":"key","fall":""}],"treasures":[],"gates":[]},{"name":"Sublevel 4","properties":{"unit":"5_units_mid1_ari1_hit5_hit3_cent_metal.txt","max_rooms":5,"light":"jyoou_light_lv6.ini","music":"new_01_0.cnd","skybox":"ice","corridor":0.13,"caps":50,"timer":60,"geyser":true,"clogged":false,"echo":0,"plane":false,"seesaw":false,"version":1,"max_entities":null,"max_trasures":null,"max_gates":null},"entities":[{"name":"OniKurage","count":2,"weight":0,"dead_end":false,"group":1,"treasure":null,"fall":""},{"name":"Kurage","count":2,"weight":0,"dead_end":false,"group":0,"treasure":null,"fall":""},{"name":"BlackMan","count":1,"weight":0,"dead_end":false,"group":0,"treasure":"key","fall":""},{"name":"HikariKinoko","count":30,"weight":0,"dead_end":false,"group":6,"treasure":null,"fall":"$"},{"name":"BlackPom","count":2,"weight":0,"dead_end":false,"group":1,"treasure":null,"fall":""}],"treasures":[],"gates":[]}],"content":null}