{"sublevels":[{"name":"Sublevel 1","properties":{"unit":"2_units_mid_ike_kusachi.txt","max_rooms":3,"light":"forest_3_light.ini","music":"new_01_0.cnd","skybox":"tatami","corridor":0.25,"caps":50,"timer":0,"geyser":false,"clogged":false,"echo":0,"plane":true,"seesaw":false,"version":1,"max_entities":null,"max_trasures":null,"max_gates":null},"entities":[{"name":"GasHiba","count":25,"weight":0,"dead_end":false,"group":5,"treasure":null,"fall":""},{"name":"ElecHiba","count":25,"weight":0,"dead_end":false,"group":5,"treasure":null,"fall":""},{"name":"Hiba","count":25,"weight":0,"dead_end":false,"group":5,"treasure":null,"fall":""},{"name":"YellowChappy","count":3,"weight":0,"dead_end":false,"group":1,"treasure":"matu_bokkuri","fall":""},{"name":"YellowChappy","count":3,"weight":0,"dead_end":false,"group":0,"treasure":"matu_bokkuri","fall":""},{"name":"KumaKochappy","count":5,"weight":0,"dead_end":false,"group":0,"treasure":"chocoichigo","fall":""},{"name":"KumaKochappy","count":5,"weight":0,"dead_end":false,"group":1,"treasure":"chocoichigo","fall":""},{"name":"FireChappy","count":1,"weight":0,"dead_end":false,"group":0,"treasure":"key","fall":""},{"name":"FireChappy","count":1,"weight":0,"dead_end":false,"group":0,"treasure":"ichigo","fall":""},{"name":"Kurage","count":3,"weight":0,"dead_end":false,"group":1,"treasure":"kuri","fall":""},{"name":"SnakeCrow","count":3,"weight":0,"dead_end":false,"group":0,"treasure":"juji_key","fall":""},{"name":"ElecHiba","count":10,"weight":0,"dead_end":false,"group":1,"treasure":null,"fall":""},{"name":"Hiba","count":10,"weight":0,"dead_end":false,"group":1,"treasure":null,"fall":""},{"name":"GasHiba","count":10,"weight":0,"dead_end":false,"group":1,"treasure":null,"fall":""},{"name":"GasHiba","count":10,"weight":0,"dead_end":false,"group":0,"treasure":null,"fall":""},{"name":"Hiba","count":10,"weight":0,"dead_end":false,"group":0,"treasure":null,"fall":""},{"name":"ElecHiba","count":10,"weight":0,"dead_end":false,"group":0,"treasure":null,"fall":""},{"name":"GasHiba","count":15,"weight":0,"dead_end":false,"group":6,"treasure":null,"fall":""},{"name":"Hiba","count":15,"weight":0,"dead_end":false,"group":6,"treasure":null,"fall":""},{"name":"ElecHiba","count":15,"weight":0,"dead_end":false,"group":6,"treasure":null,"fall":""}],"treasures":[],"gates":[]},{"name":"Sublevel 2","properties":{"unit":"3_ABE_dpool_nor_ud_tile.txt","max_rooms":4,"light":"houdai_light.ini","music":"cavetile_00_0.cnd","skybox":"none","corridor":0.12,"caps":50,"timer":0,"geyser":false,"clogged":true,"echo":0,"plane":false,"seesaw":true,"version":1,"max_entities":null,"max_trasures":null,"max_gates":null},"entities":[{"name":"KumaChappy","count":1,"weight":0,"dead_end":false,"group":0,"treasure":"donguri","fall":""},{"name":"KumaChappy","count":1,"weight":0,"dead_end":false,"group":0,"treasure":"donguri","fall":""},{"name":"KumaChappy","count":1,"weight":0,"dead_end":false,"group":0,"treasure":"key","fall":""},{"name":"FminiHoudai","count":1,"weight":0,"dead_end":false,"group":6,"treasure":null,"fall":""},{"name":"KumaKochappy","count":2,"weight":0,"dead_end":false,"group":1,"treasure":"flower_red","fall":""},{"name":"KumaKochappy","count":2,"weight":0,"dead_end":false,"group":1,"treasure":"flower_red","fall":""},{"name":"KumaKochappy","count":2,"weight":0,"dead_end":false,"group":1,"treasure":"flower_red","fall":""},{"name":"KumaKochappy","count":2,"weight":0,"dead_end":false,"group":1,"treasure":"flower_red","fall":""},{"name":"Catfish","count":6,"weight":0,"dead_end":false,"group":0,"treasure":"chocoichigo","fall":""},{"name":"Demon","count":2,"weight":0,"dead_end":false,"group":1,"treasure":"j_block_blue","fall":""},{"name":"Demon","count":2,"weight":0,"dead_end":false,"group":1,"treasure":"j_block_blue","fall":""},{"name":"BigFoot","count":1,"weight":0,"dead_end":false,"group":6,"treasure":"turi_uki","fall":""},{"name":"BigFoot","count":1,"weight":0,"dead_end":false,"group":6,"treasure":"turi_uki","fall":""},{"name":"ElecHiba","count":2,"weight":0,"dead_end":false,"group":6,"treasure":null,"fall":""},{"name":"Hiba","count":5,"weight":0,"dead_end":false,"group":0,"treasure":null,"fall":""},{"name":"GasHiba","count":5,"weight":0,"dead_end":false,"group":0,"treasure":null,"fall":""},{"name":"ElecHiba","count":5,"weight":0,"dead_end":false,"group":0,"treasure":null,"fall":""},{"name":"Kurage","count":3,"weight":0,"dead_end":true,"group":0,"treasure":"chess_queen_white","fall":""},{"name":"ElecHiba","count":5,"weight":0,"dead_end":false,"group":1,"treasure":null,"fall":""},{"name":"Hiba","count":5,"weight":0,"dead_end":false,"group":1,"treasure":null,"fall":""},{"name":"GasHiba","count":5,"weight":0,"dead_end":false,"group":1,"treasure":null,"fall":""},{"name":"ElecHiba","count":5,"weight":0,"dead_end":false,"group":1,"treasure":null,"fall":""},{"name":"Hiba","count":5,"weight":0,"dead_end":false,"group":1,"treasure":null,"fall":""},{"name":"GasHiba","count":5,"weight":0,"dead_end":false,"group":1,"treasure":null,"fall":""}],"treasures":[],"gates":[{"word":"gate","health":5000,"weight":1},{"word":"gate","health":5000,"weight":1},{"word":"gate","health":5000,"weight":1},{"word":"gate","health":5000,"weight":1},{"word":"gate","health":5000,"weight":1},{"word":"gate","health":5000,"weight":1},{"word":"gate","health":5000,"weight":1},{"word":"gate","health":5000,"weight":1}]},{"name":"Sublevel 3","properties":{"unit":"3_units_north_ike2_hitode_tsuchi.txt","max_rooms":4,"light":"normal_light_lv0.ini","music":"cavesoil_00_3.cnd","skybox":"none","corridor":0.12,"caps":50,"timer":0,"geyser":false,"clogged":false,"echo":0,"plane":false,"seesaw":false,"version":1,"max_entities":null,"max_trasures":null,"max_gates":null},"entities":[{"name":"Fuefuki","count":1,"weight":0,"dead_end":false,"group":0,"treasure":"cookie","fall":""},{"name":"Fuefuki","count":1,"weight":0,"dead_end":false,"group":0,"treasure":"cookie","fall":""},{"name":"ElecOtakara","count":2,"weight":0,"dead_end":false,"group":0,"treasure":"momiji_normal","fall":""},{"name":"ElecOtakara","count":2,"weight":0,"dead_end":false,"group":0,"treasure":"momiji_normal","fall":""},{"name":"WaterOtakara","count":2,"weight":0,"dead_end":false,"group":0,"treasure":"momiji_normal","fall":""},{"name":"WaterOtakara","count":2,"weight":0,"dead_end":false,"group":0,"treasure":"momiji_normal","fall":""},{"name":"FireOtakara","count":2,"weight":0,"dead_end":false,"group":0,"treasure":"momiji_normal","fall":""},{"name":"FireOtakara","count":2,"weight":0,"dead_end":false,"group":0,"treasure":"momiji_normal","fall":""},{"name":"GasOtakara","count":2,"weight":0,"dead_end":false,"group":0,"treasure":"momiji_normal","fall":""},{"name":"GasOtakara","count":2,"weight":0,"dead_end":false,"group":0,"treasure":"momiji_normal","fall":""},{"name":"Houdai","count":1,"weight":0,"dead_end":false,"group":8,"treasure":"key","fall":""},{"name":"Hana","count":1,"weight":0,"dead_end":false,"group":1,"treasure":"key","fall":""},{"name":"Hana","count":1,"weight":0,"dead_end":false,"group":1,"treasure":"diamond_blue_l","fall":""},{"name":"Hana","count":1,"weight":0,"dead_end":false,"group":1,"treasure":"diamond_blue_l","fall":""},{"name":"ElecBug","count":10,"weight":0,"dead_end":false,"group":6,"treasure":null,"fall":""},{"name":"ElecHiba","count":15,"weight":0,"dead_end":false,"group":1,"treasure":null,"fall":""},{"name":"GasHiba","count":15,"weight":0,"dead_end":false,"group":6,"treasure":null,"fall":""},{"name":"Hiba","count":15,"weight":0,"dead_end":false,"group":6,"treasure":null,"fall":""},{"name":"Miulin","count":2,"weight":0,"dead_end":true,"group":0,"treasure":null,"fall":""},{"name":"Frog","count":3,"weight":0,"dead_end":false,"group":5,"treasure":"denchi_3_red","fall":""},{"name":"Baby","count":20,"weight":0,"dead_end":false,"group":5,"treasure":null,"fall":"$3"}],"treasures":[],"gates":[]},{"name":"Sublevel 4","properties":{"unit":"2_MAT_kingA_kingB_tsuchi.txt","max_rooms":2,"light":"forest_2_siro_light.ini","music":"cavemetal_05_2.cnd","skybox":"none","corridor":0.12,"caps":50,"timer":0,"geyser":false,"clogged":false,"echo":0,"plane":false,"seesaw":false,"version":1,"max_entities":null,"max_trasures":null,"max_gates":null},"entities":[{"name":"BigTreasure","count":1,"weight":0,"dead_end":false,"group":1,"treasure":"key","fall":""},{"name":"KingChappy","count":1,"weight":0,"dead_end":false,"group":0,"treasure":"diamond_green","fall":""},{"name":"KingChappy","count":1,"weight":0,"dead_end":false,"group":0,"treasure":"diamond_green","fall":""},{"name":"Tyre","count":12,"weight":0,"dead_end":false,"group":8,"treasure":null,"fall":""},{"name":"ElecHiba","count":2,"weight":0,"dead_end":false,"group":8,"treasure":null,"fall":""},{"name":"Hiba","count":2,"weight":0,"dead_end":false,"group":8,"treasure":null,"fall":""},{"name":"GasHiba","count":2,"weight":0,"dead_end":false,"group":8,"treasure":null,"fall":""},{"name":"Fart","count":1,"weight":0,"dead_end":false,"group":0,"treasure":null,"fall":""},{"name":"Fart","count":1,"weight":0,"dead_end":false,"group":6,"treasure":null,"fall":""},{"name":"ElecHiba","count":2,"weight":0,"dead_end":false,"group":0,"treasure":null,"fall":""},{"name":"GasHiba","count":2,"weight":0,"dead_end":false,"group":0,"treasure":null,"fall":""},{"name":"Hiba","count":2,"weight":0,"dead_end":false,"group":0,"treasure":null,"fall":""},{"name":"Hiba","count":2,"weight":0,"dead_end":false,"group":6,"treasure":null,"fall":""},{"name":"GasHiba","count":2,"weight":0,"dead_end":false,"group":6,"treasure":null,"fall":""},{"name":"ElecHiba","count":2,"weight":0,"dead_end":false,"group":6,"treasure":null,"fall":""},{"name":"LeafChappy","count":1,"weight":0,"dead_end":false,"group":5,"treasure":null,"fall":"$4"}],"treasures":[{"name":"whistle","count":1,"weight":0}],"gates":[]},{"name":"Sublevel 5","properties":{"unit":"1_units_north_snow.txt","max_rooms":3,"light":"normal_light_lv0.ini","music":"new_00_0.cnd","skybox":"none","corridor":0.5,"caps":50,"timer":0,"geyser":false,"clogged":false,"echo":0,"plane":false,"seesaw":false,"version":1,"max_entities":null,"max_trasures":null,"max_gates":null},"entities":[{"name":"Hanachirashi","count":2,"weight":0,"dead_end":false,"group":5,"treasure":"light_a","fall":""},{"name":"Tank","count":3,"weight":0,"dead_end":false,"group":5,"treasure":"be_dama_blue","fall":""},{"name":"Fkabuto","count":1,"weight":0,"dead_end":false,"group":5,"treasure":"wadou_kaichin","fall":""},{"name":"Rkabuto","count":1,"weight":0,"dead_end":false,"group":5,"treasure":"wadou_kaichin","fall":""},{"name":"Wtank","count":3,"weight":0,"dead_end":false,"group":5,"treasure":"be_dama_yellow","fall":""},{"name":"Demon","count":1,"weight":0,"dead_end":false,"group":5,"treasure":"be_dama_red","fall":""},{"name":"Mar","count":2,"weight":0,"dead_end":false,"group":5,"treasure":"chocowhite","fall":""},{"name":"ElecHiba","count":10,"weight":0,"dead_end":false,"group":5,"treasure":null,"fall":""},{"name":"Hiba","count":10,"weight":0,"dead_end":false,"group":5,"treasure":null,"fall":""},{"name":"GasHiba","count":10,"weight":0,"dead_end":false,"group":5,"treasure":null,"fall":""},{"name":"Tobi","count":15,"weight":0,"dead_end":false,"group":6,"treasure":"momiji_normal","fall":""},{"name":"Watage","count":15,"weight":0,"dead_end":false,"group":6,"treasure":null,"fall":""},{"name":"BlueKochappy","count":6,"weight":0,"dead_end":false,"group":0,"treasure":"apple_blue","fall":""},{"name":"Hiba","count":10,"weight":0,"dead_end":false,"group":0,"treasure":null,"fall":""},{"name":"GasHiba","count":10,"weight":0,"dead_end":false,"group":0,"treasure":null,"fall":""},{"name":"BlueChappy","count":1,"weight":0,"dead_end":false,"group":1,"treasure":"cookie","fall":""},{"name":"BlueChappy","count":1,"weight":0,"dead_end":false,"group":1,"treasure":"key","fall":""},{"name":"Demon","count":1,"weight":0,"dead_end":false,"group":1,"treasure":"j_block_blue","fall":""},{"name":"Chappy","count":1,"weight":0,"dead_end":false,"group":1,"treasure":"be_dama_blue_l","fall":""},{"name":"Chappy","count":1,"weight":0,"dead_end":false,"group":1,"treasure":"be_dama_blue_l","fall":""}],"treasures":[],"gates":[]},{"name":"Sublevel 6","properties":{"unit":"2_MAT_manp_manq_conc.txt","max_rooms":2,"light":"metal_light_lv2.ini","music":"cavemetal_10_3.cnd","skybox":"none","corridor":0.0,"caps":50,"timer":0,"geyser":false,"clogged":false,"echo":0,"plane":false,"seesaw":false,"version":1,"max_entities":null,"max_trasures":null,"max_gates":null},"entities":[{"name":"Tyre","count":100,"weight":0,"dead_end":false,"group":5,"treasure":null,"fall":""},{"name":"Hiba","count":3,"weight":0,"dead_end":false,"group":0,"treasure":null,"fall":""},{"name":"ElecBug","count":2,"weight":0,"dead_end":false,"group":0,"treasure":null,"fall":""},{"name":"GasHiba","count":2,"weight":0,"dead_end":false,"group":0,"treasure":null,"fall":""},{"name":"ElecBug","count":3,"weight":0,"dead_end":false,"group":1,"treasure":null,"fall":""},{"name":"GasHiba","count":2,"weight":0,"dead_end":false,"group":1,"treasure":null,"fall":""},{"name":"Hiba","count":2,"weight":0,"dead_end":false,"group":1,"treasure":null,"fall":""},{"name":"DangoMushi","count":1,"weight":0,"dead_end":false,"group":6,"treasure":"key","fall":""},{"name":"DangoMushi","count":1,"weight":0,"dead_end":false,"group":6,"treasure":"silver_medal","fall":""},{"name":"DangoMushi","count":1,"weight":0,"dead_end":false,"group":6,"treasure":"silver_medal","fall":""},{"name":"Fart","count":1,"weight":0,"dead_end":true,"group":0,"treasure":null,"fall":""},{"name":"Fart","count":1,"weight":0,"dead_end":true,"group":0,"treasure":null,"fall":""},{"name":"Fart","count":1,"weight":0,"dead_end":true,"group":0,"treasure":null,"fall":""},{"name":"ElecBug","count":10,"weight":0,"dead_end":true,"group":0,"treasure":null,"fall":""},{"name":"ElecBug","count":2,"weight":0,"dead_end":false,"group":0,"treasure":null,"fall":""},{"name":"Hiba","count":2,"weight":0,"dead_end":false,"group":0,"treasure":null,"fall":""},{"name":"GasHiba","count":2,"weight":0,"dead_end":false,"group":0,"treasure":null,"fall":""},{"name":"GasHiba","count":2,"weight":0,"dead_end":false,"group":1,"treasure":null,"fall":""},{"name":"ElecBug","count":2,"weight":0,"dead_end":false,"group":1,"treasure":null,"fall":""},{"name":"Hiba","count":2,"weight":0,"dead_end":false,"group":1,"treasure":null,"fall":""}],"treasures":[],"gates":[]}],"content":null}