{"sublevels":[{"name":"Sublevel 1","properties":{"unit":"1_MAT_h446_metal.txt","max_rooms":3,"light":"metal_light_lv0.ini","music":"cavemetal_10_0.cnd","skybox":"build","corridor":0.12,"caps":50,"timer":0,"geyser":false,"clogged":false,"echo":0,"plane":false,"seesaw":false,"version":1,"max_entities":null,"max_trasures":null,"max_gates":null},"entities":[{"name":"MiniHoudai","count":1,"weight":0,"dead_end":false,"group":0,"treasure":"key","fall":""},{"name":"MiniHoudai","count":2,"weight":0,"dead_end":false,"group":1,"treasure":"silver_medal","fall":""},{"name":"YellowKochappy","count":3,"weight":0,"dead_end":false,"group":1,"treasure":"be_dama_blue","fall":"$"},{"name":"YellowKochappy","count":5,"weight":0,"dead_end":false,"group":0,"treasure":"be_dama_blue","fall":""}],"treasures":[{"name":"nut","count":1,"weight":0},{"name":"kinoko","count":1,"weight":0},{"name":"fue_a","count":1,"weight":0},{"name":"saru_head","count":1,"weight":0},{"name":"ichigo_l","count":1,"weight":0}],"gates":[]},{"name":"Sublevel 2","properties":{"unit":"1_units_king_tsuchi.txt","max_rooms":1,"light":"normal_light_lv0.ini","music":"cavesoil_00_0.cnd","skybox":"none","corridor":0.0,"caps":50,"timer":0,"geyser":false,"clogged":false,"echo":0,"plane":false,"seesaw":false,"version":1,"max_entities":null,"max_trasures":null,"max_gates":null},"entities":[{"name":"SnakeWhole","count":1,"weight":0,"dead_end":false,"group":0,"treasure":"key","fall":""},{"name":"Bomb","count":14,"weight":0,"dead_end":false,"group":5,"treasure":null,"fall":"$"},{"name":"Catfish","count":9,"weight":0,"dead_end":false,"group":1,"treasure":"wadou_kaichin","fall":""},{"name":"Jigumo","count":2,"weight":0,"dead_end":false,"group":1,"treasure":"denchi_1_black","fall":""}],"treasures":[{"name":"cookie_s","count":1,"weight":0}],"gates":[]},{"name":"Sublevel 3","properties":{"unit":"3_units_h_k_pypes_conc.txt","max_rooms":4,"light":"normal_light_lv0.ini","music":"caveconc_00_0.cnd","skybox":"none","corridor":0.0,"caps":50,"timer":0,"geyser":false,"clogged":false,"echo":0,"plane":false,"seesaw":false,"version":1,"max_entities":null,"max_trasures":null,"max_gates":null},"entities":[{"name":"UmiMushi","count":1,"weight":0,"dead_end":false,"group":0,"treasure":"key","fall":""},{"name":"OoPanModoki","count":1,"weight":0,"dead_end":false,"group":1,"treasure":"gold_medal","fall":""},{"name":"SnakeCrow","count":1,"weight":0,"dead_end":false,"group":1,"treasure":"toy_gentle","fall":""},{"name":"YellowChappy","count":2,"weight":0,"dead_end":false,"group":1,"treasure":"be_dama_yellow_l","fall":""},{"name":"YellowChappy","count":2,"weight":0,"dead_end":false,"group":0,"treasure":"be_dama_yellow_l","fall":""},{"name":"FireChappy","count":1,"weight":0,"dead_end":false,"group":0,"treasure":"be_dama_blue_l","fall":""}],"treasures":[{"name":"baum_kuchen","count":1,"weight":0},{"name":"donutswhite","count":1,"weight":0},{"name":"g_futa_titiyas","count":1,"weight":0},{"name":"diamond_green_l","count":1,"weight":0},{"name":"kouseki_suisyou","count":1,"weight":0}],"gates":[{"word":"gate","health":1000,"weight":1},{"word":"gate","health":1000,"weight":1}]}],"content":null}