{"sublevels":[{"name":"Sublevel 1 - Dirt","properties":{"unit":"1_units_cent2_tsuchi.txt","max_rooms":2,"light":"normal_light_cha.ini","music":"cavesoil_00_3.cnd","skybox":"none","corridor":0.0,"caps":50,"timer":0,"geyser":false,"clogged":false,"echo":0,"plane":false,"seesaw":false,"version":1,"max_entities":null,"max_trasures":null,"max_gates":null},"entities":[{"name":"Chappy","count":1,"weight":0,"dead_end":false,"group":0,"treasure":"key","fall":""},{"name":"Kochappy","count":1,"weight":0,"dead_end":false,"group":1,"treasure":"flower_red","fall":""},{"name":"Kochappy","count":1,"weight":0,"dead_end":false,"group":1,"treasure":"flower_red","fall":""},{"name":"Clover","count":10,"weight":0,"dead_end":false,"group":6,"treasure":null,"fall":""}],"treasures":[{"name":"g_futa_titiyas","count":1,"weight":0},{"name":"denchi_3_red","count":1,"weight":0}],"gates":[]},{"name":"Sublevel 2 - Playroom","properties":{"unit":"2_units_sara_sara2_toy.txt","max_rooms":2,"light":"toy_light_cha.ini","music":"new_08_1.cnd","skybox":"tatami","corridor":0.05,"caps":50,"timer":0,"geyser":false,"clogged":false,"echo":0,"plane":true,"seesaw":false,"version":1,"max_entities":null,"max_trasures":null,"max_gates":null},"entities":[{"name":"Chappy","count":1,"weight":0,"dead_end":false,"group":8,"treasure":"key","fall":""},{"name":"Fkabuto","count":2,"weight":0,"dead_end":false,"group":8,"treasure":"g_futa_titiyas","fall":""},{"name":"Kochappy","count":3,"weight":0,"dead_end":false,"group":0,"treasure":null,"fall":""},{"name":"Kochappy","count":3,"weight":0,"dead_end":false,"group":0,"treasure":null,"fall":""},{"name":"Kochappy","count":3,"weight":0,"dead_end":false,"group":1,"treasure":null,"fall":""},{"name":"Kochappy","count":3,"weight":0,"dead_end":false,"group":1,"treasure":null,"fall":""},{"name":"Egg","count":2,"weight":0,"dead_end":true,"group":0,"treasure":null,"fall":""}],"treasures":[{"name":"toy_cat","count":1,"weight":0},{"name":"tape_blue","count":1,"weight":0},{"name":"cookie_s_l","count":1,"weight":0}],"gates":[]},{"name":"Sublevel 3 - Metal","properties":{"unit":"1_MAT_hit224_cap_icap_metal.txt","max_rooms":5,"light":"houdai_light.ini","music":"cavemetal_00_1.cnd","skybox":"test","corridor":0.4,"caps":50,"timer":0,"geyser":false,"clogged":false,"echo":0,"plane":false,"seesaw":false,"version":1,"max_entities":null,"max_trasures":null,"max_gates":null},"entities":[{"name":"Damagumo","count":1,"weight":0,"dead_end":false,"group":0,"treasure":"key","fall":""},{"name":"Hiba","count":2,"weight":0,"dead_end":false,"group":1,"treasure":null,"fall":""},{"name":"Hiba","count":2,"weight":0,"dead_end":false,"group":1,"treasure":null,"fall":""},{"name":"Hiba","count":2,"weight":0,"dead_end":false,"group":1,"treasure":null,"fall":""},{"name":"Hiba","count":2,"weight":0,"dead_end":false,"group":1,"treasure":null,"fall":""},{"name":"ElecHiba","count":4,"weight":0,"dead_end":false,"group":5,"treasure":null,"fall":""},{"name":"ElecHiba","count":4,"weight":0,"dead_end":false,"group":5,"treasure":null,"fall":""},{"name":"DaiodoRed","count":25,"weight":0,"dead_end":false,"group":6,"treasure":null,"fall":""},{"name":"DaiodoGreen","count":25,"weight":0,"dead_end":false,"group":6,"treasure":null,"fall":""},{"name":"YellowKochappy","count":1,"weight":0,"dead_end":true,"group":0,"treasure":"g_futa_hiruzen","fall":"$"}],"treasures":[{"name":"futa_a_gold","count":1,"weight":0},{"name":"whistle","count":1,"weight":0},{"name":"mojiban","count":1,"weight":0},{"name":"channel","count":1,"weight":0},{"name":"bolt_l","count":1,"weight":0},{"name":"nut_l","count":1,"weight":0}],"gates":[]},{"name":"Sublevel 4 - \"Boss\"","properties":{"unit":"2_MAT_kingA_kingB_tsuchi.txt","max_rooms":1,"light":"normal_light_lv0.ini","music":"new_05_0.cnd","skybox":"none","corridor":0.0,"caps":50,"timer":0,"geyser":false,"clogged":false,"echo":0,"plane":false,"seesaw":false,"version":1,"max_entities":null,"max_trasures":null,"max_gates":null},"entities":[{"name":"FireChappy","count":1,"weight":0,"dead_end":false,"group":1,"treasure":"key","fall":""},{"name":"ElecHiba","count":5,"weight":0,"dead_end":false,"group":8,"treasure":null,"fall":""},{"name":"KareOoinu_s","count":10,"weight":0,"dead_end":false,"group":6,"treasure":null,"fall":""}],"treasures":[],"gates":[{"word":"gate","health":2500,"weight":1}]}],"content":null}