{"sublevels":[{"name":"Sublevel 1 - BEENOS","properties":{"unit":"1_units_houdai_metal.txt","max_rooms":1,"light":"houdai_light.ini","music":"cavemetal_00_0.cnd","skybox":"none","corridor":0.12,"caps":50,"timer":0,"geyser":false,"clogged":false,"echo":0,"plane":false,"seesaw":false,"version":1,"max_entities":null,"max_trasures":null,"max_gates":null},"entities":[{"name":"BigFoot","count":1,"weight":0,"dead_end":false,"group":0,"treasure":"key","fall":""}],"treasures":[],"gates":[{"word":"gate","health":10,"weight":1},{"word":"gate","health":10,"weight":1}]},{"name":"Sublevel 2 - MEEEEEEEEEEEEEEEEEEEEEEEEEEEEEEEEEEEEEEE","properties":{"unit":"1_units_king_tsuchi.txt","max_rooms":1,"light":"normal_light_cha.ini","music":"cavesoil_10_3.cnd","skybox":"test","corridor":0.12,"caps":50,"timer":0,"geyser":false,"clogged":false,"echo":0,"plane":false,"seesaw":false,"version":1,"max_entities":null,"max_trasures":null,"max_gates":null},"entities":[{"name":"Damagumo","count":1,"weight":0,"dead_end":false,"group":0,"treasure":"key","fall":""},{"name":"KingChappy","count":1,"weight":0,"dead_end":false,"group":0,"treasure":"denchi_3_red","fall":""}],"treasures":[{"name":"loozy","count":1,"weight":0}],"gates":[{"word":"gate","health":10,"weight":1},{"word":"gate","health":40,"weight":1},{"word":"gate","health":120,"weight":1}]},{"name":"Sublevel 3","properties":{"unit":"2_units_Oashi_s_yuko_conc.txt","max_rooms":3,"light":"oootakara_light.ini","music":"new_07_0.cnd","skybox":"ice","corridor":0.12,"caps":50,"timer":0,"geyser":false,"clogged":false,"echo":0,"plane":false,"seesaw":false,"version":1,"max_entities":null,"max_trasures":null,"max_gates":null},"entities":[{"name":"OoPanModoki","count":1,"weight":0,"dead_end":false,"group":0,"treasure":"denchi_3_red","fall":""},{"name":"PanModoki","count":1,"weight":0,"dead_end":false,"group":1,"treasure":"diamond_blue_l","fall":""},{"name":"BlackMan","count":1,"weight":0,"dead_end":false,"group":1,"treasure":"key","fall":""}],"treasures":[],"gates":[{"word":"gate","health":120,"weight":1},{"word":"gate","health":300,"weight":1}]}],"content":null}