{"sublevels":[{"name":"Sublevel 1","properties":{"unit":"1_units_5x5a_kusachi.txt","max_rooms":3,"light":"modded_sunset_light.ini","music":"caveconc_00_0.cnd","skybox":"hiroba","corridor":0.145,"caps":95,"timer":0,"geyser":false,"clogged":false,"echo":0,"plane":true,"seesaw":false,"version":1,"max_entities":18,"max_trasures":null,"max_gates":null},"entities":[{"name":"Magaret","count":1,"weight":0,"dead_end":false,"group":5,"treasure":null,"fall":""},{"name":"Magaret","count":1,"weight":0,"dead_end":false,"group":0,"treasure":null,"fall":""},{"name":"Ooinu_l","count":1,"weight":0,"dead_end":false,"group":6,"treasure":null,"fall":""},{"name":"Chappy","count":1,"weight":0,"dead_end":false,"group":0,"treasure":"flower_red","fall":""},{"name":"Ooinu_s","count":1,"weight":0,"dead_end":false,"group":6,"treasure":null,"fall":""},{"name":"Magaret","count":1,"weight":0,"dead_end":false,"group":6,"treasure":null,"fall":""},{"name":"Armor","count":1,"weight":0,"dead_end":false,"group":1,"treasure":"chocowhite_l","fall":""},{"name":"Magaret","count":1,"weight":0,"dead_end":false,"group":6,"treasure":null,"fall":""},{"name":"Armor","count":1,"weight":0,"dead_end":false,"group":0,"treasure":"chocoichigo","fall":""},{"name":"Chappy","count":1,"weight":0,"dead_end":false,"group":1,"treasure":"cookie_m_l","fall":""},{"name":"BlueChappy","count":1,"weight":0,"dead_end":false,"group":1,"treasure":"ichigo_l","fall":""},{"name":"Armor","count":1,"weight":0,"dead_end":false,"group":5,"treasure":"flower_red","fall":""},{"name":"Ooinu_l","count":1,"weight":0,"dead_end":false,"group":6,"treasure":null,"fall":""},{"name":"Magaret","count":1,"weight":0,"dead_end":false,"group":1,"treasure":null,"fall":""},{"name":"Magaret","count":1,"weight":0,"dead_end":false,"group":0,"treasure":null,"fall":""},{"name":"Magaret","count":1,"weight":0,"dead_end":false,"group":6,"treasure":null,"fall":""},{"name":"Ooinu_l","count":1,"weight":0,"dead_end":false,"group":6,"treasure":null,"fall":""},{"name":"Hana","count":1,"weight":0,"dead_end":false,"group":1,"treasure":"gold_medal","fall":""}],"treasures":[{"name":"donguri","count":1,"weight":0},{"name":"cookie_s","count":1,"weight":0},{"name":"cookie_u","count":1,"weight":0},{"name":"ichigo_l","count":1,"weight":0},{"name":"key","count":1,"weight":0}],"gates":[]},{"name":"Sublevel 2","properties":{"unit":"1_ABE_vshit67_toy.txt","max_rooms":3,"light":"toy_light_cha.ini","music":"caveconc_00_0.cnd","skybox":"flooring","corridor":0.135,"caps":65,"timer":0,"geyser":false,"clogged":false,"echo":0,"plane":true,"seesaw":false,"version":1,"max_entities":33,"max_trasures":null,"max_gates":null},"entities":[{"name":"PanModoki","count":1,"weight":0,"dead_end":false,"group":1,"treasure":"cookie_u_l","fall":""},{"name":"DaiodoRed","count":1,"weight":0,"dead_end":false,"group":6,"treasure":null,"fall":""},{"name":"PanModoki","count":1,"weight":0,"dead_end":false,"group":0,"treasure":"cookie_u","fall":""},{"name":"PanModoki","count":1,"weight":0,"dead_end":false,"group":5,"treasure":"donguri","fall":""},{"name":"DaiodoGreen","count":1,"weight":0,"dead_end":false,"group":6,"treasure":null,"fall":""},{"name":"Kochappy","count":3,"weight":0,"dead_end":false,"group":0,"treasure":null,"fall":""},{"name":"DaiodoGreen","count":1,"weight":0,"dead_end":false,"group":6,"treasure":null,"fall":""},{"name":"ElecOtakara","count":1,"weight":0,"dead_end":false,"group":5,"treasure":"gold_medal","fall":""},{"name":"Kochappy","count":3,"weight":0,"dead_end":false,"group":1,"treasure":null,"fall":""},{"name":"Kochappy","count":2,"weight":0,"dead_end":false,"group":5,"treasure":null,"fall":""},{"name":"DaiodoRed","count":1,"weight":0,"dead_end":false,"group":6,"treasure":null,"fall":""},{"name":"Chiyogami","count":1,"weight":0,"dead_end":false,"group":1,"treasure":null,"fall":""},{"name":"KumaKochappy","count":1,"weight":0,"dead_end":false,"group":0,"treasure":"chocowhite","fall":""},{"name":"LeafChappy","count":1,"weight":0,"dead_end":false,"group":0,"treasure":"chocowhite_l","fall":""},{"name":"DaiodoGreen","count":1,"weight":0,"dead_end":false,"group":6,"treasure":null,"fall":""},{"name":"FireOtakara","count":1,"weight":0,"dead_end":false,"group":5,"treasure":null,"fall":""},{"name":"WaterOtakara","count":1,"weight":0,"dead_end":false,"group":0,"treasure":null,"fall":""},{"name":"GasOtakara","count":1,"weight":0,"dead_end":false,"group":1,"treasure":"creap","fall":""},{"name":"Chiyogami","count":1,"weight":0,"dead_end":false,"group":0,"treasure":null,"fall":""},{"name":"DaiodoRed","count":1,"weight":0,"dead_end":false,"group":6,"treasure":null,"fall":""},{"name":"FireOtakara","count":1,"weight":0,"dead_end":false,"group":1,"treasure":null,"fall":""},{"name":"Mar","count":1,"weight":0,"dead_end":false,"group":0,"treasure":"key","fall":""},{"name":"KumaKochappy","count":1,"weight":0,"dead_end":false,"group":1,"treasure":"chocolate","fall":""},{"name":"DaiodoRed","count":1,"weight":0,"dead_end":false,"group":6,"treasure":null,"fall":""},{"name":"DaiodoRed","count":1,"weight":0,"dead_end":false,"group":6,"treasure":null,"fall":""},{"name":"FireOtakara","count":1,"weight":0,"dead_end":false,"group":0,"treasure":null,"fall":""},{"name":"WaterOtakara","count":1,"weight":0,"dead_end":false,"group":1,"treasure":null,"fall":""},{"name":"KumaKochappy","count":1,"weight":0,"dead_end":true,"group":0,"treasure":"chocowhite","fall":""}],"treasures":[{"name":"donutschoco","count":1,"weight":0},{"name":"baum_kuchen_s","count":1,"weight":0}],"gates":[]},{"name":"Sublevel 3","properties":{"unit":"2_NARI_hit4x7_small_toy.txt","max_rooms":4,"light":"toy_light_cha.ini","music":"caveconc_00_0.cnd","skybox":"flooring","corridor":0.165,"caps":70,"timer":0,"geyser":false,"clogged":false,"echo":0,"plane":true,"seesaw":false,"version":1,"max_entities":26,"max_trasures":null,"max_gates":null},"entities":[{"name":"DaiodoRed","count":1,"weight":0,"dead_end":false,"group":0,"treasure":null,"fall":""},{"name":"DaiodoRed","count":1,"weight":0,"dead_end":false,"group":0,"treasure":null,"fall":""},{"name":"DaiodoRed","count":1,"weight":0,"dead_end":false,"group":0,"treasure":null,"fall":""},{"name":"DaiodoRed","count":1,"weight":0,"dead_end":false,"group":1,"treasure":null,"fall":""},{"name":"DaiodoRed","count":1,"weight":0,"dead_end":false,"group":1,"treasure":null,"fall":""},{"name":"DaiodoRed","count":1,"weight":0,"dead_end":false,"group":6,"treasure":null,"fall":""},{"name":"DaiodoRed","count":1,"weight":0,"dead_end":false,"group":6,"treasure":null,"fall":""},{"name":"DaiodoGreen","count":1,"weight":0,"dead_end":false,"group":6,"treasure":null,"fall":""},{"name":"DaiodoGreen","count":1,"weight":0,"dead_end":false,"group":6,"treasure":null,"fall":""},{"name":"DaiodoGreen","count":1,"weight":0,"dead_end":false,"group":1,"treasure":null,"fall":""},{"name":"DaiodoGreen","count":1,"weight":0,"dead_end":false,"group":0,"treasure":null,"fall":""},{"name":"Chiyogami","count":1,"weight":0,"dead_end":false,"group":0,"treasure":null,"fall":""},{"name":"Chiyogami","count":1,"weight":0,"dead_end":false,"group":1,"treasure":null,"fall":""},{"name":"BlueKochappy","count":1,"weight":0,"dead_end":false,"group":0,"treasure":null,"fall":""},{"name":"KumaKochappy","count":1,"weight":0,"dead_end":false,"group":1,"treasure":null,"fall":""},{"name":"BlueKochappy","count":1,"weight":0,"dead_end":false,"group":1,"treasure":null,"fall":""},{"name":"OoPanModoki","count":1,"weight":0,"dead_end":false,"group":0,"treasure":"key","fall":""},{"name":"BlueKochappy","count":1,"weight":0,"dead_end":false,"group":1,"treasure":null,"fall":""},{"name":"KumaKochappy","count":1,"weight":0,"dead_end":false,"group":0,"treasure":null,"fall":""},{"name":"BlueChappy","count":1,"weight":0,"dead_end":false,"group":1,"treasure":"cookie_s_l","fall":""},{"name":"BlueKochappy","count":1,"weight":0,"dead_end":false,"group":5,"treasure":null,"fall":""},{"name":"KumaKochappy","count":1,"weight":0,"dead_end":false,"group":0,"treasure":null,"fall":""},{"name":"KumaKochappy","count":1,"weight":0,"dead_end":false,"group":5,"treasure":null,"fall":""},{"name":"BlueKochappy","count":1,"weight":0,"dead_end":false,"group":0,"treasure":null,"fall":""},{"name":"BlueKochappy","count":1,"weight":0,"dead_end":false,"group":1,"treasure":null,"fall":""},{"name":"FireChappy","count":1,"weight":0,"dead_end":true,"group":0,"treasure":"ichigo","fall":""},{"name":"Tank","count":1,"weight":0,"dead_end":false,"group":0,"treasure":"flower_red","fall":""},{"name":"Tank","count":1,"weight":0,"dead_end":false,"group":1,"treasure":"cookie","fall":""},{"name":"KumaChappy","count":1,"weight":0,"dead_end":false,"group":8,"treasure":"donutschoco","fall":""},{"name":"OoPanModoki","count":1,"weight":0,"dead_end":false,"group":1,"treasure":"fue_b","fall":""},{"name":"BlueChappy","count":1,"weight":0,"dead_end":false,"group":1,"treasure":"leaf_kare","fall":""}],"treasures":[{"name":"cookie_s_l","count":1,"weight":0},{"name":"cookie_s","count":1,"weight":0}],"gates":[]},{"name":"Sublevel 4","properties":{"unit":"2_ABE_a_dry_tile.txt","max_rooms":3,"light":"modded_gloomy_light.ini","music":"caveconc_00_0.cnd","skybox":"none","corridor":0.15,"caps":75,"timer":0,"geyser":false,"clogged":false,"echo":0,"plane":false,"seesaw":false,"version":1,"max_entities":23,"max_trasures":null,"max_gates":null},"entities":[{"name":"HikariKinoko","count":1,"weight":0,"dead_end":false,"group":0,"treasure":null,"fall":""},{"name":"HikariKinoko","count":1,"weight":0,"dead_end":false,"group":6,"treasure":null,"fall":""},{"name":"HikariKinoko","count":1,"weight":0,"dead_end":false,"group":1,"treasure":null,"fall":""},{"name":"HikariKinoko","count":1,"weight":0,"dead_end":false,"group":6,"treasure":null,"fall":""},{"name":"HikariKinoko","count":1,"weight":0,"dead_end":false,"group":1,"treasure":null,"fall":""},{"name":"HikariKinoko","count":1,"weight":0,"dead_end":false,"group":0,"treasure":null,"fall":""},{"name":"Catfish","count":1,"weight":0,"dead_end":false,"group":0,"treasure":"chocoichigo","fall":""},{"name":"GasHiba","count":1,"weight":0,"dead_end":false,"group":5,"treasure":null,"fall":""},{"name":"Catfish","count":1,"weight":0,"dead_end":false,"group":1,"treasure":"donguri","fall":""},{"name":"Catfish","count":1,"weight":0,"dead_end":false,"group":5,"treasure":null,"fall":""},{"name":"Catfish","count":1,"weight":0,"dead_end":false,"group":1,"treasure":null,"fall":""},{"name":"Wtank","count":1,"weight":0,"dead_end":false,"group":1,"treasure":null,"fall":""},{"name":"TamagoMushi","count":1,"weight":0,"dead_end":true,"group":0,"treasure":null,"fall":""},{"name":"Wtank","count":1,"weight":0,"dead_end":false,"group":0,"treasure":"flower_red","fall":""},{"name":"KumaChappy","count":1,"weight":0,"dead_end":false,"group":0,"treasure":"donutsichigo","fall":""},{"name":"GasHiba","count":1,"weight":0,"dead_end":false,"group":5,"treasure":null,"fall":""},{"name":"BigFoot","count":1,"weight":0,"dead_end":false,"group":8,"treasure":"baum_kuchen","fall":""},{"name":"Kurage","count":1,"weight":0,"dead_end":false,"group":1,"treasure":"dia_a_red","fall":""},{"name":"Kurage","count":1,"weight":0,"dead_end":false,"group":1,"treasure":"cookie_u","fall":""},{"name":"Rock","count":1,"weight":0,"dead_end":false,"group":5,"treasure":null,"fall":""},{"name":"Rock","count":1,"weight":0,"dead_end":false,"group":1,"treasure":null,"fall":""},{"name":"Rock","count":1,"weight":0,"dead_end":false,"group":0,"treasure":null,"fall":""},{"name":"Rock","count":1,"weight":0,"dead_end":false,"group":0,"treasure":null,"fall":""}],"treasures":[{"name":"cookie","count":1,"weight":0},{"name":"key","count":1,"weight":0},{"name":"cookie_s_l","count":1,"weight":0},{"name":"chess_queen_white","count":1,"weight":0}],"gates":[]}],"content":null}