{"sublevels":[{"name":"Sublevel 1 - House of Cards","properties":{"unit":"casino_test.txt","max_rooms":2,"light":"vs_6_light.ini","music":"new_08_0.cnd","skybox":"casino","corridor":0.1,"caps":50,"timer":0,"geyser":false,"clogged":false,"echo":0,"plane":true,"seesaw":false,"version":1,"max_entities":null,"max_trasures":null,"max_gates":null},"entities":[{"name":"Kochappy","count":6,"weight":0,"dead_end":false,"group":0,"treasure":"flower_blue","fall":""},{"name":"Tank","count":2,"weight":0,"dead_end":false,"group":0,"treasure":"bey_goma","fall":""},{"name":"Chappy","count":2,"weight":0,"dead_end":false,"group":1,"treasure":"futa_a_silver","fall":""},{"name":"Egg","count":3,"weight":0,"dead_end":true,"group":0,"treasure":null,"fall":"$"},{"name":"Frog","count":3,"weight":0,"dead_end":false,"group":1,"treasure":"ichigo","fall":""}],"treasures":[{"name":"dia_c_blue","count":1,"weight":0},{"name":"toy_ring_a_blue","count":1,"weight":0},{"name":"donutschoco_s","count":1,"weight":0},{"name":"key","count":1,"weight":0}],"gates":[]},{"name":"Sublevel 2 - Slot Machine","properties":{"unit":"casino_test4.txt","max_rooms":1,"light":"kumomei_light_cha.ini","music":"cavetsumiki_00_0.cnd","skybox":"casino","corridor":0.0,"caps":50,"timer":0,"geyser":false,"clogged":false,"echo":0,"plane":true,"seesaw":false,"version":1,"max_entities":null,"max_trasures":null,"max_gates":null},"entities":[{"name":"BlueKochappy","count":0,"weight":1,"dead_end":false,"group":8,"treasure":"be_dama_blue","fall":"$5"},{"name":"BlueChappy","count":0,"weight":1,"dead_end":false,"group":8,"treasure":"be_dama_blue_l","fall":"$5"},{"name":"RandPom","count":0,"weight":1,"dead_end":false,"group":8,"treasure":null,"fall":"$5"},{"name":"Egg","count":0,"weight":1,"dead_end":false,"group":8,"treasure":null,"fall":"$5"},{"name":"Rock","count":0,"weight":1,"dead_end":false,"group":8,"treasure":null,"fall":"$5"},{"name":"BombOtakara","count":0,"weight":1,"dead_end":false,"group":8,"treasure":null,"fall":"$5"},{"name":"KumaKochappy","count":5,"weight":0,"dead_end":false,"group":0,"treasure":"diamond_green","fall":""},{"name":"Hana","count":2,"weight":0,"dead_end":false,"group":1,"treasure":"toy_dog","fall":""},{"name":"Egg","count":3,"weight":0,"dead_end":true,"group":0,"treasure":null,"fall":""},{"name":"Hana","count":1,"weight":0,"dead_end":false,"group":1,"treasure":"key","fall":""}],"treasures":[{"name":"badminton","count":1,"weight":0}],"gates":[]},{"name":"Sublevel 3 - Maze","properties":{"unit":"casino_test2.txt","max_rooms":1,"light":"houdai_light.ini","music":"new_08_0.cnd","skybox":"casino","corridor":0.0,"caps":50,"timer":0,"geyser":false,"clogged":false,"echo":0,"plane":true,"seesaw":false,"version":1,"max_entities":null,"max_trasures":null,"max_gates":null},"entities":[{"name":"Kabuto","count":3,"weight":0,"dead_end":false,"group":0,"treasure":"chess_king_white","fall":""},{"name":"Chappy","count":3,"weight":0,"dead_end":false,"group":1,"treasure":"kuri","fall":""},{"name":"Sarai","count":3,"weight":0,"dead_end":false,"group":1,"treasure":"locket","fall":""},{"name":"KumaChappy","count":1,"weight":0,"dead_end":false,"group":0,"treasure":"key","fall":""}],"treasures":[{"name":"turi_uki","count":1,"weight":0},{"name":"creap","count":1,"weight":0},{"name":"light_a","count":1,"weight":0}],"gates":[]},{"name":"Sublevel 4 - Ash Trays","properties":{"unit":"casino_test3.txt","max_rooms":1,"light":"hiroba_light.ini","music":"new_08_1.cnd","skybox":"casino","corridor":0.0,"caps":50,"timer":0,"geyser":false,"clogged":false,"echo":0,"plane":true,"seesaw":false,"version":1,"max_entities":null,"max_trasures":null,"max_gates":null},"entities":[{"name":"UjiA","count":6,"weight":0,"dead_end":false,"group":0,"treasure":"donguri","fall":""},{"name":"UjiB","count":6,"weight":0,"dead_end":false,"group":1,"treasure":"cookie","fall":""},{"name":"Fkabuto","count":2,"weight":0,"dead_end":false,"group":8,"treasure":"toy_cat","fall":""},{"name":"FminiHoudai","count":1,"weight":0,"dead_end":false,"group":8,"treasure":"dia_c_red","fall":""}],"treasures":[{"name":"compact","count":1,"weight":0},{"name":"kan","count":1,"weight":0},{"name":"flask","count":1,"weight":0},{"name":"key","count":1,"weight":0}],"gates":[]},{"name":"Sublevel 5 - Boss","properties":{"unit":"casino_test5.txt","max_rooms":1,"light":"yakushima_3_16x17r_light.ini","music":"cavetsumiki_00_0.cnd","skybox":"casino","corridor":0.0,"caps":50,"timer":0,"geyser":true,"clogged":false,"echo":0,"plane":true,"seesaw":false,"version":1,"max_entities":null,"max_trasures":null,"max_gates":null},"entities":[{"name":"UmiMushi","count":1,"weight":0,"dead_end":false,"group":8,"treasure":"key","fall":""}],"treasures":[],"gates":[]}],"content":null}