{"sublevels":[{"name":"Sublevel 1","properties":{"unit":"3_MAT_d_g_m_renga.txt","max_rooms":4,"light":"kumomei_light_cha.ini","music":"new_03_0.cnd","skybox":"test","corridor":0.12,"caps":50,"timer":0,"geyser":false,"clogged":false,"echo":0,"plane":false,"seesaw":false,"version":1,"max_entities":null,"max_trasures":null,"max_gates":null},"entities":[{"name":"PanModoki","count":10,"weight":0,"dead_end":false,"group":0,"treasure":null,"fall":""},{"name":"OoPanModoki","count":4,"weight":0,"dead_end":false,"group":1,"treasure":null,"fall":""},{"name":"Kochappy","count":5,"weight":0,"dead_end":false,"group":1,"treasure":null,"fall":""},{"name":"Chiyogami","count":4,"weight":0,"dead_end":false,"group":6,"treasure":null,"fall":""},{"name":"HikariKinoko","count":4,"weight":0,"dead_end":false,"group":6,"treasure":null,"fall":""},{"name":"Egg","count":4,"weight":0,"dead_end":false,"group":6,"treasure":null,"fall":"$4"},{"name":"Chappy","count":1,"weight":0,"dead_end":false,"group":0,"treasure":"key","fall":""},{"name":"BlueKochappy","count":3,"weight":0,"dead_end":false,"group":0,"treasure":null,"fall":""},{"name":"ShijimiChou","count":2,"weight":0,"dead_end":false,"group":0,"treasure":null,"fall":""},{"name":"ShijimiChou","count":3,"weight":0,"dead_end":false,"group":1,"treasure":null,"fall":""},{"name":"LeafChappy","count":3,"weight":0,"dead_end":false,"group":5,"treasure":"bell_blue","fall":""},{"name":"Wakame_s","count":3,"weight":0,"dead_end":false,"group":6,"treasure":null,"fall":""},{"name":"Magaret","count":3,"weight":0,"dead_end":false,"group":6,"treasure":null,"fall":""},{"name":"DaiodoRed","count":1,"weight":0,"dead_end":false,"group":6,"treasure":null,"fall":""},{"name":"DaiodoGreen","count":1,"weight":0,"dead_end":false,"group":6,"treasure":null,"fall":""},{"name":"Clover","count":2,"weight":0,"dead_end":false,"group":6,"treasure":null,"fall":""},{"name":"YellowChappy","count":2,"weight":0,"dead_end":false,"group":5,"treasure":"milk_cap","fall":""}],"treasures":[{"name":"medama_yaki","count":1,"weight":0},{"name":"dia_b_green","count":1,"weight":0},{"name":"flower_red","count":1,"weight":0},{"name":"chocoichigo","count":1,"weight":0},{"name":"cookie_u","count":1,"weight":0},{"name":"cookie_s","count":1,"weight":0},{"name":"ichigo","count":1,"weight":0},{"name":"kuri","count":1,"weight":0},{"name":"donutsichigo","count":1,"weight":0}],"gates":[{"word":"gate","health":2000,"weight":1}]}],"content":null}