{"sublevels":[{"name":"Sublevel 1","properties":{"unit":"2_NARI_hit4x7_small_toy.txt","max_rooms":4,"light":"kumomei_light_cha.ini","music":"new_03_0.cnd","skybox":"flooring","corridor":0.12,"caps":50,"timer":0,"geyser":false,"clogged":false,"echo":0,"plane":true,"seesaw":false,"version":1,"max_entities":null,"max_trasures":null,"max_gates":null},"entities":[{"name":"PanModoki","count":10,"weight":0,"dead_end":false,"group":0,"treasure":null,"fall":""},{"name":"OoPanModoki","count":4,"weight":0,"dead_end":false,"group":1,"treasure":null,"fall":""},{"name":"Kochappy","count":5,"weight":0,"dead_end":false,"group":1,"treasure":null,"fall":""},{"name":"Chiyogami","count":4,"weight":0,"dead_end":false,"group":6,"treasure":null,"fall":""},{"name":"HikariKinoko","count":4,"weight":0,"dead_end":false,"group":6,"treasure":null,"fall":""},{"name":"Egg","count":4,"weight":0,"dead_end":false,"group":6,"treasure":null,"fall":"$4"},{"name":"BlueKochappy","count":1,"weight":0,"dead_end":false,"group":0,"treasure":"key","fall":""}],"treasures":[{"name":"medama_yaki","count":1,"weight":0},{"name":"dia_b_green","count":1,"weight":0},{"name":"apple_blue","count":1,"weight":0},{"name":"flower_red","count":1,"weight":0},{"name":"chocoichigo","count":1,"weight":0},{"name":"cookie_u","count":1,"weight":0},{"name":"cookie_s","count":1,"weight":0},{"name":"ichigo","count":1,"weight":0},{"name":"kuri","count":1,"weight":0}],"gates":[]}],"content":null}