{"sublevels":[{"name":"Sublevel 1","properties":{"unit":"2_units_north_dry_tile.txt","max_rooms":2,"light":"normal_light_lv3.ini","music":"cavetsumiki_00_0.cnd","skybox":"none","corridor":0.5,"caps":30,"timer":0,"geyser":false,"clogged":false,"echo":0,"plane":false,"seesaw":false,"version":1,"max_entities":null,"max_trasures":null,"max_gates":null},"entities":[{"name":"Sokkuri","count":1,"weight":0,"dead_end":false,"group":0,"treasure":"g_futa_kitaama","fall":""},{"name":"Sokkuri","count":1,"weight":0,"dead_end":false,"group":0,"treasure":"g_futa_kitaama","fall":""},{"name":"Sokkuri","count":1,"weight":0,"dead_end":false,"group":0,"treasure":"g_futa_kitaama","fall":""},{"name":"Sokkuri","count":1,"weight":0,"dead_end":false,"group":0,"treasure":"g_futa_kitaama","fall":"$3"},{"name":"BlueChappy","count":1,"weight":0,"dead_end":false,"group":0,"treasure":"key","fall":""},{"name":"BlueChappy","count":1,"weight":0,"dead_end":false,"group":0,"treasure":"watch","fall":""}],"treasures":[{"name":"bane","count":2,"weight":0},{"name":"channel","count":1,"weight":0},{"name":"gold_medal","count":1,"weight":0}],"gates":[]},{"name":"Sublevel 2","properties":{"unit":"3_ABE_cent_4x4_mid1_metal.txt","max_rooms":3,"light":"suityu_light_lv1.ini","music":"cavemetal_10_3.cnd","skybox":"ice","corridor":0.2,"caps":50,"timer":0,"geyser":false,"clogged":false,"echo":0,"plane":false,"seesaw":false,"version":1,"max_entities":null,"max_trasures":null,"max_gates":null},"entities":[{"name":"Wakame_l","count":50,"weight":0,"dead_end":false,"group":6,"treasure":null,"fall":""},{"name":"Wakame_l","count":50,"weight":0,"dead_end":false,"group":6,"treasure":null,"fall":""},{"name":"Wakame_l","count":50,"weight":0,"dead_end":false,"group":6,"treasure":null,"fall":""},{"name":"Wakame_l","count":50,"weight":0,"dead_end":false,"group":6,"treasure":null,"fall":""},{"name":"BombSarai","count":1,"weight":0,"dead_end":false,"group":0,"treasure":"toy_lady","fall":""},{"name":"BombSarai","count":1,"weight":0,"dead_end":false,"group":0,"treasure":"toy_lady","fall":""},{"name":"Hana","count":1,"weight":0,"dead_end":false,"group":0,"treasure":"key","fall":""},{"name":"Hana","count":1,"weight":0,"dead_end":false,"group":0,"treasure":"gold_medal","fall":""},{"name":"Rkabuto","count":1,"weight":0,"dead_end":false,"group":0,"treasure":"be_dama_blue","fall":""}],"treasures":[{"name":"compact","count":2,"weight":0},{"name":"dia_c_blue","count":2,"weight":0}],"gates":[]},{"name":"Sublevel 3","properties":{"unit":"3_ABE_mid1_blk1_nor3_tsuchi.txt","max_rooms":2,"light":"tutorial_1_light.ini","music":"new_05_0.cnd","skybox":"none","corridor":0.1,"caps":50,"timer":0,"geyser":false,"clogged":false,"echo":0,"plane":false,"seesaw":true,"version":1,"max_entities":null,"max_trasures":null,"max_gates":null},"entities":[{"name":"Mar","count":2,"weight":0,"dead_end":false,"group":0,"treasure":"bell_blue","fall":""},{"name":"Fart","count":2,"weight":0,"dead_end":false,"group":0,"treasure":"key","fall":""},{"name":"Baby","count":2,"weight":0,"dead_end":true,"group":0,"treasure":"dia_a_red","fall":"$5"}],"treasures":[{"name":"doll","count":1,"weight":0},{"name":"locket","count":3,"weight":0}],"gates":[]},{"name":"Sublevel 4","properties":{"unit":"1_MAT_mid2_metal.txt","max_rooms":4,"light":"yakushima_3_16x17r_light.ini","music":"cavesoil_00_4.cnd","skybox":"build","corridor":0.2,"caps":50,"timer":0,"geyser":true,"clogged":false,"echo":0,"plane":false,"seesaw":false,"version":1,"max_entities":null,"max_trasures":null,"max_gates":null},"entities":[{"name":"FminiHoudai","count":2,"weight":0,"dead_end":false,"group":0,"treasure":"tape_yellow","fall":""},{"name":"Demon","count":1,"weight":0,"dead_end":false,"group":0,"treasure":"kan_imuraya","fall":""},{"name":"MiniHoudai","count":1,"weight":0,"dead_end":false,"group":0,"treasure":"key","fall":""},{"name":"Chappy","count":1,"weight":0,"dead_end":false,"group":0,"treasure":"fire_helmet","fall":""},{"name":"Qurione","count":1,"weight":0,"dead_end":false,"group":0,"treasure":null,"fall":""}],"treasures":[{"name":"milk_cap","count":4,"weight":0}],"gates":[]}],"content":null}