{"sublevels":[{"name":"Sublevel 1 - Water Floor","properties":{"unit":"4_ABE_ike1_ike2_blk1_cnt_tsuchi.txt","max_rooms":5,"light":"normal_light_lv0.ini","music":"cavesoil_10_0.cnd","skybox":"none","corridor":0.18,"caps":50,"timer":0,"geyser":false,"clogged":false,"echo":0,"plane":false,"seesaw":false,"version":1,"max_entities":null,"max_trasures":null,"max_gates":null},"entities":[{"name":"Chappy","count":1,"weight":0,"dead_end":false,"group":0,"treasure":"milk_cap","fall":""},{"name":"Catfish","count":9,"weight":0,"dead_end":false,"group":1,"treasure":"turi_uki","fall":""},{"name":"BlueKochappy","count":9,"weight":0,"dead_end":false,"group":0,"treasure":"cookie","fall":""},{"name":"Kurage","count":1,"weight":0,"dead_end":false,"group":1,"treasure":"ichigo_l","fall":""},{"name":"Kurage","count":1,"weight":0,"dead_end":false,"group":1,"treasure":"be_dama_blue_l","fall":""}],"treasures":[{"name":"key","count":1,"weight":0},{"name":"diamond_blue_l","count":1,"weight":0},{"name":"donutsichigo","count":2,"weight":0},{"name":"futa_a_silver","count":1,"weight":0}],"gates":[]}],"content":null}