{"sublevels":[{"name":"Sublevel 1","properties":{"unit":"1_MAT_hit224_cap_icap_metal.txt","max_rooms":7,"light":"normal_light_lv3.ini","music":"cavesoil_00_0.cnd","skybox":"ice","corridor":0.2,"caps":100,"timer":0,"geyser":false,"clogged":false,"echo":0,"plane":false,"seesaw":false,"version":1,"max_entities":null,"max_trasures":null,"max_gates":null},"entities":[{"name":"ElecBug","count":5,"weight":0,"dead_end":false,"group":0,"treasure":null,"fall":""},{"name":"ElecBug","count":1,"weight":0,"dead_end":false,"group":0,"treasure":"fue_a","fall":""},{"name":"Hiba","count":3,"weight":0,"dead_end":false,"group":5,"treasure":null,"fall":""},{"name":"UjiA","count":5,"weight":0,"dead_end":false,"group":5,"treasure":null,"fall":"$4"},{"name":"UjiA","count":5,"weight":0,"dead_end":false,"group":5,"treasure":null,"fall":"$2"},{"name":"UjiB","count":2,"weight":0,"dead_end":false,"group":1,"treasure":"baum_kuchen","fall":"$"}],"treasures":[{"name":"badminton","count":1,"weight":0},{"name":"donutschoco_s","count":1,"weight":0},{"name":"chocoichigo","count":1,"weight":0},{"name":"key","count":1,"weight":0}],"gates":[{"word":"gate","health":200,"weight":1},{"word":"gate","health":200,"weight":1},{"word":"gate","health":800,"weight":1},{"word":"gate","health":1500,"weight":1}]},{"name":"Sublevel 2 - I beg you, fix it :( AAAAAAAAAA","properties":{"unit":"1_MAT_tower2_toy.txt","max_rooms":3,"light":"bluefog00.ini","music":"new_04_0.cnd","skybox":"flooring","corridor":0.2,"caps":100,"timer":0,"geyser":false,"clogged":true,"echo":0,"plane":false,"seesaw":false,"version":1,"max_entities":null,"max_trasures":null,"max_gates":null},"entities":[{"name":"FireOtakara","count":1,"weight":0,"dead_end":false,"group":0,"treasure":"key","fall":"$3"},{"name":"Chappy","count":2,"weight":0,"dead_end":false,"group":0,"treasure":null,"fall":""},{"name":"Chappy","count":2,"weight":0,"dead_end":false,"group":0,"treasure":"denchi_2_black","fall":""},{"name":"Wealthy","count":1,"weight":0,"dead_end":false,"group":1,"treasure":"teala_dia_c","fall":""},{"name":"Wealthy","count":2,"weight":0,"dead_end":false,"group":0,"treasure":null,"fall":""},{"name":"GasHiba","count":5,"weight":0,"dead_end":false,"group":5,"treasure":null,"fall":""},{"name":"Hiba","count":7,"weight":0,"dead_end":false,"group":5,"treasure":null,"fall":""},{"name":"KumaKochappy","count":3,"weight":0,"dead_end":false,"group":1,"treasure":null,"fall":""},{"name":"Kochappy","count":3,"weight":0,"dead_end":false,"group":0,"treasure":null,"fall":""},{"name":"BlueKochappy","count":3,"weight":0,"dead_end":false,"group":0,"treasure":null,"fall":""}],"treasures":[{"name":"turi_uki","count":1,"weight":0},{"name":"donguri_l","count":1,"weight":0}],"gates":[{"word":"gate","health":1000,"weight":1},{"word":"gate","health":200,"weight":1},{"word":"gate","health":5,"weight":1},{"word":"gate","health":5,"weight":1},{"word":"gate","health":5,"weight":1},{"word":"gate","health":5,"weight":1}]},{"name":"Sublevel 3","properties":{"unit":"1_ABE_mid1_boss_tsuchi.txt","max_rooms":7,"light":"key_light_lv0.ini","music":"caveconc_00_0.cnd","skybox":"none","corridor":0.2,"caps":100,"timer":0,"geyser":false,"clogged":false,"echo":0,"plane":false,"seesaw":false,"version":1,"max_entities":null,"max_trasures":null,"max_gates":null},"entities":[{"name":"SnakeCrow","count":1,"weight":0,"dead_end":false,"group":0,"treasure":"key","fall":""},{"name":"ElecHiba","count":3,"weight":0,"dead_end":false,"group":5,"treasure":"key","fall":""},{"name":"GasHiba","count":6,"weight":0,"dead_end":false,"group":5,"treasure":"key","fall":""},{"name":"Hiba","count":1,"weight":0,"dead_end":false,"group":5,"treasure":"key","fall":""}],"treasures":[],"gates":[]},{"name":"Sublevel 4","properties":{"unit":"1_ABE_ari_metal.txt","max_rooms":3,"light":"normal_light_lv0.ini","music":"caverelax.cnd","skybox":"ice","corridor":0.2,"caps":100,"timer":0,"geyser":false,"clogged":false,"echo":0,"plane":false,"seesaw":false,"version":1,"max_entities":null,"max_trasures":null,"max_gates":null},"entities":[{"name":"RandPom","count":5,"weight":0,"dead_end":false,"group":0,"treasure":null,"fall":""},{"name":"BlackPom","count":3,"weight":0,"dead_end":false,"group":0,"treasure":null,"fall":""},{"name":"WhitePom","count":1,"weight":0,"dead_end":false,"group":0,"treasure":null,"fall":""},{"name":"Sokkuri","count":10,"weight":0,"dead_end":false,"group":0,"treasure":null,"fall":""},{"name":"Wealthy","count":1,"weight":0,"dead_end":false,"group":0,"treasure":"toy_dog","fall":""}],"treasures":[{"name":"key","count":1,"weight":0},{"name":"milk_cap","count":1,"weight":0}],"gates":[]},{"name":"Sublevel 5","properties":{"unit":"1_ABE_ari_metal.txt","max_rooms":3,"light":"normal_light_lv0.ini","music":"caveconc_00_0.cnd","skybox":"flooring","corridor":0.2,"caps":100,"timer":0,"geyser":false,"clogged":false,"echo":0,"plane":false,"seesaw":false,"version":1,"max_entities":null,"max_trasures":null,"max_gates":null},"entities":[{"name":"MaroFrog","count":1,"weight":0,"dead_end":false,"group":0,"treasure":"key","fall":"$"},{"name":"Armor","count":2,"weight":0,"dead_end":false,"group":0,"treasure":null,"fall":""},{"name":"LeafChappy","count":2,"weight":0,"dead_end":false,"group":1,"treasure":null,"fall":""},{"name":"FireChappy","count":1,"weight":0,"dead_end":true,"group":0,"treasure":"bey_goma","fall":""},{"name":"Catfish","count":1,"weight":0,"dead_end":true,"group":0,"treasure":"kan_b_silver","fall":""},{"name":"Hiba","count":4,"weight":0,"dead_end":false,"group":5,"treasure":null,"fall":""},{"name":"Bomb","count":1,"weight":0,"dead_end":false,"group":5,"treasure":null,"fall":"$"},{"name":"Rock","count":3,"weight":0,"dead_end":false,"group":5,"treasure":null,"fall":"$2"}],"treasures":[{"name":"turi_uki","count":1,"weight":0},{"name":"diamond_green_l","count":1,"weight":0},{"name":"yoyo_red","count":1,"weight":0},{"name":"loozy","count":1,"weight":0}],"gates":[]},{"name":"Sublevel 6","properties":{"unit":"1_MAT_manq_conc.txt","max_rooms":4,"light":"toy_light_cha.ini","music":"cavemetal_05_0.cnd","skybox":"test","corridor":0.17,"caps":100,"timer":0,"geyser":false,"clogged":false,"echo":0,"plane":false,"seesaw":false,"version":1,"max_entities":null,"max_trasures":null,"max_gates":null},"entities":[{"name":"BigFoot","count":1,"weight":0,"dead_end":false,"group":0,"treasure":"key","fall":""}],"treasures":[],"gates":[]}],"content":null}