{"sublevels":[{"name":"Sublevel 1","properties":{"unit":"1_MIYA_bunki_tile.txt","max_rooms":1,"light":"normal_light_lv2.ini","music":"cavetile_00_0.cnd","skybox":"none","corridor":0.275,"caps":100,"timer":0,"geyser":false,"clogged":false,"echo":0,"plane":false,"seesaw":false,"version":1,"max_entities":null,"max_trasures":null,"max_gates":null},"entities":[{"name":"KumaChappy","count":1,"weight":0,"dead_end":false,"group":0,"treasure":"be_dama_blue_l","fall":""},{"name":"BlueKochappy","count":1,"weight":0,"dead_end":false,"group":5,"treasure":"be_dama_red","fall":""},{"name":"BlueChappy","count":1,"weight":0,"dead_end":false,"group":1,"treasure":"be_dama_red_l","fall":""},{"name":"Egg","count":1,"weight":0,"dead_end":false,"group":5,"treasure":null,"fall":""},{"name":"KumaChappy","count":1,"weight":0,"dead_end":false,"group":1,"treasure":"be_dama_blue_l","fall":""},{"name":"BlueChappy","count":1,"weight":0,"dead_end":false,"group":0,"treasure":"silver_medal","fall":""},{"name":"BlueKochappy","count":1,"weight":0,"dead_end":false,"group":1,"treasure":"be_dama_red","fall":""},{"name":"KumaKochappy","count":2,"weight":0,"dead_end":false,"group":0,"treasure":"be_dama_blue","fall":""},{"name":"KumaChappy","count":1,"weight":0,"dead_end":false,"group":1,"treasure":"key","fall":""},{"name":"BlueKochappy","count":1,"weight":0,"dead_end":false,"group":0,"treasure":"be_dama_red","fall":""},{"name":"Egg","count":1,"weight":0,"dead_end":false,"group":5,"treasure":null,"fall":""},{"name":"KumaKochappy","count":2,"weight":0,"dead_end":true,"group":0,"treasure":"be_dama_blue","fall":""},{"name":"BlueChappy","count":1,"weight":0,"dead_end":false,"group":0,"treasure":"be_dama_yellow_l","fall":""},{"name":"KumaKochappy","count":2,"weight":0,"dead_end":false,"group":5,"treasure":"be_dama_blue","fall":""},{"name":"BlueKochappy","count":1,"weight":0,"dead_end":false,"group":0,"treasure":"be_dama_red","fall":""},{"name":"WhitePom","count":1,"weight":0,"dead_end":false,"group":0,"treasure":null,"fall":"$"},{"name":"WhitePom","count":1,"weight":0,"dead_end":false,"group":6,"treasure":null,"fall":"$"}],"treasures":[{"name":"teala_dia_a","count":1,"weight":0},{"name":"teala_dia_c","count":1,"weight":0},{"name":"bell_blue","count":1,"weight":0},{"name":"toy_dog","count":1,"weight":0}],"gates":[]}],"content":null}