{"sublevels":[{"name":"Sublevel 1","properties":{"unit":"3_units_f_g_l_conc.txt","max_rooms":3,"light":"normal_light_lv0.ini","music":"new_02_0.cnd","skybox":"none","corridor":0.0,"caps":50,"timer":0,"geyser":false,"clogged":false,"echo":0,"plane":false,"seesaw":false,"version":1,"max_entities":null,"max_trasures":null,"max_gates":null},"entities":[{"name":"MaroFrog","count":1,"weight":0,"dead_end":false,"group":0,"treasure":"be_dama_blue_l","fall":""},{"name":"MaroFrog","count":1,"weight":0,"dead_end":false,"group":1,"treasure":"be_dama_yellow_l","fall":""},{"name":"MaroFrog","count":1,"weight":0,"dead_end":false,"group":0,"treasure":"be_dama_red_l","fall":""},{"name":"Jigumo","count":1,"weight":0,"dead_end":false,"group":1,"treasure":"be_dama_blue","fall":""},{"name":"Jigumo","count":1,"weight":0,"dead_end":false,"group":1,"treasure":"be_dama_blue","fall":""},{"name":"Sarai","count":1,"weight":0,"dead_end":false,"group":1,"treasure":"be_dama_red","fall":""},{"name":"Sarai","count":1,"weight":0,"dead_end":false,"group":0,"treasure":"be_dama_red","fall":""},{"name":"Tank","count":1,"weight":0,"dead_end":false,"group":0,"treasure":"key","fall":""},{"name":"Demon","count":1,"weight":0,"dead_end":false,"group":0,"treasure":"be_dama_yellow","fall":""},{"name":"Demon","count":1,"weight":0,"dead_end":false,"group":1,"treasure":"be_dama_yellow","fall":""},{"name":"UjiA","count":3,"weight":0,"dead_end":false,"group":0,"treasure":"momiji_normal","fall":""},{"name":"UjiA","count":3,"weight":0,"dead_end":false,"group":1,"treasure":"momiji_normal","fall":""},{"name":"UjiB","count":3,"weight":0,"dead_end":false,"group":1,"treasure":"flower_blue","fall":""},{"name":"UjiB","count":3,"weight":0,"dead_end":false,"group":0,"treasure":"flower_blue","fall":""},{"name":"Tanpopo","count":1,"weight":0,"dead_end":false,"group":6,"treasure":null,"fall":""},{"name":"Tanpopo","count":1,"weight":0,"dead_end":false,"group":6,"treasure":null,"fall":""},{"name":"Clover","count":6,"weight":0,"dead_end":false,"group":6,"treasure":null,"fall":""}],"treasures":[{"name":"diamond_blue_l","count":1,"weight":0},{"name":"toy_ring_a_blue","count":1,"weight":0},{"name":"teala_dia_b","count":1,"weight":0}],"gates":[{"word":"gate","health":1000,"weight":1},{"word":"gate","health":1000,"weight":1},{"word":"gate","health":1000,"weight":1}]}],"content":null}