{"sublevels":[{"name":"Sublevel 1 - dumb","properties":{"unit":"1_units_5x5a_kusachi.txt","max_rooms":1,"light":"normal_light_lv0.ini","music":"caveconc_00_0.cnd","skybox":"none","corridor":0.12,"caps":50,"timer":0,"geyser":false,"clogged":false,"echo":0,"plane":false,"seesaw":false,"version":1,"max_entities":null,"max_trasures":null,"max_gates":null},"entities":[{"name":"Frog","count":1,"weight":0,"dead_end":false,"group":0,"treasure":"denchi_1_black","fall":""},{"name":"Wtank","count":3,"weight":0,"dead_end":false,"group":1,"treasure":null,"fall":"$"},{"name":"KumaKochappy","count":1,"weight":1,"dead_end":true,"group":0,"treasure":"key","fall":""}],"treasures":[{"name":"momiji_normal","count":1,"weight":9},{"name":"momiji_normal","count":1,"weight":9},{"name":"momiji_normal","count":1,"weight":9}],"gates":[]},{"name":"Sublevel 2 - dumber","properties":{"unit":"1_ABE_ari_metal.txt","max_rooms":1,"light":"normal_light_lv0.ini","music":"caveconc_00_0.cnd","skybox":"none","corridor":0.12,"caps":50,"timer":0,"geyser":false,"clogged":false,"echo":0,"plane":false,"seesaw":false,"version":1,"max_entities":null,"max_trasures":null,"max_gates":null},"entities":[{"name":"Hanachirashi","count":4,"weight":0,"dead_end":false,"group":0,"treasure":null,"fall":""},{"name":"Hanachirashi","count":1,"weight":0,"dead_end":false,"group":1,"treasure":"ichigo","fall":""},{"name":"KumaKochappy","count":1,"weight":1,"dead_end":true,"group":0,"treasure":"key","fall":""}],"treasures":[{"name":"momiji_normal","count":1,"weight":9}],"gates":[]},{"name":"Sublevel 3 - dumbest","properties":{"unit":"1_ABE_ari_metal.txt","max_rooms":1,"light":"normal_light_lv0.ini","music":"caveconc_00_0.cnd","skybox":"none","corridor":0.12,"caps":50,"timer":0,"geyser":false,"clogged":false,"echo":0,"plane":false,"seesaw":false,"version":1,"max_entities":null,"max_trasures":null,"max_gates":null},"entities":[{"name":"Tank","count":5,"weight":0,"dead_end":false,"group":1,"treasure":null,"fall":"$"},{"name":"Tank","count":1,"weight":0,"dead_end":false,"group":5,"treasure":"chess_queen_white","fall":"$"},{"name":"PanModoki","count":1,"weight":0,"dead_end":false,"group":0,"treasure":"ahiru","fall":""},{"name":"PanHouse","count":1,"weight":0,"dead_end":false,"group":0,"treasure":null,"fall":""},{"name":"KumaKochappy","count":1,"weight":1,"dead_end":true,"group":0,"treasure":"key","fall":""}],"treasures":[],"gates":[]},{"name":"Sublevel 4 - Rest","properties":{"unit":"1_units_boss_tsuchi.txt","max_rooms":5,"light":"normal_light_lv0.ini","music":"caveconc_00_0.cnd","skybox":"none","corridor":0.12,"caps":62,"timer":120,"geyser":true,"clogged":false,"echo":0,"plane":false,"seesaw":false,"version":1,"max_entities":null,"max_trasures":null,"max_gates":null},"entities":[{"name":"BluePom","count":2,"weight":0,"dead_end":false,"group":0,"treasure":null,"fall":""},{"name":"Egg","count":3,"weight":0,"dead_end":false,"group":0,"treasure":null,"fall":"$3"},{"name":"Wealthy","count":3,"weight":0,"dead_end":false,"group":0,"treasure":null,"fall":"$3"},{"name":"RandPom","count":7,"weight":0,"dead_end":false,"group":0,"treasure":null,"fall":"$3"}],"treasures":[{"name":"loozy","count":1,"weight":9},{"name":"key","count":1,"weight":9}],"gates":[]},{"name":"Sublevel 5 - JOKE BOSS","properties":{"unit":"1_ABE_ari_metal.txt","max_rooms":1,"light":"normal_light_lv0.ini","music":"caveconc_00_0.cnd","skybox":"none","corridor":0.12,"caps":50,"timer":0,"geyser":false,"clogged":false,"echo":0,"plane":false,"seesaw":false,"version":1,"max_entities":null,"max_trasures":null,"max_gates":null},"entities":[{"name":"KingChappy","count":1,"weight":1,"dead_end":false,"group":0,"treasure":"channel","fall":"$3"},{"name":"KumaKochappy","count":1,"weight":1,"dead_end":true,"group":0,"treasure":"key","fall":""}],"treasures":[],"gates":[]},{"name":"Sublevel 6 - ACTUAL BOSS(ES)","properties":{"unit":"1_ABE_ari_metal.txt","max_rooms":1,"light":"normal_light_lv0.ini","music":"caveconc_00_0.cnd","skybox":"none","corridor":0.12,"caps":50,"timer":0,"geyser":false,"clogged":false,"echo":0,"plane":false,"seesaw":false,"version":1,"max_entities":null,"max_trasures":null,"max_gates":null},"entities":[{"name":"SnakeCrow","count":3,"weight":1,"dead_end":false,"group":0,"treasure":"channel","fall":"$3"},{"name":"Houdai","count":1,"weight":1,"dead_end":false,"group":0,"treasure":"channel","fall":"$3"},{"name":"KumaKochappy","count":1,"weight":1,"dead_end":true,"group":0,"treasure":"key","fall":""}],"treasures":[],"gates":[]}],"content":null}