{"sublevels":[{"name":"Sublevel 1 - Ground Level","properties":{"unit":"1_MIYA_big_kusachi.txt","max_rooms":1,"light":"metal_light_cha.ini","music":"new_07_0.cnd","skybox":"hiroba","corridor":0.025,"caps":100,"timer":0,"geyser":false,"clogged":false,"echo":0,"plane":true,"seesaw":false,"version":1,"max_entities":null,"max_trasures":null,"max_gates":null},"entities":[{"name":"Watage","count":5,"weight":0,"dead_end":true,"group":0,"treasure":null,"fall":""},{"name":"Clover","count":3,"weight":0,"dead_end":false,"group":6,"treasure":null,"fall":""},{"name":"Kochappy","count":3,"weight":0,"dead_end":false,"group":0,"treasure":"be_dama_red","fall":"$"},{"name":"YellowKochappy","count":2,"weight":0,"dead_end":false,"group":0,"treasure":"dashboots","fall":"$"},{"name":"BlueKochappy","count":1,"weight":0,"dead_end":false,"group":0,"treasure":"key","fall":""},{"name":"KumaKochappy","count":2,"weight":0,"dead_end":true,"group":0,"treasure":"j_block_red","fall":"$"}],"treasures":[],"gates":[]},{"name":"Sublevel 2 - Heights 1 - Wolly","properties":{"unit":"5_units_mid2_cent_hit4_hit5_nor2_metal.txt","max_rooms":6,"light":"tutorial_1_light.ini","music":"cavesoil_05_0.cnd","skybox":"ice","corridor":0.15,"caps":100,"timer":0,"geyser":false,"clogged":false,"echo":0,"plane":false,"seesaw":false,"version":1,"max_entities":null,"max_trasures":null,"max_gates":null},"entities":[{"name":"HikariKinoko","count":10,"weight":0,"dead_end":false,"group":6,"treasure":null,"fall":""},{"name":"Clover","count":2,"weight":0,"dead_end":false,"group":5,"treasure":null,"fall":""},{"name":"Sarai","count":4,"weight":0,"dead_end":false,"group":5,"treasure":null,"fall":"$4"},{"name":"Demon","count":1,"weight":0,"dead_end":false,"group":0,"treasure":null,"fall":"$3"},{"name":"Demon","count":1,"weight":0,"dead_end":false,"group":1,"treasure":null,"fall":"$3"},{"name":"Egg","count":4,"weight":0,"dead_end":false,"group":5,"treasure":null,"fall":"$"},{"name":"WhitePom","count":3,"weight":0,"dead_end":true,"group":0,"treasure":null,"fall":""},{"name":"Frog","count":1,"weight":0,"dead_end":false,"group":0,"treasure":"key","fall":""},{"name":"MaroFrog","count":4,"weight":0,"dead_end":false,"group":6,"treasure":"be_dama_yellow","fall":""},{"name":"Kabuto","count":3,"weight":0,"dead_end":false,"group":5,"treasure":"teala_dia_b","fall":""},{"name":"Hanachirashi","count":1,"weight":0,"dead_end":false,"group":5,"treasure":null,"fall":"$4"},{"name":"Hanachirashi","count":1,"weight":0,"dead_end":false,"group":6,"treasure":null,"fall":""}],"treasures":[{"name":"gear","count":2,"weight":0}],"gates":[]},{"name":"Sublevel 3 - Heights 2 - Blowhog","properties":{"unit":"3_units_cent_h235_tower_metal.txt","max_rooms":5,"light":"houdai_light.ini","music":"cavemetal_05_2.cnd","skybox":"ice","corridor":0.35,"caps":100,"timer":0,"geyser":false,"clogged":true,"echo":0,"plane":false,"seesaw":false,"version":1,"max_entities":null,"max_trasures":null,"max_gates":null},"entities":[{"name":"HikariKinoko","count":10,"weight":0,"dead_end":false,"group":6,"treasure":null,"fall":""},{"name":"KareOoinu_l","count":1,"weight":0,"dead_end":true,"group":0,"treasure":null,"fall":""},{"name":"LeafChappy","count":1,"weight":0,"dead_end":true,"group":0,"treasure":null,"fall":"$"},{"name":"Magaret","count":3,"weight":0,"dead_end":true,"group":0,"treasure":null,"fall":""},{"name":"RandPom","count":2,"weight":0,"dead_end":true,"group":0,"treasure":null,"fall":""},{"name":"Hana","count":1,"weight":0,"dead_end":true,"group":0,"treasure":"key","fall":""},{"name":"Mar","count":1,"weight":0,"dead_end":false,"group":0,"treasure":null,"fall":""},{"name":"Mar","count":1,"weight":0,"dead_end":false,"group":5,"treasure":null,"fall":""},{"name":"Mar","count":1,"weight":0,"dead_end":false,"group":5,"treasure":null,"fall":""},{"name":"Wtank","count":1,"weight":0,"dead_end":false,"group":0,"treasure":"mojiban","fall":""},{"name":"Wtank","count":1,"weight":0,"dead_end":false,"group":0,"treasure":"mojiban","fall":""},{"name":"Tank","count":1,"weight":0,"dead_end":false,"group":1,"treasure":"mojiban","fall":""},{"name":"Tank","count":1,"weight":0,"dead_end":false,"group":1,"treasure":"mojiban","fall":""},{"name":"Sarai","count":1,"weight":0,"dead_end":false,"group":0,"treasure":null,"fall":""},{"name":"Sarai","count":1,"weight":0,"dead_end":false,"group":1,"treasure":null,"fall":""},{"name":"Sarai","count":2,"weight":0,"dead_end":false,"group":5,"treasure":null,"fall":"$4"},{"name":"MiniHoudai","count":1,"weight":0,"dead_end":false,"group":5,"treasure":"toy_ring_b_red","fall":"$"},{"name":"Fart","count":2,"weight":0,"dead_end":false,"group":5,"treasure":null,"fall":""}],"treasures":[{"name":"dia_a_red","count":3,"weight":0},{"name":"fire","count":1,"weight":0}],"gates":[]},{"name":"Sublevel 4 - Heights 3 - Snagrets","properties":{"unit":"units_test_metal.txt","max_rooms":4,"light":"chikahimi_metal_light_lv4.ini","music":"new_00_0.cnd","skybox":"ice","corridor":0.12,"caps":100,"timer":0,"geyser":false,"clogged":true,"echo":0,"plane":false,"seesaw":false,"version":1,"max_entities":null,"max_trasures":null,"max_gates":null},"entities":[{"name":"BlackPom","count":3,"weight":0,"dead_end":true,"group":0,"treasure":null,"fall":""},{"name":"HikariKinoko","count":8,"weight":0,"dead_end":false,"group":6,"treasure":null,"fall":""},{"name":"ShijimiChou","count":15,"weight":0,"dead_end":false,"group":0,"treasure":null,"fall":"$2"},{"name":"Wealthy","count":1,"weight":0,"dead_end":false,"group":0,"treasure":null,"fall":""},{"name":"Wealthy","count":1,"weight":0,"dead_end":false,"group":0,"treasure":null,"fall":""},{"name":"SnakeWhole","count":1,"weight":0,"dead_end":true,"group":0,"treasure":"key","fall":""},{"name":"SnakeCrow","count":4,"weight":0,"dead_end":true,"group":0,"treasure":"denchi_3_red","fall":""}],"treasures":[],"gates":[]},{"name":"Sublevel 5 - Final Trial","properties":{"unit":"4_units_nobo_hit224_235_344_metal.txt","max_rooms":6,"light":"forest_3_light.ini","music":"new_05_0.cnd","skybox":"build","corridor":0.15,"caps":100,"timer":120,"geyser":false,"clogged":false,"echo":0,"plane":false,"seesaw":false,"version":1,"max_entities":null,"max_trasures":null,"max_gates":null},"entities":[{"name":"Sarai","count":6,"weight":0,"dead_end":false,"group":5,"treasure":null,"fall":""},{"name":"BlackMan","count":3,"weight":0,"dead_end":false,"group":1,"treasure":"fue_a","fall":""},{"name":"BlackMan","count":1,"weight":0,"dead_end":true,"group":0,"treasure":"key","fall":""},{"name":"Sarai","count":3,"weight":0,"dead_end":false,"group":0,"treasure":null,"fall":"$5"},{"name":"Sarai","count":3,"weight":0,"dead_end":false,"group":0,"treasure":null,"fall":"$5"},{"name":"Sarai","count":3,"weight":0,"dead_end":false,"group":1,"treasure":null,"fall":"$5"},{"name":"Sarai","count":3,"weight":0,"dead_end":false,"group":1,"treasure":null,"fall":"$5"},{"name":"Sarai","count":1,"weight":0,"dead_end":true,"group":0,"treasure":null,"fall":"$5"},{"name":"Sarai","count":2,"weight":0,"dead_end":false,"group":5,"treasure":null,"fall":"$5"},{"name":"Demon","count":2,"weight":0,"dead_end":true,"group":0,"treasure":null,"fall":"$3"},{"name":"Demon","count":1,"weight":0,"dead_end":false,"group":5,"treasure":null,"fall":"$5"},{"name":"BombSarai","count":1,"weight":0,"dead_end":false,"group":5,"treasure":null,"fall":"$5"},{"name":"BombSarai","count":1,"weight":0,"dead_end":true,"group":0,"treasure":null,"fall":"$5"},{"name":"Mar","count":1,"weight":0,"dead_end":false,"group":6,"treasure":null,"fall":""},{"name":"HikariKinoko","count":6,"weight":0,"dead_end":false,"group":6,"treasure":null,"fall":""},{"name":"DaiodoRed","count":3,"weight":0,"dead_end":false,"group":5,"treasure":null,"fall":""},{"name":"BlackPom","count":1,"weight":0,"dead_end":false,"group":0,"treasure":null,"fall":""},{"name":"BlackPom","count":1,"weight":0,"dead_end":false,"group":1,"treasure":null,"fall":""},{"name":"Egg","count":5,"weight":0,"dead_end":false,"group":5,"treasure":null,"fall":"$"}],"treasures":[{"name":"momiji_normal","count":2,"weight":0}],"gates":[]}],"content":null}