{"sublevels":[{"name":"Sublevel 1 - Sheargrub Trap","properties":{"unit":"1_units_DKumo_conc.txt","max_rooms":1,"light":"normal_light_lv0.ini","music":"new_00_0.cnd","skybox":"none","corridor":0.12,"caps":100,"timer":0,"geyser":false,"clogged":false,"echo":0,"plane":false,"seesaw":false,"version":1,"max_entities":null,"max_trasures":null,"max_gates":null},"entities":[{"name":"UjiA","count":24,"weight":0,"dead_end":false,"group":0,"treasure":null,"fall":"$5"},{"name":"Kochappy","count":3,"weight":0,"dead_end":false,"group":1,"treasure":null,"fall":""},{"name":"BlackPom","count":1,"weight":0,"dead_end":false,"group":0,"treasure":null,"fall":"$"},{"name":"BlackPom","count":1,"weight":0,"dead_end":false,"group":0,"treasure":null,"fall":""},{"name":"UjiB","count":1,"weight":0,"dead_end":false,"group":0,"treasure":"key","fall":""}],"treasures":[],"gates":[]},{"name":"Sublevel 2 - The Last Sublevel","properties":{"unit":"units_test_snow.txt","max_rooms":3,"light":"normal_light_lv0.ini","music":"caveconc_00_0.cnd","skybox":"none","corridor":0.12,"caps":50,"timer":0,"geyser":true,"clogged":false,"echo":0,"plane":false,"seesaw":false,"version":1,"max_entities":null,"max_trasures":null,"max_gates":null},"entities":[{"name":"YellowKochappy","count":3,"weight":0,"dead_end":false,"group":0,"treasure":null,"fall":""},{"name":"YellowKochappy","count":3,"weight":0,"dead_end":false,"group":0,"treasure":null,"fall":""},{"name":"YellowChappy","count":1,"weight":0,"dead_end":false,"group":0,"treasure":"key","fall":""}],"treasures":[{"name":"loozy","count":1,"weight":0}],"gates":[{"word":"gate","health":45,"weight":1}]}],"content":null}