{"sublevels":[{"name":"Sublevel 1 - Sublevel 1","properties":{"unit":"1_NARI_hit6x6_toy.txt","max_rooms":5,"light":"normal_light_lv0.ini","music":"cavetsumiki_00_0.cnd","skybox":"flooring","corridor":0.13,"caps":100,"timer":9999,"geyser":false,"clogged":false,"echo":0,"plane":true,"seesaw":false,"version":1,"max_entities":null,"max_trasures":null,"max_gates":null},"entities":[{"name":"Kochappy","count":23,"weight":0,"dead_end":false,"group":0,"treasure":null,"fall":""},{"name":"Sokkuri","count":15,"weight":0,"dead_end":false,"group":1,"treasure":null,"fall":""},{"name":"PanModoki","count":4,"weight":0,"dead_end":false,"group":1,"treasure":null,"fall":""},{"name":"PanHouse","count":4,"weight":0,"dead_end":false,"group":0,"treasure":null,"fall":""},{"name":"ElecHiba","count":12,"weight":0,"dead_end":true,"group":0,"treasure":null,"fall":""}],"treasures":[{"name":"bane_red","count":1,"weight":0}],"gates":[]},{"name":"Sublevel 2 - Sublevel 2","properties":{"unit":"1_MAT_tower2_toy.txt","max_rooms":4,"light":"normal_light_lv0.ini","music":"cavetsumiki_00_0.cnd","skybox":"flooring","corridor":0.125,"caps":100,"timer":99999,"geyser":false,"clogged":false,"echo":0,"plane":true,"seesaw":false,"version":1,"max_entities":null,"max_trasures":null,"max_gates":null},"entities":[{"name":"OoPanModoki","count":1,"weight":0,"dead_end":false,"group":1,"treasure":"g_futa_kyusyu","fall":""},{"name":"PanModoki","count":3,"weight":0,"dead_end":false,"group":0,"treasure":null,"fall":""},{"name":"PanHouse","count":3,"weight":0,"dead_end":false,"group":1,"treasure":null,"fall":""},{"name":"Demon","count":9,"weight":0,"dead_end":false,"group":1,"treasure":null,"fall":""},{"name":"Sarai","count":6,"weight":0,"dead_end":false,"group":0,"treasure":null,"fall":""},{"name":"ElecBug","count":17,"weight":0,"dead_end":false,"group":0,"treasure":null,"fall":""},{"name":"TamagoMushi","count":25,"weight":0,"dead_end":true,"group":0,"treasure":null,"fall":""}],"treasures":[{"name":"cookie_m_l","count":1,"weight":0}],"gates":[]},{"name":"Sublevel 3 - Sublevel 3","properties":{"unit":"3_MAT_hit47_hit66_hit67_toy.txt","max_rooms":3,"light":"normal_light_lv0.ini","music":"cavetsumiki_00_0.cnd","skybox":"flooring","corridor":0.125,"caps":100,"timer":999999,"geyser":false,"clogged":true,"echo":0,"plane":true,"seesaw":false,"version":1,"max_entities":null,"max_trasures":null,"max_gates":null},"entities":[{"name":"OoPanModoki","count":2,"weight":0,"dead_end":true,"group":0,"treasure":null,"fall":""},{"name":"ElecOtakara","count":15,"weight":0,"dead_end":false,"group":1,"treasure":null,"fall":""},{"name":"KumaKochappy","count":12,"weight":0,"dead_end":false,"group":0,"treasure":null,"fall":""},{"name":"ElecBug","count":17,"weight":0,"dead_end":false,"group":0,"treasure":null,"fall":""},{"name":"KumaChappy","count":1,"weight":0,"dead_end":true,"group":0,"treasure":"tatebue","fall":""},{"name":"PanModoki","count":3,"weight":0,"dead_end":false,"group":6,"treasure":null,"fall":""},{"name":"PanHouse","count":3,"weight":0,"dead_end":false,"group":5,"treasure":null,"fall":""},{"name":"ElecHiba","count":5,"weight":0,"dead_end":false,"group":5,"treasure":null,"fall":""}],"treasures":[{"name":"castanets","count":1,"weight":0}],"gates":[]},{"name":"Sublevel 4 - Sublevel 4","properties":{"unit":"3_units_small2_small_mid_toy.txt","max_rooms":4,"light":"toy_light_cha.ini","music":"cavemetal_05_0.cnd","skybox":"flooring","corridor":0.135,"caps":100,"timer":999999,"geyser":false,"clogged":false,"echo":0,"plane":true,"seesaw":false,"version":1,"max_entities":null,"max_trasures":null,"max_gates":null},"entities":[{"name":"PanModoki","count":8,"weight":0,"dead_end":false,"group":1,"treasure":null,"fall":""},{"name":"PanHouse","count":8,"weight":0,"dead_end":false,"group":0,"treasure":null,"fall":""},{"name":"ElecHiba","count":17,"weight":0,"dead_end":false,"group":5,"treasure":null,"fall":""},{"name":"YellowPom","count":2,"weight":0,"dead_end":true,"group":0,"treasure":null,"fall":""},{"name":"Chappy","count":6,"weight":0,"dead_end":false,"group":0,"treasure":null,"fall":""},{"name":"UjiB","count":27,"weight":0,"dead_end":false,"group":6,"treasure":null,"fall":""},{"name":"OoPanModoki","count":1,"weight":0,"dead_end":true,"group":0,"treasure":null,"fall":""},{"name":"Rkabuto","count":1,"weight":0,"dead_end":true,"group":0,"treasure":"g_futa_sikoku","fall":""},{"name":"Rkabuto","count":2,"weight":0,"dead_end":true,"group":0,"treasure":null,"fall":""}],"treasures":[{"name":"sensya","count":1,"weight":0},{"name":"chocowhite_l","count":1,"weight":0}],"gates":[]},{"name":"Sublevel 5 - Sublevel 5","properties":{"unit":"1_units_opan_toy.txt","max_rooms":1,"light":"bluefog00.ini","music":"caverelax.cnd","skybox":"flooring","corridor":0.135,"caps":100,"timer":99999,"geyser":true,"clogged":false,"echo":0,"plane":false,"seesaw":false,"version":1,"max_entities":null,"max_trasures":null,"max_gates":null},"entities":[{"name":"BlackPom","count":1,"weight":0,"dead_end":false,"group":1,"treasure":null,"fall":""},{"name":"WhitePom","count":1,"weight":0,"dead_end":false,"group":1,"treasure":null,"fall":""},{"name":"YellowPom","count":2,"weight":0,"dead_end":true,"group":0,"treasure":null,"fall":""},{"name":"Egg","count":4,"weight":0,"dead_end":false,"group":5,"treasure":null,"fall":"$"},{"name":"RandPom","count":2,"weight":0,"dead_end":false,"group":0,"treasure":null,"fall":""}],"treasures":[],"gates":[]},{"name":"Sublevel 6 - Sublevel 6","properties":{"unit":"1_units_large_toy.txt","max_rooms":4,"light":"normal_light_lv0.ini","music":"caveconc_00_0.cnd","skybox":"flooring","corridor":0.12,"caps":50,"timer":0,"geyser":false,"clogged":true,"echo":0,"plane":true,"seesaw":false,"version":1,"max_entities":null,"max_trasures":null,"max_gates":null},"entities":[{"name":"OoPanModoki","count":2,"weight":0,"dead_end":false,"group":0,"treasure":null,"fall":""},{"name":"PanModoki","count":10,"weight":0,"dead_end":false,"group":1,"treasure":null,"fall":""},{"name":"PanHouse","count":10,"weight":0,"dead_end":false,"group":6,"treasure":null,"fall":""},{"name":"ElecHiba","count":20,"weight":0,"dead_end":false,"group":5,"treasure":null,"fall":""},{"name":"ElecBug","count":18,"weight":0,"dead_end":false,"group":0,"treasure":null,"fall":""},{"name":"ElecBug","count":15,"weight":0,"dead_end":false,"group":1,"treasure":null,"fall":""},{"name":"ElecOtakara","count":11,"weight":0,"dead_end":false,"group":6,"treasure":null,"fall":""},{"name":"YellowChappy","count":4,"weight":0,"dead_end":true,"group":0,"treasure":null,"fall":""}],"treasures":[{"name":"bell_blue","count":1,"weight":0},{"name":"compact","count":1,"weight":0}],"gates":[]},{"name":"Sublevel 7 - Sublevel 7","properties":{"unit":"2_units_sara_sara2_toy.txt","max_rooms":5,"light":"toy_light_cha.ini","music":"new_03_0.cnd","skybox":"flooring","corridor":0.14,"caps":100,"timer":99999,"geyser":false,"clogged":false,"echo":0,"plane":true,"seesaw":false,"version":1,"max_entities":null,"max_trasures":null,"max_gates":null},"entities":[{"name":"OoPanModoki","count":8,"weight":0,"dead_end":false,"group":6,"treasure":null,"fall":""},{"name":"PanModoki","count":12,"weight":0,"dead_end":false,"group":1,"treasure":null,"fall":""},{"name":"PanHouse","count":12,"weight":0,"dead_end":false,"group":0,"treasure":null,"fall":""},{"name":"ElecBug","count":23,"weight":0,"dead_end":false,"group":0,"treasure":null,"fall":""},{"name":"ElecBug","count":22,"weight":0,"dead_end":false,"group":1,"treasure":null,"fall":""},{"name":"OoPanModoki","count":1,"weight":0,"dead_end":true,"group":0,"treasure":"fue_b","fall":""},{"name":"OoPanModoki","count":1,"weight":0,"dead_end":true,"group":0,"treasure":"dia_b_green","fall":""},{"name":"ElecOtakara","count":9,"weight":0,"dead_end":false,"group":5,"treasure":null,"fall":"$"}],"treasures":[{"name":"medama_yaki","count":1,"weight":0},{"name":"donutsichigo","count":1,"weight":0}],"gates":[]}],"content":null}