{"sublevels":[{"name":"Sublevel 1","properties":{"unit":"2_ABE_nor1_hit43_metal.txt","max_rooms":2,"light":"sirohana_light_lv5.ini","music":"cavemetal_00_2.cnd","skybox":"test","corridor":0.1,"caps":50,"timer":0,"geyser":false,"clogged":false,"echo":0,"plane":false,"seesaw":false,"version":1,"max_entities":null,"max_trasures":null,"max_gates":null},"entities":[{"name":"Armor","count":1,"weight":0,"dead_end":false,"group":0,"treasure":"fue_b","fall":""},{"name":"UjiA","count":1,"weight":0,"dead_end":false,"group":0,"treasure":"dia_b_red","fall":""},{"name":"UjiA","count":1,"weight":0,"dead_end":false,"group":0,"treasure":"dia_b_red","fall":""},{"name":"PanModoki","count":1,"weight":0,"dead_end":false,"group":0,"treasure":"key","fall":""}],"treasures":[{"name":"dia_a_blue","count":1,"weight":0},{"name":"baum_kuchen","count":1,"weight":0}],"gates":[]},{"name":"Sublevel 2","properties":{"unit":"2_MAT_mid2_h443_tekiF_metal.txt","max_rooms":2,"light":"toy_light_lv4.ini","music":"cavemetal_05_2.cnd","skybox":"test","corridor":0.3,"caps":50,"timer":0,"geyser":false,"clogged":false,"echo":0,"plane":false,"seesaw":false,"version":1,"max_entities":null,"max_trasures":null,"max_gates":null},"entities":[{"name":"Fkabuto","count":1,"weight":0,"dead_end":false,"group":0,"treasure":"donguri","fall":""},{"name":"Chappy","count":1,"weight":0,"dead_end":false,"group":0,"treasure":"tape_red","fall":""},{"name":"FireOtakara","count":1,"weight":0,"dead_end":false,"group":0,"treasure":"key","fall":""},{"name":"FireOtakara","count":1,"weight":0,"dead_end":false,"group":0,"treasure":"chocowhite_l","fall":""},{"name":"Nekojarashi","count":10,"weight":0,"dead_end":false,"group":6,"treasure":null,"fall":""},{"name":"Chiyogami","count":10,"weight":0,"dead_end":false,"group":6,"treasure":null,"fall":""}],"treasures":[{"name":"kan","count":1,"weight":0},{"name":"bell_red","count":1,"weight":0}],"gates":[]},{"name":"Sublevel 3","properties":{"unit":"2_units_mid2_north_metal.txt","max_rooms":3,"light":"normal_light_lv4.ini","music":"cavesoil_10_3.cnd","skybox":"test","corridor":0.2,"caps":50,"timer":0,"geyser":true,"clogged":false,"echo":0,"plane":false,"seesaw":false,"version":1,"max_entities":null,"max_trasures":null,"max_gates":null},"entities":[{"name":"KumaChappy","count":1,"weight":0,"dead_end":false,"group":0,"treasure":"key","fall":""},{"name":"KumaKochappy","count":1,"weight":0,"dead_end":false,"group":0,"treasure":"bane_red","fall":""},{"name":"KumaKochappy","count":1,"weight":0,"dead_end":false,"group":0,"treasure":"bane_red","fall":""},{"name":"Wealthy","count":1,"weight":0,"dead_end":false,"group":0,"treasure":"gold_medal","fall":""},{"name":"Zenmai","count":10,"weight":0,"dead_end":false,"group":6,"treasure":null,"fall":""},{"name":"Zenmai","count":10,"weight":0,"dead_end":false,"group":6,"treasure":null,"fall":""},{"name":"DaiodoGreen","count":10,"weight":0,"dead_end":false,"group":6,"treasure":null,"fall":""},{"name":"Chiyogami","count":10,"weight":0,"dead_end":false,"group":6,"treasure":null,"fall":""}],"treasures":[{"name":"mojiban","count":1,"weight":0},{"name":"momiji_normal","count":1,"weight":0},{"name":"turi_uki","count":1,"weight":0},{"name":"momiji_red","count":1,"weight":0}],"gates":[]}],"content":null}