{"sublevels":[{"name":"Sublevel 1 - BulbearsInTheDark","properties":{"unit":"4_NARI_all_hitode.txt","max_rooms":8,"light":"custom_light_black_den_sub1.ini","music":"new_00_0.cnd","skybox":"none","corridor":0.0,"caps":50,"timer":0,"geyser":false,"clogged":false,"echo":0,"plane":false,"seesaw":false,"version":1,"max_entities":null,"max_trasures":null,"max_gates":null},"entities":[{"name":"KumaChappy","count":1,"weight":0,"dead_end":false,"group":1,"treasure":"key","fall":""},{"name":"KumaKochappy","count":4,"weight":0,"dead_end":false,"group":0,"treasure":"be_dama_blue","fall":""},{"name":"Bomb","count":4,"weight":0,"dead_end":true,"group":0,"treasure":null,"fall":"$2"}],"treasures":[{"name":"saru_head","count":1,"weight":0},{"name":"dia_a_green","count":1,"weight":0},{"name":"kinoko","count":1,"weight":0},{"name":"dia_c_blue","count":1,"weight":0}],"gates":[]},{"name":"Sublevel 2 - BugsInTheDark","properties":{"unit":"custom_units_black_den_sub2.txt","max_rooms":6,"light":"custom_light_black_den_sub2.ini","music":"caveconc_00_0.cnd","skybox":"none","corridor":0.1,"caps":50,"timer":0,"geyser":false,"clogged":false,"echo":0,"plane":false,"seesaw":false,"version":1,"max_entities":null,"max_trasures":null,"max_gates":null},"entities":[{"name":"Demon","count":1,"weight":0,"dead_end":false,"group":1,"treasure":"key","fall":""},{"name":"Sarai","count":1,"weight":0,"dead_end":false,"group":1,"treasure":"donguri","fall":""},{"name":"Sarai","count":1,"weight":0,"dead_end":false,"group":1,"treasure":"donguri","fall":""},{"name":"Sarai","count":1,"weight":0,"dead_end":false,"group":1,"treasure":"donguri","fall":""},{"name":"Sarai","count":1,"weight":0,"dead_end":false,"group":1,"treasure":"donguri","fall":""},{"name":"Tobi","count":10,"weight":0,"dead_end":false,"group":0,"treasure":"be_dama_yellow","fall":""},{"name":"UjiB","count":10,"weight":0,"dead_end":false,"group":0,"treasure":"be_dama_blue","fall":""},{"name":"Armor","count":6,"weight":0,"dead_end":false,"group":5,"treasure":"cookie_u","fall":""},{"name":"Bomb","count":6,"weight":0,"dead_end":true,"group":0,"treasure":null,"fall":"$2"},{"name":"Bomb","count":6,"weight":0,"dead_end":false,"group":1,"treasure":null,"fall":"$2"}],"treasures":[{"name":"kinoko_doku","count":1,"weight":0},{"name":"juji_key_fc","count":1,"weight":0},{"name":"locket","count":1,"weight":0},{"name":"cookie_s","count":1,"weight":0},{"name":"flower_blue","count":1,"weight":0},{"name":"momiji_normal","count":1,"weight":0},{"name":"donutschoco","count":1,"weight":0}],"gates":[]},{"name":"Sublevel 3 - DweevilsInTheDark","properties":{"unit":"custom_units_black_den_sub3.txt","max_rooms":8,"light":"custom_light_black_den_sub3.ini","music":"caveconc_05_1.cnd","skybox":"none","corridor":0.2,"caps":50,"timer":0,"geyser":false,"clogged":false,"echo":0,"plane":false,"seesaw":false,"version":1,"max_entities":null,"max_trasures":null,"max_gates":null},"entities":[{"name":"BombOtakara","count":12,"weight":0,"dead_end":false,"group":1,"treasure":null,"fall":""},{"name":"WaterOtakara","count":15,"weight":0,"dead_end":false,"group":0,"treasure":"be_dama_blue","fall":""},{"name":"ElecOtakara","count":12,"weight":0,"dead_end":false,"group":5,"treasure":"be_dama_yellow","fall":"$4"},{"name":"GasOtakara","count":10,"weight":0,"dead_end":false,"group":6,"treasure":"flower_blue","fall":""},{"name":"BombOtakara","count":12,"weight":0,"dead_end":true,"group":0,"treasure":null,"fall":"$2"},{"name":"BombOtakara","count":1,"weight":0,"dead_end":false,"group":0,"treasure":null,"fall":"$2"},{"name":"BombOtakara","count":1,"weight":0,"dead_end":false,"group":0,"treasure":null,"fall":"$2"},{"name":"BombOtakara","count":1,"weight":0,"dead_end":false,"group":0,"treasure":null,"fall":"$2"},{"name":"BombOtakara","count":1,"weight":0,"dead_end":false,"group":0,"treasure":null,"fall":"$2"},{"name":"ElecOtakara","count":1,"weight":0,"dead_end":false,"group":0,"treasure":"be_dama_yellow","fall":"$2"},{"name":"ElecOtakara","count":1,"weight":0,"dead_end":false,"group":0,"treasure":"be_dama_yellow","fall":"$2"},{"name":"ElecOtakara","count":1,"weight":0,"dead_end":false,"group":0,"treasure":"be_dama_yellow","fall":"$2"},{"name":"GasOtakara","count":1,"weight":0,"dead_end":false,"group":0,"treasure":"flower_blue","fall":"$2"},{"name":"GasOtakara","count":1,"weight":0,"dead_end":false,"group":0,"treasure":"flower_blue","fall":"$2"},{"name":"GasOtakara","count":1,"weight":0,"dead_end":false,"group":0,"treasure":"flower_blue","fall":"$2"},{"name":"WaterOtakara","count":1,"weight":0,"dead_end":false,"group":0,"treasure":"be_dama_blue","fall":"$2"},{"name":"WaterOtakara","count":1,"weight":0,"dead_end":false,"group":0,"treasure":"be_dama_blue","fall":"$2"}],"treasures":[{"name":"kinoko_tubu","count":1,"weight":0},{"name":"doll","count":1,"weight":0},{"name":"bane_blue","count":1,"weight":0},{"name":"haniwa","count":1,"weight":0},{"name":"kumakibori","count":1,"weight":0},{"name":"wadou_kaichin","count":1,"weight":0},{"name":"key","count":1,"weight":0}],"gates":[]},{"name":"Sublevel 4 - SnagretsInTheDark","properties":{"unit":"4_NARI_all_hitode.txt","max_rooms":5,"light":"custom_light_black_den_sub4.ini","music":"new_00_0.cnd","skybox":"none","corridor":0.0,"caps":50,"timer":0,"geyser":true,"clogged":false,"echo":0,"plane":false,"seesaw":false,"version":1,"max_entities":null,"max_trasures":null,"max_gates":null},"entities":[{"name":"SnakeCrow","count":1,"weight":0,"dead_end":false,"group":1,"treasure":"key","fall":""},{"name":"SnakeCrow","count":1,"weight":0,"dead_end":false,"group":1,"treasure":"toy_ring_b_green","fall":""},{"name":"SnakeCrow","count":1,"weight":0,"dead_end":false,"group":1,"treasure":"toy_ring_a_blue","fall":""},{"name":"SnakeCrow","count":1,"weight":0,"dead_end":false,"group":1,"treasure":"diamond_green","fall":""},{"name":"SnakeCrow","count":1,"weight":0,"dead_end":false,"group":1,"treasure":"gold_medal","fall":""},{"name":"SnakeCrow","count":1,"weight":0,"dead_end":false,"group":1,"treasure":"be_dama_red","fall":""},{"name":"SnakeCrow","count":1,"weight":0,"dead_end":false,"group":1,"treasure":"cookie","fall":""},{"name":"SnakeCrow","count":1,"weight":0,"dead_end":false,"group":1,"treasure":"toy_ring_b_red","fall":""}],"treasures":[],"gates":[]}],"content":null}