{"sublevels":[{"name":"Sublevel 1","properties":{"unit":"1_NARI_4x4c_conc.txt","max_rooms":2,"light":"normal_light_lv0.ini","music":"caveconc_00_0.cnd","skybox":"none","corridor":0.2,"caps":50,"timer":0,"geyser":false,"clogged":false,"echo":0,"plane":false,"seesaw":false,"version":1,"max_entities":8,"max_trasures":null,"max_gates":null},"entities":[{"name":"Tobi","count":3,"weight":0,"dead_end":false,"group":1,"treasure":null,"fall":""},{"name":"Tobi","count":2,"weight":0,"dead_end":false,"group":0,"treasure":null,"fall":""},{"name":"Sokkuri","count":2,"weight":0,"dead_end":false,"group":1,"treasure":null,"fall":""},{"name":"Sokkuri","count":1,"weight":0,"dead_end":false,"group":5,"treasure":null,"fall":""},{"name":"Wakame_s","count":6,"weight":0,"dead_end":false,"group":6,"treasure":null,"fall":""},{"name":"Clover","count":2,"weight":0,"dead_end":false,"group":6,"treasure":null,"fall":""},{"name":"Sokkuri","count":2,"weight":0,"dead_end":true,"group":0,"treasure":null,"fall":""},{"name":"Egg","count":1,"weight":1,"dead_end":true,"group":0,"treasure":null,"fall":""},{"name":"Frog","count":2,"weight":0,"dead_end":false,"group":5,"treasure":null,"fall":""}],"treasures":[{"name":"key","count":1,"weight":0},{"name":"leaf_normal","count":1,"weight":0}],"gates":[]},{"name":"Sublevel 2","properties":{"unit":"1_NARI_4x4b_conc.txt","max_rooms":2,"light":"normal_light_lv1.ini","music":"caveconc_00_0.cnd","skybox":"none","corridor":0.2,"caps":50,"timer":0,"geyser":false,"clogged":false,"echo":0,"plane":false,"seesaw":false,"version":1,"max_entities":10,"max_trasures":null,"max_gates":null},"entities":[{"name":"Frog","count":1,"weight":0,"dead_end":false,"group":8,"treasure":"g_futa_titiyas","fall":""},{"name":"Frog","count":1,"weight":0,"dead_end":false,"group":8,"treasure":null,"fall":""},{"name":"FireOtakara","count":2,"weight":0,"dead_end":false,"group":1,"treasure":null,"fall":""},{"name":"FireOtakara","count":1,"weight":0,"dead_end":false,"group":0,"treasure":null,"fall":""},{"name":"Hiba","count":2,"weight":0,"dead_end":false,"group":1,"treasure":null,"fall":""},{"name":"Hiba","count":3,"weight":0,"dead_end":false,"group":5,"treasure":null,"fall":""},{"name":"Wakame_s","count":4,"weight":0,"dead_end":false,"group":6,"treasure":null,"fall":""},{"name":"Zenmai","count":4,"weight":0,"dead_end":false,"group":6,"treasure":null,"fall":""},{"name":"BlackPom","count":1,"weight":0,"dead_end":true,"group":0,"treasure":null,"fall":""},{"name":"Egg","count":1,"weight":1,"dead_end":true,"group":0,"treasure":null,"fall":"$1"},{"name":"Demon","count":1,"weight":0,"dead_end":false,"group":0,"treasure":null,"fall":"$"},{"name":"Demon","count":1,"weight":0,"dead_end":false,"group":0,"treasure":null,"fall":"$"}],"treasures":[{"name":"key","count":1,"weight":0},{"name":"ahiru_head","count":1,"weight":0},{"name":"kan_b_gold","count":1,"weight":0}],"gates":[]},{"name":"Sublevel 3","properties":{"unit":"1_units_a_conc.txt","max_rooms":3,"light":"normal_light_lv2.ini","music":"caveconc_00_0.cnd","skybox":"none","corridor":0.2,"caps":50,"timer":0,"geyser":false,"clogged":false,"echo":0,"plane":false,"seesaw":false,"version":1,"max_entities":10,"max_trasures":null,"max_gates":null},"entities":[{"name":"Sarai","count":2,"weight":0,"dead_end":false,"group":1,"treasure":null,"fall":""},{"name":"ElecBug","count":4,"weight":0,"dead_end":false,"group":1,"treasure":null,"fall":""},{"name":"ElecBug","count":2,"weight":0,"dead_end":false,"group":0,"treasure":null,"fall":""},{"name":"ElecBug","count":2,"weight":0,"dead_end":false,"group":0,"treasure":null,"fall":""},{"name":"Zenmai","count":8,"weight":0,"dead_end":false,"group":6,"treasure":null,"fall":""},{"name":"RandPom","count":1,"weight":0,"dead_end":true,"group":0,"treasure":null,"fall":"$1"},{"name":"Egg","count":1,"weight":1,"dead_end":true,"group":0,"treasure":null,"fall":""},{"name":"Sarai","count":1,"weight":0,"dead_end":true,"group":0,"treasure":null,"fall":"$1"},{"name":"Catfish","count":3,"weight":0,"dead_end":false,"group":5,"treasure":null,"fall":""}],"treasures":[{"name":"key","count":1,"weight":0},{"name":"sinjyu","count":1,"weight":0},{"name":"kan_nichiro","count":1,"weight":0}],"gates":[]},{"name":"Sublevel 4","properties":{"unit":"3_ABE_d_pypen_dani_conc.txt","max_rooms":3,"light":"normal_light_lv3.ini","music":"caveconc_00_0.cnd","skybox":"none","corridor":0.2,"caps":50,"timer":0,"geyser":false,"clogged":false,"echo":0,"plane":false,"seesaw":false,"version":1,"max_entities":10,"max_trasures":null,"max_gates":null},"entities":[{"name":"Jigumo","count":1,"weight":0,"dead_end":false,"group":8,"treasure":"chocolate","fall":""},{"name":"Jigumo","count":1,"weight":0,"dead_end":false,"group":8,"treasure":null,"fall":""},{"name":"Catfish","count":3,"weight":0,"dead_end":false,"group":1,"treasure":null,"fall":""},{"name":"Hiba","count":2,"weight":0,"dead_end":false,"group":1,"treasure":null,"fall":""},{"name":"Hiba","count":3,"weight":0,"dead_end":false,"group":5,"treasure":null,"fall":""},{"name":"Zenmai","count":4,"weight":0,"dead_end":false,"group":6,"treasure":null,"fall":""},{"name":"WhitePom","count":1,"weight":0,"dead_end":true,"group":0,"treasure":null,"fall":""},{"name":"Egg","count":1,"weight":1,"dead_end":true,"group":0,"treasure":null,"fall":""},{"name":"BombOtakara","count":1,"weight":0,"dead_end":false,"group":0,"treasure":null,"fall":"$4"},{"name":"BombOtakara","count":1,"weight":0,"dead_end":false,"group":0,"treasure":null,"fall":"$4"},{"name":"BombOtakara","count":1,"weight":0,"dead_end":false,"group":0,"treasure":null,"fall":"$2"},{"name":"BombOtakara","count":1,"weight":0,"dead_end":false,"group":0,"treasure":null,"fall":"$2"}],"treasures":[{"name":"key","count":1,"weight":0},{"name":"locket","count":1,"weight":0},{"name":"tape_blue","count":1,"weight":0}],"gates":[]},{"name":"Sublevel 5","properties":{"unit":"1_units_DKumo_conc.txt","max_rooms":1,"light":"normal_light_lv4.ini","music":"","skybox":"none","corridor":0.0,"caps":0,"timer":0,"geyser":true,"clogged":false,"echo":0,"plane":false,"seesaw":false,"version":1,"max_entities":10,"max_trasures":null,"max_gates":null},"entities":[{"name":"Damagumo","count":1,"weight":0,"dead_end":false,"group":1,"treasure":"key","fall":""},{"name":"Kogane","count":1,"weight":0,"dead_end":false,"group":8,"treasure":null,"fall":""},{"name":"Clover","count":3,"weight":0,"dead_end":false,"group":0,"treasure":null,"fall":""},{"name":"KareOoinu_s","count":5,"weight":0,"dead_end":false,"group":0,"treasure":null,"fall":""},{"name":"HikariKinoko","count":2,"weight":0,"dead_end":false,"group":6,"treasure":null,"fall":""}],"treasures":[{"name":"diamond_blue","count":1,"weight":0}],"gates":[]}],"content":null}