{"sublevels":[{"name":"Sublevel 1","properties":{"unit":"3_ABE_dpool_nor_ud_tile.txt","max_rooms":4,"light":"sirohana_light_lv0.ini","music":"new_03_0.cnd","skybox":"none","corridor":0.16,"caps":50,"timer":0,"geyser":false,"clogged":false,"echo":0,"plane":false,"seesaw":false,"version":1,"max_entities":null,"max_trasures":null,"max_gates":null},"entities":[{"name":"OoPanModoki","count":1,"weight":0,"dead_end":false,"group":1,"treasure":"key","fall":""},{"name":"OoPanModoki","count":1,"weight":0,"dead_end":false,"group":1,"treasure":"ichigo_l","fall":""},{"name":"PanModoki","count":1,"weight":0,"dead_end":false,"group":1,"treasure":"ichigo","fall":""},{"name":"PanModoki","count":1,"weight":0,"dead_end":false,"group":1,"treasure":"momiji_red","fall":""},{"name":"PanModoki","count":1,"weight":0,"dead_end":false,"group":1,"treasure":"chess_queen_white","fall":""},{"name":"PanModoki","count":1,"weight":0,"dead_end":false,"group":1,"treasure":"donutschoco","fall":""},{"name":"PanModoki","count":1,"weight":0,"dead_end":false,"group":1,"treasure":"chocowhite_l","fall":""},{"name":"Kochappy","count":4,"weight":0,"dead_end":false,"group":0,"treasure":"cookie_u","fall":""},{"name":"KumaKochappy","count":4,"weight":0,"dead_end":false,"group":0,"treasure":"flower_red","fall":""},{"name":"Catfish","count":4,"weight":0,"dead_end":false,"group":0,"treasure":"apple_blue","fall":""},{"name":"Egg","count":2,"weight":0,"dead_end":true,"group":0,"treasure":null,"fall":"$"},{"name":"Jigumo","count":2,"weight":0,"dead_end":false,"group":1,"treasure":"dia_b_green","fall":""}],"treasures":[{"name":"medama_yaki","count":1,"weight":0},{"name":"leaf_normal","count":1,"weight":0},{"name":"kuri","count":1,"weight":0},{"name":"cookie_s_l","count":1,"weight":0},{"name":"donutsichigo","count":1,"weight":0},{"name":"dia_a_red","count":1,"weight":0},{"name":"kan_imuraya","count":1,"weight":0},{"name":"baum_kuchen_s","count":1,"weight":0}],"gates":[]}],"content":null}