{"sublevels":[{"name":"Sublevel 1 - 1","properties":{"unit":"1_NARI_hit6x6_toy.txt","max_rooms":1,"light":"yakushima_2_light.ini","music":"cavetsumiki_00_0.cnd","skybox":"hiroba","corridor":0.08,"caps":50,"timer":0,"geyser":false,"clogged":false,"echo":0,"plane":true,"seesaw":false,"version":1,"max_entities":null,"max_trasures":null,"max_gates":null},"entities":[{"name":"KumaKochappy","count":10,"weight":0,"dead_end":false,"group":0,"treasure":"momiji_normal","fall":""},{"name":"KumaChappy","count":1,"weight":0,"dead_end":false,"group":1,"treasure":"bane_red","fall":""},{"name":"Tanpopo","count":2,"weight":0,"dead_end":false,"group":6,"treasure":null,"fall":""},{"name":"Clover","count":2,"weight":0,"dead_end":false,"group":6,"treasure":null,"fall":""}],"treasures":[{"name":"key","count":1,"weight":0}],"gates":[]},{"name":"Sublevel 2 - 2","properties":{"unit":"1_units_large_toy.txt","max_rooms":1,"light":"yakushima_2_light.ini","music":"new_08_0.cnd","skybox":"tatami","corridor":0.075,"caps":50,"timer":0,"geyser":false,"clogged":false,"echo":0,"plane":true,"seesaw":false,"version":1,"max_entities":null,"max_trasures":null,"max_gates":null},"entities":[{"name":"Tobi","count":8,"weight":0,"dead_end":false,"group":1,"treasure":"chocolate","fall":""},{"name":"Chiyogami","count":3,"weight":0,"dead_end":false,"group":6,"treasure":null,"fall":""},{"name":"Rock","count":2,"weight":0,"dead_end":false,"group":5,"treasure":null,"fall":""},{"name":"PanModoki","count":4,"weight":0,"dead_end":false,"group":0,"treasure":"dia_b_blue","fall":""},{"name":"Armor","count":2,"weight":0,"dead_end":false,"group":0,"treasure":"g_futa_hiruzen","fall":""},{"name":"ElecOtakara","count":2,"weight":0,"dead_end":false,"group":1,"treasure":null,"fall":"$4"},{"name":"MiniHoudai","count":1,"weight":0,"dead_end":false,"group":0,"treasure":"key","fall":""}],"treasures":[{"name":"g_futa_kyusyu","count":1,"weight":0},{"name":"cookie_m_l","count":1,"weight":0}],"gates":[]},{"name":"Sublevel 3 - 3","properties":{"unit":"3_units_mid2_small_mid_toy.txt","max_rooms":3,"light":"yakushima_2_light.ini","music":"cavetsumiki_00_0.cnd","skybox":"flooring","corridor":0.075,"caps":50,"timer":0,"geyser":false,"clogged":true,"echo":0,"plane":true,"seesaw":false,"version":1,"max_entities":null,"max_trasures":null,"max_gates":null},"entities":[{"name":"RandPom","count":1,"weight":0,"dead_end":true,"group":0,"treasure":null,"fall":"$"},{"name":"PanModoki","count":2,"weight":0,"dead_end":false,"group":0,"treasure":"flower_red","fall":""},{"name":"OoPanModoki","count":1,"weight":0,"dead_end":false,"group":0,"treasure":"tatebue","fall":""},{"name":"Mar","count":1,"weight":0,"dead_end":false,"group":0,"treasure":"key","fall":""},{"name":"ElecBug","count":6,"weight":0,"dead_end":false,"group":0,"treasure":"wadou_kaichin","fall":""},{"name":"ElecBug","count":6,"weight":0,"dead_end":false,"group":1,"treasure":"milk_cap","fall":""},{"name":"Egg","count":2,"weight":0,"dead_end":true,"group":0,"treasure":null,"fall":""},{"name":"ElecBug","count":6,"weight":0,"dead_end":true,"group":0,"treasure":"bey_goma","fall":"$"},{"name":"ElecBug","count":6,"weight":0,"dead_end":false,"group":0,"treasure":"juji_key_fc","fall":""},{"name":"ElecBug","count":6,"weight":0,"dead_end":false,"group":1,"treasure":"g_futa_kitaama","fall":""},{"name":"ElecHiba","count":15,"weight":0,"dead_end":false,"group":5,"treasure":null,"fall":""}],"treasures":[{"name":"castanets","count":1,"weight":0}],"gates":[]},{"name":"Sublevel 4 - 4","properties":{"unit":"2_units_sara_sara2_toy.txt","max_rooms":3,"light":"yakushima_2_light.ini","music":"new_08_1.cnd","skybox":"flooring","corridor":0.075,"caps":50,"timer":0,"geyser":false,"clogged":true,"echo":0,"plane":true,"seesaw":false,"version":1,"max_entities":null,"max_trasures":null,"max_gates":null},"entities":[{"name":"Damagumo","count":1,"weight":0,"dead_end":false,"group":1,"treasure":"key","fall":""},{"name":"RandPom","count":1,"weight":0,"dead_end":true,"group":0,"treasure":null,"fall":""},{"name":"BlackPom","count":1,"weight":0,"dead_end":true,"group":0,"treasure":null,"fall":""},{"name":"KumaChappy","count":1,"weight":0,"dead_end":false,"group":0,"treasure":"g_futa_sikoku","fall":""},{"name":"PanModoki","count":2,"weight":0,"dead_end":false,"group":0,"treasure":"diamond_blue_l","fall":""},{"name":"Fkabuto","count":5,"weight":0,"dead_end":false,"group":8,"treasure":"kan_b_gold","fall":""},{"name":"KumaKochappy","count":7,"weight":0,"dead_end":false,"group":0,"treasure":"chess_queen_white","fall":""},{"name":"KumaKochappy","count":10,"weight":0,"dead_end":false,"group":1,"treasure":"be_dama_yellow_l","fall":""}],"treasures":[{"name":"chocowhite_l","count":1,"weight":0},{"name":"sensya","count":1,"weight":0}],"gates":[]},{"name":"Sublevel 5","properties":{"unit":"2_big_kusachi_tower2_toy.txt","max_rooms":2,"light":"yakushima_2_light.ini","music":"new_08_0.cnd","skybox":"hiroba","corridor":0.075,"caps":50,"timer":0,"geyser":false,"clogged":false,"echo":0,"plane":true,"seesaw":false,"version":1,"max_entities":null,"max_trasures":null,"max_gates":null},"entities":[{"name":"Wealthy","count":1,"weight":0,"dead_end":true,"group":0,"treasure":null,"fall":""},{"name":"FminiHoudai","count":1,"weight":0,"dead_end":false,"group":8,"treasure":"ichigo_l","fall":""},{"name":"Hanachirashi","count":1,"weight":0,"dead_end":false,"group":0,"treasure":"key","fall":""},{"name":"BlueChappy","count":2,"weight":0,"dead_end":false,"group":0,"treasure":"turi_uki","fall":""},{"name":"Armor","count":4,"weight":0,"dead_end":false,"group":1,"treasure":"tape_blue","fall":""},{"name":"ElecOtakara","count":2,"weight":0,"dead_end":false,"group":1,"treasure":null,"fall":"$4"},{"name":"Hana","count":1,"weight":0,"dead_end":false,"group":0,"treasure":"futa_a_silver","fall":""},{"name":"Hana","count":1,"weight":0,"dead_end":false,"group":0,"treasure":"futa_a_silver","fall":""},{"name":"Clover","count":3,"weight":0,"dead_end":false,"group":6,"treasure":null,"fall":""},{"name":"Tanpopo","count":3,"weight":0,"dead_end":false,"group":6,"treasure":null,"fall":""}],"treasures":[{"name":"compact","count":1,"weight":0},{"name":"bell_blue","count":1,"weight":0}],"gates":[]},{"name":"Sublevel 6 - 6","properties":{"unit":"1_units_opan_toy.txt","max_rooms":1,"light":"toy_light_cha.ini","music":"new_03_0.cnd","skybox":"flooring","corridor":0.075,"caps":50,"timer":0,"geyser":false,"clogged":false,"echo":0,"plane":true,"seesaw":false,"version":1,"max_entities":null,"max_trasures":null,"max_gates":null},"entities":[{"name":"OoPanModoki","count":1,"weight":0,"dead_end":false,"group":8,"treasure":"key","fall":""},{"name":"PanModoki","count":3,"weight":0,"dead_end":false,"group":1,"treasure":"flower_red","fall":""},{"name":"ElecBug","count":15,"weight":0,"dead_end":false,"group":0,"treasure":"flower_blue","fall":""},{"name":"ElecHiba","count":10,"weight":0,"dead_end":false,"group":6,"treasure":null,"fall":""}],"treasures":[{"name":"medama_yaki","count":1,"weight":0},{"name":"dia_b_green","count":1,"weight":0},{"name":"donutsichigo","count":1,"weight":0}],"gates":[]}],"content":null}