{"sublevels":[{"name":"Sublevel 1 - 20 pikmin start","properties":{"unit":"2_units_5x5a_big_tekiF_kusachi.txt","max_rooms":2,"light":"sirohana_light_lv5.ini","music":"new_04_0.cnd","skybox":"hiroba","corridor":0.1,"caps":50,"timer":0,"geyser":false,"clogged":true,"echo":0,"plane":true,"seesaw":false,"version":1,"max_entities":null,"max_trasures":null,"max_gates":null},"entities":[{"name":"BlueChappy","count":1,"weight":0,"dead_end":false,"group":0,"treasure":"bird_hane","fall":""},{"name":"BlueChappy","count":1,"weight":0,"dead_end":false,"group":0,"treasure":"bird_hane","fall":""},{"name":"BlackPom","count":2,"weight":0,"dead_end":true,"group":0,"treasure":null,"fall":""},{"name":"Tank","count":1,"weight":0,"dead_end":false,"group":0,"treasure":"cookie_s","fall":""},{"name":"Tank","count":1,"weight":0,"dead_end":false,"group":0,"treasure":"cookie_s","fall":""},{"name":"Bomb","count":2,"weight":0,"dead_end":false,"group":0,"treasure":null,"fall":""},{"name":"Bomb","count":2,"weight":0,"dead_end":false,"group":0,"treasure":null,"fall":""},{"name":"Bomb","count":2,"weight":0,"dead_end":false,"group":0,"treasure":null,"fall":"$"},{"name":"Bomb","count":2,"weight":0,"dead_end":false,"group":0,"treasure":null,"fall":"$"},{"name":"FireChappy","count":1,"weight":0,"dead_end":false,"group":8,"treasure":"key","fall":""},{"name":"HikariKinoko","count":5,"weight":0,"dead_end":false,"group":6,"treasure":null,"fall":""},{"name":"Hiba","count":5,"weight":0,"dead_end":false,"group":6,"treasure":null,"fall":""},{"name":"Hiba","count":5,"weight":0,"dead_end":false,"group":6,"treasure":null,"fall":""},{"name":"DaiodoGreen","count":5,"weight":0,"dead_end":false,"group":6,"treasure":null,"fall":""},{"name":"ElecBug","count":8,"weight":0,"dead_end":false,"group":0,"treasure":"cookie_u","fall":""},{"name":"BlueChappy","count":1,"weight":0,"dead_end":false,"group":0,"treasure":"bird_hane","fall":""}],"treasures":[],"gates":[]},{"name":"Sublevel 2 - Find the right Doodlebug","properties":{"unit":"2_units_ike2_hit1_tsuchi.txt","max_rooms":3,"light":"normal_light_lv0.ini","music":"cavesoil_05_3.cnd","skybox":"none","corridor":0.1,"caps":50,"timer":0,"geyser":false,"clogged":true,"echo":0,"plane":false,"seesaw":false,"version":1,"max_entities":null,"max_trasures":null,"max_gates":null},"entities":[{"name":"Fart","count":1,"weight":0,"dead_end":false,"group":1,"treasure":"key","fall":""},{"name":"Fart","count":1,"weight":0,"dead_end":false,"group":1,"treasure":"cookie_s","fall":""},{"name":"Fart","count":1,"weight":0,"dead_end":false,"group":1,"treasure":"cookie_s","fall":""},{"name":"KumaChappy","count":1,"weight":0,"dead_end":false,"group":8,"treasure":"chocolate","fall":""},{"name":"Frog","count":3,"weight":0,"dead_end":false,"group":5,"treasure":"flower_red","fall":""},{"name":"Chappy","count":1,"weight":0,"dead_end":false,"group":0,"treasure":"chocoichigo","fall":""},{"name":"Chappy","count":1,"weight":0,"dead_end":false,"group":0,"treasure":"chocoichigo","fall":""},{"name":"Kurage","count":1,"weight":0,"dead_end":false,"group":0,"treasure":"flower_blue","fall":"$"},{"name":"Kurage","count":1,"weight":0,"dead_end":false,"group":0,"treasure":"flower_blue","fall":"$"},{"name":"Kurage","count":1,"weight":0,"dead_end":false,"group":0,"treasure":"flower_blue","fall":"$"},{"name":"Kurage","count":1,"weight":0,"dead_end":false,"group":0,"treasure":"flower_blue","fall":"$"},{"name":"UmiMushiBlind","count":1,"weight":0,"dead_end":false,"group":1,"treasure":"cookie","fall":""},{"name":"UmiMushiBlind","count":1,"weight":0,"dead_end":false,"group":1,"treasure":"cookie","fall":""},{"name":"Zenmai","count":10,"weight":0,"dead_end":false,"group":6,"treasure":null,"fall":""},{"name":"Rock","count":10,"weight":0,"dead_end":false,"group":6,"treasure":null,"fall":""},{"name":"GasHiba","count":10,"weight":0,"dead_end":false,"group":6,"treasure":null,"fall":""},{"name":"KumaKochappy","count":6,"weight":0,"dead_end":false,"group":5,"treasure":"cookie_u","fall":""}],"treasures":[],"gates":[]},{"name":"Sublevel 3 - How to beat a Fiery Borb ?","properties":{"unit":"1_units_torigoya_kusachi.txt","max_rooms":1,"light":"oootakara_light.ini","music":"new_07_0.cnd","skybox":"none","corridor":0.1,"caps":50,"timer":0,"geyser":false,"clogged":true,"echo":0,"plane":false,"seesaw":false,"version":1,"max_entities":null,"max_trasures":null,"max_gates":null},"entities":[{"name":"FireChappy","count":1,"weight":0,"dead_end":false,"group":1,"treasure":"key","fall":""},{"name":"Hanachirashi","count":2,"weight":0,"dead_end":false,"group":0,"treasure":null,"fall":""},{"name":"Hanachirashi","count":2,"weight":0,"dead_end":false,"group":0,"treasure":null,"fall":""},{"name":"GasHiba","count":2,"weight":0,"dead_end":false,"group":0,"treasure":null,"fall":""},{"name":"GasHiba","count":2,"weight":0,"dead_end":false,"group":0,"treasure":null,"fall":""},{"name":"FminiHoudai","count":1,"weight":0,"dead_end":false,"group":8,"treasure":null,"fall":""},{"name":"Fkabuto","count":1,"weight":0,"dead_end":false,"group":6,"treasure":null,"fall":""}],"treasures":[],"gates":[]},{"name":"Sublevel 4 - Wollywog Army","properties":{"unit":"2_MAT_sak1_sak2_snow.txt","max_rooms":3,"light":"tutorial_1_light.ini","music":"new_00_0.cnd","skybox":"none","corridor":0.0,"caps":50,"timer":0,"geyser":false,"clogged":true,"echo":0,"plane":false,"seesaw":false,"version":1,"max_entities":null,"max_trasures":null,"max_gates":null},"entities":[{"name":"Tobi","count":2,"weight":0,"dead_end":false,"group":5,"treasure":"bird_hane","fall":""},{"name":"MaroFrog","count":1,"weight":0,"dead_end":false,"group":0,"treasure":"key","fall":""},{"name":"MaroFrog","count":2,"weight":0,"dead_end":false,"group":0,"treasure":"bane_red","fall":""},{"name":"Frog","count":1,"weight":0,"dead_end":false,"group":0,"treasure":"momiji_normal","fall":"$"},{"name":"Frog","count":1,"weight":0,"dead_end":false,"group":1,"treasure":"momiji_normal","fall":"$"},{"name":"Demon","count":1,"weight":0,"dead_end":false,"group":1,"treasure":"flower_red","fall":""},{"name":"Demon","count":1,"weight":0,"dead_end":false,"group":1,"treasure":"flower_red","fall":""},{"name":"UjiB","count":3,"weight":0,"dead_end":false,"group":0,"treasure":"cookie","fall":""},{"name":"UjiB","count":2,"weight":0,"dead_end":false,"group":0,"treasure":"cookie","fall":""},{"name":"UjiB","count":3,"weight":0,"dead_end":false,"group":0,"treasure":"cookie","fall":""},{"name":"DaiodoGreen","count":6,"weight":0,"dead_end":false,"group":6,"treasure":null,"fall":""},{"name":"Hiba","count":6,"weight":0,"dead_end":false,"group":6,"treasure":null,"fall":""},{"name":"GasHiba","count":6,"weight":0,"dead_end":false,"group":6,"treasure":null,"fall":""},{"name":"SnakeCrow","count":2,"weight":0,"dead_end":false,"group":8,"treasure":null,"fall":""}],"treasures":[],"gates":[]},{"name":"Sublevel 5 - S1 Subteranean Complex Remix","properties":{"unit":"3_MAT_mid1_mid2_uzu1_snow.txt","max_rooms":3,"light":"houdai_light.ini","music":"new_00_1.cnd","skybox":"none","corridor":0.05,"caps":50,"timer":0,"geyser":false,"clogged":true,"echo":0,"plane":false,"seesaw":false,"version":1,"max_entities":null,"max_trasures":null,"max_gates":null},"entities":[{"name":"YellowChappy","count":1,"weight":0,"dead_end":false,"group":0,"treasure":"cookie_s_l","fall":""},{"name":"YellowChappy","count":1,"weight":0,"dead_end":false,"group":0,"treasure":"cookie_s_l","fall":""},{"name":"YellowChappy","count":1,"weight":0,"dead_end":false,"group":0,"treasure":"key","fall":""},{"name":"WaterOtakara","count":3,"weight":0,"dead_end":false,"group":0,"treasure":"cookie_s","fall":""},{"name":"WaterOtakara","count":3,"weight":0,"dead_end":false,"group":1,"treasure":"cookie_s","fall":""},{"name":"YellowKochappy","count":2,"weight":0,"dead_end":false,"group":0,"treasure":"momiji_normal","fall":""},{"name":"YellowKochappy","count":2,"weight":0,"dead_end":false,"group":0,"treasure":"momiji_normal","fall":""},{"name":"YellowKochappy","count":2,"weight":0,"dead_end":false,"group":0,"treasure":"momiji_normal","fall":""},{"name":"YellowKochappy","count":2,"weight":0,"dead_end":false,"group":0,"treasure":"momiji_normal","fall":""},{"name":"OniKurage","count":1,"weight":0,"dead_end":false,"group":1,"treasure":"bolt","fall":"$"},{"name":"OniKurage","count":1,"weight":0,"dead_end":false,"group":1,"treasure":"bolt","fall":"$"},{"name":"OniKurage","count":1,"weight":0,"dead_end":false,"group":1,"treasure":"bolt","fall":"$"},{"name":"BombOtakara","count":10,"weight":0,"dead_end":false,"group":5,"treasure":null,"fall":"$4"},{"name":"Rock","count":5,"weight":0,"dead_end":false,"group":0,"treasure":null,"fall":"$2"},{"name":"Rock","count":5,"weight":0,"dead_end":false,"group":1,"treasure":null,"fall":"$2"},{"name":"Rock","count":10,"weight":0,"dead_end":false,"group":6,"treasure":null,"fall":"$2"},{"name":"GasHiba","count":10,"weight":0,"dead_end":false,"group":6,"treasure":null,"fall":""},{"name":"GasHiba","count":5,"weight":0,"dead_end":false,"group":1,"treasure":null,"fall":""},{"name":"RandPom","count":1,"weight":0,"dead_end":true,"group":0,"treasure":null,"fall":""},{"name":"RandPom","count":1,"weight":0,"dead_end":true,"group":0,"treasure":null,"fall":""}],"treasures":[],"gates":[]},{"name":"Sublevel 6 - Boss 1","properties":{"unit":"1_units_purple_snow.txt","max_rooms":1,"light":"jyoou_light_lv6.ini","music":"new_06_0.cnd","skybox":"ice","corridor":0.1,"caps":50,"timer":0,"geyser":false,"clogged":true,"echo":0,"plane":false,"seesaw":false,"version":1,"max_entities":null,"max_trasures":null,"max_gates":null},"entities":[{"name":"Houdai","count":1,"weight":0,"dead_end":false,"group":1,"treasure":"key","fall":""},{"name":"Armor","count":4,"weight":0,"dead_end":false,"group":0,"treasure":"donguri","fall":""},{"name":"KumaKochappy","count":3,"weight":0,"dead_end":false,"group":0,"treasure":"bird_hane","fall":"$2"},{"name":"Mar","count":5,"weight":0,"dead_end":false,"group":6,"treasure":"cookie_u_l","fall":""},{"name":"BombSarai","count":3,"weight":0,"dead_end":false,"group":6,"treasure":"cookie_u","fall":""}],"treasures":[],"gates":[]},{"name":"Sublevel 7 - Rest 1","properties":{"unit":"2_units_cent_mid2_tsuchi.txt","max_rooms":2,"light":"key_light_lv1.ini","music":"caverelax.cnd","skybox":"none","corridor":0.05,"caps":50,"timer":0,"geyser":false,"clogged":true,"echo":0,"plane":false,"seesaw":false,"version":1,"max_entities":null,"max_trasures":null,"max_gates":null},"entities":[{"name":"BlueChappy","count":1,"weight":0,"dead_end":false,"group":0,"treasure":"key","fall":""},{"name":"LeafChappy","count":1,"weight":0,"dead_end":false,"group":0,"treasure":"kan_b_gold","fall":""},{"name":"RandPom","count":2,"weight":0,"dead_end":false,"group":0,"treasure":null,"fall":""},{"name":"Kogane","count":1,"weight":0,"dead_end":false,"group":1,"treasure":null,"fall":""},{"name":"Wealthy","count":1,"weight":0,"dead_end":false,"group":1,"treasure":null,"fall":""},{"name":"Fart","count":1,"weight":0,"dead_end":false,"group":1,"treasure":null,"fall":""},{"name":"Egg","count":3,"weight":0,"dead_end":false,"group":5,"treasure":null,"fall":"$"},{"name":"ShijimiChou","count":1,"weight":0,"dead_end":false,"group":0,"treasure":null,"fall":""},{"name":"ShijimiChou","count":1,"weight":0,"dead_end":false,"group":0,"treasure":null,"fall":""},{"name":"Hiba","count":20,"weight":0,"dead_end":false,"group":0,"treasure":null,"fall":""},{"name":"Hiba","count":20,"weight":0,"dead_end":false,"group":1,"treasure":null,"fall":""},{"name":"Hiba","count":20,"weight":0,"dead_end":false,"group":8,"treasure":null,"fall":""},{"name":"Hiba","count":30,"weight":0,"dead_end":false,"group":6,"treasure":null,"fall":""},{"name":"Hiba","count":10,"weight":0,"dead_end":false,"group":5,"treasure":null,"fall":""}],"treasures":[],"gates":[]},{"name":"Sublevel 8 - It's a bit red there","properties":{"unit":"3_MAT_hit2_blk1_nor3_tsuchi.txt","max_rooms":4,"light":"king_light.ini","music":"new_05_0.cnd","skybox":"none","corridor":0.05,"caps":50,"timer":0,"geyser":false,"clogged":false,"echo":0,"plane":false,"seesaw":false,"version":1,"max_entities":null,"max_trasures":null,"max_gates":null},"entities":[{"name":"KingChappy","count":1,"weight":0,"dead_end":false,"group":8,"treasure":"bane","fall":""},{"name":"FireChappy","count":1,"weight":0,"dead_end":false,"group":0,"treasure":"apple_blue","fall":""},{"name":"FireChappy","count":1,"weight":0,"dead_end":false,"group":0,"treasure":"apple_blue","fall":""},{"name":"FireChappy","count":1,"weight":0,"dead_end":false,"group":0,"treasure":"key","fall":""},{"name":"PanModoki","count":1,"weight":0,"dead_end":false,"group":1,"treasure":"cookie","fall":""},{"name":"PanModoki","count":1,"weight":0,"dead_end":false,"group":1,"treasure":"cookie","fall":""},{"name":"Chappy","count":1,"weight":0,"dead_end":false,"group":1,"treasure":"momiji_red","fall":""},{"name":"Chappy","count":1,"weight":0,"dead_end":false,"group":1,"treasure":"momiji_red","fall":""},{"name":"Wtank","count":1,"weight":0,"dead_end":false,"group":0,"treasure":"momiji_normal","fall":""},{"name":"Wtank","count":1,"weight":0,"dead_end":false,"group":0,"treasure":"momiji_normal","fall":""},{"name":"Tank","count":1,"weight":0,"dead_end":false,"group":0,"treasure":"momiji_normal","fall":""},{"name":"Tank","count":1,"weight":0,"dead_end":false,"group":0,"treasure":"momiji_normal","fall":""},{"name":"Hiba","count":10,"weight":0,"dead_end":false,"group":0,"treasure":null,"fall":""},{"name":"Hiba","count":10,"weight":0,"dead_end":false,"group":6,"treasure":null,"fall":""},{"name":"DaiodoRed","count":10,"weight":0,"dead_end":false,"group":1,"treasure":null,"fall":""},{"name":"Wakame_l","count":10,"weight":0,"dead_end":false,"group":6,"treasure":null,"fall":""},{"name":"FminiHoudai","count":1,"weight":0,"dead_end":true,"group":0,"treasure":null,"fall":""},{"name":"FminiHoudai","count":1,"weight":0,"dead_end":true,"group":0,"treasure":null,"fall":""}],"treasures":[],"gates":[{"word":"gate","health":3000,"weight":1},{"word":"gate","health":3000,"weight":1},{"word":"gate","health":3000,"weight":1},{"word":"gate","health":3000,"weight":1},{"word":"gate","health":3000,"weight":1},{"word":"gate","health":3000,"weight":1},{"word":"gate","health":3000,"weight":1},{"word":"gate","health":3000,"weight":1}]},{"name":"Sublevel 9 - Carry = death","properties":{"unit":"3_MAT_hit34_sak2_uzu1_tsuchi.txt","max_rooms":4,"light":"metal_light_lv0.ini","music":"new_08_1.cnd","skybox":"none","corridor":0.12,"caps":50,"timer":0,"geyser":false,"clogged":false,"echo":0,"plane":false,"seesaw":false,"version":1,"max_entities":null,"max_trasures":null,"max_gates":null},"entities":[{"name":"PanModoki","count":2,"weight":0,"dead_end":false,"group":0,"treasure":"kinoko_doku","fall":""},{"name":"PanModoki","count":2,"weight":0,"dead_end":false,"group":0,"treasure":"kinoko_doku","fall":""},{"name":"OoPanModoki","count":1,"weight":0,"dead_end":false,"group":0,"treasure":"kinoko","fall":""},{"name":"OoPanModoki","count":1,"weight":0,"dead_end":false,"group":0,"treasure":"kinoko","fall":""},{"name":"OoPanModoki","count":1,"weight":0,"dead_end":false,"group":0,"treasure":"key","fall":""},{"name":"PanHouse","count":1,"weight":0,"dead_end":false,"group":6,"treasure":null,"fall":""},{"name":"PanHouse","count":1,"weight":0,"dead_end":false,"group":6,"treasure":null,"fall":""},{"name":"PanHouse","count":1,"weight":0,"dead_end":false,"group":6,"treasure":null,"fall":""},{"name":"PanHouse","count":1,"weight":0,"dead_end":false,"group":6,"treasure":null,"fall":""},{"name":"KumaChappy","count":1,"weight":0,"dead_end":false,"group":1,"treasure":"dia_b_red","fall":"$4"},{"name":"KumaChappy","count":1,"weight":0,"dead_end":false,"group":1,"treasure":"dia_b_red","fall":"$4"},{"name":"KumaChappy","count":1,"weight":0,"dead_end":false,"group":1,"treasure":"dia_b_red","fall":"$4"},{"name":"KumaChappy","count":1,"weight":0,"dead_end":false,"group":1,"treasure":"dia_b_red","fall":"$4"},{"name":"Fuefuki","count":1,"weight":0,"dead_end":false,"group":1,"treasure":"yoyo_blue","fall":""},{"name":"Fuefuki","count":1,"weight":0,"dead_end":false,"group":1,"treasure":"yoyo_blue","fall":""},{"name":"Hiba","count":5,"weight":0,"dead_end":false,"group":1,"treasure":null,"fall":""},{"name":"Hiba","count":10,"weight":0,"dead_end":false,"group":6,"treasure":null,"fall":""},{"name":"UjiA","count":1,"weight":0,"dead_end":true,"group":0,"treasure":null,"fall":""},{"name":"UjiA","count":1,"weight":0,"dead_end":true,"group":0,"treasure":null,"fall":""},{"name":"UjiA","count":1,"weight":0,"dead_end":true,"group":0,"treasure":null,"fall":""},{"name":"UjiA","count":1,"weight":0,"dead_end":true,"group":0,"treasure":null,"fall":""},{"name":"UjiA","count":10,"weight":0,"dead_end":false,"group":0,"treasure":null,"fall":""},{"name":"HikariKinoko","count":15,"weight":0,"dead_end":false,"group":6,"treasure":null,"fall":""}],"treasures":[{"name":"momiji_normal","count":3,"weight":0},{"name":"momiji_normal","count":3,"weight":0},{"name":"momiji_normal","count":3,"weight":0},{"name":"momiji_normal","count":3,"weight":0},{"name":"momiji_normal","count":3,"weight":0}],"gates":[{"word":"gate","health":3000,"weight":1},{"word":"gate","health":3000,"weight":1},{"word":"gate","health":3000,"weight":1},{"word":"gate","health":3000,"weight":1},{"word":"gate","health":3000,"weight":1},{"word":"gate","health":3000,"weight":1},{"word":"gate","health":3000,"weight":1},{"word":"gate","health":3000,"weight":1}]},{"name":"Sublevel 10 - Just a leaf to find","properties":{"unit":"2_units_ike2_ike4_tsuchi.txt","max_rooms":1,"light":"king_light.ini","music":"new_01_0.cnd","skybox":"none","corridor":0.3,"caps":0,"timer":0,"geyser":false,"clogged":false,"echo":0,"plane":false,"seesaw":false,"version":1,"max_entities":null,"max_trasures":null,"max_gates":null},"entities":[{"name":"OniKurage","count":1,"weight":0,"dead_end":false,"group":8,"treasure":"creap","fall":""},{"name":"OniKurage","count":1,"weight":0,"dead_end":false,"group":8,"treasure":"creap","fall":""},{"name":"FminiHoudai","count":1,"weight":0,"dead_end":false,"group":1,"treasure":"bell","fall":""},{"name":"FminiHoudai","count":1,"weight":0,"dead_end":false,"group":1,"treasure":"bell","fall":""},{"name":"Demon","count":2,"weight":0,"dead_end":false,"group":1,"treasure":"flower_blue","fall":""},{"name":"RandPom","count":1,"weight":0,"dead_end":true,"group":0,"treasure":null,"fall":""},{"name":"Clover","count":6,"weight":0,"dead_end":false,"group":6,"treasure":null,"fall":""},{"name":"Sokkuri","count":1,"weight":0,"dead_end":false,"group":6,"treasure":"key","fall":""},{"name":"Sokkuri","count":10,"weight":0,"dead_end":false,"group":6,"treasure":null,"fall":""},{"name":"Sokkuri","count":10,"weight":0,"dead_end":false,"group":0,"treasure":null,"fall":""},{"name":"Hiba","count":10,"weight":0,"dead_end":false,"group":0,"treasure":null,"fall":""},{"name":"Hiba","count":10,"weight":0,"dead_end":false,"group":6,"treasure":null,"fall":""},{"name":"Egg","count":5,"weight":0,"dead_end":true,"group":0,"treasure":null,"fall":""}],"treasures":[],"gates":[]},{"name":"Sublevel 11 - Rest 2","properties":{"unit":"1_MAT_cent2_tsuchi.txt","max_rooms":2,"light":"bluefog00.ini","music":"caverelax.cnd","skybox":"none","corridor":0.1,"caps":50,"timer":0,"geyser":false,"clogged":false,"echo":0,"plane":false,"seesaw":false,"version":1,"max_entities":null,"max_trasures":null,"max_gates":null},"entities":[{"name":"BluePom","count":1,"weight":0,"dead_end":false,"group":0,"treasure":null,"fall":""},{"name":"BluePom","count":1,"weight":0,"dead_end":false,"group":0,"treasure":null,"fall":""},{"name":"BluePom","count":1,"weight":0,"dead_end":false,"group":0,"treasure":null,"fall":""},{"name":"BluePom","count":1,"weight":0,"dead_end":false,"group":0,"treasure":null,"fall":""},{"name":"Egg","count":1,"weight":0,"dead_end":false,"group":5,"treasure":null,"fall":"$"},{"name":"Egg","count":1,"weight":0,"dead_end":false,"group":5,"treasure":null,"fall":"$"},{"name":"Egg","count":1,"weight":0,"dead_end":false,"group":5,"treasure":null,"fall":"$"},{"name":"Egg","count":1,"weight":0,"dead_end":false,"group":5,"treasure":null,"fall":"$"},{"name":"ElecHiba","count":10,"weight":0,"dead_end":false,"group":1,"treasure":null,"fall":""},{"name":"ElecHiba","count":10,"weight":0,"dead_end":false,"group":0,"treasure":null,"fall":""},{"name":"ElecHiba","count":10,"weight":0,"dead_end":false,"group":8,"treasure":null,"fall":""},{"name":"RandPom","count":1,"weight":0,"dead_end":true,"group":0,"treasure":null,"fall":""}],"treasures":[{"name":"key","count":1,"weight":0}],"gates":[]},{"name":"Sublevel 12 - Waterwaith land 1","properties":{"unit":"4_units_b_f_g_h_conc.txt","max_rooms":6,"light":"chikahimi_metal_light_lv4.ini","music":"cavesoil_10_3.cnd","skybox":"none","corridor":0.05,"caps":50,"timer":0,"geyser":false,"clogged":false,"echo":0,"plane":false,"seesaw":false,"version":1,"max_entities":null,"max_trasures":null,"max_gates":null},"entities":[{"name":"BlackMan","count":1,"weight":0,"dead_end":false,"group":0,"treasure":null,"fall":""},{"name":"BlackMan","count":1,"weight":0,"dead_end":false,"group":0,"treasure":null,"fall":""},{"name":"BlackMan","count":1,"weight":0,"dead_end":false,"group":0,"treasure":null,"fall":""},{"name":"BlackMan","count":1,"weight":0,"dead_end":false,"group":0,"treasure":null,"fall":""},{"name":"BlackMan","count":1,"weight":0,"dead_end":false,"group":0,"treasure":null,"fall":""},{"name":"Mar","count":1,"weight":0,"dead_end":false,"group":1,"treasure":"apple","fall":""},{"name":"Mar","count":1,"weight":0,"dead_end":false,"group":1,"treasure":"apple","fall":""},{"name":"Hanachirashi","count":1,"weight":0,"dead_end":false,"group":1,"treasure":"leaf_kare","fall":""},{"name":"Hanachirashi","count":1,"weight":0,"dead_end":false,"group":1,"treasure":"leaf_kare","fall":""},{"name":"Jigumo","count":6,"weight":0,"dead_end":true,"group":0,"treasure":"chocolate","fall":""},{"name":"MaroFrog","count":3,"weight":0,"dead_end":false,"group":5,"treasure":null,"fall":""},{"name":"Frog","count":3,"weight":0,"dead_end":false,"group":5,"treasure":null,"fall":""},{"name":"Chappy","count":1,"weight":0,"dead_end":false,"group":0,"treasure":"gum_tape_s","fall":"$4"},{"name":"Chappy","count":1,"weight":0,"dead_end":false,"group":0,"treasure":"gum_tape_s","fall":"$4"},{"name":"Chappy","count":1,"weight":0,"dead_end":false,"group":0,"treasure":"gum_tape_s","fall":"$"},{"name":"Chappy","count":1,"weight":0,"dead_end":false,"group":0,"treasure":"gum_tape_s","fall":"$"},{"name":"BombOtakara","count":5,"weight":0,"dead_end":false,"group":6,"treasure":null,"fall":"$"},{"name":"BombOtakara","count":5,"weight":0,"dead_end":false,"group":6,"treasure":null,"fall":""}],"treasures":[{"name":"key","count":1,"weight":0},{"name":"toy_teala","count":1,"weight":0},{"name":"suit_powerup","count":1,"weight":0},{"name":"suit_fire","count":1,"weight":0},{"name":"watch","count":1,"weight":0}],"gates":[{"word":"gate","health":12500,"weight":1},{"word":"gate","health":12500,"weight":1},{"word":"gate","health":12500,"weight":1},{"word":"gate","health":12500,"weight":1},{"word":"gate","health":12500,"weight":1},{"word":"gate","health":12500,"weight":1},{"word":"gate","health":12500,"weight":1},{"word":"gate","health":12500,"weight":1}]},{"name":"Sublevel 13 - Waterwaith land 2","properties":{"unit":"2_MAT_f_k_conc.txt","max_rooms":7,"light":"chikahimi_metal_light_lv4.ini","music":"caveconc_10_1.cnd","skybox":"none","corridor":0.05,"caps":50,"timer":0,"geyser":false,"clogged":false,"echo":0,"plane":false,"seesaw":false,"version":1,"max_entities":null,"max_trasures":null,"max_gates":null},"entities":[{"name":"BlackMan","count":1,"weight":0,"dead_end":false,"group":0,"treasure":null,"fall":""},{"name":"BlackMan","count":1,"weight":0,"dead_end":false,"group":0,"treasure":null,"fall":""},{"name":"BlackMan","count":1,"weight":0,"dead_end":false,"group":0,"treasure":null,"fall":""},{"name":"BlackMan","count":1,"weight":0,"dead_end":false,"group":0,"treasure":null,"fall":""},{"name":"BlackMan","count":1,"weight":0,"dead_end":false,"group":0,"treasure":null,"fall":""},{"name":"Tobi","count":1,"weight":0,"dead_end":false,"group":0,"treasure":"key","fall":""},{"name":"Tobi","count":10,"weight":0,"dead_end":false,"group":0,"treasure":null,"fall":""},{"name":"Kurage","count":1,"weight":0,"dead_end":false,"group":0,"treasure":"bird_hane","fall":""},{"name":"Kurage","count":1,"weight":0,"dead_end":false,"group":0,"treasure":"bird_hane","fall":""},{"name":"Kurage","count":1,"weight":0,"dead_end":false,"group":0,"treasure":"bird_hane","fall":""},{"name":"Kurage","count":1,"weight":0,"dead_end":false,"group":1,"treasure":"bird_hane","fall":""},{"name":"Kurage","count":1,"weight":0,"dead_end":false,"group":1,"treasure":"bird_hane","fall":""},{"name":"Kurage","count":1,"weight":0,"dead_end":false,"group":1,"treasure":"bird_hane","fall":""},{"name":"BombSarai","count":1,"weight":0,"dead_end":false,"group":1,"treasure":"flower_blue","fall":"$"},{"name":"BombSarai","count":1,"weight":0,"dead_end":false,"group":1,"treasure":"flower_blue","fall":"$"},{"name":"BombSarai","count":1,"weight":0,"dead_end":false,"group":1,"treasure":"flower_blue","fall":"$"},{"name":"BombSarai","count":1,"weight":0,"dead_end":false,"group":0,"treasure":"flower_blue","fall":"$"},{"name":"BombSarai","count":1,"weight":0,"dead_end":false,"group":0,"treasure":"flower_blue","fall":"$"},{"name":"BombSarai","count":1,"weight":0,"dead_end":false,"group":0,"treasure":"flower_blue","fall":"$"},{"name":"Damagumo","count":1,"weight":0,"dead_end":false,"group":0,"treasure":"chess_queen_white","fall":""},{"name":"Damagumo","count":1,"weight":0,"dead_end":false,"group":0,"treasure":"chess_queen_white","fall":""},{"name":"TamagoMushi","count":1,"weight":0,"dead_end":false,"group":0,"treasure":null,"fall":""},{"name":"TamagoMushi","count":1,"weight":0,"dead_end":false,"group":0,"treasure":null,"fall":""},{"name":"Hana","count":3,"weight":0,"dead_end":false,"group":6,"treasure":null,"fall":""},{"name":"Magaret","count":25,"weight":0,"dead_end":false,"group":6,"treasure":null,"fall":""}],"treasures":[],"gates":[]},{"name":"Sublevel 14 - Boss 2","properties":{"unit":"1_units_spiral_conc.txt","max_rooms":1,"light":"normal_light_lv4.ini","music":"caveconc_00_1.cnd","skybox":"none","corridor":0.12,"caps":50,"timer":120,"geyser":false,"clogged":false,"echo":0,"plane":false,"seesaw":false,"version":1,"max_entities":null,"max_trasures":null,"max_gates":null},"entities":[{"name":"BlackMan","count":1,"weight":0,"dead_end":false,"group":8,"treasure":"key","fall":""},{"name":"BlackMan","count":1,"weight":0,"dead_end":false,"group":8,"treasure":"apple","fall":""},{"name":"BlackMan","count":1,"weight":0,"dead_end":false,"group":0,"treasure":"leaf_kare","fall":""},{"name":"BlackMan","count":1,"weight":0,"dead_end":false,"group":0,"treasure":"leaf_normal","fall":""},{"name":"BlackMan","count":1,"weight":0,"dead_end":false,"group":1,"treasure":"donutsichigo","fall":""},{"name":"BlackMan","count":1,"weight":0,"dead_end":false,"group":1,"treasure":"baum_kuchen","fall":""},{"name":"BlackPom","count":1,"weight":0,"dead_end":true,"group":0,"treasure":null,"fall":""},{"name":"BlackPom","count":1,"weight":0,"dead_end":true,"group":0,"treasure":null,"fall":""},{"name":"Sarai","count":4,"weight":0,"dead_end":false,"group":5,"treasure":"cookie_s","fall":""},{"name":"Fkabuto","count":2,"weight":0,"dead_end":false,"group":0,"treasure":"dia_b_green","fall":""},{"name":"Fkabuto","count":2,"weight":0,"dead_end":false,"group":1,"treasure":"dia_b_green","fall":""},{"name":"GasHiba","count":2,"weight":0,"dead_end":false,"group":0,"treasure":null,"fall":""},{"name":"GasHiba","count":2,"weight":0,"dead_end":false,"group":1,"treasure":null,"fall":""}],"treasures":[],"gates":[]},{"name":"Sublevel 15 - Rest 3 (WW remains ?)","properties":{"unit":"1_units_white_metal.txt","max_rooms":1,"light":"bluefog00.ini","music":"caverelax.cnd","skybox":"none","corridor":0.0,"caps":50,"timer":0,"geyser":false,"clogged":false,"echo":0,"plane":false,"seesaw":false,"version":1,"max_entities":null,"max_trasures":null,"max_gates":null},"entities":[{"name":"LeafChappy","count":1,"weight":0,"dead_end":false,"group":0,"treasure":"key","fall":""},{"name":"RandPom","count":2,"weight":0,"dead_end":false,"group":1,"treasure":null,"fall":""},{"name":"Tyre","count":1,"weight":0,"dead_end":false,"group":1,"treasure":null,"fall":""},{"name":"Tyre","count":5,"weight":0,"dead_end":false,"group":6,"treasure":null,"fall":""},{"name":"Egg","count":5,"weight":0,"dead_end":false,"group":8,"treasure":null,"fall":""}],"treasures":[],"gates":[]},{"name":"Sublevel 16 - The power station","properties":{"unit":"2_units_mid2_north_metal.txt","max_rooms":3,"light":"jyoou_light_lv6.ini","music":"cavemetal_05_2.cnd","skybox":"none","corridor":0.0,"caps":50,"timer":0,"geyser":false,"clogged":false,"echo":0,"plane":true,"seesaw":false,"version":1,"max_entities":null,"max_trasures":null,"max_gates":null},"entities":[{"name":"BigFoot","count":1,"weight":0,"dead_end":false,"group":0,"treasure":"key","fall":""},{"name":"Tank","count":1,"weight":0,"dead_end":false,"group":1,"treasure":"chocowhite","fall":""},{"name":"Tank","count":1,"weight":0,"dead_end":false,"group":1,"treasure":"chocowhite","fall":""},{"name":"Tank","count":1,"weight":0,"dead_end":false,"group":1,"treasure":"chocowhite","fall":""},{"name":"Wtank","count":1,"weight":0,"dead_end":false,"group":1,"treasure":"chocoichigo","fall":""},{"name":"Wtank","count":1,"weight":0,"dead_end":false,"group":1,"treasure":"chocoichigo","fall":""},{"name":"Wtank","count":1,"weight":0,"dead_end":false,"group":1,"treasure":"chocoichigo","fall":""},{"name":"Miulin","count":1,"weight":0,"dead_end":false,"group":0,"treasure":"matu_bokkuri","fall":""},{"name":"Miulin","count":1,"weight":0,"dead_end":false,"group":0,"treasure":"matu_bokkuri","fall":""},{"name":"Miulin","count":1,"weight":0,"dead_end":false,"group":0,"treasure":"matu_bokkuri","fall":""},{"name":"ElecHiba","count":10,"weight":0,"dead_end":false,"group":5,"treasure":null,"fall":""},{"name":"ElecHiba","count":40,"weight":0,"dead_end":false,"group":6,"treasure":null,"fall":""},{"name":"Rkabuto","count":2,"weight":0,"dead_end":false,"group":0,"treasure":"cookie_s_l","fall":"$2"},{"name":"Rkabuto","count":2,"weight":0,"dead_end":false,"group":0,"treasure":"cookie_s_l","fall":"$2"},{"name":"Damagumo","count":1,"weight":0,"dead_end":false,"group":1,"treasure":"tape_red","fall":""}],"treasures":[],"gates":[]},{"name":"Sublevel 17 - Someone said electricity ?","properties":{"unit":"3_units_ari_hit446_447metal.txt","max_rooms":4,"light":"sirohana_light_lv2.ini","music":"cavemetal_00_3.cnd","skybox":"build","corridor":0.2,"caps":50,"timer":0,"geyser":false,"clogged":false,"echo":0,"plane":false,"seesaw":false,"version":1,"max_entities":null,"max_trasures":null,"max_gates":null},"entities":[{"name":"Fuefuki","count":1,"weight":0,"dead_end":false,"group":1,"treasure":"key","fall":""},{"name":"Fuefuki","count":1,"weight":0,"dead_end":false,"group":1,"treasure":"creap","fall":""},{"name":"ElecOtakara","count":5,"weight":0,"dead_end":false,"group":1,"treasure":"donguri","fall":"$"},{"name":"WaterOtakara","count":5,"weight":0,"dead_end":false,"group":0,"treasure":"donguri","fall":""},{"name":"MaroFrog","count":2,"weight":0,"dead_end":true,"group":0,"treasure":"cookie_u","fall":""},{"name":"Rkabuto","count":1,"weight":0,"dead_end":false,"group":0,"treasure":"momiji_normal","fall":"$2"},{"name":"Rkabuto","count":1,"weight":0,"dead_end":false,"group":0,"treasure":"momiji_normal","fall":"$2"},{"name":"Rkabuto","count":1,"weight":0,"dead_end":false,"group":0,"treasure":"momiji_normal","fall":"$2"},{"name":"BombSarai","count":2,"weight":0,"dead_end":false,"group":0,"treasure":"flower_red","fall":""},{"name":"BombSarai","count":2,"weight":0,"dead_end":false,"group":0,"treasure":"flower_red","fall":""},{"name":"BlueKochappy","count":10,"weight":0,"dead_end":false,"group":1,"treasure":null,"fall":""},{"name":"ElecBug","count":10,"weight":0,"dead_end":false,"group":0,"treasure":null,"fall":""},{"name":"ElecBug","count":10,"weight":0,"dead_end":false,"group":6,"treasure":null,"fall":""},{"name":"ElecHiba","count":30,"weight":0,"dead_end":false,"group":6,"treasure":null,"fall":""}],"treasures":[],"gates":[]},{"name":"Sublevel 18 - You destroy a wall, you Boom","properties":{"unit":"5_units_mid2_cent_hit4_hit5_nor2_metal.txt","max_rooms":7,"light":"muraon_light_lv4.ini","music":"cavesoil_05_1.cnd","skybox":"none","corridor":0.0,"caps":50,"timer":0,"geyser":false,"clogged":true,"echo":0,"plane":true,"seesaw":false,"version":1,"max_entities":null,"max_trasures":null,"max_gates":null},"entities":[{"name":"Chappy","count":1,"weight":0,"dead_end":false,"group":0,"treasure":"bane_red","fall":""},{"name":"Chappy","count":1,"weight":0,"dead_end":false,"group":0,"treasure":"bane_red","fall":""},{"name":"Chappy","count":1,"weight":0,"dead_end":false,"group":0,"treasure":"bane_red","fall":""},{"name":"Catfish","count":8,"weight":0,"dead_end":false,"group":1,"treasure":"flower_blue","fall":""},{"name":"GasOtakara","count":3,"weight":0,"dead_end":false,"group":0,"treasure":"momiji_normal","fall":""},{"name":"GasOtakara","count":3,"weight":0,"dead_end":false,"group":0,"treasure":"momiji_normal","fall":""},{"name":"ElecHiba","count":10,"weight":0,"dead_end":false,"group":0,"treasure":null,"fall":""},{"name":"Rock","count":10,"weight":0,"dead_end":false,"group":5,"treasure":null,"fall":"$"},{"name":"MiniHoudai","count":1,"weight":0,"dead_end":false,"group":1,"treasure":"key","fall":""},{"name":"MiniHoudai","count":1,"weight":0,"dead_end":false,"group":1,"treasure":null,"fall":""},{"name":"KumaChappy","count":1,"weight":0,"dead_end":false,"group":1,"treasure":"matu_bokkuri","fall":""},{"name":"Kochappy","count":10,"weight":0,"dead_end":false,"group":1,"treasure":null,"fall":""},{"name":"ElecHiba","count":15,"weight":0,"dead_end":false,"group":6,"treasure":null,"fall":""},{"name":"Baby","count":5,"weight":0,"dead_end":false,"group":6,"treasure":null,"fall":""}],"treasures":[],"gates":[{"word":"gate","health":5000,"weight":1},{"word":"gate","health":5000,"weight":1},{"word":"gate","health":5000,"weight":1},{"word":"gate","health":5000,"weight":1},{"word":"gate","health":5000,"weight":1},{"word":"gate","health":5000,"weight":1},{"word":"gate","health":5000,"weight":1},{"word":"gate","health":5000,"weight":1}]},{"name":"Sublevel 19 - Boss 3 - ViFDoR's special ;)","properties":{"unit":"2_ABE_north_snow_manh2.txt","max_rooms":2,"light":"forest_3_light.ini","music":"new_00_1.cnd","skybox":"none","corridor":0.0,"caps":50,"timer":0,"geyser":false,"clogged":false,"echo":0,"plane":false,"seesaw":false,"version":1,"max_entities":null,"max_trasures":null,"max_gates":null},"entities":[{"name":"DangoMushi","count":1,"weight":0,"dead_end":false,"group":1,"treasure":"silver_medal","fall":""},{"name":"SnakeWhole","count":1,"weight":0,"dead_end":false,"group":0,"treasure":"haniwa","fall":""},{"name":"SnakeWhole","count":1,"weight":0,"dead_end":false,"group":0,"treasure":"haniwa","fall":""},{"name":"UmiMushiBlind","count":1,"weight":0,"dead_end":false,"group":0,"treasure":"diamond_red","fall":""},{"name":"UmiMushiBlind","count":1,"weight":0,"dead_end":false,"group":0,"treasure":"key","fall":""},{"name":"GasHiba","count":5,"weight":0,"dead_end":false,"group":0,"treasure":null,"fall":""},{"name":"ElecHiba","count":5,"weight":0,"dead_end":false,"group":0,"treasure":null,"fall":""},{"name":"Hiba","count":4,"weight":0,"dead_end":false,"group":0,"treasure":null,"fall":""},{"name":"RandPom","count":1,"weight":0,"dead_end":false,"group":6,"treasure":null,"fall":""},{"name":"WhitePom","count":1,"weight":0,"dead_end":false,"group":6,"treasure":null,"fall":""},{"name":"Egg","count":2,"weight":0,"dead_end":false,"group":6,"treasure":null,"fall":""},{"name":"BombOtakara","count":3,"weight":0,"dead_end":false,"group":6,"treasure":null,"fall":"$"}],"treasures":[],"gates":[{"word":"gate","health":5000,"weight":1}]},{"name":"Sublevel 20 - Rest 4","properties":{"unit":"1_units_snake_tsuchi.txt","max_rooms":1,"light":"vs_2_light.ini","music":"caverelax.cnd","skybox":"none","corridor":0.0,"caps":50,"timer":0,"geyser":false,"clogged":false,"echo":0,"plane":false,"seesaw":false,"version":1,"max_entities":null,"max_trasures":null,"max_gates":null},"entities":[{"name":"RandPom","count":3,"weight":0,"dead_end":false,"group":0,"treasure":null,"fall":""},{"name":"LeafChappy","count":1,"weight":0,"dead_end":false,"group":6,"treasure":"key","fall":""},{"name":"KingChappy","count":2,"weight":0,"dead_end":false,"group":8,"treasure":"futa_a_gold","fall":""},{"name":"GasHiba","count":10,"weight":0,"dead_end":false,"group":6,"treasure":null,"fall":""},{"name":"Hiba","count":10,"weight":0,"dead_end":false,"group":6,"treasure":null,"fall":""}],"treasures":[],"gates":[]},{"name":"Sublevel 21 - The Demon part Starts now","properties":{"unit":"3_units_a_d_north_tile.txt","max_rooms":4,"light":"vs_8_light.ini","music":"new_02_0.cnd","skybox":"none","corridor":0.1,"caps":50,"timer":0,"geyser":false,"clogged":false,"echo":0,"plane":false,"seesaw":false,"version":1,"max_entities":null,"max_trasures":null,"max_gates":null},"entities":[{"name":"KumaChappy","count":1,"weight":0,"dead_end":false,"group":5,"treasure":"locket","fall":""},{"name":"BombSarai","count":10,"weight":0,"dead_end":false,"group":5,"treasure":"cookie_s","fall":""},{"name":"Kurage","count":5,"weight":0,"dead_end":false,"group":5,"treasure":"cookie","fall":""},{"name":"Rkabuto","count":3,"weight":0,"dead_end":false,"group":0,"treasure":"flower_red","fall":""},{"name":"Damagumo","count":1,"weight":0,"dead_end":false,"group":1,"treasure":"kuri","fall":""},{"name":"Damagumo","count":1,"weight":0,"dead_end":false,"group":1,"treasure":"kuri","fall":""},{"name":"Fuefuki","count":1,"weight":0,"dead_end":false,"group":5,"treasure":"ahiru","fall":""},{"name":"Fuefuki","count":1,"weight":0,"dead_end":false,"group":5,"treasure":"ahiru","fall":""},{"name":"GasHiba","count":15,"weight":0,"dead_end":false,"group":5,"treasure":null,"fall":""},{"name":"Houdai","count":1,"weight":0,"dead_end":false,"group":0,"treasure":"key","fall":""},{"name":"Houdai","count":1,"weight":0,"dead_end":false,"group":0,"treasure":"chess_queen_white","fall":""},{"name":"GasHiba","count":10,"weight":0,"dead_end":false,"group":0,"treasure":null,"fall":""},{"name":"KumaKochappy","count":10,"weight":0,"dead_end":false,"group":1,"treasure":"momiji_normal","fall":""}],"treasures":[],"gates":[]},{"name":"Sublevel 22 - Shower room Deluxe","properties":{"unit":"all_units_tile.txt","max_rooms":5,"light":"vs_10_light.ini","music":"new_01_0.cnd","skybox":"none","corridor":0.0,"caps":50,"timer":0,"geyser":false,"clogged":false,"echo":0,"plane":false,"seesaw":false,"version":1,"max_entities":null,"max_trasures":null,"max_gates":null},"entities":[{"name":"FireChappy","count":1,"weight":0,"dead_end":false,"group":0,"treasure":"key","fall":""},{"name":"FireChappy","count":1,"weight":0,"dead_end":false,"group":0,"treasure":"cookie_s_l","fall":""},{"name":"Hanachirashi","count":2,"weight":0,"dead_end":false,"group":1,"treasure":"cookie_s","fall":""},{"name":"Hanachirashi","count":2,"weight":0,"dead_end":false,"group":1,"treasure":"cookie_s","fall":""},{"name":"Jigumo","count":5,"weight":0,"dead_end":false,"group":5,"treasure":"cookie","fall":""},{"name":"ElecHiba","count":10,"weight":0,"dead_end":false,"group":5,"treasure":null,"fall":""},{"name":"UmiMushi","count":1,"weight":0,"dead_end":false,"group":8,"treasure":"be_dama_red","fall":""},{"name":"UmiMushi","count":1,"weight":0,"dead_end":false,"group":8,"treasure":"be_dama_red","fall":""},{"name":"UmiMushi","count":1,"weight":0,"dead_end":false,"group":0,"treasure":"be_dama_red","fall":""},{"name":"BluePom","count":1,"weight":0,"dead_end":true,"group":0,"treasure":null,"fall":""},{"name":"YellowPom","count":1,"weight":0,"dead_end":true,"group":0,"treasure":null,"fall":""},{"name":"BombOtakara","count":4,"weight":0,"dead_end":false,"group":6,"treasure":null,"fall":""},{"name":"Kabuto","count":4,"weight":0,"dead_end":false,"group":0,"treasure":"momiji_normal","fall":""},{"name":"Wtank","count":2,"weight":0,"dead_end":false,"group":1,"treasure":"bird_hane","fall":""},{"name":"Wtank","count":2,"weight":0,"dead_end":false,"group":1,"treasure":"bird_hane","fall":""},{"name":"FireOtakara","count":3,"weight":0,"dead_end":false,"group":1,"treasure":"bird_hane","fall":"$"},{"name":"ElecOtakara","count":3,"weight":0,"dead_end":false,"group":1,"treasure":"bird_hane","fall":"$"},{"name":"GasOtakara","count":3,"weight":0,"dead_end":false,"group":1,"treasure":"bird_hane","fall":"$"},{"name":"WaterOtakara","count":3,"weight":0,"dead_end":false,"group":1,"treasure":"bird_hane","fall":"$"},{"name":"ElecHiba","count":10,"weight":0,"dead_end":false,"group":0,"treasure":null,"fall":""}],"treasures":[],"gates":[]},{"name":"Sublevel 23 - Queen and risky things","properties":{"unit":"1_units_DKumo_conc.txt","max_rooms":1,"light":"sniper_light_lv0.ini","music":"cavemetal_05_3.cnd","skybox":"none","corridor":0.0,"caps":50,"timer":0,"geyser":false,"clogged":true,"echo":0,"plane":false,"seesaw":false,"version":1,"max_entities":null,"max_trasures":null,"max_gates":null},"entities":[{"name":"Queen","count":1,"weight":0,"dead_end":false,"group":1,"treasure":"key","fall":""},{"name":"RandPom","count":2,"weight":0,"dead_end":false,"group":8,"treasure":null,"fall":""},{"name":"TamagoMushi","count":2,"weight":0,"dead_end":false,"group":0,"treasure":null,"fall":""},{"name":"Chappy","count":1,"weight":0,"dead_end":false,"group":0,"treasure":"turi_uki","fall":""},{"name":"BlueChappy","count":1,"weight":0,"dead_end":false,"group":0,"treasure":"turi_uki","fall":""},{"name":"YellowChappy","count":1,"weight":0,"dead_end":false,"group":0,"treasure":"turi_uki","fall":""},{"name":"KingChappy","count":1,"weight":0,"dead_end":false,"group":0,"treasure":"dia_a_red","fall":""},{"name":"KumaChappy","count":1,"weight":0,"dead_end":false,"group":0,"treasure":"badminton","fall":""}],"treasures":[],"gates":[]},{"name":"Sublevel 24 - Vs Titan","properties":{"unit":"1_MAT_manq_conc.txt","max_rooms":1,"light":"tutorial_1_light.ini","music":"caverelax.cnd","skybox":"none","corridor":0.0,"caps":50,"timer":0,"geyser":false,"clogged":false,"echo":0,"plane":false,"seesaw":false,"version":1,"max_entities":null,"max_trasures":null,"max_gates":null},"entities":[{"name":"BigTreasure","count":1,"weight":0,"dead_end":false,"group":1,"treasure":"key","fall":""},{"name":"MaroFrog","count":1,"weight":0,"dead_end":false,"group":0,"treasure":"chocoichigo","fall":""},{"name":"MaroFrog","count":1,"weight":0,"dead_end":false,"group":0,"treasure":"chocoichigo","fall":""},{"name":"Demon","count":1,"weight":0,"dead_end":false,"group":0,"treasure":"chocowhite","fall":""},{"name":"Demon","count":1,"weight":0,"dead_end":false,"group":0,"treasure":"chocowhite","fall":""},{"name":"RandPom","count":1,"weight":0,"dead_end":true,"group":0,"treasure":null,"fall":""},{"name":"RandPom","count":1,"weight":0,"dead_end":true,"group":0,"treasure":null,"fall":""},{"name":"Qurione","count":5,"weight":0,"dead_end":false,"group":5,"treasure":null,"fall":""},{"name":"Fart","count":1,"weight":0,"dead_end":false,"group":5,"treasure":null,"fall":""},{"name":"Wealthy","count":1,"weight":0,"dead_end":false,"group":5,"treasure":null,"fall":""}],"treasures":[],"gates":[]}],"content":null}