{"sublevels":[{"name":"Sublevel 1","properties":{"unit":"1_DEFT_blizzard_m_unique.txt","max_rooms":1,"light":"forest_3_light.ini","music":"new_08_0.cnd","skybox":"none","corridor":0.0,"caps":50,"timer":0,"geyser":false,"clogged":false,"echo":0,"plane":false,"seesaw":false,"version":1,"max_entities":null,"max_trasures":null,"max_gates":null},"entities":[{"name":"FireChappy","count":1,"weight":0,"dead_end":false,"group":8,"treasure":"key","fall":""},{"name":"GasHiba","count":10,"weight":0,"dead_end":false,"group":0,"treasure":null,"fall":""},{"name":"BluePom","count":2,"weight":0,"dead_end":false,"group":6,"treasure":null,"fall":""},{"name":"WhitePom","count":2,"weight":0,"dead_end":false,"group":6,"treasure":null,"fall":""},{"name":"Egg","count":1,"weight":0,"dead_end":false,"group":6,"treasure":null,"fall":""},{"name":"KumaChappy","count":1,"weight":0,"dead_end":false,"group":1,"treasure":"be_dama_blue_l","fall":""},{"name":"KumaKochappy","count":4,"weight":0,"dead_end":false,"group":1,"treasure":"be_dama_red","fall":""},{"name":"Rkabuto","count":1,"weight":0,"dead_end":false,"group":1,"treasure":"donguri","fall":""},{"name":"Rkabuto","count":1,"weight":0,"dead_end":false,"group":1,"treasure":"donguri","fall":""},{"name":"UmiMushiBlind","count":1,"weight":0,"dead_end":false,"group":1,"treasure":"turi_uki","fall":""},{"name":"OniKurage","count":1,"weight":0,"dead_end":false,"group":1,"treasure":"dia_b_blue","fall":""},{"name":"Qurione","count":1,"weight":0,"dead_end":false,"group":1,"treasure":null,"fall":""},{"name":"MaroFrog","count":1,"weight":0,"dead_end":false,"group":1,"treasure":"cookie","fall":""},{"name":"MaroFrog","count":1,"weight":0,"dead_end":false,"group":1,"treasure":"cookie","fall":""},{"name":"RandPom","count":1,"weight":0,"dead_end":false,"group":6,"treasure":null,"fall":""}],"treasures":[{"name":"kinoko","count":1,"weight":0},{"name":"flower_blue","count":1,"weight":0},{"name":"ahiru_head","count":1,"weight":0},{"name":"cookie_s","count":1,"weight":0}],"gates":[]}],"content":null}