{"sublevels":[{"name":"Sublevel 1","properties":{"unit":"1_NARI_4x4c_conc.txt","max_rooms":3,"light":"forest_2_siro_light.ini","music":"cavemetal_05_0.cnd","skybox":"none","corridor":0.2,"caps":100,"timer":0,"geyser":false,"clogged":true,"echo":0,"plane":false,"seesaw":false,"version":1,"max_entities":null,"max_trasures":null,"max_gates":null},"entities":[{"name":"Hiba","count":15,"weight":0,"dead_end":false,"group":0,"treasure":null,"fall":""},{"name":"Hiba","count":15,"weight":0,"dead_end":false,"group":1,"treasure":null,"fall":""},{"name":"Hiba","count":15,"weight":0,"dead_end":true,"group":0,"treasure":null,"fall":""},{"name":"FireOtakara","count":3,"weight":0,"dead_end":false,"group":0,"treasure":null,"fall":""},{"name":"FireOtakara","count":3,"weight":0,"dead_end":false,"group":1,"treasure":null,"fall":""}],"treasures":[{"name":"fire","count":1,"weight":0},{"name":"key","count":1,"weight":0}],"gates":[{"word":"gate","health":500,"weight":1},{"word":"gate","health":600,"weight":1},{"word":"gate","health":1000,"weight":1},{"word":"gate","health":2500,"weight":1}]},{"name":"Sublevel 2","properties":{"unit":"all_units_tile.txt","max_rooms":3,"light":"forest_3_light.ini","music":"cavetile_00_0.cnd","skybox":"none","corridor":0.2,"caps":50,"timer":0,"geyser":false,"clogged":true,"echo":0,"plane":false,"seesaw":false,"version":1,"max_entities":null,"max_trasures":null,"max_gates":null},"entities":[{"name":"Wtank","count":3,"weight":0,"dead_end":false,"group":0,"treasure":null,"fall":""},{"name":"Wtank","count":3,"weight":0,"dead_end":false,"group":1,"treasure":null,"fall":""}],"treasures":[{"name":"diamond_blue_l","count":1,"weight":0},{"name":"key","count":1,"weight":0}],"gates":[{"word":"gate","health":1000,"weight":1},{"word":"gate","health":1000,"weight":1}]},{"name":"Sublevel 3","properties":{"unit":"1_ABE_ari_metal.txt","max_rooms":3,"light":"sniper_light_lv0.ini","music":"cavesoil_00_0.cnd","skybox":"none","corridor":0.2,"caps":50,"timer":0,"geyser":false,"clogged":true,"echo":0,"plane":false,"seesaw":false,"version":1,"max_entities":null,"max_trasures":null,"max_gates":null},"entities":[{"name":"Hiba","count":5,"weight":0,"dead_end":false,"group":0,"treasure":null,"fall":""},{"name":"Hiba","count":5,"weight":0,"dead_end":false,"group":1,"treasure":null,"fall":""},{"name":"Hiba","count":5,"weight":0,"dead_end":true,"group":0,"treasure":null,"fall":""},{"name":"FireChappy","count":1,"weight":0,"dead_end":false,"group":0,"treasure":"key","fall":""},{"name":"Wtank","count":1,"weight":0,"dead_end":false,"group":1,"treasure":null,"fall":""},{"name":"Tank","count":1,"weight":0,"dead_end":false,"group":0,"treasure":null,"fall":""},{"name":"FireOtakara","count":2,"weight":0,"dead_end":false,"group":0,"treasure":null,"fall":""},{"name":"WaterOtakara","count":2,"weight":0,"dead_end":false,"group":1,"treasure":null,"fall":""}],"treasures":[{"name":"fire","count":1,"weight":0},{"name":"diamond_blue_l","count":1,"weight":0}],"gates":[{"word":"gate","health":1000,"weight":1}]},{"name":"Sublevel 4","properties":{"unit":"all_units_water_tsuchi.txt","max_rooms":3,"light":"bluefog00.ini","music":"new_01_0.cnd","skybox":"none","corridor":0.2,"caps":50,"timer":0,"geyser":true,"clogged":false,"echo":0,"plane":false,"seesaw":false,"version":1,"max_entities":null,"max_trasures":null,"max_gates":null},"entities":[{"name":"WaterOtakara","count":2,"weight":0,"dead_end":false,"group":1,"treasure":null,"fall":""},{"name":"WaterOtakara","count":2,"weight":0,"dead_end":false,"group":0,"treasure":null,"fall":""},{"name":"FireOtakara","count":2,"weight":0,"dead_end":false,"group":0,"treasure":null,"fall":""},{"name":"FireOtakara","count":2,"weight":0,"dead_end":false,"group":1,"treasure":null,"fall":""},{"name":"Wtank","count":2,"weight":0,"dead_end":false,"group":1,"treasure":null,"fall":""},{"name":"Tank","count":2,"weight":0,"dead_end":false,"group":0,"treasure":null,"fall":""},{"name":"Hiba","count":10,"weight":0,"dead_end":false,"group":1,"treasure":null,"fall":""},{"name":"FireChappy","count":1,"weight":0,"dead_end":false,"group":1,"treasure":"key","fall":""}],"treasures":[],"gates":[{"word":"gate","health":1200,"weight":1}]}],"content":null}