{"sublevels":[{"name":"Sublevel 1 - Sublevel 1","properties":{"unit":"vs_7_kusachi.txt","max_rooms":4,"light":"bluefog00.ini","music":"caveconc_10_1.cnd","skybox":"hiroba","corridor":0.13,"caps":100,"timer":999999,"geyser":false,"clogged":false,"echo":0,"plane":true,"seesaw":false,"version":1,"max_entities":null,"max_trasures":null,"max_gates":null},"entities":[{"name":"Kochappy","count":15,"weight":0,"dead_end":false,"group":0,"treasure":null,"fall":""},{"name":"Sokkuri","count":12,"weight":0,"dead_end":false,"group":1,"treasure":null,"fall":""},{"name":"BlackPom","count":3,"weight":0,"dead_end":true,"group":0,"treasure":null,"fall":""},{"name":"HikariKinoko","count":10,"weight":0,"dead_end":false,"group":6,"treasure":null,"fall":""},{"name":"Egg","count":3,"weight":0,"dead_end":true,"group":0,"treasure":null,"fall":"$"},{"name":"Chappy","count":1,"weight":0,"dead_end":false,"group":1,"treasure":"radar_a","fall":""}],"treasures":[],"gates":[]},{"name":"Sublevel 2 - Sublevel 2","properties":{"unit":"3_units_f_l_o_conc.txt","max_rooms":3,"light":"bluefog00.ini","music":"cavesoil_05_2.cnd","skybox":"build","corridor":0.14,"caps":100,"timer":999999,"geyser":false,"clogged":true,"echo":0,"plane":false,"seesaw":false,"version":1,"max_entities":null,"max_trasures":null,"max_gates":null},"entities":[{"name":"YellowChappy","count":4,"weight":0,"dead_end":false,"group":1,"treasure":null,"fall":""},{"name":"PanModoki","count":1,"weight":0,"dead_end":false,"group":0,"treasure":null,"fall":""},{"name":"Tank","count":3,"weight":0,"dead_end":false,"group":1,"treasure":null,"fall":""},{"name":"Wtank","count":1,"weight":0,"dead_end":true,"group":0,"treasure":"denchi_2_black","fall":"$2"},{"name":"PanHouse","count":1,"weight":0,"dead_end":false,"group":0,"treasure":null,"fall":""}],"treasures":[{"name":"leaf_yellow","count":1,"weight":0}],"gates":[]},{"name":"Sublevel 3 - Sublevel 3","properties":{"unit":"snowy.txt","max_rooms":2,"light":"bluefog00.ini","music":"","skybox":"ice","corridor":0.135,"caps":100,"timer":999999,"geyser":false,"clogged":false,"echo":0,"plane":false,"seesaw":false,"version":1,"max_entities":null,"max_trasures":null,"max_gates":null},"entities":[{"name":"RandPom","count":2,"weight":0,"dead_end":true,"group":0,"treasure":null,"fall":""},{"name":"Qurione","count":2,"weight":0,"dead_end":false,"group":0,"treasure":null,"fall":""},{"name":"BlackPom","count":1,"weight":0,"dead_end":false,"group":1,"treasure":null,"fall":""},{"name":"Magaret","count":12,"weight":0,"dead_end":false,"group":6,"treasure":null,"fall":""}],"treasures":[],"gates":[]},{"name":"Sublevel 4 - Final Floor","properties":{"unit":"shower lookin.txt","max_rooms":4,"light":"bluefog00.ini","music":"new_00_1.cnd","skybox":"none","corridor":0.13,"caps":100,"timer":999999,"geyser":true,"clogged":false,"echo":0,"plane":false,"seesaw":false,"version":1,"max_entities":null,"max_trasures":null,"max_gates":null},"entities":[{"name":"YellowChappy","count":4,"weight":0,"dead_end":false,"group":0,"treasure":null,"fall":""},{"name":"YellowKochappy","count":16,"weight":0,"dead_end":false,"group":1,"treasure":null,"fall":""},{"name":"Hiba","count":12,"weight":0,"dead_end":false,"group":5,"treasure":null,"fall":""},{"name":"BlackPom","count":1,"weight":0,"dead_end":true,"group":0,"treasure":"map01","fall":"$3"},{"name":"Wealthy","count":1,"weight":0,"dead_end":false,"group":6,"treasure":"tape_yellow","fall":""}],"treasures":[],"gates":[{"word":"gate","health":3000,"weight":1},{"word":"gate","health":3000,"weight":1}]}],"content":null}