{"sublevels":[{"name":"Sublevel 1","properties":{"unit":"1_units_torigoya_kusachi.txt","max_rooms":1,"light":"normal_light_lv2.ini","music":"new_07_0.cnd","skybox":"ice","corridor":0.2,"caps":50,"timer":0,"geyser":false,"clogged":false,"echo":0,"plane":false,"seesaw":false,"version":1,"max_entities":null,"max_trasures":null,"max_gates":null},"entities":[{"name":"MaroFrog","count":2,"weight":0,"dead_end":false,"group":0,"treasure":"badminton","fall":""},{"name":"HikariKinoko","count":1,"weight":0,"dead_end":false,"group":0,"treasure":null,"fall":""},{"name":"PanModoki","count":1,"weight":0,"dead_end":false,"group":1,"treasure":"key","fall":""}],"treasures":[],"gates":[]},{"name":"Sublevel 2","properties":{"unit":"1_MAT_danh_conc.txt","max_rooms":2,"light":"sirohana_light_lv0.ini","music":"caveconc_10_1.cnd","skybox":"ice","corridor":0.2,"caps":50,"timer":0,"geyser":false,"clogged":false,"echo":0,"plane":true,"seesaw":false,"version":1,"max_entities":null,"max_trasures":null,"max_gates":null},"entities":[{"name":"LeafChappy","count":1,"weight":0,"dead_end":false,"group":0,"treasure":"dia_a_blue","fall":""},{"name":"LeafChappy","count":1,"weight":0,"dead_end":false,"group":0,"treasure":"dia_a_blue","fall":""},{"name":"Clover","count":10,"weight":0,"dead_end":false,"group":6,"treasure":null,"fall":""},{"name":"Clover","count":10,"weight":0,"dead_end":false,"group":6,"treasure":null,"fall":""},{"name":"Clover","count":10,"weight":0,"dead_end":false,"group":6,"treasure":null,"fall":""},{"name":"Clover","count":10,"weight":0,"dead_end":false,"group":6,"treasure":null,"fall":""},{"name":"Clover","count":10,"weight":0,"dead_end":false,"group":6,"treasure":null,"fall":""},{"name":"Clover","count":10,"weight":0,"dead_end":false,"group":6,"treasure":null,"fall":""},{"name":"Hana","count":1,"weight":3,"dead_end":false,"group":0,"treasure":"g_futa_kajiwara","fall":""},{"name":"Hana","count":1,"weight":1,"dead_end":false,"group":0,"treasure":"g_futa_kajiwara","fall":""},{"name":"BlueKochappy","count":1,"weight":0,"dead_end":false,"group":0,"treasure":"gum_tape","fall":"$2"},{"name":"BlueKochappy","count":1,"weight":0,"dead_end":false,"group":0,"treasure":"gum_tape","fall":"$2"},{"name":"BlueKochappy","count":1,"weight":0,"dead_end":false,"group":0,"treasure":"key","fall":"$2"}],"treasures":[],"gates":[]},{"name":"Sublevel 3","properties":{"unit":"3_units_f_k_pypes_conc.txt","max_rooms":3,"light":"toy_light_cha.ini","music":"cavemetal_10_1.cnd","skybox":"ice","corridor":0.2,"caps":50,"timer":0,"geyser":false,"clogged":false,"echo":0,"plane":false,"seesaw":false,"version":1,"max_entities":null,"max_trasures":null,"max_gates":null},"entities":[{"name":"Kochappy","count":1,"weight":0,"dead_end":false,"group":0,"treasure":"denchi_1_black","fall":""},{"name":"Kochappy","count":1,"weight":0,"dead_end":false,"group":0,"treasure":"denchi_1_black","fall":""},{"name":"Kochappy","count":1,"weight":0,"dead_end":false,"group":0,"treasure":"denchi_1_black","fall":""},{"name":"Kochappy","count":1,"weight":0,"dead_end":false,"group":0,"treasure":"denchi_1_black","fall":""},{"name":"Kochappy","count":1,"weight":0,"dead_end":false,"group":0,"treasure":"denchi_1_black","fall":""},{"name":"Armor","count":1,"weight":0,"dead_end":false,"group":0,"treasure":"key","fall":""},{"name":"Armor","count":1,"weight":0,"dead_end":false,"group":0,"treasure":"kan_maruha","fall":""},{"name":"HikariKinoko","count":10,"weight":0,"dead_end":false,"group":6,"treasure":null,"fall":""},{"name":"HikariKinoko","count":10,"weight":0,"dead_end":false,"group":6,"treasure":null,"fall":""},{"name":"HikariKinoko","count":10,"weight":0,"dead_end":false,"group":6,"treasure":null,"fall":""}],"treasures":[{"name":"milk_cap","count":1,"weight":0},{"name":"milk_cap","count":1,"weight":0},{"name":"milk_cap","count":1,"weight":0}],"gates":[]},{"name":"Sublevel 4","properties":{"unit":"1_units_bunki_tile.txt","max_rooms":1,"light":"yakushima_2_light.ini","music":"caveglass_10_0.cnd","skybox":"ice","corridor":0.2,"caps":50,"timer":0,"geyser":false,"clogged":false,"echo":0,"plane":false,"seesaw":false,"version":1,"max_entities":null,"max_trasures":null,"max_gates":null},"entities":[{"name":"Catfish","count":4,"weight":0,"dead_end":false,"group":0,"treasure":"ichigo","fall":""},{"name":"Catfish","count":4,"weight":0,"dead_end":false,"group":0,"treasure":"ichigo","fall":""},{"name":"Catfish","count":4,"weight":0,"dead_end":false,"group":0,"treasure":"ichigo","fall":""},{"name":"Catfish","count":4,"weight":0,"dead_end":false,"group":0,"treasure":"ichigo","fall":""},{"name":"Catfish","count":4,"weight":0,"dead_end":false,"group":0,"treasure":"ichigo","fall":""},{"name":"Catfish","count":4,"weight":0,"dead_end":false,"group":0,"treasure":"ichigo","fall":""},{"name":"Catfish","count":4,"weight":0,"dead_end":false,"group":0,"treasure":"ichigo","fall":""},{"name":"Mar","count":1,"weight":0,"dead_end":true,"group":0,"treasure":"key","fall":""}],"treasures":[],"gates":[]},{"name":"Sublevel 5","properties":{"unit":"1_units_north_tutorial_snow.txt","max_rooms":1,"light":"kusachi_light_cha.ini","music":"caveglass_00_0.cnd","skybox":"ice","corridor":0.2,"caps":50,"timer":0,"geyser":false,"clogged":false,"echo":0,"plane":false,"seesaw":false,"version":1,"max_entities":null,"max_trasures":null,"max_gates":null},"entities":[{"name":"Rkabuto","count":1,"weight":0,"dead_end":false,"group":0,"treasure":"bolt_l","fall":""},{"name":"Rkabuto","count":1,"weight":0,"dead_end":false,"group":0,"treasure":"bolt_l","fall":""},{"name":"Rkabuto","count":1,"weight":0,"dead_end":false,"group":0,"treasure":"bolt_l","fall":""},{"name":"KumaKochappy","count":3,"weight":0,"dead_end":false,"group":1,"treasure":"donutsichigo","fall":""},{"name":"KumaKochappy","count":3,"weight":0,"dead_end":false,"group":1,"treasure":"donutsichigo","fall":""}],"treasures":[{"name":"key","count":1,"weight":0}],"gates":[]},{"name":"Sublevel 6","properties":{"unit":"4_ABE_a_b_e_m_conc.txt","max_rooms":2,"light":"yakushima_2_light.ini","music":"caveconc_10_1.cnd","skybox":"none","corridor":0.2,"caps":50,"timer":0,"geyser":false,"clogged":false,"echo":0,"plane":false,"seesaw":false,"version":1,"max_entities":null,"max_trasures":null,"max_gates":null},"entities":[{"name":"Tukushi","count":10,"weight":0,"dead_end":false,"group":6,"treasure":null,"fall":""},{"name":"Tukushi","count":10,"weight":0,"dead_end":false,"group":6,"treasure":null,"fall":""},{"name":"Tukushi","count":10,"weight":0,"dead_end":false,"group":6,"treasure":null,"fall":""},{"name":"Tukushi","count":10,"weight":0,"dead_end":false,"group":6,"treasure":null,"fall":""},{"name":"Wealthy","count":1,"weight":0,"dead_end":false,"group":0,"treasure":"key","fall":""},{"name":"YellowChappy","count":1,"weight":0,"dead_end":false,"group":0,"treasure":"locket","fall":""},{"name":"YellowChappy","count":1,"weight":0,"dead_end":false,"group":0,"treasure":"locket","fall":""}],"treasures":[],"gates":[{"word":"gate","health":10,"weight":1}]},{"name":"Sublevel 7","properties":{"unit":"2_ABE_d_dry_tile.txt","max_rooms":2,"light":"jyoou_light_lv2.ini","music":"cavemetal_00_3.cnd","skybox":"ice","corridor":0.2,"caps":50,"timer":0,"geyser":true,"clogged":false,"echo":0,"plane":false,"seesaw":false,"version":1,"max_entities":null,"max_trasures":null,"max_gates":null},"entities":[{"name":"YellowKochappy","count":5,"weight":0,"dead_end":false,"group":0,"treasure":"chess_queen_black","fall":""},{"name":"YellowKochappy","count":5,"weight":0,"dead_end":false,"group":0,"treasure":"chess_queen_black","fall":""},{"name":"YellowKochappy","count":5,"weight":0,"dead_end":false,"group":0,"treasure":"chess_queen_black","fall":""},{"name":"YellowKochappy","count":5,"weight":0,"dead_end":false,"group":0,"treasure":"chess_queen_black","fall":""},{"name":"OoPanModoki","count":5,"weight":0,"dead_end":true,"group":0,"treasure":"key","fall":""}],"treasures":[],"gates":[]}],"content":null}