{"sublevels":[{"name":"Sublevel 1 - Blue Bathroom","properties":{"unit":"2_ABE_d_dry_tile.txt","max_rooms":5,"light":"houdai_light.ini","music":"new_01_0.cnd","skybox":"none","corridor":0.085,"caps":50,"timer":0,"geyser":true,"clogged":false,"echo":0,"plane":false,"seesaw":false,"version":1,"max_entities":null,"max_trasures":null,"max_gates":null},"entities":[{"name":"Mar","count":1,"weight":0,"dead_end":false,"group":1,"treasure":"sensya","fall":"$2"},{"name":"Mar","count":1,"weight":0,"dead_end":true,"group":0,"treasure":"key","fall":"$2"},{"name":"Kurage","count":1,"weight":0,"dead_end":false,"group":1,"treasure":"be_dama_blue_l","fall":"$2"},{"name":"YellowKochappy","count":3,"weight":0,"dead_end":false,"group":0,"treasure":"be_dama_blue","fall":""},{"name":"YellowKochappy","count":3,"weight":0,"dead_end":false,"group":0,"treasure":"be_dama_blue","fall":""},{"name":"YellowKochappy","count":2,"weight":0,"dead_end":false,"group":0,"treasure":"be_dama_blue","fall":""},{"name":"YellowKochappy","count":2,"weight":0,"dead_end":false,"group":1,"treasure":"be_dama_blue","fall":""},{"name":"YellowKochappy","count":1,"weight":0,"dead_end":false,"group":1,"treasure":"be_dama_blue","fall":""},{"name":"YellowKochappy","count":1,"weight":0,"dead_end":false,"group":1,"treasure":"be_dama_blue","fall":""},{"name":"YellowKochappy","count":1,"weight":0,"dead_end":false,"group":5,"treasure":null,"fall":""},{"name":"YellowKochappy","count":2,"weight":0,"dead_end":false,"group":5,"treasure":null,"fall":""},{"name":"YellowKochappy","count":2,"weight":0,"dead_end":false,"group":5,"treasure":null,"fall":""},{"name":"YellowKochappy","count":3,"weight":0,"dead_end":false,"group":5,"treasure":null,"fall":""},{"name":"Catfish","count":1,"weight":0,"dead_end":false,"group":1,"treasure":"dia_b_red","fall":""},{"name":"Catfish","count":1,"weight":0,"dead_end":false,"group":1,"treasure":"dia_b_red","fall":""},{"name":"Catfish","count":2,"weight":0,"dead_end":false,"group":1,"treasure":"dia_b_red","fall":""},{"name":"Catfish","count":2,"weight":0,"dead_end":false,"group":0,"treasure":"dia_b_red","fall":""},{"name":"Catfish","count":1,"weight":0,"dead_end":false,"group":5,"treasure":"dia_b_red","fall":""},{"name":"Catfish","count":1,"weight":0,"dead_end":false,"group":5,"treasure":null,"fall":""},{"name":"Catfish","count":1,"weight":0,"dead_end":false,"group":5,"treasure":null,"fall":""},{"name":"YellowChappy","count":1,"weight":0,"dead_end":false,"group":5,"treasure":"diamond_blue_l","fall":""},{"name":"YellowChappy","count":1,"weight":0,"dead_end":false,"group":5,"treasure":"diamond_blue_l","fall":""},{"name":"YellowChappy","count":2,"weight":0,"dead_end":false,"group":5,"treasure":"diamond_blue_l","fall":""},{"name":"YellowChappy","count":2,"weight":0,"dead_end":false,"group":0,"treasure":"diamond_blue_l","fall":""},{"name":"YellowChappy","count":1,"weight":0,"dead_end":false,"group":1,"treasure":"diamond_blue_l","fall":""},{"name":"Wtank","count":1,"weight":0,"dead_end":false,"group":1,"treasure":"j_block_blue","fall":""},{"name":"Wtank","count":1,"weight":0,"dead_end":false,"group":0,"treasure":"j_block_blue","fall":""},{"name":"Wtank","count":1,"weight":0,"dead_end":false,"group":5,"treasure":"j_block_blue","fall":""},{"name":"Wtank","count":1,"weight":0,"dead_end":false,"group":5,"treasure":"j_block_blue","fall":""},{"name":"HikariKinoko","count":3,"weight":0,"dead_end":false,"group":0,"treasure":null,"fall":""},{"name":"HikariKinoko","count":1,"weight":0,"dead_end":false,"group":0,"treasure":null,"fall":""},{"name":"HikariKinoko","count":1,"weight":0,"dead_end":false,"group":0,"treasure":null,"fall":""},{"name":"HikariKinoko","count":1,"weight":0,"dead_end":false,"group":1,"treasure":null,"fall":""},{"name":"HikariKinoko","count":2,"weight":0,"dead_end":false,"group":1,"treasure":null,"fall":""},{"name":"HikariKinoko","count":2,"weight":0,"dead_end":false,"group":1,"treasure":null,"fall":""},{"name":"HikariKinoko","count":2,"weight":0,"dead_end":false,"group":5,"treasure":null,"fall":""},{"name":"HikariKinoko","count":1,"weight":0,"dead_end":false,"group":5,"treasure":null,"fall":""},{"name":"HikariKinoko","count":1,"weight":0,"dead_end":false,"group":5,"treasure":null,"fall":""},{"name":"HikariKinoko","count":1,"weight":0,"dead_end":false,"group":5,"treasure":null,"fall":""},{"name":"Zenmai","count":1,"weight":0,"dead_end":false,"group":5,"treasure":null,"fall":""},{"name":"Zenmai","count":1,"weight":0,"dead_end":false,"group":5,"treasure":null,"fall":""},{"name":"Zenmai","count":2,"weight":0,"dead_end":false,"group":5,"treasure":null,"fall":""},{"name":"Zenmai","count":1,"weight":0,"dead_end":false,"group":5,"treasure":null,"fall":""},{"name":"WaterOtakara","count":1,"weight":0,"dead_end":false,"group":5,"treasure":null,"fall":"$4"},{"name":"WaterOtakara","count":1,"weight":0,"dead_end":false,"group":5,"treasure":null,"fall":"$4"},{"name":"WaterOtakara","count":2,"weight":0,"dead_end":false,"group":5,"treasure":null,"fall":"$4"},{"name":"WaterOtakara","count":2,"weight":0,"dead_end":false,"group":5,"treasure":null,"fall":"$4"},{"name":"WaterOtakara","count":3,"weight":0,"dead_end":false,"group":0,"treasure":null,"fall":"$4"},{"name":"WaterOtakara","count":3,"weight":0,"dead_end":false,"group":1,"treasure":null,"fall":"$4"},{"name":"WaterOtakara","count":2,"weight":0,"dead_end":false,"group":1,"treasure":null,"fall":"$4"},{"name":"WaterOtakara","count":1,"weight":0,"dead_end":false,"group":1,"treasure":null,"fall":"$4"},{"name":"WaterOtakara","count":1,"weight":0,"dead_end":false,"group":1,"treasure":null,"fall":"$4"},{"name":"WaterOtakara","count":2,"weight":0,"dead_end":false,"group":0,"treasure":null,"fall":"$4"},{"name":"WaterOtakara","count":1,"weight":0,"dead_end":false,"group":0,"treasure":null,"fall":"$4"},{"name":"Tadpole","count":1,"weight":0,"dead_end":false,"group":0,"treasure":null,"fall":"$4"},{"name":"Tadpole","count":1,"weight":0,"dead_end":false,"group":0,"treasure":null,"fall":"$4"},{"name":"Tadpole","count":2,"weight":0,"dead_end":false,"group":0,"treasure":null,"fall":"$4"},{"name":"Tadpole","count":3,"weight":0,"dead_end":false,"group":1,"treasure":null,"fall":"$4"},{"name":"Tadpole","count":2,"weight":0,"dead_end":false,"group":1,"treasure":null,"fall":"$4"},{"name":"Tadpole","count":2,"weight":0,"dead_end":false,"group":5,"treasure":null,"fall":"$4"},{"name":"Tadpole","count":2,"weight":0,"dead_end":false,"group":5,"treasure":null,"fall":"$4"},{"name":"Tadpole","count":1,"weight":0,"dead_end":false,"group":5,"treasure":null,"fall":"$4"},{"name":"Tadpole","count":1,"weight":0,"dead_end":false,"group":5,"treasure":null,"fall":"$4"},{"name":"YellowChappy","count":1,"weight":0,"dead_end":false,"group":1,"treasure":"kan","fall":""},{"name":"YellowChappy","count":1,"weight":0,"dead_end":false,"group":1,"treasure":"kan","fall":""},{"name":"YellowChappy","count":1,"weight":0,"dead_end":false,"group":1,"treasure":null,"fall":""},{"name":"YellowChappy","count":2,"weight":0,"dead_end":false,"group":5,"treasure":"diamond_blue_l","fall":""},{"name":"YellowChappy","count":1,"weight":0,"dead_end":false,"group":5,"treasure":"diamond_blue_l","fall":""}],"treasures":[],"gates":[]}],"content":null}