{"sublevels":[{"name":"Sublevel 1","properties":{"unit":"3_units_f_k_pypes_conc.txt","max_rooms":6,"light":"key_light_lv1.ini","music":"new_07_0.cnd","skybox":"none","corridor":0.15,"caps":100,"timer":0,"geyser":false,"clogged":false,"echo":0,"plane":false,"seesaw":false,"version":1,"max_entities":null,"max_trasures":null,"max_gates":null},"entities":[{"name":"Miulin","count":10,"weight":0,"dead_end":false,"group":0,"treasure":null,"fall":""},{"name":"Miulin","count":10,"weight":0,"dead_end":false,"group":1,"treasure":null,"fall":""},{"name":"HikariKinoko","count":5,"weight":0,"dead_end":false,"group":6,"treasure":null,"fall":""},{"name":"Tanpopo","count":5,"weight":0,"dead_end":false,"group":6,"treasure":null,"fall":""},{"name":"Magaret","count":5,"weight":0,"dead_end":false,"group":6,"treasure":null,"fall":""},{"name":"Clover","count":5,"weight":0,"dead_end":false,"group":6,"treasure":null,"fall":""},{"name":"DaiodoRed","count":5,"weight":0,"dead_end":false,"group":6,"treasure":null,"fall":""},{"name":"DaiodoGreen","count":5,"weight":0,"dead_end":false,"group":6,"treasure":null,"fall":""},{"name":"Wakame_s","count":5,"weight":0,"dead_end":false,"group":6,"treasure":null,"fall":""}],"treasures":[{"name":"radar_a","count":1,"weight":0},{"name":"radar_b","count":1,"weight":0},{"name":"fue_a","count":1,"weight":0},{"name":"dashboots","count":1,"weight":0},{"name":"light_a","count":1,"weight":0},{"name":"suit_fire","count":1,"weight":0},{"name":"fue_b","count":1,"weight":0},{"name":"suit_powerup","count":1,"weight":0},{"name":"fue_wide","count":1,"weight":0},{"name":"fue_pullout","count":1,"weight":0},{"name":"key","count":1,"weight":0},{"name":"elec","count":1,"weight":0},{"name":"fire","count":1,"weight":0},{"name":"gas","count":1,"weight":0},{"name":"water","count":1,"weight":0}],"gates":[{"word":"gate","health":1000,"weight":1},{"word":"gate","health":1000,"weight":1},{"word":"gate","health":1000,"weight":1},{"word":"gate","health":1000,"weight":1},{"word":"gate","health":1000,"weight":1}]}],"content":null}