{"sublevels":[{"name":"Sublevel 1 - Jesus","properties":{"unit":"3_MAT_hit2_hit3_blk1_snow.txt","max_rooms":6,"light":"vs_10_light.ini","music":"cavemetal_05_0.cnd","skybox":"none","corridor":0.07,"caps":25,"timer":0,"geyser":true,"clogged":false,"echo":0,"plane":false,"seesaw":false,"version":1,"max_entities":null,"max_trasures":null,"max_gates":null},"entities":[{"name":"PanModoki","count":1,"weight":0,"dead_end":false,"group":1,"treasure":"yoyo_red","fall":""},{"name":"PanModoki","count":1,"weight":0,"dead_end":false,"group":1,"treasure":"key","fall":""},{"name":"PanModoki","count":1,"weight":0,"dead_end":false,"group":1,"treasure":"chess_king_black","fall":""},{"name":"PanModoki","count":1,"weight":0,"dead_end":false,"group":1,"treasure":"kan","fall":""},{"name":"PanModoki","count":1,"weight":0,"dead_end":false,"group":1,"treasure":"leaf_kare","fall":""},{"name":"PanModoki","count":1,"weight":0,"dead_end":false,"group":0,"treasure":"tatebue","fall":""},{"name":"PanModoki","count":1,"weight":0,"dead_end":false,"group":0,"treasure":"dia_b_red","fall":""},{"name":"PanModoki","count":1,"weight":0,"dead_end":false,"group":0,"treasure":"j_block_green","fall":""},{"name":"PanModoki","count":1,"weight":0,"dead_end":false,"group":0,"treasure":"kan_meidiya","fall":""},{"name":"PanModoki","count":1,"weight":0,"dead_end":false,"group":0,"treasure":"bell_blue","fall":""},{"name":"PanModoki","count":1,"weight":0,"dead_end":false,"group":0,"treasure":"bane","fall":""},{"name":"PanModoki","count":1,"weight":0,"dead_end":false,"group":1,"treasure":"otama","fall":""},{"name":"PanModoki","count":1,"weight":0,"dead_end":false,"group":1,"treasure":"chocowhite_l","fall":""}],"treasures":[{"name":"badminton","count":1,"weight":0},{"name":"turi_uki","count":1,"weight":0},{"name":"donutschoco_s","count":1,"weight":0},{"name":"cookie_s","count":1,"weight":0},{"name":"baum_kuchen","count":1,"weight":0},{"name":"castanets","count":1,"weight":0},{"name":"bell","count":1,"weight":0},{"name":"creap","count":1,"weight":0},{"name":"mojiban","count":1,"weight":0},{"name":"baum_kuchen_s","count":1,"weight":0},{"name":"channel","count":1,"weight":0},{"name":"toy_cat","count":1,"weight":0}],"gates":[]}],"content":null}