{"sublevels":[{"name":"Sublevel 1 - BreadFloor","properties":{"unit":"4_ABE_a_b_e_m_conc.txt","max_rooms":4,"light":"normal_light_lv0.ini","music":"caveconc_10_0.cnd","skybox":"none","corridor":0.06,"caps":50,"timer":0,"geyser":false,"clogged":false,"echo":0,"plane":false,"seesaw":false,"version":1,"max_entities":null,"max_trasures":null,"max_gates":null},"entities":[{"name":"PanModoki","count":3,"weight":0,"dead_end":false,"group":0,"treasure":"dia_c_blue","fall":""},{"name":"Sarai","count":2,"weight":0,"dead_end":false,"group":0,"treasure":"whistle","fall":""},{"name":"Tobi","count":10,"weight":0,"dead_end":false,"group":1,"treasure":"cookie","fall":""},{"name":"Frog","count":1,"weight":0,"dead_end":false,"group":1,"treasure":"key","fall":""},{"name":"PanModoki","count":1,"weight":0,"dead_end":false,"group":1,"treasure":"mojiban","fall":""}],"treasures":[{"name":"donutschoco","count":1,"weight":0},{"name":"be_dama_yellow_l","count":1,"weight":0},{"name":"be_dama_red_l","count":1,"weight":0},{"name":"chocolate_l","count":1,"weight":0},{"name":"toy_ring_a_green","count":1,"weight":0},{"name":"toy_ring_b_red","count":1,"weight":0},{"name":"channel","count":1,"weight":0}],"gates":[]},{"name":"Sublevel 2 - GiantBreadFloor","properties":{"unit":"2_MAT_a_m_conc.txt","max_rooms":5,"light":"normal_light_lv0.ini","music":"caveconc_05_0.cnd","skybox":"none","corridor":0.04,"caps":50,"timer":0,"geyser":false,"clogged":false,"echo":0,"plane":false,"seesaw":false,"version":1,"max_entities":null,"max_trasures":null,"max_gates":null},"entities":[{"name":"OoPanModoki","count":1,"weight":0,"dead_end":false,"group":1,"treasure":"key","fall":""},{"name":"PanModoki","count":3,"weight":0,"dead_end":false,"group":1,"treasure":"denchi_3_red","fall":""},{"name":"Chappy","count":3,"weight":0,"dead_end":false,"group":0,"treasure":"g_futa_nihonraku","fall":""},{"name":"OoPanModoki","count":1,"weight":0,"dead_end":false,"group":1,"treasure":"gold_medal","fall":""}],"treasures":[{"name":"juji_key","count":1,"weight":0},{"name":"cookie_u_l","count":1,"weight":0},{"name":"cookie_m_l","count":1,"weight":0},{"name":"sinkukan_b","count":1,"weight":0},{"name":"be_dama_yellow","count":1,"weight":0},{"name":"chocowhite","count":1,"weight":0},{"name":"kuri","count":1,"weight":0}],"gates":[]}],"content":null}