{"sublevels":[{"name":"Sublevel 1 - SnitchbugsAntenna","properties":{"unit":"2_units_ike2_hit1_tsuchi.txt","max_rooms":2,"light":"normal_light_cha.ini","music":"cavesoil_10_3.cnd","skybox":"none","corridor":0.0,"caps":50,"timer":0,"geyser":false,"clogged":false,"echo":0,"plane":false,"seesaw":false,"version":1,"max_entities":49,"max_trasures":null,"max_gates":null},"entities":[{"name":"Fuefuki","count":1,"weight":0,"dead_end":false,"group":8,"treasure":"key","fall":""},{"name":"Sarai","count":3,"weight":0,"dead_end":false,"group":1,"treasure":"cookie_s","fall":""},{"name":"Sarai","count":4,"weight":0,"dead_end":false,"group":5,"treasure":"cookie_s","fall":"$4"},{"name":"UjiA","count":6,"weight":0,"dead_end":false,"group":0,"treasure":null,"fall":""},{"name":"Clover","count":7,"weight":0,"dead_end":false,"group":6,"treasure":null,"fall":""},{"name":"Ooinu_s","count":3,"weight":0,"dead_end":false,"group":6,"treasure":null,"fall":""},{"name":"Ooinu_l","count":1,"weight":0,"dead_end":false,"group":6,"treasure":null,"fall":""}],"treasures":[{"name":"cookie_s_l","count":1,"weight":0},{"name":"cookie_m_l","count":1,"weight":0},{"name":"cookie_u_l","count":1,"weight":0}],"gates":[]},{"name":"Sublevel 2 - WitheringSkittersDweevils","properties":{"unit":"custom_units_harmless_hole_sub2.txt","max_rooms":2,"light":"normal_light_cha.ini","music":"cavesoil_00_0.cnd","skybox":"none","corridor":0.0,"caps":50,"timer":0,"geyser":false,"clogged":false,"echo":0,"plane":false,"seesaw":false,"version":1,"max_entities":60,"max_trasures":null,"max_gates":null},"entities":[{"name":"Sokkuri","count":1,"weight":0,"dead_end":false,"group":0,"treasure":"key","fall":""},{"name":"WaterOtakara","count":1,"weight":0,"dead_end":false,"group":0,"treasure":"flower_blue","fall":""},{"name":"WaterOtakara","count":1,"weight":0,"dead_end":false,"group":0,"treasure":"flower_blue","fall":""},{"name":"WaterOtakara","count":1,"weight":0,"dead_end":false,"group":0,"treasure":"flower_blue","fall":""},{"name":"WaterOtakara","count":1,"weight":0,"dead_end":false,"group":0,"treasure":"flower_blue","fall":""},{"name":"Sokkuri","count":15,"weight":0,"dead_end":false,"group":0,"treasure":"momiji_normal","fall":""},{"name":"Hanachirashi","count":3,"weight":0,"dead_end":false,"group":1,"treasure":"matu_bokkuri","fall":""},{"name":"Hanachirashi","count":1,"weight":0,"dead_end":false,"group":1,"treasure":"matu_bokkuri","fall":"$4"},{"name":"WaterOtakara","count":4,"weight":0,"dead_end":false,"group":5,"treasure":"flower_blue","fall":"$4"},{"name":"KareOoinu_s","count":3,"weight":0,"dead_end":false,"group":6,"treasure":null,"fall":""},{"name":"Zenmai","count":2,"weight":0,"dead_end":false,"group":6,"treasure":null,"fall":""}],"treasures":[{"name":"kinoko","count":1,"weight":0},{"name":"kinoko_tubu","count":1,"weight":0}],"gates":[]},{"name":"Sublevel 3 - BeetleMazeMitites","properties":{"unit":"custom_units_harmless_hole_sub3.txt","max_rooms":10,"light":"normal_light_cha.ini","music":"cavesoil_05_0.cnd","skybox":"none","corridor":0.1,"caps":50,"timer":0,"geyser":false,"clogged":false,"echo":0,"plane":false,"seesaw":false,"version":1,"max_entities":80,"max_trasures":null,"max_gates":null},"entities":[{"name":"Wealthy","count":1,"weight":0,"dead_end":false,"group":1,"treasure":"key","fall":""},{"name":"Kogane","count":1,"weight":0,"dead_end":false,"group":1,"treasure":"be_dama_red","fall":""},{"name":"Kogane","count":1,"weight":0,"dead_end":false,"group":1,"treasure":"be_dama_blue","fall":""},{"name":"Kogane","count":1,"weight":0,"dead_end":false,"group":1,"treasure":"be_dama_yellow","fall":""},{"name":"Kogane","count":1,"weight":0,"dead_end":false,"group":1,"treasure":"be_dama_blue_l","fall":""},{"name":"Kogane","count":1,"weight":0,"dead_end":false,"group":1,"treasure":"be_dama_yellow_l","fall":""},{"name":"Kogane","count":1,"weight":0,"dead_end":false,"group":1,"treasure":"be_dama_red_l","fall":""},{"name":"Fart","count":1,"weight":0,"dead_end":false,"group":1,"treasure":"cookie_u","fall":""},{"name":"KareOoinu_l","count":9,"weight":0,"dead_end":false,"group":6,"treasure":null,"fall":""},{"name":"KareOoinu_l","count":9,"weight":0,"dead_end":false,"group":6,"treasure":null,"fall":""},{"name":"KareOoinu_l","count":9,"weight":0,"dead_end":false,"group":6,"treasure":null,"fall":""},{"name":"KareOoinu_s","count":9,"weight":0,"dead_end":false,"group":6,"treasure":null,"fall":""},{"name":"Tukushi","count":3,"weight":0,"dead_end":false,"group":6,"treasure":null,"fall":""},{"name":"TamagoMushi","count":3,"weight":0,"dead_end":true,"group":0,"treasure":null,"fall":""}],"treasures":[{"name":"gold_medal","count":1,"weight":0},{"name":"silver_medal","count":1,"weight":0}],"gates":[{"word":"gate","health":3000,"weight":1},{"word":"gate","health":3000,"weight":1},{"word":"gate","health":3000,"weight":1}]},{"name":"Sublevel 4 - PuffyMamutas","properties":{"unit":"custom_units_harmless_hole_sub4.txt","max_rooms":4,"light":"normal_light_cha.ini","music":"cavesoil_00_0.cnd","skybox":"none","corridor":0.0,"caps":50,"timer":0,"geyser":true,"clogged":false,"echo":0,"plane":false,"seesaw":false,"version":1,"max_entities":93,"max_trasures":null,"max_gates":null},"entities":[{"name":"Miulin","count":1,"weight":0,"dead_end":false,"group":1,"treasure":"key","fall":""},{"name":"Mar","count":3,"weight":0,"dead_end":false,"group":1,"treasure":"diamond_blue_l","fall":""},{"name":"Miulin","count":4,"weight":0,"dead_end":false,"group":1,"treasure":"diamond_red","fall":""},{"name":"PanModoki","count":1,"weight":0,"dead_end":false,"group":1,"treasure":"chocolate","fall":""},{"name":"UjiA","count":6,"weight":0,"dead_end":false,"group":0,"treasure":null,"fall":""},{"name":"GasOtakara","count":1,"weight":0,"dead_end":false,"group":0,"treasure":"flower_blue","fall":""},{"name":"GasOtakara","count":1,"weight":0,"dead_end":false,"group":0,"treasure":"flower_blue","fall":""},{"name":"GasOtakara","count":1,"weight":0,"dead_end":false,"group":0,"treasure":"flower_blue","fall":""},{"name":"Tanpopo","count":1,"weight":0,"dead_end":false,"group":6,"treasure":null,"fall":""},{"name":"Ooinu_s","count":9,"weight":0,"dead_end":false,"group":6,"treasure":null,"fall":""},{"name":"Clover","count":9,"weight":0,"dead_end":false,"group":6,"treasure":null,"fall":""},{"name":"Magaret","count":7,"weight":0,"dead_end":false,"group":6,"treasure":null,"fall":""},{"name":"Wakame_s","count":1,"weight":0,"dead_end":false,"group":6,"treasure":null,"fall":""},{"name":"Wakame_l","count":1,"weight":0,"dead_end":false,"group":6,"treasure":null,"fall":""},{"name":"Ooinu_l","count":5,"weight":0,"dead_end":false,"group":6,"treasure":null,"fall":""},{"name":"Ooinu_s","count":4,"weight":0,"dead_end":false,"group":6,"treasure":null,"fall":""},{"name":"Clover","count":4,"weight":0,"dead_end":false,"group":6,"treasure":null,"fall":""}],"treasures":[{"name":"chocolate_l","count":1,"weight":0},{"name":"chocowhite_l","count":1,"weight":0},{"name":"chocoichigo","count":1,"weight":0},{"name":"chocowhite","count":1,"weight":0}],"gates":[]}],"content":null}