{"sublevels":[{"name":"Sublevel 1","properties":{"unit":"1_ABE_manp_boss_conc.txt","max_rooms":1,"light":"chikahimi_metal_light_lv4.ini","music":"new_05_0.cnd","skybox":"none","corridor":0.3,"caps":100,"timer":80,"geyser":false,"clogged":false,"echo":0,"plane":false,"seesaw":false,"version":1,"max_entities":null,"max_trasures":null,"max_gates":null},"entities":[{"name":"BlackPom","count":5,"weight":0,"dead_end":false,"group":1,"treasure":null,"fall":""},{"name":"TamagoMushi","count":5,"weight":0,"dead_end":false,"group":0,"treasure":null,"fall":""},{"name":"BlackMan","count":1,"weight":0,"dead_end":false,"group":1,"treasure":"key","fall":""},{"name":"Mar","count":2,"weight":0,"dead_end":false,"group":0,"treasure":"teala_dia_d","fall":""},{"name":"Egg","count":2,"weight":0,"dead_end":false,"group":1,"treasure":null,"fall":"$"},{"name":"Tukushi","count":10,"weight":0,"dead_end":false,"group":6,"treasure":null,"fall":""},{"name":"Tanpopo","count":10,"weight":0,"dead_end":false,"group":6,"treasure":null,"fall":""}],"treasures":[{"name":"map01","count":1,"weight":0},{"name":"map02","count":1,"weight":0},{"name":"donutsichigo_s","count":1,"weight":0},{"name":"robot_head","count":1,"weight":0}],"gates":[{"word":"gate","health":1000,"weight":1},{"word":"gate","health":1000,"weight":1},{"word":"gate","health":1000,"weight":1},{"word":"gate","health":1000,"weight":1},{"word":"gate","health":1000,"weight":1}]},{"name":"Sublevel 2","properties":{"unit":"1_units_mid2_snow.txt","max_rooms":3,"light":"vs_10_light.ini","music":"new_06_0.cnd","skybox":"none","corridor":0.12,"caps":100,"timer":0,"geyser":false,"clogged":false,"echo":0,"plane":false,"seesaw":false,"version":1,"max_entities":null,"max_trasures":null,"max_gates":null},"entities":[{"name":"WhitePom","count":5,"weight":0,"dead_end":false,"group":1,"treasure":null,"fall":""},{"name":"GasOtakara","count":5,"weight":0,"dead_end":false,"group":0,"treasure":"dia_b_blue","fall":""},{"name":"Tobi","count":10,"weight":0,"dead_end":false,"group":0,"treasure":"flower_blue","fall":""},{"name":"Fart","count":4,"weight":0,"dead_end":false,"group":0,"treasure":"kan","fall":""},{"name":"Fart","count":1,"weight":0,"dead_end":false,"group":0,"treasure":"key","fall":""},{"name":"HikariKinoko","count":20,"weight":0,"dead_end":false,"group":6,"treasure":null,"fall":""},{"name":"GasHiba","count":10,"weight":0,"dead_end":false,"group":5,"treasure":null,"fall":""},{"name":"Egg","count":2,"weight":0,"dead_end":false,"group":1,"treasure":null,"fall":"$"}],"treasures":[{"name":"halloween","count":1,"weight":0},{"name":"j_block_white","count":1,"weight":0},{"name":"kinoko_doku","count":1,"weight":0},{"name":"gas","count":1,"weight":0}],"gates":[]},{"name":"Sublevel 3","properties":{"unit":"2_units_northF_pool_tile.txt","max_rooms":5,"light":"metal_light_lv4.ini","music":"new_07_0.cnd","skybox":"none","corridor":0.2,"caps":100,"timer":0,"geyser":false,"clogged":false,"echo":0,"plane":false,"seesaw":false,"version":1,"max_entities":null,"max_trasures":null,"max_gates":null},"entities":[{"name":"UmiMushiBlind","count":2,"weight":0,"dead_end":false,"group":0,"treasure":"ahiru","fall":""},{"name":"Kurage","count":2,"weight":0,"dead_end":false,"group":1,"treasure":"turi_uki","fall":""},{"name":"WaterOtakara","count":2,"weight":0,"dead_end":false,"group":0,"treasure":"teala_dia_c","fall":""},{"name":"OniKurage","count":1,"weight":0,"dead_end":false,"group":1,"treasure":"key","fall":""},{"name":"Wtank","count":2,"weight":0,"dead_end":false,"group":0,"treasure":"diamond_green_l","fall":""},{"name":"Egg","count":2,"weight":0,"dead_end":false,"group":1,"treasure":null,"fall":"$"},{"name":"Wakame_s","count":5,"weight":0,"dead_end":false,"group":6,"treasure":null,"fall":""},{"name":"Wakame_l","count":5,"weight":0,"dead_end":false,"group":6,"treasure":null,"fall":""},{"name":"Clover","count":10,"weight":0,"dead_end":false,"group":6,"treasure":null,"fall":""},{"name":"Tadpole","count":10,"weight":0,"dead_end":false,"group":0,"treasure":null,"fall":""},{"name":"Frog","count":1,"weight":0,"dead_end":false,"group":0,"treasure":"be_dama_blue","fall":""},{"name":"BluePom","count":5,"weight":0,"dead_end":false,"group":0,"treasure":null,"fall":""},{"name":"BluePom","count":5,"weight":0,"dead_end":false,"group":1,"treasure":null,"fall":""},{"name":"BluePom","count":2,"weight":0,"dead_end":false,"group":8,"treasure":null,"fall":""}],"treasures":[{"name":"toy_dog","count":1,"weight":0},{"name":"ahiru_head","count":1,"weight":0},{"name":"j_block_blue","count":1,"weight":0},{"name":"water","count":1,"weight":0},{"name":"be_dama_blue_l","count":1,"weight":0}],"gates":[]},{"name":"Sublevel 4","properties":{"unit":"1_ABE_ari_metal.txt","max_rooms":3,"light":"kumomei_light_cha.ini","music":"cavemetal_10_1.cnd","skybox":"test","corridor":0.3,"caps":100,"timer":0,"geyser":false,"clogged":false,"echo":0,"plane":false,"seesaw":false,"version":1,"max_entities":null,"max_trasures":null,"max_gates":null},"entities":[{"name":"YellowPom","count":5,"weight":0,"dead_end":false,"group":1,"treasure":null,"fall":""},{"name":"ElecBug","count":10,"weight":0,"dead_end":false,"group":0,"treasure":"nut","fall":""},{"name":"ElecOtakara","count":5,"weight":0,"dead_end":false,"group":0,"treasure":"gear","fall":""},{"name":"Wealthy","count":1,"weight":0,"dead_end":false,"group":0,"treasure":null,"fall":""},{"name":"Demon","count":1,"weight":0,"dead_end":false,"group":0,"treasure":"key","fall":""},{"name":"ElecHiba","count":10,"weight":0,"dead_end":false,"group":5,"treasure":null,"fall":""},{"name":"Egg","count":2,"weight":0,"dead_end":false,"group":1,"treasure":null,"fall":"$"},{"name":"DaiodoRed","count":10,"weight":0,"dead_end":false,"group":6,"treasure":null,"fall":""},{"name":"DaiodoGreen","count":10,"weight":0,"dead_end":false,"group":6,"treasure":null,"fall":""},{"name":"Demon","count":2,"weight":0,"dead_end":false,"group":0,"treasure":"channel","fall":""},{"name":"Sarai","count":3,"weight":0,"dead_end":false,"group":0,"treasure":"gear_silver","fall":""}],"treasures":[{"name":"j_block_yellow","count":1,"weight":0},{"name":"denchi_3_red","count":1,"weight":0},{"name":"denchi_2_black","count":1,"weight":0},{"name":"denchi_1_red","count":1,"weight":0},{"name":"denchi_3_black","count":1,"weight":0},{"name":"elec","count":1,"weight":0},{"name":"be_dama_yellow_l","count":1,"weight":0}],"gates":[]},{"name":"Sublevel 5","properties":{"unit":"1_MAT_cent2_tsuchi.txt","max_rooms":4,"light":"jyoou_light_lv2.ini","music":"cavesoil_00_0.cnd","skybox":"none","corridor":0.12,"caps":100,"timer":0,"geyser":false,"clogged":false,"echo":0,"plane":false,"seesaw":false,"version":1,"max_entities":null,"max_trasures":null,"max_gates":null},"entities":[{"name":"RedPom","count":5,"weight":0,"dead_end":false,"group":1,"treasure":null,"fall":""},{"name":"Hiba","count":15,"weight":0,"dead_end":false,"group":5,"treasure":null,"fall":""},{"name":"FireChappy","count":2,"weight":0,"dead_end":false,"group":0,"treasure":"ichigo","fall":""},{"name":"FireChappy","count":1,"weight":0,"dead_end":false,"group":0,"treasure":"key","fall":""},{"name":"Tank","count":2,"weight":0,"dead_end":false,"group":0,"treasure":"teala_dia_a","fall":""},{"name":"FireOtakara","count":4,"weight":0,"dead_end":false,"group":0,"treasure":"yoyo_red","fall":""},{"name":"Egg","count":2,"weight":0,"dead_end":false,"group":1,"treasure":null,"fall":"$"},{"name":"Ooinu_l","count":10,"weight":0,"dead_end":false,"group":6,"treasure":null,"fall":""},{"name":"Magaret","count":10,"weight":0,"dead_end":false,"group":6,"treasure":null,"fall":""},{"name":"Kogane","count":1,"weight":0,"dead_end":false,"group":0,"treasure":null,"fall":""},{"name":"Houdai","count":1,"weight":0,"dead_end":false,"group":0,"treasure":"suit_fire","fall":""}],"treasures":[{"name":"j_block_red","count":1,"weight":0},{"name":"be_dama_red_l","count":1,"weight":0},{"name":"haniwa","count":1,"weight":0},{"name":"tape_blue","count":1,"weight":0},{"name":"fire","count":1,"weight":0}],"gates":[]}],"content":null}