{"sublevels":[{"name":"Sublevel 1 - Sublevel 1","properties":{"unit":"3_MAT_hit2_hit3_blk1_snow.txt","max_rooms":5,"light":"normal_light_lv3.ini","music":"new_00_1.cnd","skybox":"none","corridor":0.135,"caps":100,"timer":999999,"geyser":false,"clogged":false,"echo":0,"plane":false,"seesaw":false,"version":1,"max_entities":null,"max_trasures":null,"max_gates":null},"entities":[{"name":"Fkabuto","count":9,"weight":0,"dead_end":false,"group":1,"treasure":null,"fall":""},{"name":"YellowChappy","count":5,"weight":0,"dead_end":true,"group":0,"treasure":null,"fall":""},{"name":"Mar","count":1,"weight":0,"dead_end":false,"group":5,"treasure":"Xmas_item","fall":"$2"},{"name":"Demon","count":5,"weight":0,"dead_end":false,"group":6,"treasure":null,"fall":""},{"name":"YellowKochappy","count":15,"weight":0,"dead_end":false,"group":0,"treasure":null,"fall":""},{"name":"Fkabuto","count":1,"weight":0,"dead_end":false,"group":1,"treasure":"ichigo","fall":""}],"treasures":[{"name":"teala_dia_a","count":1,"weight":0}],"gates":[{"word":"gate","health":5555,"weight":1},{"word":"gate","health":5555,"weight":1},{"word":"gate","health":5555,"weight":1}]},{"name":"Sublevel 2 - Sublevel 2","properties":{"unit":"3_MAT_hit34_sak2_uzu1_snow.txt","max_rooms":3,"light":"tutorial_1_light.ini","music":"new_01_0.cnd","skybox":"none","corridor":0.13,"caps":100,"timer":99999,"geyser":false,"clogged":false,"echo":0,"plane":false,"seesaw":false,"version":1,"max_entities":null,"max_trasures":null,"max_gates":null},"entities":[{"name":"BlueChappy","count":4,"weight":0,"dead_end":false,"group":0,"treasure":null,"fall":""},{"name":"Armor","count":6,"weight":0,"dead_end":false,"group":1,"treasure":null,"fall":""},{"name":"Hana","count":3,"weight":0,"dead_end":true,"group":0,"treasure":null,"fall":""},{"name":"Hanachirashi","count":1,"weight":0,"dead_end":false,"group":1,"treasure":"chess_king_black","fall":"$"},{"name":"Hiba","count":13,"weight":0,"dead_end":false,"group":5,"treasure":"chess_king_black","fall":"$"}],"treasures":[{"name":"toy_ring_c_blue","count":1,"weight":0}],"gates":[{"word":"gate","health":4500,"weight":1}]},{"name":"Sublevel 3 - Sublevel 3","properties":{"unit":"1_units_houdai2_metal.txt","max_rooms":4,"light":"metal_light_cha.ini","music":"caveconc_05_0.cnd","skybox":"none","corridor":0.13,"caps":100,"timer":99999,"geyser":false,"clogged":true,"echo":0,"plane":false,"seesaw":false,"version":1,"max_entities":null,"max_trasures":null,"max_gates":null},"entities":[{"name":"KumaChappy","count":1,"weight":0,"dead_end":true,"group":0,"treasure":"bell_red","fall":""},{"name":"ElecOtakara","count":20,"weight":0,"dead_end":false,"group":0,"treasure":null,"fall":""},{"name":"FireOtakara","count":20,"weight":0,"dead_end":false,"group":1,"treasure":null,"fall":""},{"name":"GasOtakara","count":20,"weight":0,"dead_end":false,"group":5,"treasure":null,"fall":""},{"name":"WaterOtakara","count":20,"weight":0,"dead_end":false,"group":6,"treasure":null,"fall":""},{"name":"KumaKochappy","count":6,"weight":0,"dead_end":true,"group":0,"treasure":null,"fall":""},{"name":"MaroFrog","count":9,"weight":0,"dead_end":false,"group":6,"treasure":null,"fall":""},{"name":"Chappy","count":1,"weight":0,"dead_end":true,"group":0,"treasure":"toy_ring_a_green","fall":"$"}],"treasures":[{"name":"toy_ring_c_red","count":1,"weight":0}],"gates":[]},{"name":"Sublevel 4 - Sublevel 4","properties":{"unit":"1_units_sara_toy.txt","max_rooms":2,"light":"bluefog00.ini","music":"caverelax.cnd","skybox":"flooring","corridor":0.13,"caps":100,"timer":999999,"geyser":true,"clogged":false,"echo":0,"plane":true,"seesaw":false,"version":1,"max_entities":null,"max_trasures":null,"max_gates":null},"entities":[{"name":"RandPom","count":3,"weight":0,"dead_end":false,"group":0,"treasure":null,"fall":""},{"name":"BlackPom","count":3,"weight":0,"dead_end":false,"group":1,"treasure":null,"fall":""},{"name":"WhitePom","count":3,"weight":0,"dead_end":true,"group":0,"treasure":null,"fall":""},{"name":"YellowPom","count":2,"weight":0,"dead_end":false,"group":5,"treasure":null,"fall":"$"},{"name":"Egg","count":4,"weight":0,"dead_end":true,"group":0,"treasure":null,"fall":"$"},{"name":"RedPom","count":2,"weight":0,"dead_end":false,"group":0,"treasure":null,"fall":""},{"name":"BluePom","count":2,"weight":0,"dead_end":false,"group":0,"treasure":null,"fall":""}],"treasures":[{"name":"ichigo","count":2,"weight":0}],"gates":[]},{"name":"Sublevel 5 - Sublevel 5","properties":{"unit":"4_units_sak1_ike2_blk1_nor4_tsuchi.txt","max_rooms":3,"light":"normal_light_cha.ini","music":"caveconc_00_0.cnd","skybox":"none","corridor":0.125,"caps":100,"timer":999999,"geyser":false,"clogged":true,"echo":0,"plane":false,"seesaw":false,"version":1,"max_entities":null,"max_trasures":null,"max_gates":null},"entities":[{"name":"Catfish","count":6,"weight":0,"dead_end":false,"group":1,"treasure":null,"fall":""},{"name":"BombOtakara","count":13,"weight":0,"dead_end":false,"group":5,"treasure":null,"fall":"$2"},{"name":"GasOtakara","count":15,"weight":0,"dead_end":false,"group":0,"treasure":null,"fall":""},{"name":"Jigumo","count":5,"weight":0,"dead_end":false,"group":1,"treasure":null,"fall":""},{"name":"HikariKinoko","count":13,"weight":0,"dead_end":false,"group":6,"treasure":null,"fall":""},{"name":"BluePom","count":1,"weight":0,"dead_end":true,"group":0,"treasure":null,"fall":""},{"name":"FireChappy","count":1,"weight":0,"dead_end":true,"group":0,"treasure":"toy_ring_c_green","fall":""}],"treasures":[{"name":"be_dama_red","count":1,"weight":0},{"name":"fire_helmet","count":1,"weight":0}],"gates":[]},{"name":"Sublevel 6 - Sublevel 6","properties":{"unit":"2_units_ari1_nor2_metal.txt","max_rooms":4,"light":"normal_light_lv0.ini","music":"cavesoil_10_0.cnd","skybox":"none","corridor":0.145,"caps":100,"timer":999999,"geyser":false,"clogged":true,"echo":0,"plane":false,"seesaw":false,"version":1,"max_entities":null,"max_trasures":null,"max_gates":null},"entities":[{"name":"MiniHoudai","count":2,"weight":0,"dead_end":true,"group":0,"treasure":null,"fall":""},{"name":"BombOtakara","count":14,"weight":0,"dead_end":false,"group":5,"treasure":null,"fall":"$"},{"name":"BlueChappy","count":8,"weight":0,"dead_end":false,"group":0,"treasure":null,"fall":""},{"name":"BlueChappy","count":1,"weight":0,"dead_end":false,"group":0,"treasure":"chess_queen_black","fall":""},{"name":"WaterOtakara","count":19,"weight":0,"dead_end":false,"group":1,"treasure":null,"fall":""},{"name":"Demon","count":7,"weight":0,"dead_end":false,"group":1,"treasure":null,"fall":""}],"treasures":[{"name":"chess_king_white","count":1,"weight":0}],"gates":[{"word":"gate","health":4500,"weight":1}]},{"name":"Sublevel 7 - Sublevel 7","properties":{"unit":"1_ABE_manp_boss_conc.txt","max_rooms":1,"light":"normal_light_lv0.ini","music":"","skybox":"none","corridor":0.13,"caps":100,"timer":99999,"geyser":true,"clogged":false,"echo":0,"plane":false,"seesaw":false,"version":1,"max_entities":null,"max_trasures":null,"max_gates":null},"entities":[{"name":"Damagumo","count":1,"weight":0,"dead_end":false,"group":0,"treasure":"fue_a","fall":"$2"}],"treasures":[],"gates":[{"word":"gate","health":4500,"weight":1},{"word":"gate","health":4500,"weight":1},{"word":"gate","health":4500,"weight":1},{"word":"gate","health":4500,"weight":1},{"word":"gate","health":4500,"weight":1},{"word":"gate","health":4500,"weight":1}]},{"name":"Sublevel 8 - Sublevel 8","properties":{"unit":"1_units_large_toy.txt","max_rooms":2,"light":"toy_light_lv1.ini","music":"caverelax.cnd","skybox":"flooring","corridor":0.12,"caps":100,"timer":99999,"geyser":true,"clogged":false,"echo":0,"plane":true,"seesaw":false,"version":1,"max_entities":null,"max_trasures":null,"max_gates":null},"entities":[{"name":"BlackPom","count":2,"weight":0,"dead_end":true,"group":0,"treasure":null,"fall":""},{"name":"WhitePom","count":2,"weight":0,"dead_end":true,"group":0,"treasure":null,"fall":""},{"name":"RandPom","count":3,"weight":0,"dead_end":false,"group":0,"treasure":null,"fall":""},{"name":"ShijimiChou","count":100,"weight":0,"dead_end":false,"group":1,"treasure":null,"fall":""},{"name":"Miulin","count":3,"weight":0,"dead_end":false,"group":5,"treasure":null,"fall":""},{"name":"YellowPom","count":2,"weight":0,"dead_end":false,"group":1,"treasure":null,"fall":""},{"name":"BluePom","count":1,"weight":0,"dead_end":false,"group":1,"treasure":null,"fall":""},{"name":"LeafChappy","count":2,"weight":0,"dead_end":false,"group":6,"treasure":null,"fall":""},{"name":"Tukushi","count":9,"weight":0,"dead_end":false,"group":6,"treasure":null,"fall":""}],"treasures":[],"gates":[]},{"name":"Sublevel 9 - Sublevel 9","properties":{"unit":"3_units_north_ike2_hitode_tsuchi.txt","max_rooms":3,"light":"toy_light_cha.ini","music":"new_05_0.cnd","skybox":"none","corridor":0.13,"caps":100,"timer":99999,"geyser":false,"clogged":true,"echo":0,"plane":false,"seesaw":false,"version":1,"max_entities":null,"max_trasures":null,"max_gates":null},"entities":[{"name":"KingChappy","count":1,"weight":0,"dead_end":false,"group":1,"treasure":"yoyo_red","fall":""},{"name":"KingChappy","count":1,"weight":0,"dead_end":false,"group":1,"treasure":"apple","fall":""},{"name":"BombSarai","count":8,"weight":0,"dead_end":false,"group":0,"treasure":null,"fall":""},{"name":"BlueKochappy","count":14,"weight":0,"dead_end":false,"group":0,"treasure":null,"fall":""},{"name":"UjiB","count":17,"weight":0,"dead_end":false,"group":6,"treasure":null,"fall":""},{"name":"Fart","count":3,"weight":0,"dead_end":true,"group":0,"treasure":null,"fall":""}],"treasures":[{"name":"bell_yellow","count":1,"weight":0}],"gates":[{"word":"gate","health":7000,"weight":1},{"word":"gate","health":7000,"weight":1}]},{"name":"Sublevel 10 - Sublevel 10","properties":{"unit":"1_units_otakara_tile.txt","max_rooms":4,"light":"vs_8_light.ini","music":"new_06_0.cnd","skybox":"none","corridor":0.125,"caps":50,"timer":0,"geyser":false,"clogged":true,"echo":0,"plane":false,"seesaw":false,"version":1,"max_entities":null,"max_trasures":null,"max_gates":null},"entities":[{"name":"ElecHiba","count":12,"weight":0,"dead_end":false,"group":5,"treasure":null,"fall":""},{"name":"ElecBug","count":30,"weight":0,"dead_end":false,"group":1,"treasure":null,"fall":""},{"name":"ElecOtakara","count":15,"weight":0,"dead_end":false,"group":0,"treasure":null,"fall":""},{"name":"Hanachirashi","count":4,"weight":0,"dead_end":false,"group":6,"treasure":null,"fall":"$2"},{"name":"BlueChappy","count":1,"weight":0,"dead_end":false,"group":0,"treasure":"bane_red","fall":""},{"name":"BlueChappy","count":3,"weight":0,"dead_end":false,"group":0,"treasure":null,"fall":""},{"name":"Wtank","count":4,"weight":0,"dead_end":true,"group":0,"treasure":null,"fall":""},{"name":"YellowPom","count":1,"weight":0,"dead_end":true,"group":0,"treasure":null,"fall":""}],"treasures":[{"name":"diamond_blue","count":1,"weight":0}],"gates":[{"word":"gate","health":9000,"weight":1}]},{"name":"Sublevel 11 - Sublevel 11","properties":{"unit":"vs_8_spiral_conc.txt","max_rooms":5,"light":"normal_light_lv0.ini","music":"caveconc_00_0.cnd","skybox":"none","corridor":0.125,"caps":100,"timer":99999,"geyser":false,"clogged":true,"echo":0,"plane":false,"seesaw":false,"version":1,"max_entities":null,"max_trasures":null,"max_gates":null},"entities":[{"name":"Chappy","count":12,"weight":0,"dead_end":false,"group":0,"treasure":null,"fall":""},{"name":"Kochappy","count":25,"weight":0,"dead_end":false,"group":0,"treasure":null,"fall":""},{"name":"BlueChappy","count":8,"weight":0,"dead_end":false,"group":1,"treasure":null,"fall":""},{"name":"KumaChappy","count":1,"weight":0,"dead_end":true,"group":0,"treasure":"be_dama_blue","fall":""},{"name":"KumaChappy","count":1,"weight":0,"dead_end":true,"group":0,"treasure":"tape_yellow","fall":""},{"name":"KumaKochappy","count":4,"weight":0,"dead_end":true,"group":0,"treasure":null,"fall":""},{"name":"KumaKochappy","count":4,"weight":0,"dead_end":true,"group":0,"treasure":null,"fall":""},{"name":"BombSarai","count":8,"weight":0,"dead_end":false,"group":6,"treasure":null,"fall":""}],"treasures":[{"name":"apple","count":3,"weight":0}],"gates":[{"word":"gate","health":9000,"weight":1},{"word":"gate","health":9000,"weight":1}]},{"name":"Sublevel 12 - Sublevel 12","properties":{"unit":"1_MIYA_bunki_tile.txt","max_rooms":1,"light":"normal_light_lv0.ini","music":"","skybox":"none","corridor":0.14,"caps":100,"timer":99999,"geyser":false,"clogged":false,"echo":0,"plane":false,"seesaw":false,"version":1,"max_entities":null,"max_trasures":null,"max_gates":null},"entities":[{"name":"Queen","count":1,"weight":0,"dead_end":false,"group":0,"treasure":"dashboots","fall":""},{"name":"Baby","count":25,"weight":0,"dead_end":false,"group":1,"treasure":null,"fall":""},{"name":"ElecHiba","count":4,"weight":0,"dead_end":false,"group":5,"treasure":null,"fall":""}],"treasures":[],"gates":[]}],"content":null}