{"sublevels":[{"name":"Sublevel 1 - Dark Clouds","properties":{"unit":"1_MAT_mid2_sky.txt","max_rooms":5,"light":"vs_2_light.ini","music":"new_11_0.cnd","skybox":"void","corridor":0.1,"caps":50,"timer":217,"geyser":false,"clogged":false,"echo":0,"plane":false,"seesaw":false,"version":1,"max_entities":null,"max_trasures":null,"max_gates":null},"entities":[{"name":"Tobi","count":2,"weight":0,"dead_end":false,"group":5,"treasure":null,"fall":""},{"name":"Tobi","count":2,"weight":0,"dead_end":false,"group":5,"treasure":null,"fall":""},{"name":"Hiba","count":5,"weight":0,"dead_end":false,"group":5,"treasure":null,"fall":""},{"name":"ElecHiba","count":4,"weight":0,"dead_end":false,"group":5,"treasure":null,"fall":""},{"name":"GasHiba","count":4,"weight":0,"dead_end":false,"group":5,"treasure":null,"fall":""},{"name":"Tobi","count":3,"weight":0,"dead_end":false,"group":0,"treasure":null,"fall":""},{"name":"Tobi","count":3,"weight":0,"dead_end":false,"group":0,"treasure":null,"fall":""},{"name":"Tobi","count":3,"weight":0,"dead_end":false,"group":0,"treasure":null,"fall":""},{"name":"Qurione","count":5,"weight":0,"dead_end":false,"group":6,"treasure":null,"fall":""},{"name":"OniKurage","count":1,"weight":0,"dead_end":false,"group":1,"treasure":"key","fall":""},{"name":"Fart","count":1,"weight":0,"dead_end":false,"group":1,"treasure":null,"fall":""},{"name":"Fart","count":1,"weight":0,"dead_end":false,"group":1,"treasure":"bolt_l","fall":""},{"name":"Kurage","count":1,"weight":0,"dead_end":false,"group":0,"treasure":"g_futa_koiwai","fall":""},{"name":"Kurage","count":1,"weight":0,"dead_end":false,"group":0,"treasure":"g_futa_koiwai","fall":""},{"name":"BlackMan","count":1,"weight":0,"dead_end":false,"group":1,"treasure":"ichigo","fall":""}],"treasures":[{"name":"makigai","count":1,"weight":0},{"name":"akagai","count":1,"weight":0},{"name":"diamond_blue","count":1,"weight":0},{"name":"saru_head","count":1,"weight":0},{"name":"kinoko_doku","count":1,"weight":0},{"name":"wadou_kaichin","count":1,"weight":0},{"name":"bell_yellow","count":1,"weight":0},{"name":"kan_iwate","count":1,"weight":0},{"name":"donutschoco_s","count":1,"weight":0}],"gates":[]},{"name":"Sublevel 2 - Darker Clouds","properties":{"unit":"1_MAT_bridge_sky.txt","max_rooms":3,"light":"houdai_light.ini","music":"new_11_0.cnd","skybox":"void","corridor":0.0,"caps":50,"timer":103,"geyser":false,"clogged":false,"echo":0,"plane":false,"seesaw":false,"version":1,"max_entities":null,"max_trasures":null,"max_gates":null},"entities":[{"name":"BlackMan","count":1,"weight":0,"dead_end":false,"group":1,"treasure":"ichigo_l","fall":""},{"name":"Bomb","count":3,"weight":0,"dead_end":false,"group":5,"treasure":null,"fall":"$"},{"name":"Bomb","count":2,"weight":0,"dead_end":false,"group":5,"treasure":null,"fall":"$2"},{"name":"Egg","count":1,"weight":0,"dead_end":false,"group":0,"treasure":null,"fall":""},{"name":"Rkabuto","count":2,"weight":0,"dead_end":false,"group":0,"treasure":"g_futa_kyosin","fall":""},{"name":"Rkabuto","count":2,"weight":0,"dead_end":false,"group":0,"treasure":"g_futa_kyosin","fall":""},{"name":"Rkabuto","count":2,"weight":0,"dead_end":false,"group":0,"treasure":"g_futa_kyosin","fall":""},{"name":"ElecBug","count":1,"weight":0,"dead_end":false,"group":1,"treasure":"key","fall":""},{"name":"ElecBug","count":3,"weight":0,"dead_end":false,"group":0,"treasure":null,"fall":""},{"name":"ElecBug","count":2,"weight":0,"dead_end":false,"group":0,"treasure":null,"fall":""},{"name":"Rock","count":3,"weight":0,"dead_end":true,"group":0,"treasure":null,"fall":""},{"name":"Fuefuki","count":1,"weight":0,"dead_end":false,"group":1,"treasure":"toy_ring_b_green","fall":""},{"name":"Bomb","count":3,"weight":0,"dead_end":false,"group":6,"treasure":null,"fall":"$"},{"name":"BombOtakara","count":1,"weight":0,"dead_end":false,"group":1,"treasure":null,"fall":""},{"name":"BombOtakara","count":1,"weight":0,"dead_end":false,"group":1,"treasure":null,"fall":""}],"treasures":[{"name":"castanets","count":1,"weight":0},{"name":"g_futa_hirosima","count":1,"weight":0},{"name":"diamond_green_l","count":1,"weight":0},{"name":"ahiru_head","count":1,"weight":0},{"name":"kan_nichiro","count":1,"weight":0},{"name":"fire_helmet","count":1,"weight":0}],"gates":[]},{"name":"Sublevel 3 - Yet Darker Clouds","properties":{"unit":"1_MAT_mid2_sky.txt","max_rooms":2,"light":"jyoou_light_lv3.ini","music":"new_11_0.cnd","skybox":"void","corridor":0.4,"caps":50,"timer":17,"geyser":false,"clogged":false,"echo":0,"plane":false,"seesaw":false,"version":1,"max_entities":null,"max_trasures":null,"max_gates":null},"entities":[{"name":"BlackMan","count":1,"weight":0,"dead_end":false,"group":1,"treasure":"ichigo","fall":""},{"name":"BlackMan","count":1,"weight":0,"dead_end":false,"group":0,"treasure":"ichigo_l","fall":""},{"name":"BlueKochappy","count":4,"weight":0,"dead_end":false,"group":0,"treasure":null,"fall":""},{"name":"BlueKochappy","count":4,"weight":0,"dead_end":false,"group":0,"treasure":null,"fall":""},{"name":"BlueChappy","count":1,"weight":0,"dead_end":false,"group":1,"treasure":"key","fall":""},{"name":"Sarai","count":1,"weight":0,"dead_end":false,"group":1,"treasure":"flower_red","fall":"$2"},{"name":"Sarai","count":1,"weight":0,"dead_end":false,"group":1,"treasure":"flower_red","fall":"$2"},{"name":"Qurione","count":1,"weight":0,"dead_end":false,"group":5,"treasure":null,"fall":""},{"name":"Qurione","count":1,"weight":0,"dead_end":false,"group":5,"treasure":null,"fall":""},{"name":"ElecHiba","count":4,"weight":0,"dead_end":false,"group":5,"treasure":null,"fall":""}],"treasures":[{"name":"haniwa","count":1,"weight":0},{"name":"haniwa","count":1,"weight":0},{"name":"haniwa","count":1,"weight":0},{"name":"haniwa","count":1,"weight":0},{"name":"haniwa","count":1,"weight":0},{"name":"haniwa","count":1,"weight":0},{"name":"haniwa","count":1,"weight":0},{"name":"haniwa","count":1,"weight":0}],"gates":[]},{"name":"Sublevel 4 - An Ending","properties":{"unit":"1_MAT_mid2_sky.txt","max_rooms":4,"light":"sky_light.ini","music":"new_20_0.cnd","skybox":"void","corridor":0.06,"caps":50,"timer":29,"geyser":false,"clogged":false,"echo":0,"plane":false,"seesaw":false,"version":1,"max_entities":null,"max_trasures":null,"max_gates":null},"entities":[{"name":"BlackPom","count":3,"weight":0,"dead_end":false,"group":5,"treasure":null,"fall":""},{"name":"BlackMan","count":1,"weight":0,"dead_end":false,"group":1,"treasure":"key","fall":""},{"name":"BlackMan","count":1,"weight":0,"dead_end":false,"group":1,"treasure":"ichigo_l","fall":""},{"name":"Miulin","count":1,"weight":0,"dead_end":false,"group":1,"treasure":null,"fall":""},{"name":"Tobi","count":7,"weight":0,"dead_end":false,"group":0,"treasure":null,"fall":""},{"name":"Rkabuto","count":1,"weight":0,"dead_end":false,"group":1,"treasure":"g_futa_sikoku","fall":""},{"name":"Rkabuto","count":1,"weight":0,"dead_end":false,"group":0,"treasure":"g_futa_sikoku","fall":""},{"name":"BlueChappy","count":1,"weight":0,"dead_end":false,"group":1,"treasure":"chocolate","fall":""},{"name":"Hiba","count":4,"weight":0,"dead_end":false,"group":5,"treasure":null,"fall":""},{"name":"GasHiba","count":4,"weight":0,"dead_end":false,"group":5,"treasure":null,"fall":""},{"name":"BombOtakara","count":1,"weight":0,"dead_end":false,"group":1,"treasure":null,"fall":"$4"},{"name":"BombOtakara","count":1,"weight":0,"dead_end":false,"group":1,"treasure":null,"fall":"$4"},{"name":"BombOtakara","count":1,"weight":0,"dead_end":false,"group":1,"treasure":null,"fall":"$4"},{"name":"Sarai","count":1,"weight":0,"dead_end":false,"group":5,"treasure":null,"fall":"$2"},{"name":"Sarai","count":1,"weight":0,"dead_end":false,"group":5,"treasure":null,"fall":"$2"},{"name":"ElecBug","count":2,"weight":0,"dead_end":false,"group":0,"treasure":null,"fall":""},{"name":"ElecBug","count":2,"weight":0,"dead_end":false,"group":0,"treasure":null,"fall":""}],"treasures":[{"name":"haniwa","count":1,"weight":0},{"name":"kan_imuraya","count":1,"weight":0},{"name":"chocolate_l","count":1,"weight":0},{"name":"watch","count":1,"weight":0},{"name":"diamond_red","count":1,"weight":0},{"name":"bell","count":1,"weight":0},{"name":"locket","count":1,"weight":0}],"gates":[]}],"content":null}