{"sublevels":[{"name":"Sublevel 1 - Intro","properties":{"unit":"1_MAT_manp_2_conc.txt","max_rooms":1,"light":"forest_3_light.ini","music":"cavesoil_00_0.cnd","skybox":"test","corridor":0.0,"caps":100,"timer":0,"geyser":false,"clogged":true,"echo":0,"plane":false,"seesaw":false,"version":1,"max_entities":null,"max_trasures":null,"max_gates":null},"entities":[{"name":"Wakame_l","count":1,"weight":0,"dead_end":false,"group":0,"treasure":null,"fall":""},{"name":"Wakame_l","count":1,"weight":0,"dead_end":false,"group":0,"treasure":null,"fall":""},{"name":"Wakame_l","count":1,"weight":0,"dead_end":false,"group":0,"treasure":null,"fall":""},{"name":"Wakame_l","count":1,"weight":0,"dead_end":false,"group":1,"treasure":null,"fall":""},{"name":"Wakame_l","count":1,"weight":0,"dead_end":false,"group":1,"treasure":null,"fall":""},{"name":"Wakame_l","count":1,"weight":0,"dead_end":false,"group":1,"treasure":null,"fall":""},{"name":"Wakame_s","count":1,"weight":0,"dead_end":false,"group":6,"treasure":null,"fall":""},{"name":"Wakame_s","count":1,"weight":0,"dead_end":false,"group":6,"treasure":null,"fall":""},{"name":"Wakame_s","count":1,"weight":0,"dead_end":false,"group":6,"treasure":null,"fall":""},{"name":"Wakame_s","count":1,"weight":0,"dead_end":false,"group":6,"treasure":null,"fall":""},{"name":"Wakame_s","count":1,"weight":0,"dead_end":false,"group":6,"treasure":null,"fall":""},{"name":"Wakame_s","count":1,"weight":0,"dead_end":false,"group":6,"treasure":null,"fall":""},{"name":"Clover","count":8,"weight":0,"dead_end":false,"group":5,"treasure":null,"fall":""},{"name":"Kogane","count":1,"weight":0,"dead_end":true,"group":0,"treasure":null,"fall":""}],"treasures":[{"name":"j_block_red","count":1,"weight":0},{"name":"j_block_yellow","count":1,"weight":0},{"name":"j_block_green","count":1,"weight":0},{"name":"j_block_blue","count":1,"weight":0},{"name":"j_block_white","count":1,"weight":0},{"name":"key","count":1,"weight":0}],"gates":[]},{"name":"Sublevel 2 - Burrowing Snagret","properties":{"unit":"1_MAT_north_boss_tsuchi.txt","max_rooms":2,"light":"normal_light_cha.ini","music":"new_07_0.cnd","skybox":"test","corridor":0.0,"caps":100,"timer":0,"geyser":false,"clogged":false,"echo":0,"plane":false,"seesaw":false,"version":1,"max_entities":null,"max_trasures":null,"max_gates":null},"entities":[{"name":"SnakeCrow","count":1,"weight":0,"dead_end":false,"group":1,"treasure":"key","fall":""},{"name":"Magaret","count":4,"weight":0,"dead_end":false,"group":6,"treasure":null,"fall":""},{"name":"Clover","count":7,"weight":0,"dead_end":false,"group":6,"treasure":null,"fall":""}],"treasures":[{"name":"bird_hane","count":1,"weight":0}],"gates":[{"word":"gate","health":100,"weight":1}]},{"name":"Sublevel 3 - Emperor Bulblax","properties":{"unit":"1_MAT_north_boss_tsuchi.txt","max_rooms":2,"light":"normal_light_cha.ini","music":"new_05_0.cnd","skybox":"test","corridor":0.0,"caps":50,"timer":0,"geyser":false,"clogged":false,"echo":0,"plane":false,"seesaw":false,"version":1,"max_entities":null,"max_trasures":null,"max_gates":null},"entities":[{"name":"KingChappy","count":1,"weight":0,"dead_end":false,"group":1,"treasure":"key","fall":""},{"name":"Zenmai","count":12,"weight":0,"dead_end":false,"group":6,"treasure":null,"fall":""},{"name":"Ooinu_l","count":1,"weight":0,"dead_end":false,"group":5,"treasure":null,"fall":""}],"treasures":[{"name":"chocolate","count":1,"weight":0},{"name":"chocolate","count":1,"weight":0}],"gates":[{"word":"gate","health":100,"weight":1}]},{"name":"Sublevel 4 - Beady Long Legs","properties":{"unit":"1_MAT_north_boss_tsuchi.txt","max_rooms":2,"light":"normal_light_cha.ini","music":"caveconc_00_0.cnd","skybox":"test","corridor":0.0,"caps":50,"timer":0,"geyser":false,"clogged":false,"echo":0,"plane":false,"seesaw":false,"version":1,"max_entities":null,"max_trasures":null,"max_gates":null},"entities":[{"name":"Damagumo","count":1,"weight":0,"dead_end":false,"group":1,"treasure":"key","fall":""},{"name":"Watage","count":6,"weight":0,"dead_end":false,"group":6,"treasure":null,"fall":""},{"name":"Tanpopo","count":6,"weight":0,"dead_end":false,"group":6,"treasure":null,"fall":""}],"treasures":[{"name":"locket","count":1,"weight":0}],"gates":[]},{"name":"Sublevel 5 - Giant Breadbug","properties":{"unit":"1_MAT_north_boss_tsuchi.txt","max_rooms":2,"light":"normal_light_cha.ini","music":"new_03_0.cnd","skybox":"test","corridor":0.0,"caps":100,"timer":0,"geyser":false,"clogged":false,"echo":0,"plane":false,"seesaw":false,"version":1,"max_entities":null,"max_trasures":null,"max_gates":null},"entities":[{"name":"OoPanModoki","count":1,"weight":0,"dead_end":false,"group":1,"treasure":"key","fall":""},{"name":"KumaKochappy","count":1,"weight":0,"dead_end":false,"group":0,"treasure":null,"fall":""},{"name":"KumaKochappy","count":1,"weight":0,"dead_end":false,"group":0,"treasure":null,"fall":""},{"name":"KumaKochappy","count":1,"weight":0,"dead_end":false,"group":0,"treasure":null,"fall":""},{"name":"KumaKochappy","count":1,"weight":0,"dead_end":false,"group":0,"treasure":null,"fall":""},{"name":"KumaKochappy","count":1,"weight":0,"dead_end":false,"group":0,"treasure":null,"fall":""},{"name":"KumaKochappy","count":1,"weight":0,"dead_end":false,"group":0,"treasure":null,"fall":""},{"name":"Chiyogami","count":1,"weight":0,"dead_end":false,"group":5,"treasure":null,"fall":""},{"name":"Tukushi","count":14,"weight":0,"dead_end":false,"group":6,"treasure":null,"fall":""}],"treasures":[{"name":"cookie_u_l","count":1,"weight":0},{"name":"cookie_m_l","count":1,"weight":0}],"gates":[]},{"name":"Sublevel 6 - Ranging Bloyster","properties":{"unit":"1_MAT_north_boss_tsuchi.txt","max_rooms":2,"light":"normal_light_cha.ini","music":"cavetile_00_0.cnd","skybox":"test","corridor":0.0,"caps":50,"timer":0,"geyser":false,"clogged":false,"echo":0,"plane":false,"seesaw":false,"version":1,"max_entities":null,"max_trasures":null,"max_gates":null},"entities":[{"name":"UmiMushi","count":1,"weight":0,"dead_end":false,"group":1,"treasure":"key","fall":""},{"name":"HikariKinoko","count":8,"weight":0,"dead_end":false,"group":6,"treasure":null,"fall":""},{"name":"ElecHiba","count":1,"weight":0,"dead_end":false,"group":5,"treasure":null,"fall":""}],"treasures":[{"name":"ahiru","count":1,"weight":0}],"gates":[]},{"name":"Sublevel 7 - Empress Bulblax","properties":{"unit":"1_units_queen_b_tsuchi.txt","max_rooms":1,"light":"normal_light_cha.ini","music":"new_06_0.cnd","skybox":"test","corridor":0.0,"caps":50,"timer":0,"geyser":false,"clogged":true,"echo":0,"plane":false,"seesaw":false,"version":1,"max_entities":null,"max_trasures":null,"max_gates":null},"entities":[{"name":"Queen","count":1,"weight":0,"dead_end":false,"group":1,"treasure":"key","fall":""},{"name":"KareOoinu_s","count":8,"weight":0,"dead_end":false,"group":6,"treasure":null,"fall":""},{"name":"KareOoinu_l","count":8,"weight":0,"dead_end":false,"group":6,"treasure":null,"fall":""},{"name":"KareOoinu_l","count":8,"weight":0,"dead_end":false,"group":8,"treasure":null,"fall":""},{"name":"Kochappy","count":8,"weight":0,"dead_end":false,"group":0,"treasure":null,"fall":""}],"treasures":[],"gates":[]},{"name":"Sublevel 8 - Pileated Snagret","properties":{"unit":"1_MAT_north_boss_tsuchi.txt","max_rooms":2,"light":"normal_light_cha.ini","music":"new_07_0.cnd","skybox":"test","corridor":0.0,"caps":50,"timer":0,"geyser":false,"clogged":false,"echo":0,"plane":false,"seesaw":false,"version":1,"max_entities":null,"max_trasures":null,"max_gates":null},"entities":[{"name":"SnakeWhole","count":1,"weight":0,"dead_end":false,"group":1,"treasure":"key","fall":""},{"name":"SnakeCrow","count":1,"weight":0,"dead_end":false,"group":0,"treasure":"wadou_kaichin","fall":""},{"name":"Nekojarashi","count":6,"weight":0,"dead_end":false,"group":6,"treasure":null,"fall":""},{"name":"Tukushi","count":6,"weight":0,"dead_end":false,"group":6,"treasure":null,"fall":""}],"treasures":[{"name":"donguri_l","count":1,"weight":0}],"gates":[{"word":"gate","health":100,"weight":1}]},{"name":"Sublevel 9 - Man-At-Legs","properties":{"unit":"1_MAT_north_boss_tsuchi.txt","max_rooms":2,"light":"normal_light_cha.ini","music":"cavemetal_05_3.cnd","skybox":"test","corridor":0.0,"caps":50,"timer":0,"geyser":false,"clogged":false,"echo":0,"plane":false,"seesaw":false,"version":1,"max_entities":null,"max_trasures":null,"max_gates":null},"entities":[{"name":"Hiba","count":1,"weight":0,"dead_end":false,"group":5,"treasure":null,"fall":""},{"name":"Houdai","count":1,"weight":0,"dead_end":false,"group":1,"treasure":"key","fall":""},{"name":"DaiodoRed","count":8,"weight":0,"dead_end":false,"group":6,"treasure":null,"fall":""},{"name":"DaiodoGreen","count":4,"weight":0,"dead_end":false,"group":6,"treasure":null,"fall":""}],"treasures":[{"name":"sinkukan_b","count":1,"weight":0},{"name":"sinkukan_c","count":1,"weight":0}],"gates":[]},{"name":"Sublevel 10 - Waterwraith","properties":{"unit":"1_MAT_north_boss_tsuchi.txt","max_rooms":2,"light":"vs_10_light.ini","music":"new_01_0.cnd","skybox":"test","corridor":0.0,"caps":50,"timer":0,"geyser":false,"clogged":true,"echo":0,"plane":false,"seesaw":false,"version":1,"max_entities":null,"max_trasures":null,"max_gates":null},"entities":[{"name":"BlackMan","count":1,"weight":0,"dead_end":false,"group":1,"treasure":null,"fall":""},{"name":"Watage","count":3,"weight":0,"dead_end":false,"group":6,"treasure":null,"fall":""},{"name":"BombOtakara","count":1,"weight":0,"dead_end":false,"group":5,"treasure":null,"fall":"$"}],"treasures":[{"name":"key","count":1,"weight":0}],"gates":[]},{"name":"Sublevel 11 - Raging Long Legs","properties":{"unit":"1_MAT_north_boss_tsuchi.txt","max_rooms":2,"light":"kumomei_light_cha.ini","music":"new_00_0.cnd","skybox":"test","corridor":0.0,"caps":50,"timer":0,"geyser":false,"clogged":false,"echo":0,"plane":false,"seesaw":false,"version":1,"max_entities":null,"max_trasures":null,"max_gates":null},"entities":[{"name":"BigFoot","count":1,"weight":0,"dead_end":false,"group":1,"treasure":"key","fall":""},{"name":"Damagumo","count":1,"weight":0,"dead_end":false,"group":5,"treasure":"cookie","fall":""},{"name":"Wakame_l","count":7,"weight":0,"dead_end":false,"group":6,"treasure":null,"fall":""},{"name":"KareOoinu_l","count":5,"weight":0,"dead_end":false,"group":6,"treasure":null,"fall":""}],"treasures":[{"name":"kinoko_tubu","count":1,"weight":0},{"name":"kinoko","count":1,"weight":0}],"gates":[]},{"name":"Sublevel 12 - Segmented Crawbster","properties":{"unit":"1_MAT_north_boss_tsuchi.txt","max_rooms":2,"light":"suityu_light_lv0.ini","music":"cavetile_00_0.cnd","skybox":"test","corridor":0.0,"caps":50,"timer":0,"geyser":false,"clogged":true,"echo":0,"plane":false,"seesaw":false,"version":1,"max_entities":null,"max_trasures":null,"max_gates":null},"entities":[{"name":"DangoMushi","count":1,"weight":0,"dead_end":false,"group":1,"treasure":"key","fall":""},{"name":"Jigumo","count":1,"weight":0,"dead_end":false,"group":5,"treasure":"flower_red","fall":""},{"name":"Jigumo","count":4,"weight":0,"dead_end":false,"group":6,"treasure":"flower_red","fall":""},{"name":"Sokkuri","count":6,"weight":0,"dead_end":false,"group":6,"treasure":null,"fall":""}],"treasures":[{"name":"g_futa_koiwai","count":1,"weight":0}],"gates":[]},{"name":"Sublevel 13 - Titan Dweevil","properties":{"unit":"1_MAT_north_boss_tsuchi.txt","max_rooms":2,"light":"oootakara_light.ini","music":"new_00_1.cnd","skybox":"ice","corridor":0.0,"caps":50,"timer":0,"geyser":false,"clogged":false,"echo":0,"plane":false,"seesaw":false,"version":1,"max_entities":null,"max_trasures":null,"max_gates":null},"entities":[{"name":"BigTreasure","count":1,"weight":0,"dead_end":false,"group":1,"treasure":"key","fall":""},{"name":"Wealthy","count":1,"weight":0,"dead_end":false,"group":5,"treasure":null,"fall":""},{"name":"HikariKinoko","count":10,"weight":0,"dead_end":false,"group":6,"treasure":null,"fall":""}],"treasures":[{"name":"gold_medal","count":1,"weight":0}],"gates":[]}],"content":null}