{"sublevels":[{"name":"Sublevel 1","properties":{"unit":"3_MAT_f_k_o_conc.txt","max_rooms":3,"light":"tutorial_1_light.ini","music":"caveconc_05_1.cnd","skybox":"none","corridor":0.1,"caps":50,"timer":0,"geyser":false,"clogged":false,"echo":0,"plane":false,"seesaw":false,"version":1,"max_entities":14,"max_trasures":null,"max_gates":null},"entities":[{"name":"BlueChappy","count":1,"weight":0,"dead_end":false,"group":1,"treasure":"key","fall":""},{"name":"Chappy","count":2,"weight":0,"dead_end":false,"group":0,"treasure":"dia_c_blue","fall":""},{"name":"Chappy","count":1,"weight":0,"dead_end":false,"group":1,"treasure":"fue_a","fall":""},{"name":"Kochappy","count":2,"weight":0,"dead_end":false,"group":0,"treasure":"donutschoco_s","fall":""},{"name":"Kochappy","count":2,"weight":0,"dead_end":false,"group":0,"treasure":"donutschoco_s","fall":""},{"name":"WaterOtakara","count":1,"weight":6,"dead_end":false,"group":0,"treasure":"donutschoco_s","fall":""},{"name":"WaterOtakara","count":1,"weight":6,"dead_end":false,"group":0,"treasure":"donutschoco_s","fall":""},{"name":"WaterOtakara","count":1,"weight":6,"dead_end":false,"group":0,"treasure":"donutschoco_s","fall":""},{"name":"ElecOtakara","count":4,"weight":4,"dead_end":false,"group":0,"treasure":"ichigo","fall":""},{"name":"UjiB","count":4,"weight":9,"dead_end":false,"group":0,"treasure":"bird_hane","fall":""},{"name":"UjiB","count":4,"weight":9,"dead_end":false,"group":1,"treasure":"bird_hane","fall":""},{"name":"ElecHiba","count":5,"weight":0,"dead_end":false,"group":5,"treasure":null,"fall":""},{"name":"KareOoinu_l","count":10,"weight":0,"dead_end":false,"group":6,"treasure":null,"fall":""},{"name":"KareOoinu_l","count":10,"weight":0,"dead_end":false,"group":6,"treasure":null,"fall":""}],"treasures":[{"name":"g_futa_nihonraku","count":1,"weight":0},{"name":"compact","count":1,"weight":0},{"name":"dia_a_red","count":1,"weight":0},{"name":"matu_bokkuri","count":1,"weight":0},{"name":"matu_bokkuri","count":1,"weight":0},{"name":"matu_bokkuri","count":1,"weight":0},{"name":"kan_imuraya","count":1,"weight":0}],"gates":[]},{"name":"Sublevel 2","properties":{"unit":"1_units_ike4_tsuchi.txt","max_rooms":1,"light":"key_light_lv0.ini","music":"cavemetal_10_1.cnd","skybox":"none","corridor":0.2,"caps":50,"timer":0,"geyser":false,"clogged":false,"echo":0,"plane":false,"seesaw":false,"version":1,"max_entities":14,"max_trasures":null,"max_gates":null},"entities":[{"name":"Hana","count":1,"weight":0,"dead_end":false,"group":1,"treasure":"key","fall":""},{"name":"Tank","count":1,"weight":8,"dead_end":false,"group":0,"treasure":"bey_goma","fall":""},{"name":"Tank","count":1,"weight":8,"dead_end":false,"group":0,"treasure":"bey_goma","fall":""},{"name":"Tank","count":1,"weight":6,"dead_end":false,"group":1,"treasure":"bey_goma","fall":""},{"name":"Tank","count":1,"weight":6,"dead_end":false,"group":1,"treasure":"bey_goma","fall":""},{"name":"ElecBug","count":4,"weight":7,"dead_end":false,"group":0,"treasure":"gear_silver","fall":""},{"name":"ElecBug","count":4,"weight":7,"dead_end":false,"group":1,"treasure":"gear_silver","fall":""},{"name":"Magaret","count":20,"weight":0,"dead_end":false,"group":6,"treasure":"key","fall":""},{"name":"Clover","count":10,"weight":0,"dead_end":false,"group":6,"treasure":"key","fall":""},{"name":"Sokkuri","count":3,"weight":4,"dead_end":false,"group":0,"treasure":"flower_blue","fall":""},{"name":"Sokkuri","count":3,"weight":4,"dead_end":false,"group":1,"treasure":"flower_blue","fall":""}],"treasures":[{"name":"toy_ring_c_red","count":1,"weight":0},{"name":"kan_kyokuyo","count":1,"weight":0},{"name":"denchi_3_black","count":1,"weight":0},{"name":"apple","count":1,"weight":0},{"name":"kan_meidiya","count":1,"weight":0}],"gates":[]},{"name":"Sublevel 3","properties":{"unit":"1_units_white_metal.txt","max_rooms":1,"light":"jyoou_light_lv0.ini","music":"caverelax.cnd","skybox":"none","corridor":0.2,"caps":50,"timer":0,"geyser":false,"clogged":false,"echo":0,"plane":false,"seesaw":false,"version":1,"max_entities":null,"max_trasures":null,"max_gates":null},"entities":[{"name":"RedPom","count":3,"weight":0,"dead_end":false,"group":8,"treasure":null,"fall":""},{"name":"Rkabuto","count":1,"weight":0,"dead_end":false,"group":1,"treasure":"key","fall":""},{"name":"Fkabuto","count":1,"weight":0,"dead_end":false,"group":0,"treasure":"toy_dog","fall":""},{"name":"Fkabuto","count":1,"weight":0,"dead_end":false,"group":0,"treasure":"toy_dog","fall":""}],"treasures":[],"gates":[]},{"name":"Sublevel 4","properties":{"unit":"1_ABE_ari_metal.txt","max_rooms":1,"light":"jyoou_light_lv1.ini","music":"cavemetal_10_0.cnd","skybox":"none","corridor":0.2,"caps":50,"timer":0,"geyser":false,"clogged":false,"echo":0,"plane":false,"seesaw":false,"version":1,"max_entities":19,"max_trasures":null,"max_gates":null},"entities":[{"name":"MiniHoudai","count":1,"weight":0,"dead_end":false,"group":1,"treasure":"key","fall":""},{"name":"Hiba","count":3,"weight":0,"dead_end":false,"group":5,"treasure":null,"fall":""},{"name":"ElecHiba","count":3,"weight":0,"dead_end":false,"group":5,"treasure":null,"fall":""},{"name":"Wtank","count":4,"weight":5,"dead_end":false,"group":0,"treasure":"diamond_blue_l","fall":""},{"name":"Ooinu_l","count":10,"weight":0,"dead_end":false,"group":6,"treasure":null,"fall":""},{"name":"Ooinu_l","count":10,"weight":0,"dead_end":false,"group":6,"treasure":null,"fall":""},{"name":"Demon","count":2,"weight":4,"dead_end":false,"group":0,"treasure":"chess_queen_black","fall":""},{"name":"Tobi","count":4,"weight":4,"dead_end":false,"group":1,"treasure":null,"fall":""},{"name":"GasOtakara","count":4,"weight":4,"dead_end":false,"group":0,"treasure":"ichigo","fall":""},{"name":"BlueChappy","count":3,"weight":8,"dead_end":false,"group":0,"treasure":"ichigo","fall":""},{"name":"BlueChappy","count":3,"weight":8,"dead_end":false,"group":1,"treasure":"ichigo","fall":""},{"name":"BlueChappy","count":3,"weight":8,"dead_end":false,"group":1,"treasure":"ichigo","fall":""},{"name":"Armor","count":2,"weight":6,"dead_end":false,"group":0,"treasure":"ichigo","fall":""}],"treasures":[{"name":"gear","count":1,"weight":0},{"name":"gear","count":1,"weight":0},{"name":"diamond_red_l","count":1,"weight":0},{"name":"diamond_red_l","count":1,"weight":0},{"name":"radar_b","count":1,"weight":0},{"name":"g_futa_hiruzen","count":1,"weight":0}],"gates":[]},{"name":"Sublevel 5","properties":{"unit":"3_units_mid2_hit6_hit7_metal.txt","max_rooms":4,"light":"jyoou_light_lv1.ini","music":"cavemetal_05_2.cnd","skybox":"test","corridor":0.26,"caps":50,"timer":0,"geyser":false,"clogged":false,"echo":0,"plane":false,"seesaw":false,"version":1,"max_entities":17,"max_trasures":null,"max_gates":null},"entities":[{"name":"FireChappy","count":1,"weight":0,"dead_end":false,"group":0,"treasure":"key","fall":"$"},{"name":"FireOtakara","count":3,"weight":6,"dead_end":false,"group":0,"treasure":"cookie_s_l","fall":""},{"name":"ElecOtakara","count":3,"weight":6,"dead_end":false,"group":1,"treasure":"cookie_s_l","fall":""},{"name":"Sarai","count":1,"weight":9,"dead_end":false,"group":0,"treasure":"diamond_red","fall":""},{"name":"Sarai","count":1,"weight":9,"dead_end":false,"group":0,"treasure":"diamond_red","fall":""},{"name":"Egg","count":5,"weight":0,"dead_end":false,"group":5,"treasure":"diamond_red","fall":"$"},{"name":"Egg","count":3,"weight":0,"dead_end":false,"group":5,"treasure":"diamond_red","fall":"$4"},{"name":"Tobi","count":4,"weight":5,"dead_end":false,"group":0,"treasure":null,"fall":""},{"name":"Tobi","count":4,"weight":5,"dead_end":false,"group":1,"treasure":null,"fall":""},{"name":"Tobi","count":3,"weight":5,"dead_end":false,"group":1,"treasure":null,"fall":""},{"name":"Jigumo","count":2,"weight":7,"dead_end":false,"group":0,"treasure":"kan_maruha","fall":""}],"treasures":[{"name":"uji_jisyaku","count":1,"weight":0},{"name":"medama_yaki","count":1,"weight":0},{"name":"yoyo_blue","count":1,"weight":0},{"name":"sensya","count":1,"weight":0},{"name":"turi_uki","count":1,"weight":0},{"name":"matu_bokkuri","count":1,"weight":0},{"name":"matu_bokkuri","count":1,"weight":0},{"name":"matu_bokkuri","count":1,"weight":0}],"gates":[]},{"name":"Sublevel 6","properties":{"unit":"1_units_houdai_metal.txt","max_rooms":1,"light":"jyoou_light_lv6.ini","music":"new_00_0.cnd","skybox":"build","corridor":0.2,"caps":50,"timer":0,"geyser":false,"clogged":false,"echo":0,"plane":false,"seesaw":false,"version":1,"max_entities":null,"max_trasures":null,"max_gates":null},"entities":[{"name":"Damagumo","count":1,"weight":0,"dead_end":false,"group":8,"treasure":"key","fall":""},{"name":"Sarai","count":3,"weight":0,"dead_end":false,"group":0,"treasure":"chess_queen_white","fall":""},{"name":"Kurage","count":3,"weight":0,"dead_end":false,"group":1,"treasure":"chess_queen_white","fall":""}],"treasures":[],"gates":[]}],"content":null}