{"sublevels":[{"name":"Sublevel 1 - Bread Plains","properties":{"unit":"2_ABE_units_5x5a_mid_kusachi.txt","max_rooms":3,"light":"normal_light_lv1.ini","music":"new_00_0.cnd","skybox":"hiroba","corridor":0.12,"caps":50,"timer":0,"geyser":false,"clogged":false,"echo":0,"plane":true,"seesaw":false,"version":1,"max_entities":null,"max_trasures":null,"max_gates":null},"entities":[{"name":"Kochappy","count":3,"weight":0,"dead_end":false,"group":0,"treasure":"be_dama_yellow","fall":""},{"name":"PanModoki","count":3,"weight":0,"dead_end":false,"group":1,"treasure":"gold_medal","fall":""},{"name":"YellowChappy","count":1,"weight":0,"dead_end":true,"group":0,"treasure":"key","fall":""},{"name":"Hana","count":1,"weight":0,"dead_end":false,"group":6,"treasure":"gold_medal","fall":""},{"name":"HikariKinoko","count":4,"weight":0,"dead_end":false,"group":6,"treasure":null,"fall":""},{"name":"Magaret","count":3,"weight":0,"dead_end":false,"group":6,"treasure":null,"fall":""},{"name":"BlackPom","count":2,"weight":0,"dead_end":true,"group":0,"treasure":null,"fall":""},{"name":"Wealthy","count":1,"weight":0,"dead_end":false,"group":1,"treasure":"toy_ring_c_red","fall":""}],"treasures":[{"name":"flower_red","count":1,"weight":0},{"name":"medama_yaki","count":1,"weight":0}],"gates":[{"word":"gate","health":2500,"weight":1},{"word":"gate","health":2500,"weight":1}]},{"name":"Sublevel 2 - Snowy Douane","properties":{"unit":"3_MAT_nor4_hit2_blk1_snow.txt","max_rooms":2,"light":"normal_light_lv1.ini","music":"new_06_0.cnd","skybox":"none","corridor":0.12,"caps":50,"timer":0,"geyser":false,"clogged":true,"echo":0,"plane":false,"seesaw":false,"version":1,"max_entities":null,"max_trasures":null,"max_gates":null},"entities":[{"name":"KareOoinu_s","count":6,"weight":0,"dead_end":false,"group":6,"treasure":null,"fall":""},{"name":"PanModoki","count":3,"weight":0,"dead_end":false,"group":0,"treasure":"gold_medal","fall":""},{"name":"PanModoki","count":3,"weight":0,"dead_end":false,"group":0,"treasure":"gold_medal","fall":""},{"name":"Fart","count":1,"weight":0,"dead_end":false,"group":6,"treasure":null,"fall":""},{"name":"YellowKochappy","count":1,"weight":0,"dead_end":false,"group":0,"treasure":"silver_medal","fall":""},{"name":"PanModoki","count":1,"weight":0,"dead_end":false,"group":1,"treasure":"key","fall":""},{"name":"Wakame_s","count":2,"weight":0,"dead_end":false,"group":6,"treasure":null,"fall":""}],"treasures":[{"name":"apple","count":1,"weight":0},{"name":"turi_uki","count":1,"weight":0}],"gates":[]},{"name":"Sublevel 3 - Bottle O' Messes","properties":{"unit":"1_MAT_mid2_metal.txt","max_rooms":3,"light":"metal_light_lv1.ini","music":"cavesoil_10_3.cnd","skybox":"ice","corridor":0.12,"caps":50,"timer":0,"geyser":false,"clogged":false,"echo":0,"plane":false,"seesaw":false,"version":1,"max_entities":null,"max_trasures":null,"max_gates":null},"entities":[{"name":"LeafChappy","count":2,"weight":0,"dead_end":false,"group":1,"treasure":"bolt_l","fall":""},{"name":"PanModoki","count":3,"weight":0,"dead_end":false,"group":0,"treasure":"gold_medal","fall":""},{"name":"Kochappy","count":3,"weight":0,"dead_end":false,"group":0,"treasure":"silver_medal","fall":""},{"name":"KingChappy","count":1,"weight":0,"dead_end":false,"group":1,"treasure":"key","fall":""},{"name":"DaiodoRed","count":3,"weight":0,"dead_end":false,"group":6,"treasure":null,"fall":""},{"name":"DaiodoGreen","count":2,"weight":0,"dead_end":false,"group":6,"treasure":null,"fall":""},{"name":"GasHiba","count":3,"weight":0,"dead_end":false,"group":5,"treasure":null,"fall":""},{"name":"Rock","count":2,"weight":0,"dead_end":false,"group":1,"treasure":null,"fall":"$"}],"treasures":[{"name":"gear","count":1,"weight":0},{"name":"gear_silver","count":1,"weight":0}],"gates":[]},{"name":"Sublevel 4 - Breadbug Lair","properties":{"unit":"1_units_houdai_metal.txt","max_rooms":1,"light":"metal_light_lv3.ini","music":"new_03_0.cnd","skybox":"ice","corridor":0.12,"caps":50,"timer":0,"geyser":true,"clogged":false,"echo":0,"plane":false,"seesaw":false,"version":1,"max_entities":null,"max_trasures":null,"max_gates":null},"entities":[{"name":"OoPanModoki","count":1,"weight":0,"dead_end":false,"group":1,"treasure":"key","fall":""},{"name":"PanModoki","count":1,"weight":0,"dead_end":false,"group":0,"treasure":"gold_medal","fall":""},{"name":"PanModoki","count":1,"weight":0,"dead_end":false,"group":0,"treasure":"gold_medal","fall":""},{"name":"PanModoki","count":1,"weight":0,"dead_end":false,"group":0,"treasure":"gold_medal","fall":""},{"name":"PanModoki","count":1,"weight":0,"dead_end":false,"group":0,"treasure":"gold_medal","fall":""},{"name":"PanModoki","count":1,"weight":0,"dead_end":false,"group":0,"treasure":"gold_medal","fall":""}],"treasures":[],"gates":[]}],"content":null}