{"sublevels":[{"name":"Sublevel 1","properties":{"unit":"2_ABE_a_dry_tile.txt","max_rooms":4,"light":"normal_light_lv4.ini","music":"caveconc_00_0.cnd","skybox":"none","corridor":0.1,"caps":80,"timer":0,"geyser":false,"clogged":false,"echo":0,"plane":false,"seesaw":false,"version":1,"max_entities":21,"max_trasures":null,"max_gates":null},"entities":[{"name":"MiniHoudai","count":1,"weight":0,"dead_end":false,"group":1,"treasure":null,"fall":""},{"name":"FireChappy","count":4,"weight":0,"dead_end":false,"group":1,"treasure":null,"fall":""},{"name":"Demon","count":8,"weight":0,"dead_end":false,"group":5,"treasure":null,"fall":""},{"name":"BombOtakara","count":5,"weight":0,"dead_end":false,"group":5,"treasure":null,"fall":""},{"name":"Kabuto","count":3,"weight":0,"dead_end":false,"group":0,"treasure":null,"fall":""}],"treasures":[{"name":"kan_kyokuyo","count":1,"weight":0},{"name":"kan_maruha","count":1,"weight":0}],"gates":[]},{"name":"Sublevel 2","properties":{"unit":"4_ABE_a_b_e_m_conc.txt","max_rooms":8,"light":"normal_light_lv1.ini","music":"caveconc_00_0.cnd","skybox":"none","corridor":0.0,"caps":80,"timer":0,"geyser":false,"clogged":false,"echo":0,"plane":false,"seesaw":true,"version":1,"max_entities":49,"max_trasures":null,"max_gates":null},"entities":[{"name":"KumaKochappy","count":10,"weight":0,"dead_end":false,"group":5,"treasure":null,"fall":""},{"name":"KumaChappy","count":2,"weight":0,"dead_end":false,"group":1,"treasure":null,"fall":""},{"name":"Chappy","count":5,"weight":0,"dead_end":false,"group":1,"treasure":null,"fall":""},{"name":"OniKurage","count":3,"weight":0,"dead_end":false,"group":1,"treasure":null,"fall":""},{"name":"ElecOtakara","count":4,"weight":0,"dead_end":false,"group":0,"treasure":null,"fall":""},{"name":"LeafChappy","count":2,"weight":0,"dead_end":false,"group":0,"treasure":null,"fall":""},{"name":"UmiMushiBlind","count":3,"weight":0,"dead_end":false,"group":0,"treasure":null,"fall":""},{"name":"ElecBug","count":10,"weight":0,"dead_end":false,"group":0,"treasure":null,"fall":""},{"name":"Hiba","count":10,"weight":0,"dead_end":false,"group":5,"treasure":null,"fall":""}],"treasures":[{"name":"be_dama_blue_l","count":1,"weight":0},{"name":"kinoko_doku","count":1,"weight":0}],"gates":[]},{"name":"Sublevel 3","properties":{"unit":"4_ABE_a_b_e_m_conc.txt","max_rooms":8,"light":"normal_light_lv1.ini","music":"caveconc_00_0.cnd","skybox":"none","corridor":0.0,"caps":80,"timer":0,"geyser":true,"clogged":false,"echo":0,"plane":false,"seesaw":false,"version":1,"max_entities":32,"max_trasures":null,"max_gates":null},"entities":[{"name":"Kabuto","count":5,"weight":0,"dead_end":false,"group":5,"treasure":null,"fall":""},{"name":"SnakeCrow","count":2,"weight":0,"dead_end":false,"group":1,"treasure":null,"fall":""},{"name":"BombSarai","count":4,"weight":0,"dead_end":false,"group":1,"treasure":null,"fall":""},{"name":"Fuefuki","count":1,"weight":0,"dead_end":false,"group":1,"treasure":null,"fall":""},{"name":"Armor","count":7,"weight":0,"dead_end":false,"group":0,"treasure":null,"fall":""},{"name":"FireOtakara","count":5,"weight":0,"dead_end":false,"group":0,"treasure":null,"fall":""},{"name":"Rkabuto","count":3,"weight":0,"dead_end":false,"group":0,"treasure":null,"fall":""},{"name":"Sarai","count":5,"weight":0,"dead_end":false,"group":0,"treasure":null,"fall":""}],"treasures":[{"name":"teala_dia_c","count":1,"weight":0},{"name":"tatebue","count":1,"weight":0}],"gates":[]},{"name":"Sublevel 4","properties":{"unit":"1_MAT_manp_conc.txt","max_rooms":1,"light":"light.ini","music":"caveconc_00_0.cnd","skybox":"test","corridor":0.0,"caps":0,"timer":0,"geyser":false,"clogged":false,"echo":0,"plane":false,"seesaw":false,"version":1,"max_entities":8,"max_trasures":null,"max_gates":null},"entities":[{"name":"BombSarai","count":5,"weight":0,"dead_end":false,"group":1,"treasure":null,"fall":""},{"name":"KingChappy","count":3,"weight":0,"dead_end":false,"group":1,"treasure":null,"fall":""}],"treasures":[{"name":"tape_blue","count":1,"weight":0},{"name":"toy_ring_a_green","count":1,"weight":0}],"gates":[]},{"name":"Sublevel 5","properties":{"unit":"1_units_houdai2_metal.txt","max_rooms":1,"light":"metal_light_lv4.ini","music":"caveconc_00_0.cnd","skybox":"test","corridor":0.0,"caps":80,"timer":0,"geyser":false,"clogged":false,"echo":0,"plane":false,"seesaw":false,"version":1,"max_entities":13,"max_trasures":null,"max_gates":null},"entities":[{"name":"ElecBug","count":10,"weight":0,"dead_end":false,"group":1,"treasure":null,"fall":""},{"name":"BombSarai","count":2,"weight":0,"dead_end":false,"group":1,"treasure":null,"fall":""},{"name":"Houdai","count":1,"weight":0,"dead_end":false,"group":1,"treasure":"light_a","fall":""}],"treasures":[],"gates":[]}],"content":null}