{"sublevels":[{"name":"Sublevel 1","properties":{"unit":"3_MAT_hit2_hit3_blk1_snow.txt","max_rooms":3,"light":"normal_light_lv0.ini","music":"new_00_1.cnd","skybox":"none","corridor":0.02,"caps":50,"timer":0,"geyser":false,"clogged":false,"echo":0,"plane":false,"seesaw":false,"version":1,"max_entities":null,"max_trasures":null,"max_gates":null},"entities":[{"name":"OniKurage","count":1,"weight":0,"dead_end":false,"group":0,"treasure":"key","fall":""},{"name":"BombSarai","count":1,"weight":0,"dead_end":false,"group":0,"treasure":"cookie_s_l","fall":""},{"name":"Catfish","count":4,"weight":0,"dead_end":false,"group":1,"treasure":"diamond_blue_l","fall":""}],"treasures":[{"name":"toy_ring_c_red","count":1,"weight":0},{"name":"bane_blue","count":1,"weight":0}],"gates":[]},{"name":"Sublevel 2","properties":{"unit":"2_units_mid2_north_snow.txt","max_rooms":4,"light":"normal_light_lv0.ini","music":"new_06_0.cnd","skybox":"none","corridor":0.01,"caps":50,"timer":0,"geyser":false,"clogged":false,"echo":0,"plane":false,"seesaw":false,"version":1,"max_entities":null,"max_trasures":null,"max_gates":null},"entities":[{"name":"BlueChappy","count":1,"weight":0,"dead_end":false,"group":0,"treasure":"key","fall":""},{"name":"BlueChappy","count":1,"weight":0,"dead_end":false,"group":0,"treasure":"chess_king_white","fall":""},{"name":"BlueKochappy","count":7,"weight":0,"dead_end":false,"group":1,"treasure":"dia_c_blue","fall":""},{"name":"Hiba","count":5,"weight":0,"dead_end":false,"group":5,"treasure":null,"fall":""},{"name":"BlueKochappy","count":2,"weight":0,"dead_end":true,"group":0,"treasure":"dia_c_blue","fall":""}],"treasures":[{"name":"j_block_blue","count":1,"weight":0},{"name":"toy_ring_a_blue","count":1,"weight":0},{"name":"milk_cap","count":1,"weight":0}],"gates":[]},{"name":"Sublevel 3","properties":{"unit":"3_MAT_nor4_hit2_blk1_snow.txt","max_rooms":6,"light":"normal_light_lv0.ini","music":"caveconc_00_0.cnd","skybox":"none","corridor":0.03,"caps":50,"timer":15,"geyser":false,"clogged":false,"echo":0,"plane":false,"seesaw":false,"version":1,"max_entities":null,"max_trasures":null,"max_gates":null},"entities":[{"name":"Hiba","count":3,"weight":0,"dead_end":false,"group":5,"treasure":null,"fall":""},{"name":"BlackMan","count":1,"weight":0,"dead_end":false,"group":0,"treasure":"key","fall":""},{"name":"Demon","count":1,"weight":0,"dead_end":false,"group":0,"treasure":"leaf_normal","fall":""},{"name":"Tobi","count":5,"weight":0,"dead_end":false,"group":1,"treasure":"flower_blue","fall":""},{"name":"YellowKochappy","count":4,"weight":0,"dead_end":true,"group":0,"treasure":"donguri","fall":""}],"treasures":[{"name":"bell_red","count":2,"weight":0},{"name":"chocolate_l","count":1,"weight":0},{"name":"fire_helmet","count":1,"weight":0}],"gates":[]}],"content":null}