{"sublevels":[{"name":"Sublevel 1 - Bulbmin","properties":{"unit":"1_units_cent3_tsuchi.txt","max_rooms":6,"light":"hiroba_light.ini","music":"new_07_0.cnd","skybox":"none","corridor":0.175,"caps":100,"timer":0,"geyser":false,"clogged":false,"echo":0,"plane":false,"seesaw":false,"version":1,"max_entities":null,"max_trasures":null,"max_gates":null},"entities":[{"name":"LeafChappy","count":1,"weight":0,"dead_end":false,"group":0,"treasure":null,"fall":""},{"name":"KumaKochappy","count":3,"weight":0,"dead_end":false,"group":1,"treasure":null,"fall":""},{"name":"KumaKochappy","count":3,"weight":0,"dead_end":false,"group":0,"treasure":null,"fall":""},{"name":"BlueKochappy","count":1,"weight":0,"dead_end":false,"group":0,"treasure":null,"fall":""},{"name":"BlueKochappy","count":1,"weight":0,"dead_end":false,"group":1,"treasure":null,"fall":""},{"name":"BlueKochappy","count":3,"weight":0,"dead_end":false,"group":5,"treasure":null,"fall":""},{"name":"BlueKochappy","count":1,"weight":0,"dead_end":false,"group":1,"treasure":null,"fall":""},{"name":"BlueKochappy","count":1,"weight":0,"dead_end":false,"group":0,"treasure":null,"fall":""},{"name":"KumaKochappy","count":2,"weight":0,"dead_end":false,"group":0,"treasure":null,"fall":""},{"name":"LeafChappy","count":1,"weight":0,"dead_end":false,"group":5,"treasure":"key","fall":""},{"name":"Egg","count":1,"weight":0,"dead_end":false,"group":0,"treasure":null,"fall":""},{"name":"Egg","count":1,"weight":0,"dead_end":false,"group":1,"treasure":null,"fall":""},{"name":"WhitePom","count":1,"weight":0,"dead_end":false,"group":5,"treasure":null,"fall":""},{"name":"WhitePom","count":1,"weight":0,"dead_end":false,"group":5,"treasure":null,"fall":""},{"name":"Kogane","count":1,"weight":0,"dead_end":true,"group":0,"treasure":null,"fall":""},{"name":"Kogane","count":1,"weight":0,"dead_end":true,"group":0,"treasure":null,"fall":""},{"name":"KumaKochappy","count":2,"weight":0,"dead_end":false,"group":5,"treasure":null,"fall":""},{"name":"KumaKochappy","count":2,"weight":0,"dead_end":false,"group":5,"treasure":null,"fall":""},{"name":"TamagoMushi","count":1,"weight":0,"dead_end":true,"group":0,"treasure":"be_dama_red","fall":""},{"name":"BlueKochappy","count":1,"weight":0,"dead_end":false,"group":5,"treasure":null,"fall":""}],"treasures":[{"name":"momiji_normal","count":1,"weight":0},{"name":"momiji_normal","count":1,"weight":0},{"name":"flower_blue","count":2,"weight":0},{"name":"flower_blue","count":2,"weight":0},{"name":"flower_blue","count":1,"weight":0},{"name":"flower_red","count":1,"weight":0},{"name":"flower_red","count":1,"weight":0},{"name":"key","count":1,"weight":0}],"gates":[]},{"name":"Sublevel 2 - Bulbear","properties":{"unit":"1_NARI_hit6x7_toy.txt","max_rooms":5,"light":"kumomei_light_cha.ini","music":"new_08_0.cnd","skybox":"flooring","corridor":0.175,"caps":100,"timer":0,"geyser":false,"clogged":false,"echo":0,"plane":true,"seesaw":false,"version":1,"max_entities":null,"max_trasures":null,"max_gates":null},"entities":[{"name":"LeafChappy","count":1,"weight":0,"dead_end":false,"group":0,"treasure":null,"fall":""},{"name":"Kochappy","count":3,"weight":0,"dead_end":false,"group":0,"treasure":null,"fall":""},{"name":"Kochappy","count":3,"weight":0,"dead_end":false,"group":1,"treasure":null,"fall":""},{"name":"Kochappy","count":2,"weight":0,"dead_end":false,"group":1,"treasure":null,"fall":""},{"name":"Chappy","count":1,"weight":0,"dead_end":false,"group":1,"treasure":"be_dama_red_l","fall":""},{"name":"Kochappy","count":1,"weight":0,"dead_end":false,"group":1,"treasure":null,"fall":""},{"name":"Kochappy","count":2,"weight":0,"dead_end":false,"group":0,"treasure":null,"fall":""},{"name":"WaterOtakara","count":1,"weight":0,"dead_end":false,"group":5,"treasure":null,"fall":""},{"name":"BlueKochappy","count":3,"weight":0,"dead_end":false,"group":5,"treasure":null,"fall":""},{"name":"BlueKochappy","count":3,"weight":0,"dead_end":false,"group":5,"treasure":null,"fall":""},{"name":"BlueKochappy","count":2,"weight":0,"dead_end":false,"group":5,"treasure":null,"fall":""},{"name":"KumaChappy","count":1,"weight":0,"dead_end":false,"group":8,"treasure":"j_block_red","fall":""},{"name":"Chiyogami","count":1,"weight":0,"dead_end":false,"group":6,"treasure":null,"fall":""},{"name":"Chiyogami","count":1,"weight":0,"dead_end":false,"group":6,"treasure":null,"fall":""},{"name":"WaterOtakara","count":1,"weight":0,"dead_end":false,"group":5,"treasure":null,"fall":""},{"name":"WaterOtakara","count":1,"weight":0,"dead_end":false,"group":5,"treasure":null,"fall":""},{"name":"KumaChappy","count":1,"weight":0,"dead_end":false,"group":0,"treasure":"bell_red","fall":""},{"name":"Chappy","count":1,"weight":0,"dead_end":false,"group":1,"treasure":"be_dama_red_l","fall":""},{"name":"PanModoki","count":1,"weight":0,"dead_end":false,"group":0,"treasure":"be_dama_yellow","fall":""},{"name":"PanModoki","count":1,"weight":0,"dead_end":false,"group":0,"treasure":"be_dama_yellow","fall":""},{"name":"PanModoki","count":1,"weight":0,"dead_end":false,"group":1,"treasure":"be_dama_blue","fall":""},{"name":"WaterOtakara","count":1,"weight":0,"dead_end":false,"group":5,"treasure":null,"fall":""},{"name":"PanModoki","count":1,"weight":0,"dead_end":false,"group":1,"treasure":"be_dama_red","fall":""},{"name":"PanModoki","count":1,"weight":0,"dead_end":false,"group":5,"treasure":"be_dama_red","fall":""},{"name":"GasOtakara","count":2,"weight":0,"dead_end":false,"group":1,"treasure":null,"fall":""},{"name":"PanModoki","count":1,"weight":0,"dead_end":false,"group":1,"treasure":"juji_key","fall":""},{"name":"PanModoki","count":1,"weight":0,"dead_end":false,"group":5,"treasure":"juji_key","fall":""},{"name":"PanModoki","count":1,"weight":0,"dead_end":false,"group":5,"treasure":"bell_red","fall":""},{"name":"Egg","count":1,"weight":0,"dead_end":false,"group":5,"treasure":null,"fall":""},{"name":"Egg","count":1,"weight":0,"dead_end":false,"group":5,"treasure":null,"fall":""},{"name":"GasOtakara","count":2,"weight":0,"dead_end":false,"group":0,"treasure":null,"fall":""},{"name":"BlueChappy","count":1,"weight":0,"dead_end":false,"group":1,"treasure":"be_dama_yellow_l","fall":""}],"treasures":[{"name":"key","count":1,"weight":0},{"name":"toy_cat","count":1,"weight":0},{"name":"chess_king_white","count":1,"weight":0},{"name":"chess_king_white","count":1,"weight":0},{"name":"baum_kuchen_s","count":1,"weight":0},{"name":"donutschoco_s","count":1,"weight":0},{"name":"chess_queen_black","count":1,"weight":0},{"name":"chess_queen_black","count":1,"weight":0}],"gates":[]},{"name":"Sublevel 3 - Rest","properties":{"unit":"1_unit_16x17r_conc.txt","max_rooms":1,"light":"houdai_light.ini","music":"new_01_0.cnd","skybox":"none","corridor":0.12,"caps":100,"timer":0,"geyser":false,"clogged":false,"echo":0,"plane":false,"seesaw":false,"version":1,"max_entities":null,"max_trasures":null,"max_gates":null},"entities":[{"name":"LeafChappy","count":1,"weight":0,"dead_end":false,"group":6,"treasure":null,"fall":""},{"name":"KumaKochappy","count":2,"weight":0,"dead_end":false,"group":6,"treasure":null,"fall":""},{"name":"Baby","count":3,"weight":0,"dead_end":false,"group":8,"treasure":null,"fall":""},{"name":"Baby","count":1,"weight":0,"dead_end":false,"group":8,"treasure":null,"fall":""},{"name":"Egg","count":2,"weight":0,"dead_end":false,"group":6,"treasure":null,"fall":""},{"name":"MiniHoudai","count":1,"weight":0,"dead_end":false,"group":8,"treasure":"donguri_l","fall":""},{"name":"WhitePom","count":1,"weight":0,"dead_end":false,"group":6,"treasure":null,"fall":""},{"name":"WhitePom","count":1,"weight":0,"dead_end":false,"group":6,"treasure":null,"fall":""},{"name":"Kochappy","count":1,"weight":0,"dead_end":false,"group":8,"treasure":null,"fall":""},{"name":"Kochappy","count":2,"weight":0,"dead_end":false,"group":8,"treasure":null,"fall":""},{"name":"BlackPom","count":1,"weight":0,"dead_end":false,"group":6,"treasure":null,"fall":""}],"treasures":[{"name":"key","count":1,"weight":0},{"name":"be_dama_blue_l","count":1,"weight":0},{"name":"be_dama_yellow_l","count":1,"weight":0},{"name":"be_dama_red_l","count":1,"weight":0}],"gates":[{"word":"gate","health":1000,"weight":1},{"word":"gate","health":1000,"weight":1}]},{"name":"Sublevel 4 - Giant Breadbug","properties":{"unit":"3_MAT_d_i_m_conc.txt","max_rooms":8,"light":"muraon_light_lv3.ini","music":"new_03_0.cnd","skybox":"none","corridor":0.275,"caps":100,"timer":0,"geyser":false,"clogged":false,"echo":0,"plane":false,"seesaw":false,"version":1,"max_entities":null,"max_trasures":null,"max_gates":null},"entities":[{"name":"OoPanModoki","count":1,"weight":0,"dead_end":false,"group":8,"treasure":"key","fall":""},{"name":"OoPanModoki","count":1,"weight":0,"dead_end":false,"group":1,"treasure":"gold_medal","fall":""},{"name":"Baby","count":3,"weight":0,"dead_end":false,"group":0,"treasure":null,"fall":""},{"name":"Baby","count":3,"weight":0,"dead_end":false,"group":0,"treasure":null,"fall":""},{"name":"Baby","count":3,"weight":0,"dead_end":false,"group":1,"treasure":null,"fall":""},{"name":"Baby","count":1,"weight":0,"dead_end":false,"group":1,"treasure":null,"fall":""},{"name":"Baby","count":1,"weight":0,"dead_end":false,"group":1,"treasure":null,"fall":""},{"name":"Baby","count":1,"weight":0,"dead_end":false,"group":0,"treasure":null,"fall":""},{"name":"Kochappy","count":1,"weight":0,"dead_end":false,"group":5,"treasure":null,"fall":""},{"name":"Kochappy","count":1,"weight":0,"dead_end":false,"group":5,"treasure":null,"fall":""},{"name":"Kochappy","count":3,"weight":0,"dead_end":false,"group":0,"treasure":null,"fall":""},{"name":"Kochappy","count":3,"weight":0,"dead_end":false,"group":1,"treasure":null,"fall":""},{"name":"Kochappy","count":2,"weight":0,"dead_end":false,"group":1,"treasure":null,"fall":""},{"name":"YellowKochappy","count":2,"weight":0,"dead_end":false,"group":1,"treasure":null,"fall":""},{"name":"YellowKochappy","count":2,"weight":0,"dead_end":false,"group":0,"treasure":null,"fall":""},{"name":"YellowKochappy","count":1,"weight":0,"dead_end":false,"group":5,"treasure":null,"fall":""},{"name":"YellowKochappy","count":1,"weight":0,"dead_end":true,"group":0,"treasure":null,"fall":""},{"name":"YellowKochappy","count":1,"weight":0,"dead_end":true,"group":0,"treasure":null,"fall":""},{"name":"UjiB","count":3,"weight":0,"dead_end":false,"group":1,"treasure":null,"fall":""},{"name":"UjiB","count":3,"weight":0,"dead_end":false,"group":0,"treasure":null,"fall":""},{"name":"UjiB","count":1,"weight":0,"dead_end":false,"group":5,"treasure":null,"fall":""},{"name":"UjiB","count":1,"weight":0,"dead_end":false,"group":5,"treasure":null,"fall":""},{"name":"UjiB","count":1,"weight":0,"dead_end":true,"group":0,"treasure":null,"fall":""},{"name":"UjiB","count":1,"weight":0,"dead_end":true,"group":0,"treasure":null,"fall":""},{"name":"UjiA","count":2,"weight":0,"dead_end":false,"group":0,"treasure":null,"fall":""},{"name":"UjiA","count":2,"weight":0,"dead_end":false,"group":1,"treasure":null,"fall":""},{"name":"UjiA","count":1,"weight":0,"dead_end":false,"group":5,"treasure":null,"fall":""},{"name":"UjiA","count":1,"weight":0,"dead_end":false,"group":5,"treasure":null,"fall":""},{"name":"PanModoki","count":1,"weight":0,"dead_end":false,"group":5,"treasure":"donguri","fall":""},{"name":"PanModoki","count":1,"weight":0,"dead_end":false,"group":6,"treasure":"donguri_l","fall":""},{"name":"PanModoki","count":1,"weight":0,"dead_end":false,"group":6,"treasure":"cookie_s","fall":""},{"name":"Tobi","count":1,"weight":0,"dead_end":false,"group":5,"treasure":null,"fall":""},{"name":"Tobi","count":2,"weight":0,"dead_end":false,"group":6,"treasure":null,"fall":""},{"name":"Tobi","count":2,"weight":0,"dead_end":false,"group":6,"treasure":null,"fall":""},{"name":"FireChappy","count":1,"weight":0,"dead_end":false,"group":8,"treasure":"silver_medal","fall":""},{"name":"FireChappy","count":1,"weight":0,"dead_end":true,"group":0,"treasure":"diamond_red","fall":""},{"name":"Baby","count":1,"weight":0,"dead_end":false,"group":5,"treasure":"flower_blue","fall":"$"},{"name":"Baby","count":1,"weight":0,"dead_end":false,"group":6,"treasure":"chocoichigo","fall":"$"},{"name":"Hiba","count":1,"weight":0,"dead_end":false,"group":5,"treasure":null,"fall":"$"},{"name":"Hiba","count":1,"weight":0,"dead_end":false,"group":5,"treasure":null,"fall":"$"},{"name":"Hiba","count":1,"weight":0,"dead_end":false,"group":5,"treasure":null,"fall":"$"},{"name":"Hiba","count":1,"weight":0,"dead_end":false,"group":6,"treasure":null,"fall":"$"},{"name":"Hiba","count":1,"weight":0,"dead_end":false,"group":6,"treasure":null,"fall":"$"},{"name":"Hiba","count":1,"weight":0,"dead_end":false,"group":6,"treasure":null,"fall":"$"},{"name":"ElecHiba","count":1,"weight":0,"dead_end":false,"group":5,"treasure":null,"fall":""},{"name":"ElecHiba","count":1,"weight":0,"dead_end":false,"group":5,"treasure":null,"fall":""},{"name":"ElecHiba","count":1,"weight":0,"dead_end":false,"group":5,"treasure":null,"fall":""},{"name":"PanModoki","count":1,"weight":0,"dead_end":false,"group":5,"treasure":"chocowhite","fall":""},{"name":"PanModoki","count":1,"weight":0,"dead_end":true,"group":0,"treasure":"wadou_kaichin","fall":""},{"name":"MiniHoudai","count":1,"weight":0,"dead_end":false,"group":1,"treasure":"donguri","fall":""}],"treasures":[],"gates":[]},{"name":"Sublevel 5 - Long Legs","properties":{"unit":"2_ABE_a_dry_tile.txt","max_rooms":9,"light":"suityu_light_lv3.ini","music":"cavetile_00_0.cnd","skybox":"none","corridor":0.235,"caps":100,"timer":0,"geyser":true,"clogged":false,"echo":0,"plane":false,"seesaw":false,"version":1,"max_entities":null,"max_trasures":null,"max_gates":null},"entities":[{"name":"Damagumo","count":1,"weight":0,"dead_end":false,"group":8,"treasure":"light_a","fall":""},{"name":"KumaKochappy","count":2,"weight":0,"dead_end":true,"group":0,"treasure":null,"fall":""},{"name":"Kurage","count":1,"weight":0,"dead_end":false,"group":1,"treasure":"be_dama_red_l","fall":""},{"name":"KumaChappy","count":1,"weight":0,"dead_end":false,"group":0,"treasure":"diamond_green_l","fall":""},{"name":"KumaKochappy","count":1,"weight":0,"dead_end":false,"group":5,"treasure":null,"fall":""},{"name":"KumaKochappy","count":1,"weight":0,"dead_end":false,"group":5,"treasure":null,"fall":""},{"name":"BigFoot","count":1,"weight":0,"dead_end":false,"group":8,"treasure":"key","fall":""},{"name":"KumaChappy","count":1,"weight":0,"dead_end":true,"group":0,"treasure":"bell_red","fall":""},{"name":"BlueKochappy","count":3,"weight":0,"dead_end":false,"group":1,"treasure":null,"fall":""},{"name":"BlueKochappy","count":3,"weight":0,"dead_end":false,"group":0,"treasure":null,"fall":""},{"name":"BlueKochappy","count":2,"weight":0,"dead_end":false,"group":5,"treasure":null,"fall":""},{"name":"Baby","count":1,"weight":0,"dead_end":true,"group":0,"treasure":null,"fall":""},{"name":"Kurage","count":1,"weight":0,"dead_end":false,"group":8,"treasure":"be_dama_blue_l","fall":""},{"name":"Kurage","count":1,"weight":0,"dead_end":false,"group":0,"treasure":"be_dama_yellow_l","fall":""},{"name":"BlueKochappy","count":1,"weight":0,"dead_end":false,"group":5,"treasure":null,"fall":""},{"name":"BlueKochappy","count":1,"weight":0,"dead_end":true,"group":0,"treasure":null,"fall":""},{"name":"BlueKochappy","count":1,"weight":0,"dead_end":true,"group":0,"treasure":null,"fall":""},{"name":"Baby","count":3,"weight":0,"dead_end":false,"group":1,"treasure":null,"fall":""},{"name":"KumaKochappy","count":3,"weight":0,"dead_end":false,"group":0,"treasure":null,"fall":""},{"name":"Baby","count":1,"weight":0,"dead_end":true,"group":0,"treasure":null,"fall":""},{"name":"OniKurage","count":1,"weight":0,"dead_end":false,"group":8,"treasure":"diamond_green","fall":""},{"name":"Baby","count":1,"weight":0,"dead_end":true,"group":0,"treasure":null,"fall":""},{"name":"Baby","count":3,"weight":0,"dead_end":false,"group":0,"treasure":null,"fall":""},{"name":"YellowChappy","count":1,"weight":0,"dead_end":false,"group":5,"treasure":"diamond_blue_l","fall":""},{"name":"Baby","count":2,"weight":0,"dead_end":false,"group":5,"treasure":null,"fall":""},{"name":"Baby","count":1,"weight":0,"dead_end":true,"group":0,"treasure":null,"fall":""},{"name":"KumaChappy","count":1,"weight":0,"dead_end":false,"group":1,"treasure":"diamond_red_l","fall":""},{"name":"KumaKochappy","count":3,"weight":0,"dead_end":false,"group":0,"treasure":null,"fall":""},{"name":"YellowChappy","count":1,"weight":0,"dead_end":false,"group":1,"treasure":"diamond_blue_l","fall":""},{"name":"Baby","count":1,"weight":0,"dead_end":true,"group":0,"treasure":null,"fall":""},{"name":"Baby","count":3,"weight":0,"dead_end":false,"group":0,"treasure":null,"fall":""},{"name":"BlueChappy","count":1,"weight":0,"dead_end":false,"group":0,"treasure":"be_dama_yellow_l","fall":""},{"name":"Baby","count":2,"weight":0,"dead_end":false,"group":5,"treasure":null,"fall":""},{"name":"Baby","count":1,"weight":0,"dead_end":true,"group":0,"treasure":null,"fall":""},{"name":"BlueKochappy","count":3,"weight":0,"dead_end":false,"group":1,"treasure":null,"fall":""},{"name":"Baby","count":1,"weight":0,"dead_end":true,"group":0,"treasure":"chocoichigo","fall":""},{"name":"Baby","count":1,"weight":0,"dead_end":false,"group":1,"treasure":"toy_ring_c_red","fall":""},{"name":"Baby","count":1,"weight":0,"dead_end":false,"group":0,"treasure":"be_dama_red","fall":""},{"name":"Baby","count":1,"weight":0,"dead_end":false,"group":5,"treasure":"chocowhite","fall":""},{"name":"GasHiba","count":1,"weight":0,"dead_end":false,"group":5,"treasure":null,"fall":""},{"name":"GasHiba","count":1,"weight":0,"dead_end":false,"group":5,"treasure":null,"fall":""},{"name":"GasHiba","count":1,"weight":0,"dead_end":false,"group":5,"treasure":null,"fall":""},{"name":"GasHiba","count":1,"weight":0,"dead_end":false,"group":5,"treasure":null,"fall":""},{"name":"GasHiba","count":1,"weight":0,"dead_end":false,"group":5,"treasure":null,"fall":""},{"name":"MiniHoudai","count":1,"weight":0,"dead_end":false,"group":1,"treasure":null,"fall":""},{"name":"GasHiba","count":1,"weight":0,"dead_end":false,"group":0,"treasure":null,"fall":""},{"name":"GasHiba","count":1,"weight":0,"dead_end":false,"group":0,"treasure":null,"fall":""},{"name":"GasHiba","count":1,"weight":0,"dead_end":false,"group":1,"treasure":null,"fall":""},{"name":"GasHiba","count":1,"weight":0,"dead_end":false,"group":1,"treasure":null,"fall":""},{"name":"YellowChappy","count":1,"weight":0,"dead_end":false,"group":5,"treasure":"diamond_blue_l","fall":""},{"name":"MiniHoudai","count":1,"weight":0,"dead_end":false,"group":0,"treasure":null,"fall":""},{"name":"BlueChappy","count":1,"weight":0,"dead_end":false,"group":1,"treasure":"be_dama_yellow_l","fall":""}],"treasures":[{"name":"be_dama_yellow_l","count":1,"weight":0},{"name":"be_dama_blue_l","count":1,"weight":0},{"name":"be_dama_red_l","count":1,"weight":0},{"name":"be_dama_blue","count":1,"weight":0},{"name":"be_dama_blue","count":1,"weight":0},{"name":"j_block_blue","count":1,"weight":0},{"name":"j_block_blue","count":1,"weight":0},{"name":"milk_cap","count":1,"weight":0}],"gates":[]}],"content":null}