{"sublevels":[{"name":"Sublevel 1 - t","properties":{"unit":"1_units_purple_snow.txt","max_rooms":1,"light":"forest_2_siro_light.ini","music":"caveconc_00_0.cnd","skybox":"test","corridor":0.1,"caps":50,"timer":0,"geyser":false,"clogged":false,"echo":0,"plane":false,"seesaw":false,"version":1,"max_entities":null,"max_trasures":null,"max_gates":null},"entities":[{"name":"KingChappy","count":1,"weight":0,"dead_end":false,"group":1,"treasure":"key","fall":""},{"name":"BlueKochappy","count":10,"weight":0,"dead_end":false,"group":0,"treasure":null,"fall":""},{"name":"BlueKochappy","count":5,"weight":0,"dead_end":false,"group":0,"treasure":null,"fall":""},{"name":"Magaret","count":10,"weight":0,"dead_end":false,"group":0,"treasure":null,"fall":""}],"treasures":[{"name":"compact","count":1,"weight":0}],"gates":[]},{"name":"Sublevel 2 - g","properties":{"unit":"3_MAT_hit34_sak2_uzu1_snow.txt","max_rooms":3,"light":"forest_2_siro_light.ini","music":"new_01_0.cnd","skybox":"ice","corridor":0.1,"caps":50,"timer":0,"geyser":false,"clogged":false,"echo":0,"plane":false,"seesaw":false,"version":1,"max_entities":null,"max_trasures":null,"max_gates":null},"entities":[{"name":"YellowChappy","count":1,"weight":0,"dead_end":false,"group":0,"treasure":null,"fall":""},{"name":"WaterOtakara","count":3,"weight":0,"dead_end":false,"group":0,"treasure":null,"fall":""},{"name":"YellowKochappy","count":2,"weight":0,"dead_end":false,"group":1,"treasure":null,"fall":""},{"name":"Hiba","count":4,"weight":0,"dead_end":false,"group":5,"treasure":null,"fall":""},{"name":"Wakame_s","count":10,"weight":0,"dead_end":false,"group":6,"treasure":null,"fall":""},{"name":"OoPanModoki","count":1,"weight":0,"dead_end":false,"group":1,"treasure":"key","fall":""}],"treasures":[{"name":"key","count":1,"weight":0},{"name":"halloween","count":1,"weight":0}],"gates":[{"word":"gate","health":4000,"weight":1}]},{"name":"Sublevel 3 - f","properties":{"unit":"1_unit_16x17r_conc.txt","max_rooms":1,"light":"bluefog00.ini","music":"caveglass_00_0.cnd","skybox":"build","corridor":0.1,"caps":50,"timer":0,"geyser":false,"clogged":false,"echo":0,"plane":false,"seesaw":false,"version":1,"max_entities":null,"max_trasures":null,"max_gates":null},"entities":[{"name":"Wealthy","count":1,"weight":0,"dead_end":false,"group":0,"treasure":"key","fall":""},{"name":"UjiA","count":7,"weight":0,"dead_end":false,"group":0,"treasure":null,"fall":""},{"name":"UjiB","count":5,"weight":0,"dead_end":false,"group":1,"treasure":null,"fall":""},{"name":"SnakeWhole","count":1,"weight":0,"dead_end":false,"group":1,"treasure":null,"fall":""}],"treasures":[{"name":"flower_blue","count":4,"weight":0}],"gates":[]},{"name":"Sublevel 4 - h","properties":{"unit":"2_units_sara_sara2_toy.txt","max_rooms":5,"light":"forest_2_siro_light.ini","music":"new_04_0.cnd","skybox":"tatami","corridor":0.1,"caps":50,"timer":0,"geyser":false,"clogged":false,"echo":0,"plane":false,"seesaw":false,"version":1,"max_entities":null,"max_trasures":null,"max_gates":null},"entities":[{"name":"Fkabuto","count":3,"weight":0,"dead_end":false,"group":1,"treasure":null,"fall":""},{"name":"KumaKochappy","count":3,"weight":0,"dead_end":false,"group":0,"treasure":null,"fall":""},{"name":"OniKurage","count":1,"weight":0,"dead_end":false,"group":1,"treasure":null,"fall":""},{"name":"BombOtakara","count":1,"weight":0,"dead_end":false,"group":5,"treasure":null,"fall":"$"},{"name":"Chappy","count":1,"weight":0,"dead_end":false,"group":0,"treasure":"key","fall":""},{"name":"SnakeWhole","count":1,"weight":0,"dead_end":false,"group":0,"treasure":null,"fall":""}],"treasures":[{"name":"halloween","count":1,"weight":0},{"name":"saru_head","count":1,"weight":0},{"name":"kinoko_doku","count":1,"weight":0}],"gates":[]},{"name":"Sublevel 5 - OOF!","properties":{"unit":"1_ABE_manp_boss_conc.txt","max_rooms":1,"light":"forest_2_siro_light.ini","music":"cavesoil_00_0.cnd","skybox":"test","corridor":0.1,"caps":50,"timer":0,"geyser":false,"clogged":false,"echo":0,"plane":false,"seesaw":false,"version":1,"max_entities":null,"max_trasures":null,"max_gates":null},"entities":[{"name":"SnakeWhole","count":1,"weight":0,"dead_end":false,"group":0,"treasure":"key","fall":""},{"name":"Egg","count":1,"weight":1,"dead_end":true,"group":0,"treasure":null,"fall":"$"},{"name":"Egg","count":1,"weight":1,"dead_end":true,"group":0,"treasure":null,"fall":"$"},{"name":"Egg","count":1,"weight":1,"dead_end":true,"group":0,"treasure":null,"fall":"$"},{"name":"Egg","count":1,"weight":1,"dead_end":true,"group":0,"treasure":null,"fall":"$"},{"name":"BigFoot","count":1,"weight":0,"dead_end":false,"group":1,"treasure":null,"fall":""}],"treasures":[],"gates":[{"word":"gate","health":3000,"weight":1},{"word":"gate","health":3000,"weight":1},{"word":"gate","health":3000,"weight":1},{"word":"gate","health":3000,"weight":1},{"word":"gate","health":3000,"weight":1},{"word":"gate","health":3000,"weight":1}]}],"content":null}