{"sublevels":[{"name":"Sublevel 1 - Basic","properties":{"unit":"3_MAT_cnt2_nor3_uzu1_tsuchi.txt","max_rooms":4,"light":"normal_light_lv0.ini","music":"cavesoil_00_0.cnd","skybox":"none","corridor":0.1,"caps":50,"timer":0,"geyser":false,"clogged":false,"echo":0,"plane":false,"seesaw":false,"version":1,"max_entities":null,"max_trasures":null,"max_gates":null},"entities":[{"name":"Chappy","count":1,"weight":0,"dead_end":false,"group":1,"treasure":"key","fall":""},{"name":"Chappy","count":1,"weight":0,"dead_end":false,"group":1,"treasure":"apple_blue","fall":""},{"name":"Chappy","count":1,"weight":0,"dead_end":false,"group":1,"treasure":"apple_blue","fall":""},{"name":"Kochappy","count":15,"weight":0,"dead_end":false,"group":0,"treasure":"be_dama_red","fall":""},{"name":"UjiB","count":15,"weight":0,"dead_end":false,"group":0,"treasure":"be_dama_blue","fall":""},{"name":"Armor","count":4,"weight":0,"dead_end":false,"group":5,"treasure":"cookie_u","fall":""},{"name":"Clover","count":10,"weight":0,"dead_end":false,"group":6,"treasure":null,"fall":""},{"name":"Ooinu_s","count":10,"weight":0,"dead_end":false,"group":6,"treasure":null,"fall":""},{"name":"Ooinu_l","count":1,"weight":0,"dead_end":false,"group":1,"treasure":null,"fall":""},{"name":"Ooinu_l","count":1,"weight":0,"dead_end":false,"group":1,"treasure":null,"fall":""},{"name":"Ooinu_l","count":1,"weight":0,"dead_end":false,"group":1,"treasure":null,"fall":""}],"treasures":[{"name":"dia_a_green","count":1,"weight":0},{"name":"kinoko","count":1,"weight":0},{"name":"flower_blue","count":1,"weight":0}],"gates":[]},{"name":"Sublevel 2 - Snagrets","properties":{"unit":"2_units_ike2_hit1_tsuchi.txt","max_rooms":2,"light":"normal_light_lv1.ini","music":"cavesoil_10_3.cnd","skybox":"none","corridor":0.0,"caps":50,"timer":0,"geyser":false,"clogged":false,"echo":0,"plane":false,"seesaw":false,"version":1,"max_entities":null,"max_trasures":null,"max_gates":null},"entities":[{"name":"SnakeCrow","count":1,"weight":0,"dead_end":false,"group":1,"treasure":"key","fall":""},{"name":"SnakeCrow","count":1,"weight":0,"dead_end":false,"group":1,"treasure":"bird_hane","fall":""},{"name":"Hana","count":3,"weight":0,"dead_end":false,"group":5,"treasure":"donguri_l","fall":""},{"name":"Tobi","count":6,"weight":0,"dead_end":false,"group":0,"treasure":"donguri","fall":""},{"name":"Magaret","count":2,"weight":0,"dead_end":false,"group":5,"treasure":null,"fall":""},{"name":"Clover","count":10,"weight":0,"dead_end":false,"group":6,"treasure":null,"fall":""},{"name":"Magaret","count":1,"weight":0,"dead_end":false,"group":0,"treasure":null,"fall":""},{"name":"Magaret","count":1,"weight":0,"dead_end":false,"group":0,"treasure":null,"fall":""},{"name":"Magaret","count":1,"weight":0,"dead_end":false,"group":0,"treasure":null,"fall":""},{"name":"Magaret","count":1,"weight":0,"dead_end":false,"group":0,"treasure":null,"fall":""},{"name":"Magaret","count":1,"weight":0,"dead_end":false,"group":0,"treasure":null,"fall":""},{"name":"Magaret","count":1,"weight":0,"dead_end":false,"group":0,"treasure":null,"fall":""},{"name":"BluePom","count":3,"weight":0,"dead_end":true,"group":0,"treasure":null,"fall":""}],"treasures":[{"name":"kuri","count":1,"weight":0},{"name":"matu_bokkuri","count":1,"weight":0}],"gates":[]},{"name":"Sublevel 3 - Fiery","properties":{"unit":"3_units_cent_cent2_north_tsuchi.txt","max_rooms":6,"light":"vs_8_light.ini","music":"new_04_0.cnd","skybox":"none","corridor":0.1,"caps":50,"timer":0,"geyser":false,"clogged":false,"echo":0,"plane":false,"seesaw":false,"version":1,"max_entities":null,"max_trasures":null,"max_gates":null},"entities":[{"name":"FireChappy","count":1,"weight":0,"dead_end":false,"group":1,"treasure":"key","fall":""},{"name":"KumaChappy","count":1,"weight":0,"dead_end":false,"group":1,"treasure":"dia_b_green","fall":""},{"name":"BlueKochappy","count":25,"weight":0,"dead_end":false,"group":0,"treasure":"be_dama_yellow","fall":""},{"name":"Rock","count":15,"weight":0,"dead_end":false,"group":0,"treasure":null,"fall":""},{"name":"Hiba","count":25,"weight":0,"dead_end":false,"group":5,"treasure":null,"fall":""},{"name":"KareOoinu_l","count":10,"weight":0,"dead_end":false,"group":6,"treasure":null,"fall":""},{"name":"KareOoinu_s","count":10,"weight":0,"dead_end":false,"group":6,"treasure":null,"fall":""},{"name":"RedPom","count":3,"weight":0,"dead_end":true,"group":0,"treasure":null,"fall":""},{"name":"Hiba","count":1,"weight":0,"dead_end":false,"group":1,"treasure":null,"fall":""},{"name":"Hiba","count":1,"weight":0,"dead_end":false,"group":1,"treasure":null,"fall":""},{"name":"Hiba","count":1,"weight":0,"dead_end":false,"group":1,"treasure":null,"fall":""},{"name":"Hiba","count":1,"weight":0,"dead_end":false,"group":1,"treasure":null,"fall":""},{"name":"Hiba","count":1,"weight":0,"dead_end":false,"group":1,"treasure":null,"fall":""},{"name":"Hiba","count":1,"weight":0,"dead_end":false,"group":1,"treasure":null,"fall":""},{"name":"Hiba","count":1,"weight":0,"dead_end":false,"group":1,"treasure":null,"fall":""}],"treasures":[{"name":"momiji_red","count":1,"weight":0},{"name":"cookie","count":1,"weight":0},{"name":"kinoko_tubu","count":1,"weight":0},{"name":"leaf_normal","count":1,"weight":0}],"gates":[]},{"name":"Sublevel 4 - Bulblax","properties":{"unit":"4_NARI_all_hitode.txt","max_rooms":3,"light":"forest_3_light.ini","music":"new_05_0.cnd","skybox":"none","corridor":0.1,"caps":50,"timer":0,"geyser":false,"clogged":false,"echo":0,"plane":false,"seesaw":false,"version":1,"max_entities":null,"max_trasures":null,"max_gates":null},"entities":[{"name":"KingChappy","count":1,"weight":0,"dead_end":false,"group":1,"treasure":"key","fall":""},{"name":"KingChappy","count":1,"weight":0,"dead_end":false,"group":1,"treasure":"g_futa_koiwai","fall":""},{"name":"KingChappy","count":1,"weight":0,"dead_end":false,"group":1,"treasure":"medama_yaki","fall":""},{"name":"KingChappy","count":1,"weight":0,"dead_end":false,"group":1,"treasure":"cookie_u_l","fall":""},{"name":"KingChappy","count":1,"weight":0,"dead_end":false,"group":1,"treasure":"donutschoco","fall":""},{"name":"KingChappy","count":1,"weight":0,"dead_end":false,"group":1,"treasure":"hotate","fall":""},{"name":"KareOoinu_s","count":10,"weight":0,"dead_end":false,"group":6,"treasure":null,"fall":""},{"name":"Zenmai","count":10,"weight":0,"dead_end":false,"group":6,"treasure":null,"fall":""},{"name":"Tukushi","count":1,"weight":0,"dead_end":false,"group":0,"treasure":null,"fall":""},{"name":"Tukushi","count":1,"weight":0,"dead_end":false,"group":0,"treasure":null,"fall":""}],"treasures":[{"name":"kinoko_doku","count":1,"weight":0},{"name":"saru_head","count":1,"weight":0}],"gates":[]},{"name":"Sublevel 5 - Pileated","properties":{"unit":"1_units_ike4_tsuchi.txt","max_rooms":1,"light":"yakushima_3_16x17r_light.ini","music":"new_07_0.cnd","skybox":"none","corridor":0.0,"caps":50,"timer":0,"geyser":true,"clogged":false,"echo":0,"plane":false,"seesaw":false,"version":1,"max_entities":null,"max_trasures":null,"max_gates":null},"entities":[{"name":"SnakeWhole","count":1,"weight":0,"dead_end":false,"group":1,"treasure":"key","fall":""},{"name":"SnakeWhole","count":1,"weight":0,"dead_end":false,"group":1,"treasure":"flower_red","fall":""},{"name":"SnakeWhole","count":1,"weight":0,"dead_end":false,"group":1,"treasure":"flower_red","fall":""},{"name":"Clover","count":10,"weight":0,"dead_end":false,"group":6,"treasure":null,"fall":""},{"name":"Wakame_s","count":10,"weight":0,"dead_end":false,"group":6,"treasure":null,"fall":""},{"name":"Wakame_l","count":1,"weight":0,"dead_end":false,"group":0,"treasure":null,"fall":""},{"name":"Wakame_l","count":1,"weight":0,"dead_end":false,"group":0,"treasure":null,"fall":""},{"name":"Wakame_l","count":1,"weight":0,"dead_end":false,"group":0,"treasure":null,"fall":""},{"name":"BluePom","count":5,"weight":0,"dead_end":true,"group":0,"treasure":null,"fall":""},{"name":"Egg","count":9,"weight":0,"dead_end":false,"group":0,"treasure":null,"fall":""}],"treasures":[],"gates":[]}],"content":null}