{"sublevels":[{"name":"Sublevel 1 - Buried Treasure Trove","properties":{"unit":"4_ABE_a_b_c_dani_conc.txt","max_rooms":6,"light":"normal_light_cha.ini","music":"caveconc_05_1.cnd","skybox":"none","corridor":0.1,"caps":50,"timer":0,"geyser":false,"clogged":false,"echo":0,"plane":false,"seesaw":false,"version":1,"max_entities":null,"max_trasures":null,"max_gates":null},"entities":[{"name":"Kogane","count":1,"weight":0,"dead_end":false,"group":0,"treasure":null,"fall":""},{"name":"Kogane","count":1,"weight":0,"dead_end":false,"group":0,"treasure":null,"fall":""},{"name":"Fart","count":1,"weight":0,"dead_end":false,"group":0,"treasure":null,"fall":""},{"name":"Wealthy","count":1,"weight":0,"dead_end":false,"group":0,"treasure":null,"fall":""},{"name":"TamagoMushi","count":1,"weight":0,"dead_end":false,"group":1,"treasure":null,"fall":""},{"name":"TamagoMushi","count":1,"weight":0,"dead_end":false,"group":1,"treasure":null,"fall":""},{"name":"Tanpopo","count":5,"weight":0,"dead_end":false,"group":6,"treasure":null,"fall":""},{"name":"Zenmai","count":5,"weight":0,"dead_end":false,"group":6,"treasure":null,"fall":""},{"name":"Fkabuto","count":1,"weight":0,"dead_end":false,"group":1,"treasure":null,"fall":""},{"name":"Fkabuto","count":1,"weight":0,"dead_end":false,"group":1,"treasure":"key","fall":""},{"name":"SnakeCrow","count":1,"weight":0,"dead_end":false,"group":1,"treasure":"dia_a_red","fall":""},{"name":"UjiA","count":5,"weight":0,"dead_end":false,"group":0,"treasure":null,"fall":""},{"name":"UjiB","count":5,"weight":0,"dead_end":false,"group":0,"treasure":null,"fall":""},{"name":"UjiA","count":5,"weight":0,"dead_end":false,"group":0,"treasure":null,"fall":""},{"name":"UjiB","count":5,"weight":0,"dead_end":false,"group":1,"treasure":null,"fall":""},{"name":"Tobi","count":5,"weight":0,"dead_end":false,"group":1,"treasure":null,"fall":""}],"treasures":[{"name":"donutswhite_s","count":1,"weight":0},{"name":"leaf_yellow","count":1,"weight":0},{"name":"momiji_kare","count":1,"weight":0},{"name":"bane_yellow","count":1,"weight":0},{"name":"makigai","count":1,"weight":0},{"name":"akagai","count":1,"weight":0},{"name":"sinjyu","count":1,"weight":0},{"name":"Xmas_item","count":1,"weight":0},{"name":"tel_dial","count":1,"weight":0},{"name":"gum_tape","count":1,"weight":0},{"name":"diamond_blue","count":1,"weight":0},{"name":"teala_dia_a","count":1,"weight":0},{"name":"teala_dia_c","count":1,"weight":0},{"name":"toy_ring_a_red","count":1,"weight":0},{"name":"toy_ring_a_green","count":1,"weight":0},{"name":"toy_ring_b_blue","count":1,"weight":0},{"name":"yoyo_red","count":1,"weight":0}],"gates":[{"word":"gate","health":2000,"weight":1},{"word":"gate","health":2000,"weight":1},{"word":"gate","health":2000,"weight":1}]}],"content":null}