{"sublevels":[{"name":"Sublevel 1 - Water Voyage","properties":{"unit":"1_ABE_king_tsuchi.txt","max_rooms":8,"light":"normal_light_lv1.ini","music":"cavesoil_05_4.cnd","skybox":"ice","corridor":0.12,"caps":50,"timer":0,"geyser":false,"clogged":false,"echo":0,"plane":false,"seesaw":false,"version":1,"max_entities":null,"max_trasures":null,"max_gates":null},"entities":[{"name":"PanModoki","count":2,"weight":0,"dead_end":false,"group":0,"treasure":null,"fall":""},{"name":"Rkabuto","count":4,"weight":0,"dead_end":false,"group":0,"treasure":null,"fall":""},{"name":"Kochappy","count":3,"weight":0,"dead_end":false,"group":0,"treasure":"momiji_normal","fall":""},{"name":"Egg","count":5,"weight":0,"dead_end":false,"group":0,"treasure":null,"fall":""},{"name":"Catfish","count":6,"weight":0,"dead_end":false,"group":0,"treasure":null,"fall":""},{"name":"Fuefuki","count":3,"weight":0,"dead_end":false,"group":0,"treasure":null,"fall":""},{"name":"KumaChappy","count":1,"weight":0,"dead_end":false,"group":0,"treasure":null,"fall":""},{"name":"KumaKochappy","count":4,"weight":0,"dead_end":false,"group":0,"treasure":null,"fall":""}],"treasures":[{"name":"donguri","count":1,"weight":0},{"name":"kouseki_suisyou","count":1,"weight":0},{"name":"key","count":1,"weight":0},{"name":"denchi_1_black","count":1,"weight":0}],"gates":[{"word":"gate","health":900,"weight":1}]},{"name":"Sublevel 2 - Cuisine des insectes","properties":{"unit":"1_NARI_4x4b_conc.txt","max_rooms":10,"light":"normal_light_lv3.ini","music":"cavemetal_05_3.cnd","skybox":"build","corridor":0.12,"caps":50,"timer":0,"geyser":false,"clogged":false,"echo":0,"plane":false,"seesaw":false,"version":1,"max_entities":null,"max_trasures":null,"max_gates":null},"entities":[{"name":"PanModoki","count":6,"weight":0,"dead_end":false,"group":0,"treasure":null,"fall":""},{"name":"PanModoki","count":2,"weight":0,"dead_end":false,"group":0,"treasure":"cookie","fall":""},{"name":"PanModoki","count":3,"weight":0,"dead_end":false,"group":0,"treasure":"leaf_kare","fall":""},{"name":"OoPanModoki","count":3,"weight":0,"dead_end":false,"group":0,"treasure":null,"fall":""},{"name":"Tadpole","count":3,"weight":0,"dead_end":false,"group":0,"treasure":null,"fall":"$"},{"name":"ElecBug","count":5,"weight":0,"dead_end":false,"group":0,"treasure":null,"fall":"$"}],"treasures":[{"name":"key","count":1,"weight":0},{"name":"futa_a_gold","count":1,"weight":0},{"name":"chocowhite_l","count":1,"weight":0},{"name":"denchi_3_red","count":1,"weight":0}],"gates":[]},{"name":"Sublevel 3 - Metal Wars","properties":{"unit":"1_ABE_manp_boss_conc.txt","max_rooms":9,"light":"normal_light_lv4.ini","music":"cavesoil_00_0.cnd","skybox":"flooring","corridor":0.12,"caps":50,"timer":0,"geyser":false,"clogged":false,"echo":0,"plane":false,"seesaw":false,"version":1,"max_entities":null,"max_trasures":null,"max_gates":null},"entities":[{"name":"FireChappy","count":1,"weight":0,"dead_end":false,"group":0,"treasure":"key","fall":""},{"name":"Demon","count":2,"weight":0,"dead_end":false,"group":0,"treasure":null,"fall":""},{"name":"Sarai","count":2,"weight":0,"dead_end":false,"group":0,"treasure":null,"fall":""},{"name":"FminiHoudai","count":3,"weight":0,"dead_end":false,"group":0,"treasure":null,"fall":""},{"name":"MiniHoudai","count":2,"weight":0,"dead_end":false,"group":0,"treasure":null,"fall":""},{"name":"BombSarai","count":3,"weight":0,"dead_end":false,"group":0,"treasure":null,"fall":""},{"name":"KumaChappy","count":3,"weight":0,"dead_end":false,"group":0,"treasure":"bolt_l","fall":""}],"treasures":[{"name":"toy_ring_b_green","count":1,"weight":0},{"name":"creap","count":1,"weight":0},{"name":"diamond_red","count":1,"weight":0}],"gates":[]},{"name":"Sublevel 4 - Fried Up","properties":{"unit":"2_NARI_hit3_nor3_tsuchi.txt","max_rooms":8,"light":"normal_light_lv0.ini","music":"caveconc_00_0.cnd","skybox":"none","corridor":0.12,"caps":50,"timer":0,"geyser":false,"clogged":false,"echo":0,"plane":false,"seesaw":false,"version":1,"max_entities":null,"max_trasures":null,"max_gates":null},"entities":[{"name":"KumaChappy","count":3,"weight":0,"dead_end":false,"group":0,"treasure":"key","fall":""},{"name":"KumaKochappy","count":5,"weight":0,"dead_end":false,"group":0,"treasure":null,"fall":""},{"name":"Rkabuto","count":2,"weight":0,"dead_end":false,"group":0,"treasure":null,"fall":""},{"name":"BlueChappy","count":2,"weight":0,"dead_end":false,"group":0,"treasure":"toy_ring_a_red","fall":""},{"name":"DaiodoRed","count":3,"weight":0,"dead_end":false,"group":0,"treasure":null,"fall":""},{"name":"Egg","count":4,"weight":0,"dead_end":false,"group":0,"treasure":null,"fall":"$"},{"name":"BombOtakara","count":2,"weight":0,"dead_end":false,"group":0,"treasure":null,"fall":"$"}],"treasures":[{"name":"elec","count":1,"weight":0},{"name":"kan_maruha","count":1,"weight":0}],"gates":[]},{"name":"Sublevel 5 - Snagret Isle","properties":{"unit":"1_ABE_mid1_tsuchi.txt","max_rooms":7,"light":"normal_light_lv1.ini","music":"cavemetal_05_4.cnd","skybox":"hiroba","corridor":0.12,"caps":50,"timer":0,"geyser":false,"clogged":false,"echo":0,"plane":false,"seesaw":false,"version":1,"max_entities":null,"max_trasures":null,"max_gates":null},"entities":[{"name":"SnakeCrow","count":4,"weight":0,"dead_end":false,"group":0,"treasure":null,"fall":""},{"name":"SnakeWhole","count":1,"weight":0,"dead_end":false,"group":0,"treasure":null,"fall":""},{"name":"SnakeCrow","count":1,"weight":0,"dead_end":false,"group":0,"treasure":"key","fall":""},{"name":"SnakeCrow","count":3,"weight":0,"dead_end":false,"group":0,"treasure":"fue_pullout","fall":""},{"name":"UjiA","count":3,"weight":0,"dead_end":false,"group":0,"treasure":null,"fall":""},{"name":"UjiB","count":2,"weight":0,"dead_end":false,"group":0,"treasure":null,"fall":""}],"treasures":[],"gates":[]},{"name":"Sublevel 6 - The Fruit Hole","properties":{"unit":"1_ABE_mid1_tsuchi.txt","max_rooms":8,"light":"normal_light_lv2.ini","music":"cavetsumiki_00_0.cnd","skybox":"flooring","corridor":0.12,"caps":50,"timer":0,"geyser":false,"clogged":false,"echo":0,"plane":false,"seesaw":false,"version":1,"max_entities":null,"max_trasures":null,"max_gates":null},"entities":[{"name":"LeafChappy","count":1,"weight":0,"dead_end":false,"group":0,"treasure":"key","fall":""},{"name":"Sarai","count":3,"weight":0,"dead_end":false,"group":0,"treasure":null,"fall":""},{"name":"Egg","count":4,"weight":0,"dead_end":false,"group":1,"treasure":null,"fall":"$"},{"name":"Demon","count":1,"weight":0,"dead_end":false,"group":1,"treasure":null,"fall":""},{"name":"Qurione","count":1,"weight":0,"dead_end":false,"group":0,"treasure":null,"fall":""},{"name":"Chappy","count":1,"weight":0,"dead_end":false,"group":0,"treasure":"ichigo_l","fall":""},{"name":"Frog","count":3,"weight":0,"dead_end":false,"group":0,"treasure":null,"fall":""},{"name":"BlueChappy","count":3,"weight":0,"dead_end":false,"group":1,"treasure":"dia_a_red","fall":""}],"treasures":[{"name":"flower_red","count":1,"weight":0},{"name":"ichigo","count":1,"weight":0},{"name":"apple","count":1,"weight":0}],"gates":[{"word":"gate","health":700,"weight":1}]},{"name":"Sublevel 7 - Bulborb Cave","properties":{"unit":"1_MIYA_bunki_tile.txt","max_rooms":8,"light":"normal_light_lv1.ini","music":"cavemetal_00_3.cnd","skybox":"test","corridor":0.12,"caps":50,"timer":0,"geyser":false,"clogged":false,"echo":0,"plane":false,"seesaw":false,"version":1,"max_entities":null,"max_trasures":null,"max_gates":null},"entities":[{"name":"Chappy","count":4,"weight":0,"dead_end":false,"group":0,"treasure":null,"fall":""},{"name":"Chappy","count":4,"weight":0,"dead_end":false,"group":0,"treasure":"donutswhite","fall":""},{"name":"BlueChappy","count":1,"weight":0,"dead_end":false,"group":0,"treasure":"key","fall":""},{"name":"Kochappy","count":3,"weight":0,"dead_end":false,"group":1,"treasure":null,"fall":""},{"name":"KumaKochappy","count":4,"weight":0,"dead_end":false,"group":0,"treasure":null,"fall":""},{"name":"Kurage","count":2,"weight":0,"dead_end":false,"group":0,"treasure":null,"fall":""},{"name":"Magaret","count":3,"weight":0,"dead_end":false,"group":0,"treasure":null,"fall":""},{"name":"Clover","count":5,"weight":0,"dead_end":false,"group":0,"treasure":null,"fall":""}],"treasures":[{"name":"dia_b_blue","count":1,"weight":0},{"name":"sinkukan_c","count":1,"weight":0},{"name":"diamond_blue","count":1,"weight":0},{"name":"donutswhite_s","count":1,"weight":0}],"gates":[{"word":"gate","health":800,"weight":1},{"word":"gate","health":300,"weight":1}]},{"name":"Sublevel 8 - Jellos and Jellys","properties":{"unit":"1_MAT_manp_conc.txt","max_rooms":4,"light":"oootakara_light.ini","music":"new_05_0.cnd","skybox":"ice","corridor":0.12,"caps":50,"timer":0,"geyser":false,"clogged":false,"echo":0,"plane":false,"seesaw":false,"version":1,"max_entities":null,"max_trasures":null,"max_gates":null},"entities":[{"name":"Miulin","count":5,"weight":0,"dead_end":false,"group":0,"treasure":null,"fall":""},{"name":"Kurage","count":3,"weight":0,"dead_end":false,"group":0,"treasure":null,"fall":""},{"name":"OniKurage","count":5,"weight":0,"dead_end":false,"group":0,"treasure":null,"fall":""},{"name":"UjiB","count":3,"weight":0,"dead_end":false,"group":0,"treasure":null,"fall":""},{"name":"Sarai","count":1,"weight":0,"dead_end":false,"group":0,"treasure":null,"fall":""},{"name":"Demon","count":1,"weight":0,"dead_end":false,"group":0,"treasure":null,"fall":""},{"name":"YellowChappy","count":1,"weight":0,"dead_end":false,"group":1,"treasure":"robot_head","fall":""}],"treasures":[{"name":"dia_c_red","count":1,"weight":0},{"name":"key","count":1,"weight":0},{"name":"kinoko_doku","count":1,"weight":0}],"gates":[{"word":"gate","health":200,"weight":1}]},{"name":"Sublevel 9 - Techno and Nuts","properties":{"unit":"2_ABE_blk_cent2_tsuchi.txt","max_rooms":11,"light":"normal_light_lv0.ini","music":"new_08_0.cnd","skybox":"build","corridor":0.12,"caps":50,"timer":0,"geyser":false,"clogged":false,"echo":0,"plane":false,"seesaw":false,"version":1,"max_entities":null,"max_trasures":null,"max_gates":null},"entities":[{"name":"Frog","count":4,"weight":0,"dead_end":false,"group":1,"treasure":"j_block_yellow","fall":""},{"name":"FireChappy","count":1,"weight":0,"dead_end":false,"group":1,"treasure":"key","fall":""},{"name":"UmiMushiBlind","count":2,"weight":0,"dead_end":false,"group":1,"treasure":null,"fall":""},{"name":"MaroFrog","count":3,"weight":0,"dead_end":false,"group":1,"treasure":null,"fall":""},{"name":"Demon","count":4,"weight":0,"dead_end":false,"group":0,"treasure":null,"fall":""},{"name":"Bomb","count":2,"weight":0,"dead_end":false,"group":0,"treasure":null,"fall":"$"},{"name":"Egg","count":3,"weight":0,"dead_end":false,"group":0,"treasure":null,"fall":"$4"}],"treasures":[{"name":"bane","count":1,"weight":0},{"name":"gas","count":1,"weight":0},{"name":"donutswhite","count":1,"weight":0},{"name":"leaf_yellow","count":1,"weight":0}],"gates":[]},{"name":"Sublevel 10 - Waterwraith's Return","properties":{"unit":"2_units_pool_dry_tile.txt","max_rooms":11,"light":"sirohana_light_lv2.ini","music":"new_08_0.cnd","skybox":"ice","corridor":0.12,"caps":50,"timer":0,"geyser":true,"clogged":false,"echo":0,"plane":false,"seesaw":false,"version":1,"max_entities":null,"max_trasures":null,"max_gates":null},"entities":[{"name":"BlackMan","count":1,"weight":0,"dead_end":false,"group":1,"treasure":"key","fall":"$4"},{"name":"PanModoki","count":1,"weight":0,"dead_end":false,"group":0,"treasure":null,"fall":""}],"treasures":[{"name":"baum_kuchen","count":1,"weight":0},{"name":"kan_imuraya","count":1,"weight":0}],"gates":[]}],"content":null}