{"sublevels":[{"name":"Sublevel 1","properties":{"unit":"2_ABE_nor1_hit43_metal.txt","max_rooms":3,"light":"metal_light_lv0.ini","music":"cavemetal_05_0.cnd","skybox":"build","corridor":0.1,"caps":50,"timer":0,"geyser":false,"clogged":false,"echo":0,"plane":false,"seesaw":false,"version":1,"max_entities":null,"max_trasures":null,"max_gates":null},"entities":[{"name":"BombOtakara","count":7,"weight":0,"dead_end":false,"group":0,"treasure":null,"fall":""},{"name":"MaroFrog","count":1,"weight":0,"dead_end":false,"group":0,"treasure":"key","fall":""},{"name":"Wtank","count":2,"weight":0,"dead_end":false,"group":1,"treasure":"juji_key_fc","fall":""},{"name":"Hiba","count":3,"weight":0,"dead_end":false,"group":5,"treasure":null,"fall":""}],"treasures":[{"name":"g_futa_nihonraku","count":1,"weight":0},{"name":"turi_uki","count":1,"weight":0},{"name":"momiji_normal","count":1,"weight":0},{"name":"compact","count":1,"weight":0}],"gates":[]},{"name":"Sublevel 2","properties":{"unit":"3_units_cent_h235_tower_metal.txt","max_rooms":3,"light":"metal_light_lv0.ini","music":"cavemetal_00_0.cnd","skybox":"build","corridor":0.12,"caps":50,"timer":0,"geyser":false,"clogged":false,"echo":0,"plane":false,"seesaw":false,"version":1,"max_entities":null,"max_trasures":null,"max_gates":null},"entities":[{"name":"FireChappy","count":1,"weight":0,"dead_end":false,"group":0,"treasure":"key","fall":""},{"name":"FireChappy","count":1,"weight":0,"dead_end":false,"group":0,"treasure":"kuri","fall":""},{"name":"FireChappy","count":1,"weight":0,"dead_end":false,"group":0,"treasure":"ahiru","fall":""},{"name":"FireChappy","count":1,"weight":0,"dead_end":false,"group":0,"treasure":"denchi_3_red","fall":""},{"name":"Catfish","count":3,"weight":0,"dead_end":false,"group":1,"treasure":"chess_queen_black","fall":""}],"treasures":[{"name":"g_futa_kyosin","count":1,"weight":0},{"name":"apple_blue","count":1,"weight":0},{"name":"kan_meidiya","count":1,"weight":0},{"name":"mojiban","count":1,"weight":0}],"gates":[]}],"content":null}