{"sublevels":[{"name":"Sublevel 1 - Containment room 1","properties":{"unit":"1_ABE_ari_metal.txt","max_rooms":1,"light":"yakushima_3_16x17r_light.ini","music":"caveconc_00_0.cnd","skybox":"build","corridor":0.12,"caps":100,"timer":0,"geyser":false,"clogged":false,"echo":0,"plane":false,"seesaw":false,"version":1,"max_entities":null,"max_trasures":null,"max_gates":null},"entities":[{"name":"KumaKochappy","count":1,"weight":0,"dead_end":false,"group":0,"treasure":"key","fall":""}],"treasures":[],"gates":[{"word":"gate","health":500,"weight":1}]},{"name":"Sublevel 2","properties":{"unit":"1_ABE_ari_metal.txt","max_rooms":1,"light":"yakushima_3_16x17r_light.ini","music":"caveconc_00_0.cnd","skybox":"build","corridor":0.12,"caps":100,"timer":0,"geyser":false,"clogged":false,"echo":0,"plane":false,"seesaw":false,"version":1,"max_entities":null,"max_trasures":null,"max_gates":null},"entities":[{"name":"Sarai","count":1,"weight":0,"dead_end":false,"group":0,"treasure":"key","fall":""}],"treasures":[],"gates":[{"word":"gate","health":1000,"weight":1}]},{"name":"Sublevel 3","properties":{"unit":"1_ABE_ari_metal.txt","max_rooms":1,"light":"yakushima_3_16x17r_light.ini","music":"caveconc_00_0.cnd","skybox":"build","corridor":0.12,"caps":100,"timer":0,"geyser":false,"clogged":false,"echo":0,"plane":false,"seesaw":false,"version":1,"max_entities":null,"max_trasures":null,"max_gates":null},"entities":[{"name":"Kurage","count":1,"weight":0,"dead_end":false,"group":0,"treasure":"key","fall":""}],"treasures":[],"gates":[{"word":"gate","health":1500,"weight":1}]},{"name":"Sublevel 4","properties":{"unit":"1_ABE_ari_metal.txt","max_rooms":1,"light":"yakushima_3_16x17r_light.ini","music":"caveconc_00_0.cnd","skybox":"build","corridor":0.12,"caps":100,"timer":0,"geyser":false,"clogged":false,"echo":0,"plane":false,"seesaw":false,"version":1,"max_entities":null,"max_trasures":null,"max_gates":null},"entities":[{"name":"Catfish","count":1,"weight":0,"dead_end":false,"group":0,"treasure":"key","fall":""}],"treasures":[],"gates":[{"word":"gate","health":2000,"weight":1}]},{"name":"Sublevel 5","properties":{"unit":"1_ABE_ari_metal.txt","max_rooms":1,"light":"yakushima_3_16x17r_light.ini","music":"caveconc_00_0.cnd","skybox":"build","corridor":0.12,"caps":100,"timer":0,"geyser":false,"clogged":false,"echo":0,"plane":false,"seesaw":false,"version":1,"max_entities":null,"max_trasures":null,"max_gates":null},"entities":[{"name":"BlueChappy","count":1,"weight":0,"dead_end":false,"group":0,"treasure":"key","fall":""}],"treasures":[],"gates":[{"word":"gate","health":2500,"weight":1}]},{"name":"Sublevel 6","properties":{"unit":"1_ABE_ari_metal.txt","max_rooms":1,"light":"yakushima_3_16x17r_light.ini","music":"caveconc_00_0.cnd","skybox":"build","corridor":0.12,"caps":100,"timer":0,"geyser":false,"clogged":false,"echo":0,"plane":false,"seesaw":false,"version":1,"max_entities":null,"max_trasures":null,"max_gates":null},"entities":[{"name":"MiniHoudai","count":1,"weight":0,"dead_end":false,"group":0,"treasure":"key","fall":""}],"treasures":[],"gates":[{"word":"gate","health":3000,"weight":1}]},{"name":"Sublevel 7","properties":{"unit":"1_ABE_ari_metal.txt","max_rooms":1,"light":"yakushima_3_16x17r_light.ini","music":"caveconc_00_0.cnd","skybox":"build","corridor":0.12,"caps":100,"timer":0,"geyser":false,"clogged":false,"echo":0,"plane":false,"seesaw":false,"version":1,"max_entities":null,"max_trasures":null,"max_gates":null},"entities":[{"name":"SnakeCrow","count":1,"weight":0,"dead_end":false,"group":0,"treasure":"key","fall":""}],"treasures":[],"gates":[{"word":"gate","health":3500,"weight":1}]},{"name":"Sublevel 8","properties":{"unit":"1_ABE_ari_metal.txt","max_rooms":1,"light":"yakushima_3_16x17r_light.ini","music":"caveconc_00_0.cnd","skybox":"build","corridor":0.12,"caps":100,"timer":0,"geyser":false,"clogged":false,"echo":0,"plane":false,"seesaw":false,"version":1,"max_entities":null,"max_trasures":null,"max_gates":null},"entities":[{"name":"Houdai","count":1,"weight":0,"dead_end":false,"group":0,"treasure":"key","fall":""}],"treasures":[],"gates":[{"word":"gate","health":4000,"weight":1}]},{"name":"Sublevel 9","properties":{"unit":"1_ABE_ari_metal.txt","max_rooms":1,"light":"yakushima_3_16x17r_light.ini","music":"caveconc_00_0.cnd","skybox":"none","corridor":0.12,"caps":100,"timer":0,"geyser":false,"clogged":false,"echo":0,"plane":false,"seesaw":false,"version":1,"max_entities":null,"max_trasures":null,"max_gates":null},"entities":[{"name":"BlackMan","count":1,"weight":0,"dead_end":false,"group":0,"treasure":"key","fall":""}],"treasures":[],"gates":[{"word":"gate","health":4500,"weight":1}]},{"name":"Sublevel 10","properties":{"unit":"1_ABE_ari_metal.txt","max_rooms":1,"light":"yakushima_3_16x17r_light.ini","music":"caveconc_00_0.cnd","skybox":"build","corridor":0.12,"caps":100,"timer":0,"geyser":false,"clogged":false,"echo":0,"plane":false,"seesaw":false,"version":1,"max_entities":null,"max_trasures":null,"max_gates":null},"entities":[{"name":"BigTreasure","count":1,"weight":0,"dead_end":false,"group":0,"treasure":"key","fall":""}],"treasures":[],"gates":[{"word":"gate","health":5000,"weight":1}]}],"content":null}