{"sublevels":[{"name":"Sublevel 1 - Snowed-In Entrance","properties":{"unit":"3_MAT_nor4_hit2_blk1_snow.txt","max_rooms":3,"light":"tutorial_1_light.ini","music":"new_00_1.cnd","skybox":"none","corridor":0.0,"caps":50,"timer":0,"geyser":false,"clogged":false,"echo":0,"plane":false,"seesaw":false,"version":1,"max_entities":null,"max_trasures":null,"max_gates":null},"entities":[{"name":"OniKurage","count":1,"weight":0,"dead_end":false,"group":0,"treasure":"key","fall":""},{"name":"Fuefuki","count":1,"weight":0,"dead_end":false,"group":0,"treasure":"toy_ring_a_blue","fall":""},{"name":"TamagoMushi","count":1,"weight":0,"dead_end":false,"group":0,"treasure":null,"fall":""},{"name":"TamagoMushi","count":1,"weight":0,"dead_end":false,"group":0,"treasure":null,"fall":""},{"name":"UjiA","count":5,"weight":0,"dead_end":false,"group":1,"treasure":null,"fall":""},{"name":"UjiB","count":5,"weight":0,"dead_end":false,"group":1,"treasure":null,"fall":""},{"name":"BombOtakara","count":9,"weight":0,"dead_end":true,"group":0,"treasure":null,"fall":"$"},{"name":"Zenmai","count":10,"weight":0,"dead_end":false,"group":6,"treasure":null,"fall":""}],"treasures":[{"name":"tel_dial","count":1,"weight":0},{"name":"kouseki_suisyou","count":1,"weight":0},{"name":"compact_make","count":1,"weight":0},{"name":"bell_yellow","count":1,"weight":0}],"gates":[]},{"name":"Sublevel 2 - Brick Tunnels","properties":{"unit":"3_MAT_d_g_m_renga.txt","max_rooms":3,"light":"normal_light_lv4.ini","music":"new_00_0.cnd","skybox":"none","corridor":0.1,"caps":50,"timer":0,"geyser":false,"clogged":false,"echo":0,"plane":false,"seesaw":false,"version":1,"max_entities":null,"max_trasures":null,"max_gates":null},"entities":[{"name":"Wtank","count":4,"weight":0,"dead_end":false,"group":0,"treasure":"chocowhite","fall":""},{"name":"Demon","count":4,"weight":0,"dead_end":false,"group":0,"treasure":"flower_blue","fall":""},{"name":"YellowChappy","count":1,"weight":0,"dead_end":false,"group":1,"treasure":"bell_red","fall":""},{"name":"YellowChappy","count":1,"weight":0,"dead_end":false,"group":1,"treasure":"key","fall":""},{"name":"GasOtakara","count":5,"weight":0,"dead_end":false,"group":1,"treasure":null,"fall":""},{"name":"Fart","count":1,"weight":0,"dead_end":false,"group":1,"treasure":"toy_ring_c_red","fall":""},{"name":"GasHiba","count":9,"weight":0,"dead_end":false,"group":5,"treasure":null,"fall":""},{"name":"HikariKinoko","count":10,"weight":0,"dead_end":false,"group":6,"treasure":null,"fall":""}],"treasures":[{"name":"chess_king_black","count":1,"weight":0},{"name":"toy_ring_c_green","count":1,"weight":0},{"name":"Xmas_item","count":1,"weight":0},{"name":"toy_ring_c_blue","count":1,"weight":0}],"gates":[]},{"name":"Sublevel 3 - Frosty Finale","properties":{"unit":"all_units_renga.txt","max_rooms":3,"light":"normal_light_cha.ini","music":"new_06_0.cnd","skybox":"none","corridor":0.0,"caps":50,"timer":0,"geyser":false,"clogged":false,"echo":0,"plane":false,"seesaw":false,"version":1,"max_entities":null,"max_trasures":null,"max_gates":null},"entities":[{"name":"LeafChappy","count":1,"weight":0,"dead_end":false,"group":0,"treasure":"key","fall":""},{"name":"ElecOtakara","count":3,"weight":0,"dead_end":false,"group":0,"treasure":"be_dama_yellow","fall":""},{"name":"WaterOtakara","count":3,"weight":0,"dead_end":false,"group":0,"treasure":"be_dama_blue","fall":""},{"name":"FireOtakara","count":3,"weight":0,"dead_end":false,"group":0,"treasure":"be_dama_red","fall":""},{"name":"YellowKochappy","count":1,"weight":0,"dead_end":false,"group":1,"treasure":"g_futa_hiruzen","fall":"$"},{"name":"YellowKochappy","count":10,"weight":0,"dead_end":false,"group":1,"treasure":null,"fall":""},{"name":"GasOtakara","count":3,"weight":0,"dead_end":true,"group":0,"treasure":null,"fall":"$4"},{"name":"ElecHiba","count":10,"weight":0,"dead_end":false,"group":5,"treasure":null,"fall":""},{"name":"Zenmai","count":20,"weight":0,"dead_end":false,"group":6,"treasure":null,"fall":""}],"treasures":[{"name":"toy_ring_a_red","count":1,"weight":0},{"name":"toy_ring_b_green","count":1,"weight":0},{"name":"toy_ring_b_red","count":1,"weight":0},{"name":"toy_ring_a_green","count":1,"weight":0},{"name":"toy_ring_b_blue","count":1,"weight":0}],"gates":[]}],"content":null}