{"sublevels":[{"name":"Sublevel 1","properties":{"unit":"1_MAT_north_tsuchi.txt","max_rooms":1,"light":"qchap_light.ini","music":"cavemetal_05_4.cnd","skybox":"none","corridor":0.12,"caps":50,"timer":0,"geyser":false,"clogged":false,"echo":0,"plane":false,"seesaw":false,"version":1,"max_entities":null,"max_trasures":null,"max_gates":null},"entities":[{"name":"Chappy","count":1,"weight":0,"dead_end":false,"group":5,"treasure":"cookie_u_l","fall":""},{"name":"Kochappy","count":3,"weight":0,"dead_end":false,"group":6,"treasure":"cookie","fall":""},{"name":"Kurage","count":1,"weight":0,"dead_end":false,"group":6,"treasure":"cookie_s_l","fall":""},{"name":"Sarai","count":1,"weight":0,"dead_end":false,"group":6,"treasure":"key","fall":""},{"name":"FireOtakara","count":1,"weight":0,"dead_end":false,"group":6,"treasure":"apple_blue","fall":""},{"name":"Armor","count":1,"weight":0,"dead_end":false,"group":6,"treasure":"dia_c_green","fall":""}],"treasures":[],"gates":[]},{"name":"Sublevel 2","properties":{"unit":"1_units_a_tile.txt","max_rooms":1,"light":"qchap_light.ini","music":"cavesoil_10_3.cnd","skybox":"none","corridor":0.0,"caps":50,"timer":0,"geyser":false,"clogged":false,"echo":0,"plane":false,"seesaw":false,"version":1,"max_entities":null,"max_trasures":null,"max_gates":null},"entities":[{"name":"Jigumo","count":1,"weight":0,"dead_end":false,"group":0,"treasure":"key","fall":""},{"name":"Jigumo","count":1,"weight":0,"dead_end":false,"group":1,"treasure":"donutsichigo","fall":""},{"name":"Catfish","count":3,"weight":0,"dead_end":false,"group":1,"treasure":"chess_queen_white","fall":""},{"name":"KumaKochappy","count":4,"weight":0,"dead_end":false,"group":5,"treasure":"chocowhite_l","fall":""},{"name":"Wtank","count":1,"weight":0,"dead_end":true,"group":0,"treasure":"ichigo_l","fall":"$"},{"name":"BombSarai","count":2,"weight":0,"dead_end":true,"group":0,"treasure":"baum_kuchen_s","fall":""}],"treasures":[],"gates":[]},{"name":"Sublevel 3","properties":{"unit":"1_units_north_metal.txt","max_rooms":1,"light":"qchap_light.ini","music":"caveconc_05_0.cnd","skybox":"none","corridor":0.0,"caps":50,"timer":0,"geyser":false,"clogged":false,"echo":0,"plane":true,"seesaw":false,"version":1,"max_entities":null,"max_trasures":null,"max_gates":null},"entities":[{"name":"Fkabuto","count":1,"weight":0,"dead_end":false,"group":0,"treasure":"key","fall":""},{"name":"OniKurage","count":1,"weight":0,"dead_end":false,"group":6,"treasure":"g_futa_nihonraku","fall":""},{"name":"Tobi","count":1,"weight":0,"dead_end":false,"group":5,"treasure":"be_dama_yellow","fall":""},{"name":"Hanachirashi","count":1,"weight":0,"dead_end":false,"group":6,"treasure":"ichigo","fall":""},{"name":"Sarai","count":1,"weight":0,"dead_end":false,"group":6,"treasure":"cookie_m_l","fall":""},{"name":"Demon","count":1,"weight":0,"dead_end":false,"group":6,"treasure":"dia_b_green","fall":""},{"name":"Fuefuki","count":1,"weight":0,"dead_end":false,"group":0,"treasure":"whistle","fall":""}],"treasures":[],"gates":[]},{"name":"Sublevel 4","properties":{"unit":"1_units_north_snow.txt","max_rooms":2,"light":"qchap_light.ini","music":"new_00_0.cnd","skybox":"none","corridor":0.0,"caps":50,"timer":0,"geyser":false,"clogged":false,"echo":0,"plane":false,"seesaw":false,"version":1,"max_entities":null,"max_trasures":null,"max_gates":null},"entities":[{"name":"MaroFrog","count":2,"weight":0,"dead_end":false,"group":6,"treasure":"teala_dia_c","fall":""},{"name":"ElecOtakara","count":1,"weight":0,"dead_end":false,"group":5,"treasure":"j_block_yellow","fall":"$4"},{"name":"YellowChappy","count":3,"weight":0,"dead_end":false,"group":6,"treasure":"mojiban","fall":""},{"name":"YellowKochappy","count":4,"weight":0,"dead_end":false,"group":0,"treasure":"donutschoco_s","fall":""},{"name":"Rkabuto","count":2,"weight":0,"dead_end":false,"group":6,"treasure":"cookie_s","fall":""},{"name":"Mar","count":1,"weight":0,"dead_end":false,"group":6,"treasure":"toy_lady","fall":""},{"name":"KumaChappy","count":1,"weight":0,"dead_end":false,"group":6,"treasure":"key","fall":""},{"name":"Tank","count":1,"weight":0,"dead_end":false,"group":6,"treasure":"badminton","fall":""}],"treasures":[{"name":"dia_a_red","count":1,"weight":0},{"name":"chocoichigo","count":1,"weight":0}],"gates":[]},{"name":"Sublevel 5","properties":{"unit":"1_units_north_metal.txt","max_rooms":2,"light":"qchap_light.ini","music":"caveconc_00_0.cnd","skybox":"none","corridor":0.15,"caps":50,"timer":0,"geyser":false,"clogged":false,"echo":0,"plane":false,"seesaw":false,"version":1,"max_entities":null,"max_trasures":null,"max_gates":null},"entities":[{"name":"BombSarai","count":3,"weight":0,"dead_end":false,"group":6,"treasure":"kinoko","fall":""},{"name":"ElecBug","count":5,"weight":0,"dead_end":false,"group":0,"treasure":"light_a","fall":""},{"name":"FireOtakara","count":1,"weight":0,"dead_end":false,"group":5,"treasure":"diamond_red","fall":"$4"},{"name":"WaterOtakara","count":1,"weight":0,"dead_end":false,"group":5,"treasure":"diamond_blue_l","fall":"$4"},{"name":"Rkabuto","count":3,"weight":0,"dead_end":false,"group":0,"treasure":"channel","fall":""},{"name":"Mar","count":1,"weight":0,"dead_end":false,"group":6,"treasure":"chess_queen_black","fall":""},{"name":"Demon","count":2,"weight":0,"dead_end":false,"group":6,"treasure":"kinoko_doku","fall":""},{"name":"Armor","count":4,"weight":0,"dead_end":false,"group":6,"treasure":"milk_cap","fall":""},{"name":"Rock","count":4,"weight":0,"dead_end":false,"group":5,"treasure":null,"fall":"$2"},{"name":"FminiHoudai","count":1,"weight":0,"dead_end":false,"group":0,"treasure":"key","fall":""}],"treasures":[{"name":"leaf_kare","count":1,"weight":0},{"name":"apple","count":1,"weight":0},{"name":"sinkukan_b","count":1,"weight":0},{"name":"j_block_green","count":1,"weight":0},{"name":"tel_dial","count":1,"weight":0}],"gates":[]},{"name":"Sublevel 6","properties":{"unit":"3_MAT_cnt2_nor3_uzu1_tsuchi.txt","max_rooms":3,"light":"qchap_light.ini","music":"new_05_0.cnd","skybox":"none","corridor":0.13,"caps":50,"timer":0,"geyser":false,"clogged":false,"echo":0,"plane":false,"seesaw":false,"version":1,"max_entities":null,"max_trasures":null,"max_gates":null},"entities":[{"name":"Chappy","count":7,"weight":0,"dead_end":false,"group":6,"treasure":"locket","fall":""},{"name":"BlueChappy","count":3,"weight":0,"dead_end":false,"group":6,"treasure":"fire_helmet","fall":""},{"name":"FireChappy","count":1,"weight":0,"dead_end":false,"group":0,"treasure":"key","fall":""},{"name":"Kurage","count":4,"weight":0,"dead_end":false,"group":6,"treasure":"g_futa_kajiwara","fall":""},{"name":"Hana","count":6,"weight":0,"dead_end":false,"group":6,"treasure":"bey_goma","fall":""},{"name":"OniKurage","count":2,"weight":0,"dead_end":false,"group":0,"treasure":"dia_c_red","fall":""},{"name":"UmiMushiBlind","count":3,"weight":0,"dead_end":false,"group":6,"treasure":"futa_a_gold","fall":""},{"name":"Hiba","count":4,"weight":0,"dead_end":false,"group":5,"treasure":null,"fall":""},{"name":"ElecHiba","count":4,"weight":0,"dead_end":false,"group":5,"treasure":null,"fall":""},{"name":"OoPanModoki","count":1,"weight":0,"dead_end":false,"group":1,"treasure":"fue_b","fall":""},{"name":"YellowChappy","count":5,"weight":0,"dead_end":false,"group":6,"treasure":"cookie_u","fall":""},{"name":"GasHiba","count":3,"weight":0,"dead_end":false,"group":6,"treasure":null,"fall":""}],"treasures":[{"name":"chocolate","count":1,"weight":0},{"name":"creap","count":1,"weight":0},{"name":"halloween","count":1,"weight":0},{"name":"radar_a","count":1,"weight":0},{"name":"toy_ring_c_blue","count":1,"weight":0},{"name":"chess_king_black","count":1,"weight":0}],"gates":[]},{"name":"Sublevel 7","properties":{"unit":"3_units_f_m_bomb_conc.txt","max_rooms":3,"light":"qchap_light.ini","music":"new_00_1.cnd","skybox":"none","corridor":0.12,"caps":50,"timer":0,"geyser":false,"clogged":false,"echo":0,"plane":false,"seesaw":false,"version":1,"max_entities":null,"max_trasures":null,"max_gates":null},"entities":[{"name":"Frog","count":3,"weight":0,"dead_end":false,"group":0,"treasure":"toy_ring_a_blue","fall":""},{"name":"MaroFrog","count":2,"weight":0,"dead_end":false,"group":0,"treasure":"denchi_3_black","fall":""},{"name":"FireChappy","count":3,"weight":0,"dead_end":false,"group":0,"treasure":"yoyo_blue","fall":""},{"name":"WaterOtakara","count":1,"weight":0,"dead_end":false,"group":5,"treasure":"be_dama_blue","fall":"$4"},{"name":"GasOtakara","count":1,"weight":0,"dead_end":false,"group":5,"treasure":"bird_hane","fall":"$4"},{"name":"ElecOtakara","count":1,"weight":0,"dead_end":false,"group":5,"treasure":"compact","fall":"$4"},{"name":"FireOtakara","count":1,"weight":0,"dead_end":false,"group":5,"treasure":"fue_a","fall":"$4"},{"name":"Tobi","count":6,"weight":0,"dead_end":true,"group":0,"treasure":"flower_blue","fall":""},{"name":"Catfish","count":3,"weight":0,"dead_end":false,"group":0,"treasure":"kuri","fall":"$"},{"name":"Miulin","count":3,"weight":0,"dead_end":false,"group":0,"treasure":"baum_kuchen","fall":""},{"name":"Fuefuki","count":2,"weight":0,"dead_end":false,"group":6,"treasure":"bolt","fall":""},{"name":"Wtank","count":2,"weight":0,"dead_end":false,"group":6,"treasure":"compact_make","fall":""},{"name":"UjiB","count":8,"weight":0,"dead_end":false,"group":6,"treasure":"flower_blue","fall":""},{"name":"Kabuto","count":1,"weight":0,"dead_end":false,"group":6,"treasure":"key","fall":""},{"name":"Hanachirashi","count":3,"weight":0,"dead_end":false,"group":6,"treasure":"cookie_s","fall":""},{"name":"PanModoki","count":3,"weight":0,"dead_end":false,"group":6,"treasure":"cookie_u","fall":""}],"treasures":[{"name":"donutschoco","count":1,"weight":0},{"name":"g_futa_kitaama","count":1,"weight":0},{"name":"juji_key_fc","count":1,"weight":0},{"name":"toy_dog","count":1,"weight":0}],"gates":[]},{"name":"Sublevel 8","properties":{"unit":"1_MAT_north_boss_tsuchi.txt","max_rooms":2,"light":"chikahimi_metal_light_lv4.ini","music":"new_01_0.cnd","skybox":"none","corridor":0.0,"caps":50,"timer":0,"geyser":true,"clogged":false,"echo":0,"plane":false,"seesaw":false,"version":1,"max_entities":null,"max_trasures":null,"max_gates":null},"entities":[{"name":"Houdai","count":1,"weight":0,"dead_end":false,"group":6,"treasure":"key","fall":""},{"name":"SnakeWhole","count":1,"weight":0,"dead_end":false,"group":6,"treasure":"be_dama_blue_l","fall":""},{"name":"SnakeCrow","count":1,"weight":0,"dead_end":false,"group":6,"treasure":"be_dama_yellow_l","fall":""},{"name":"BigFoot","count":1,"weight":0,"dead_end":false,"group":6,"treasure":"tatebue","fall":""},{"name":"Damagumo","count":1,"weight":0,"dead_end":false,"group":6,"treasure":"kan_kyokuyo","fall":""},{"name":"UmiMushi","count":1,"weight":0,"dead_end":false,"group":6,"treasure":"gold_medal","fall":""}],"treasures":[],"gates":[{"word":"gate","health":5000,"weight":1}]}],"content":null}