{"sublevels":[{"name":"Sublevel 1","properties":{"unit":"2_ABE_units_5x5a_mid_kusachi.txt","max_rooms":2,"light":"kusachi_light_cha.ini","music":"caveglass_00_0.cnd","skybox":"hiroba","corridor":0.05,"caps":100,"timer":0,"geyser":false,"clogged":false,"echo":0,"plane":true,"seesaw":false,"version":1,"max_entities":null,"max_trasures":null,"max_gates":null},"entities":[{"name":"Armor","count":1,"weight":0,"dead_end":false,"group":1,"treasure":"key","fall":""},{"name":"Frog","count":1,"weight":0,"dead_end":false,"group":1,"treasure":null,"fall":""},{"name":"UjiA","count":6,"weight":0,"dead_end":false,"group":1,"treasure":null,"fall":""},{"name":"UjiA","count":6,"weight":0,"dead_end":false,"group":0,"treasure":null,"fall":""},{"name":"Watage","count":6,"weight":0,"dead_end":false,"group":6,"treasure":null,"fall":""},{"name":"Tanpopo","count":6,"weight":0,"dead_end":false,"group":6,"treasure":null,"fall":""},{"name":"Ooinu_s","count":2,"weight":0,"dead_end":false,"group":6,"treasure":null,"fall":""},{"name":"Ooinu_l","count":3,"weight":0,"dead_end":false,"group":6,"treasure":null,"fall":""},{"name":"Egg","count":2,"weight":0,"dead_end":true,"group":0,"treasure":null,"fall":"$"}],"treasures":[{"name":"kan_kyokuyo","count":1,"weight":0},{"name":"apple","count":1,"weight":0}],"gates":[]},{"name":"Sublevel 2","properties":{"unit":"2_MAT_cent_north_boss_tsuchi.txt","max_rooms":2,"light":"normal_light_cha.ini","music":"cavesoil_00_0.cnd","skybox":"none","corridor":0.05,"caps":10,"timer":0,"geyser":false,"clogged":false,"echo":0,"plane":false,"seesaw":false,"version":1,"max_entities":null,"max_trasures":null,"max_gates":null},"entities":[{"name":"UjiB","count":3,"weight":0,"dead_end":false,"group":0,"treasure":null,"fall":""},{"name":"KareOoinu_l","count":6,"weight":0,"dead_end":false,"group":6,"treasure":null,"fall":""},{"name":"KareOoinu_s","count":6,"weight":0,"dead_end":false,"group":6,"treasure":null,"fall":""},{"name":"UjiA","count":3,"weight":0,"dead_end":false,"group":0,"treasure":null,"fall":""},{"name":"GasHiba","count":2,"weight":0,"dead_end":false,"group":5,"treasure":null,"fall":""},{"name":"Fkabuto","count":1,"weight":0,"dead_end":false,"group":1,"treasure":"key","fall":""},{"name":"Egg","count":2,"weight":0,"dead_end":true,"group":0,"treasure":null,"fall":"$"},{"name":"Wakame_s","count":2,"weight":0,"dead_end":false,"group":6,"treasure":null,"fall":""},{"name":"Wakame_l","count":1,"weight":0,"dead_end":false,"group":6,"treasure":null,"fall":""}],"treasures":[{"name":"fire_helmet","count":1,"weight":0},{"name":"bane_yellow","count":1,"weight":0}],"gates":[]},{"name":"Sublevel 3","properties":{"unit":"3_ABE_sak1_sak2_hit1_tsuchi.txt","max_rooms":2,"light":"normal_light_lv1.ini","music":"cavesoil_05_1.cnd","skybox":"none","corridor":0.1,"caps":30,"timer":0,"geyser":false,"clogged":false,"echo":0,"plane":false,"seesaw":false,"version":1,"max_entities":null,"max_trasures":null,"max_gates":null},"entities":[{"name":"UjiA","count":5,"weight":0,"dead_end":false,"group":0,"treasure":null,"fall":""},{"name":"ElecBug","count":2,"weight":0,"dead_end":false,"group":0,"treasure":null,"fall":""},{"name":"ElecHiba","count":2,"weight":0,"dead_end":false,"group":5,"treasure":null,"fall":""},{"name":"KareOoinu_s","count":4,"weight":0,"dead_end":false,"group":6,"treasure":null,"fall":""},{"name":"KareOoinu_l","count":4,"weight":0,"dead_end":false,"group":6,"treasure":null,"fall":""},{"name":"ElecBug","count":1,"weight":0,"dead_end":false,"group":1,"treasure":"key","fall":""},{"name":"ElecBug","count":1,"weight":0,"dead_end":false,"group":1,"treasure":null,"fall":""},{"name":"TamagoMushi","count":1,"weight":0,"dead_end":false,"group":1,"treasure":null,"fall":""}],"treasures":[{"name":"g_futa_hiruzen","count":1,"weight":0},{"name":"kan_b_silver","count":1,"weight":0}],"gates":[]},{"name":"Sublevel 4","properties":{"unit":"1_MAT_tower2_toy.txt","max_rooms":1,"light":"toy_light_lv0.ini","music":"cavetsumiki_00_0.cnd","skybox":"tatami","corridor":0.05,"caps":20,"timer":0,"geyser":false,"clogged":false,"echo":0,"plane":true,"seesaw":false,"version":1,"max_entities":null,"max_trasures":null,"max_gates":null},"entities":[{"name":"LeafChappy","count":1,"weight":0,"dead_end":false,"group":1,"treasure":"key","fall":""},{"name":"WaterOtakara","count":2,"weight":0,"dead_end":false,"group":1,"treasure":null,"fall":""},{"name":"Egg","count":2,"weight":0,"dead_end":true,"group":0,"treasure":null,"fall":"$"},{"name":"Chiyogami","count":3,"weight":0,"dead_end":false,"group":6,"treasure":null,"fall":""},{"name":"ElecHiba","count":2,"weight":0,"dead_end":false,"group":5,"treasure":null,"fall":""},{"name":"GasHiba","count":2,"weight":0,"dead_end":false,"group":5,"treasure":null,"fall":""},{"name":"UjiA","count":3,"weight":0,"dead_end":false,"group":0,"treasure":null,"fall":""},{"name":"UjiA","count":3,"weight":0,"dead_end":false,"group":1,"treasure":null,"fall":""},{"name":"UjiB","count":1,"weight":0,"dead_end":false,"group":1,"treasure":null,"fall":""},{"name":"UjiB","count":1,"weight":0,"dead_end":false,"group":0,"treasure":null,"fall":""},{"name":"Fkabuto","count":1,"weight":0,"dead_end":false,"group":1,"treasure":"chocoichigo","fall":""}],"treasures":[{"name":"kumakibori","count":1,"weight":0}],"gates":[]},{"name":"Sublevel 5","properties":{"unit":"1_units_tower2_toy.txt","max_rooms":1,"light":"tutorial_1_light.ini","music":"caverelax.cnd","skybox":"flooring","corridor":0.12,"caps":50,"timer":0,"geyser":false,"clogged":false,"echo":0,"plane":true,"seesaw":false,"version":1,"max_entities":null,"max_trasures":null,"max_gates":null},"entities":[{"name":"Egg","count":2,"weight":0,"dead_end":false,"group":0,"treasure":null,"fall":"$"},{"name":"Egg","count":2,"weight":0,"dead_end":false,"group":1,"treasure":null,"fall":"$"},{"name":"Fart","count":1,"weight":0,"dead_end":false,"group":1,"treasure":null,"fall":"$"},{"name":"BlackPom","count":2,"weight":0,"dead_end":false,"group":1,"treasure":null,"fall":""},{"name":"RandPom","count":2,"weight":0,"dead_end":false,"group":0,"treasure":null,"fall":""},{"name":"LeafChappy","count":1,"weight":0,"dead_end":false,"group":0,"treasure":null,"fall":""},{"name":"Wealthy","count":1,"weight":0,"dead_end":false,"group":0,"treasure":"toy_ring_a_green","fall":""}],"treasures":[{"name":"key","count":1,"weight":0}],"gates":[]},{"name":"Sublevel 6","properties":{"unit":"3_units_cent_h235_tower_metal.txt","max_rooms":2,"light":"metal_light_cha.ini","music":"cavemetal_05_1.cnd","skybox":"build","corridor":0.08,"caps":100,"timer":0,"geyser":false,"clogged":false,"echo":0,"plane":false,"seesaw":false,"version":1,"max_entities":null,"max_trasures":null,"max_gates":null},"entities":[{"name":"Tobi","count":4,"weight":0,"dead_end":false,"group":1,"treasure":null,"fall":""},{"name":"UjiA","count":4,"weight":0,"dead_end":false,"group":1,"treasure":null,"fall":""},{"name":"UjiB","count":1,"weight":0,"dead_end":false,"group":1,"treasure":null,"fall":""},{"name":"ElecHiba","count":2,"weight":0,"dead_end":false,"group":5,"treasure":null,"fall":""},{"name":"Baby","count":5,"weight":0,"dead_end":false,"group":0,"treasure":null,"fall":""},{"name":"FireOtakara","count":2,"weight":0,"dead_end":false,"group":0,"treasure":null,"fall":""},{"name":"Egg","count":2,"weight":0,"dead_end":true,"group":0,"treasure":null,"fall":"$"},{"name":"BombOtakara","count":1,"weight":0,"dead_end":false,"group":0,"treasure":null,"fall":"$"},{"name":"Kochappy","count":1,"weight":0,"dead_end":false,"group":0,"treasure":"key","fall":""}],"treasures":[{"name":"uji_jisyaku","count":1,"weight":0},{"name":"diamond_green","count":1,"weight":0}],"gates":[]},{"name":"Sublevel 7","properties":{"unit":"1_units_white_metal.txt","max_rooms":1,"light":"metal_light_lv0.ini","music":"caverelax.cnd","skybox":"none","corridor":0.12,"caps":50,"timer":0,"geyser":false,"clogged":false,"echo":0,"plane":false,"seesaw":false,"version":1,"max_entities":null,"max_trasures":null,"max_gates":null},"entities":[{"name":"Queen","count":1,"weight":1,"dead_end":false,"group":1,"treasure":"dashboots","fall":""},{"name":"UjiA","count":6,"weight":0,"dead_end":false,"group":0,"treasure":null,"fall":""},{"name":"KareOoinu_s","count":6,"weight":0,"dead_end":false,"group":6,"treasure":null,"fall":""},{"name":"KareOoinu_l","count":6,"weight":0,"dead_end":false,"group":6,"treasure":null,"fall":""},{"name":"UjiA","count":6,"weight":0,"dead_end":false,"group":1,"treasure":null,"fall":""},{"name":"UjiB","count":3,"weight":0,"dead_end":false,"group":1,"treasure":null,"fall":""}],"treasures":[{"name":"key","count":1,"weight":0}],"gates":[]}],"content":null}