{"sublevels":[{"name":"Sublevel 1","properties":{"unit":"3_MAT_mid1_mid2_uzu1_snow.txt","max_rooms":3,"light":"tutorial_1_light.ini","music":"new_06_0.cnd","skybox":"none","corridor":0.075,"caps":50,"timer":0,"geyser":false,"clogged":true,"echo":0,"plane":false,"seesaw":false,"version":1,"max_entities":null,"max_trasures":null,"max_gates":null},"entities":[{"name":"YellowChappy","count":1,"weight":0,"dead_end":false,"group":0,"treasure":"key","fall":""},{"name":"Egg","count":2,"weight":0,"dead_end":true,"group":0,"treasure":null,"fall":"$"},{"name":"KareOoinu_s","count":2,"weight":0,"dead_end":false,"group":6,"treasure":null,"fall":""},{"name":"GasHiba","count":4,"weight":0,"dead_end":false,"group":5,"treasure":null,"fall":""},{"name":"ElecHiba","count":2,"weight":0,"dead_end":false,"group":5,"treasure":null,"fall":""},{"name":"GasHiba","count":1,"weight":0,"dead_end":false,"group":0,"treasure":null,"fall":""},{"name":"GasHiba","count":1,"weight":0,"dead_end":false,"group":0,"treasure":null,"fall":""},{"name":"YellowChappy","count":2,"weight":0,"dead_end":false,"group":0,"treasure":"denchi_2_black","fall":""},{"name":"Demon","count":2,"weight":0,"dead_end":true,"group":0,"treasure":"momiji_normal","fall":"$3"},{"name":"Demon","count":2,"weight":0,"dead_end":false,"group":1,"treasure":"diamond_red","fall":"$3"},{"name":"MaroFrog","count":2,"weight":0,"dead_end":false,"group":1,"treasure":"bane_red","fall":"$2"},{"name":"YellowKochappy","count":9,"weight":0,"dead_end":false,"group":1,"treasure":"flower_blue","fall":""}],"treasures":[{"name":"gum_tape_s","count":1,"weight":0},{"name":"tel_dial","count":1,"weight":0},{"name":"fire_helmet","count":1,"weight":0}],"gates":[{"word":"gate","health":4000,"weight":1}]},{"name":"Sublevel 2","properties":{"unit":"2_MAT_h335_h447_metal.txt","max_rooms":3,"light":"metal_light_lv1.ini","music":"cavemetal_05_2.cnd","skybox":"ice","corridor":0.075,"caps":50,"timer":0,"geyser":false,"clogged":false,"echo":0,"plane":false,"seesaw":false,"version":1,"max_entities":null,"max_trasures":null,"max_gates":null},"entities":[{"name":"Fkabuto","count":1,"weight":0,"dead_end":false,"group":0,"treasure":"key","fall":""},{"name":"DaiodoGreen","count":6,"weight":0,"dead_end":false,"group":6,"treasure":null,"fall":""},{"name":"DaiodoRed","count":6,"weight":0,"dead_end":false,"group":6,"treasure":null,"fall":""},{"name":"Egg","count":2,"weight":0,"dead_end":true,"group":0,"treasure":null,"fall":""},{"name":"Demon","count":1,"weight":0,"dead_end":true,"group":0,"treasure":"g_futa_kyusyu","fall":"$3"},{"name":"Bomb","count":9,"weight":0,"dead_end":false,"group":1,"treasure":null,"fall":"$2"},{"name":"Sarai","count":2,"weight":0,"dead_end":false,"group":0,"treasure":"chocoichigo_l","fall":""},{"name":"BombSarai","count":4,"weight":0,"dead_end":false,"group":0,"treasure":"g_futa_kitaama","fall":""}],"treasures":[{"name":"gear_silver","count":1,"weight":0},{"name":"kan_b_silver","count":1,"weight":0},{"name":"channel","count":1,"weight":0}],"gates":[]},{"name":"Sublevel 3","properties":{"unit":"2_MAT_h224_h443_tekiF_metal.txt","max_rooms":8,"light":"muraon_light_lv2.ini","music":"cavemetal_00_3.cnd","skybox":"none","corridor":0.0,"caps":50,"timer":0,"geyser":false,"clogged":false,"echo":0,"plane":false,"seesaw":false,"version":1,"max_entities":null,"max_trasures":null,"max_gates":null},"entities":[{"name":"Fkabuto","count":1,"weight":0,"dead_end":false,"group":8,"treasure":"key","fall":""},{"name":"Bomb","count":2,"weight":0,"dead_end":false,"group":5,"treasure":null,"fall":"$4"},{"name":"WhitePom","count":3,"weight":0,"dead_end":true,"group":0,"treasure":null,"fall":""},{"name":"Egg","count":3,"weight":0,"dead_end":true,"group":0,"treasure":null,"fall":"$"},{"name":"WhitePom","count":1,"weight":0,"dead_end":false,"group":8,"treasure":null,"fall":""},{"name":"GasHiba","count":2,"weight":0,"dead_end":false,"group":5,"treasure":null,"fall":""},{"name":"Hiba","count":2,"weight":0,"dead_end":false,"group":5,"treasure":null,"fall":""},{"name":"ElecHiba","count":2,"weight":0,"dead_end":false,"group":5,"treasure":null,"fall":""},{"name":"DaiodoRed","count":10,"weight":0,"dead_end":false,"group":6,"treasure":null,"fall":""},{"name":"DaiodoGreen","count":10,"weight":0,"dead_end":false,"group":6,"treasure":null,"fall":""},{"name":"Egg","count":3,"weight":0,"dead_end":false,"group":1,"treasure":null,"fall":""},{"name":"Kabuto","count":1,"weight":0,"dead_end":false,"group":1,"treasure":"castanets","fall":""},{"name":"Kabuto","count":1,"weight":0,"dead_end":false,"group":0,"treasure":"castanets","fall":""},{"name":"Kabuto","count":1,"weight":0,"dead_end":false,"group":0,"treasure":"castanets","fall":""}],"treasures":[{"name":"bane","count":1,"weight":0},{"name":"gear","count":1,"weight":0},{"name":"dia_c_green","count":1,"weight":0}],"gates":[]},{"name":"Sublevel 4","properties":{"unit":"1_units_nobo2_metal.txt","max_rooms":1,"light":"metal_light_lv1.ini","music":"cavemetal_00_2.cnd","skybox":"test","corridor":0.0,"caps":50,"timer":0,"geyser":false,"clogged":true,"echo":0,"plane":false,"seesaw":false,"version":1,"max_entities":null,"max_trasures":null,"max_gates":null},"entities":[{"name":"Bomb","count":5,"weight":0,"dead_end":false,"group":0,"treasure":null,"fall":"$4"},{"name":"Bomb","count":5,"weight":0,"dead_end":false,"group":0,"treasure":null,"fall":"$2"},{"name":"Bomb","count":5,"weight":0,"dead_end":false,"group":0,"treasure":null,"fall":""},{"name":"BombOtakara","count":5,"weight":0,"dead_end":false,"group":0,"treasure":null,"fall":"$4"},{"name":"BombOtakara","count":5,"weight":0,"dead_end":false,"group":0,"treasure":null,"fall":"$2"},{"name":"BombOtakara","count":5,"weight":0,"dead_end":false,"group":0,"treasure":null,"fall":""},{"name":"BombOtakara","count":5,"weight":0,"dead_end":false,"group":1,"treasure":null,"fall":""},{"name":"BombOtakara","count":5,"weight":0,"dead_end":false,"group":1,"treasure":null,"fall":"$2"},{"name":"BombOtakara","count":5,"weight":0,"dead_end":false,"group":1,"treasure":null,"fall":"$4"},{"name":"Bomb","count":5,"weight":0,"dead_end":false,"group":1,"treasure":null,"fall":"$4"},{"name":"Bomb","count":5,"weight":0,"dead_end":false,"group":1,"treasure":null,"fall":"$2"},{"name":"Bomb","count":5,"weight":0,"dead_end":false,"group":1,"treasure":null,"fall":""},{"name":"Bomb","count":5,"weight":0,"dead_end":false,"group":6,"treasure":null,"fall":""},{"name":"Bomb","count":5,"weight":0,"dead_end":false,"group":6,"treasure":null,"fall":"$2"},{"name":"Bomb","count":5,"weight":0,"dead_end":false,"group":6,"treasure":null,"fall":"$4"},{"name":"BombOtakara","count":5,"weight":0,"dead_end":false,"group":6,"treasure":null,"fall":"$4"},{"name":"BombOtakara","count":5,"weight":0,"dead_end":false,"group":6,"treasure":null,"fall":"$2"},{"name":"BombOtakara","count":5,"weight":0,"dead_end":false,"group":6,"treasure":null,"fall":""},{"name":"Rock","count":5,"weight":0,"dead_end":false,"group":5,"treasure":null,"fall":"$"},{"name":"Rock","count":5,"weight":0,"dead_end":true,"group":0,"treasure":null,"fall":"$"},{"name":"ElecOtakara","count":5,"weight":0,"dead_end":false,"group":0,"treasure":null,"fall":"$4"},{"name":"ElecOtakara","count":5,"weight":0,"dead_end":false,"group":1,"treasure":null,"fall":"$4"},{"name":"ElecOtakara","count":5,"weight":0,"dead_end":false,"group":6,"treasure":null,"fall":"$4"}],"treasures":[{"name":"mojiban","count":1,"weight":0},{"name":"nut","count":1,"weight":0},{"name":"key","count":1,"weight":0},{"name":"dia_a_green","count":1,"weight":0}],"gates":[]},{"name":"Sublevel 5","properties":{"unit":"5_units_mid2_cent_hit4_hit5_nor2_metal.txt","max_rooms":4,"light":"chikahimi_metal_light_lv4.ini","music":"cavemetal_10_4.cnd","skybox":"test","corridor":0.075,"caps":50,"timer":0,"geyser":false,"clogged":true,"echo":0,"plane":false,"seesaw":false,"version":1,"max_entities":null,"max_trasures":null,"max_gates":null},"entities":[{"name":"GasHiba","count":5,"weight":0,"dead_end":false,"group":5,"treasure":null,"fall":""},{"name":"DaiodoRed","count":7,"weight":0,"dead_end":false,"group":6,"treasure":null,"fall":""},{"name":"DaiodoGreen","count":7,"weight":0,"dead_end":false,"group":6,"treasure":null,"fall":""},{"name":"RandPom","count":1,"weight":0,"dead_end":true,"group":0,"treasure":null,"fall":""},{"name":"BlackPom","count":1,"weight":0,"dead_end":true,"group":0,"treasure":null,"fall":""},{"name":"Egg","count":2,"weight":0,"dead_end":true,"group":0,"treasure":null,"fall":""},{"name":"Mar","count":1,"weight":0,"dead_end":false,"group":0,"treasure":"key","fall":""},{"name":"ElecBug","count":8,"weight":0,"dead_end":false,"group":0,"treasure":"diamond_red","fall":""},{"name":"BombSarai","count":3,"weight":0,"dead_end":false,"group":1,"treasure":"g_futa_kyusyu","fall":""},{"name":"GasHiba","count":3,"weight":0,"dead_end":false,"group":1,"treasure":null,"fall":""},{"name":"GasOtakara","count":2,"weight":0,"dead_end":false,"group":1,"treasure":null,"fall":"$4"},{"name":"ElecOtakara","count":2,"weight":0,"dead_end":false,"group":1,"treasure":null,"fall":"$4"},{"name":"FireOtakara","count":2,"weight":0,"dead_end":false,"group":1,"treasure":null,"fall":"$4"}],"treasures":[{"name":"sinkukan","count":1,"weight":0},{"name":"sinkukan_b","count":1,"weight":0},{"name":"sinkukan_c","count":1,"weight":0},{"name":"g_futa_kyodo","count":1,"weight":0}],"gates":[]},{"name":"Sublevel 6","properties":{"unit":"3_MAT_ari_h446_h443_tower_metal.txt","max_rooms":5,"light":"houdai_light.ini","music":"cavemetal_05_2.cnd","skybox":"build","corridor":0.05,"caps":50,"timer":0,"geyser":false,"clogged":true,"echo":0,"plane":false,"seesaw":false,"version":1,"max_entities":null,"max_trasures":null,"max_gates":null},"entities":[{"name":"BlackPom","count":2,"weight":0,"dead_end":true,"group":0,"treasure":null,"fall":""},{"name":"DaiodoRed","count":7,"weight":0,"dead_end":false,"group":6,"treasure":null,"fall":""},{"name":"DaiodoGreen","count":7,"weight":0,"dead_end":false,"group":6,"treasure":null,"fall":""},{"name":"Bomb","count":15,"weight":0,"dead_end":false,"group":0,"treasure":null,"fall":""},{"name":"Bomb","count":15,"weight":0,"dead_end":false,"group":0,"treasure":null,"fall":"$4"},{"name":"BombOtakara","count":5,"weight":0,"dead_end":false,"group":0,"treasure":null,"fall":"$4"},{"name":"FminiHoudai","count":1,"weight":0,"dead_end":false,"group":8,"treasure":"key","fall":""},{"name":"MiniHoudai","count":1,"weight":0,"dead_end":false,"group":1,"treasure":"denchi_1_black","fall":""},{"name":"MiniHoudai","count":1,"weight":0,"dead_end":false,"group":1,"treasure":"be_dama_red_l","fall":""},{"name":"BombSarai","count":5,"weight":0,"dead_end":false,"group":1,"treasure":"wadou_kaichin","fall":""},{"name":"ElecOtakara","count":5,"weight":0,"dead_end":false,"group":1,"treasure":null,"fall":"$4"}],"treasures":[{"name":"tape_red","count":1,"weight":0},{"name":"tape_yellow","count":1,"weight":0}],"gates":[]},{"name":"Sublevel 7","properties":{"unit":"1_units_houdai_metal.txt","max_rooms":1,"light":"houdai_light.ini","music":"cavemetal_00_0.cnd","skybox":"build","corridor":0.0,"caps":50,"timer":0,"geyser":false,"clogged":false,"echo":0,"plane":false,"seesaw":false,"version":1,"max_entities":null,"max_trasures":null,"max_gates":null},"entities":[{"name":"Kurage","count":5,"weight":0,"dead_end":false,"group":0,"treasure":"chocowhite_l","fall":""},{"name":"Houdai","count":1,"weight":0,"dead_end":false,"group":1,"treasure":"bolt_l","fall":""},{"name":"BombSarai","count":5,"weight":0,"dead_end":false,"group":8,"treasure":"whistle","fall":""}],"treasures":[{"name":"key","count":1,"weight":0},{"name":"sensya","count":1,"weight":0},{"name":"tatebue","count":1,"weight":0},{"name":"donutsichigo_s","count":1,"weight":0}],"gates":[]}],"content":null}