{"sublevels":[{"name":"Sublevel 1","properties":{"unit":"2_units_mid_ike_kusachi.txt","max_rooms":4,"light":"hiroba_toy_light_cha.ini","music":"caveglass_00_0.cnd","skybox":"hiroba","corridor":0.12,"caps":50,"timer":0,"geyser":false,"clogged":false,"echo":0,"plane":true,"seesaw":false,"version":1,"max_entities":null,"max_trasures":null,"max_gates":null},"entities":[{"name":"SnakeCrow","count":1,"weight":0,"dead_end":false,"group":0,"treasure":"key","fall":""},{"name":"SnakeCrow","count":1,"weight":0,"dead_end":false,"group":0,"treasure":"futa_a_silver","fall":""},{"name":"SnakeCrow","count":2,"weight":0,"dead_end":false,"group":1,"treasure":"futa_a_silver","fall":""},{"name":"Chappy","count":2,"weight":0,"dead_end":false,"group":1,"treasure":"ichigo","fall":""},{"name":"Sarai","count":1,"weight":0,"dead_end":false,"group":0,"treasure":"creap","fall":""},{"name":"Kochappy","count":6,"weight":0,"dead_end":false,"group":0,"treasure":"be_dama_blue","fall":""},{"name":"Kochappy","count":6,"weight":0,"dead_end":false,"group":5,"treasure":"be_dama_blue","fall":""}],"treasures":[{"name":"g_futa_nihonraku","count":1,"weight":0},{"name":"kinoko","count":1,"weight":0},{"name":"dia_a_blue","count":1,"weight":0}],"gates":[]},{"name":"Sublevel 2","properties":{"unit":"2_ABE_mid1_nor3_tsuchi.txt","max_rooms":4,"light":"normal_light_lv0.ini","music":"cavesoil_05_0.cnd","skybox":"none","corridor":0.0,"caps":50,"timer":0,"geyser":false,"clogged":false,"echo":0,"plane":false,"seesaw":false,"version":1,"max_entities":null,"max_trasures":null,"max_gates":null},"entities":[{"name":"Damagumo","count":1,"weight":0,"dead_end":false,"group":1,"treasure":"key","fall":""},{"name":"Tank","count":5,"weight":0,"dead_end":false,"group":1,"treasure":"be_dama_blue_l","fall":""},{"name":"MaroFrog","count":4,"weight":0,"dead_end":false,"group":0,"treasure":"chocoichigo","fall":""},{"name":"PanModoki","count":1,"weight":0,"dead_end":false,"group":0,"treasure":"dia_c_blue","fall":""},{"name":"Tobi","count":3,"weight":0,"dead_end":false,"group":5,"treasure":"flower_blue","fall":""},{"name":"Hiba","count":3,"weight":0,"dead_end":false,"group":5,"treasure":null,"fall":""},{"name":"Hiba","count":3,"weight":0,"dead_end":false,"group":6,"treasure":null,"fall":""}],"treasures":[],"gates":[]},{"name":"Sublevel 3","properties":{"unit":"1_units_ike4_tsuchi.txt","max_rooms":1,"light":"vs_7_light.ini","music":"new_01_0.cnd","skybox":"none","corridor":0.0,"caps":50,"timer":0,"geyser":false,"clogged":false,"echo":0,"plane":false,"seesaw":false,"version":1,"max_entities":null,"max_trasures":null,"max_gates":null},"entities":[{"name":"Kabuto","count":1,"weight":0,"dead_end":false,"group":0,"treasure":"key","fall":""},{"name":"Sarai","count":2,"weight":0,"dead_end":false,"group":0,"treasure":"be_dama_red","fall":""},{"name":"KumaChappy","count":1,"weight":0,"dead_end":false,"group":1,"treasure":"baum_kuchen_s","fall":""},{"name":"KumaKochappy","count":2,"weight":0,"dead_end":false,"group":1,"treasure":"denchi_3_red","fall":""},{"name":"Catfish","count":2,"weight":0,"dead_end":false,"group":1,"treasure":"kuri","fall":""},{"name":"Frog","count":2,"weight":0,"dead_end":false,"group":0,"treasure":"bey_goma","fall":""}],"treasures":[],"gates":[]},{"name":"Sublevel 4","properties":{"unit":"1_MAT_manp_2_conc.txt","max_rooms":1,"light":"normal_light_lv0.ini","music":"caveconc_10_0.cnd","skybox":"none","corridor":0.0,"caps":50,"timer":0,"geyser":false,"clogged":false,"echo":0,"plane":false,"seesaw":false,"version":1,"max_entities":null,"max_trasures":null,"max_gates":null},"entities":[{"name":"KingChappy","count":1,"weight":0,"dead_end":false,"group":0,"treasure":"key","fall":""},{"name":"KingChappy","count":2,"weight":0,"dead_end":false,"group":0,"treasure":"silver_medal","fall":""},{"name":"KingChappy","count":3,"weight":0,"dead_end":false,"group":1,"treasure":"silver_medal","fall":""}],"treasures":[],"gates":[]}],"content":null}