{"sublevels":[{"name":"Sublevel 1","properties":{"unit":"2_MAT_cent_mid2_tsuchi.txt","max_rooms":2,"light":"vs_10_light.ini","music":"new_04_0.cnd","skybox":"none","corridor":0.0,"caps":50,"timer":0,"geyser":false,"clogged":false,"echo":0,"plane":false,"seesaw":false,"version":1,"max_entities":null,"max_trasures":null,"max_gates":null},"entities":[{"name":"FireChappy","count":1,"weight":0,"dead_end":false,"group":1,"treasure":"key","fall":""},{"name":"Kochappy","count":3,"weight":0,"dead_end":false,"group":0,"treasure":"chocowhite","fall":""},{"name":"Kochappy","count":3,"weight":0,"dead_end":false,"group":0,"treasure":"chocolate","fall":""},{"name":"Hiba","count":4,"weight":0,"dead_end":false,"group":5,"treasure":null,"fall":""},{"name":"Kogane","count":2,"weight":0,"dead_end":true,"group":0,"treasure":null,"fall":""},{"name":"Hanachirashi","count":2,"weight":0,"dead_end":true,"group":0,"treasure":"compact","fall":"$2"},{"name":"Bomb","count":10,"weight":0,"dead_end":false,"group":6,"treasure":null,"fall":""},{"name":"Nekojarashi","count":1,"weight":0,"dead_end":false,"group":1,"treasure":null,"fall":""},{"name":"Nekojarashi","count":1,"weight":0,"dead_end":false,"group":1,"treasure":null,"fall":""},{"name":"Nekojarashi","count":1,"weight":0,"dead_end":false,"group":1,"treasure":null,"fall":""}],"treasures":[{"name":"channel","count":1,"weight":0},{"name":"g_futa_nihonraku","count":1,"weight":0}],"gates":[{"word":"gate","health":3000,"weight":1},{"word":"gate","health":3000,"weight":1}]},{"name":"Sublevel 2","properties":{"unit":"2_units_mid1_nor22_metal.txt","max_rooms":1,"light":"metal_light_lv2.ini","music":"cavemetal_00_3.cnd","skybox":"build","corridor":0.0,"caps":50,"timer":0,"geyser":false,"clogged":false,"echo":0,"plane":false,"seesaw":false,"version":1,"max_entities":null,"max_trasures":null,"max_gates":null},"entities":[{"name":"FireChappy","count":1,"weight":0,"dead_end":false,"group":1,"treasure":"key","fall":""},{"name":"Kurage","count":1,"weight":0,"dead_end":false,"group":0,"treasure":"j_block_blue","fall":""},{"name":"Kurage","count":1,"weight":0,"dead_end":false,"group":0,"treasure":"j_block_red","fall":""},{"name":"Kurage","count":1,"weight":0,"dead_end":false,"group":0,"treasure":"j_block_green","fall":""},{"name":"Kurage","count":1,"weight":0,"dead_end":false,"group":0,"treasure":"j_block_yellow","fall":""},{"name":"Kurage","count":1,"weight":0,"dead_end":false,"group":0,"treasure":"j_block_white","fall":""},{"name":"BombOtakara","count":6,"weight":0,"dead_end":false,"group":5,"treasure":null,"fall":"$4"},{"name":"DaiodoRed","count":3,"weight":0,"dead_end":false,"group":6,"treasure":null,"fall":""},{"name":"DaiodoGreen","count":3,"weight":0,"dead_end":false,"group":6,"treasure":null,"fall":""},{"name":"DaiodoRed","count":3,"weight":0,"dead_end":false,"group":6,"treasure":null,"fall":""},{"name":"DaiodoGreen","count":3,"weight":0,"dead_end":false,"group":6,"treasure":null,"fall":""}],"treasures":[{"name":"gear_silver","count":1,"weight":0},{"name":"gear","count":1,"weight":0},{"name":"nut_l","count":1,"weight":0}],"gates":[]},{"name":"Sublevel 3","properties":{"unit":"2_units_north_pool_tile.txt","max_rooms":1,"light":"suityu_light_lv2.ini","music":"cavetile_00_0.cnd","skybox":"none","corridor":0.0,"caps":50,"timer":0,"geyser":false,"clogged":false,"echo":0,"plane":false,"seesaw":false,"version":1,"max_entities":null,"max_trasures":null,"max_gates":null},"entities":[{"name":"Frog","count":1,"weight":0,"dead_end":true,"group":0,"treasure":"be_dama_yellow_l","fall":"$2"},{"name":"FireChappy","count":1,"weight":0,"dead_end":false,"group":1,"treasure":"key","fall":""},{"name":"BluePom","count":4,"weight":0,"dead_end":false,"group":5,"treasure":null,"fall":""},{"name":"Wtank","count":2,"weight":0,"dead_end":false,"group":0,"treasure":"be_dama_red","fall":""},{"name":"Tank","count":2,"weight":0,"dead_end":false,"group":0,"treasure":"be_dama_blue","fall":""},{"name":"Wakame_l","count":4,"weight":0,"dead_end":false,"group":6,"treasure":null,"fall":""},{"name":"Wakame_s","count":4,"weight":0,"dead_end":false,"group":6,"treasure":null,"fall":""}],"treasures":[{"name":"ahiru_head","count":1,"weight":0},{"name":"kan","count":1,"weight":0},{"name":"toy_dog","count":1,"weight":0},{"name":"hotate","count":1,"weight":0},{"name":"fire_helmet","count":1,"weight":0},{"name":"g_futa_daisen","count":1,"weight":0}],"gates":[]},{"name":"Sublevel 4","properties":{"unit":"1_MAT_tower2_toy.txt","max_rooms":1,"light":"forest_3_light.ini","music":"caveglass_10_0.cnd","skybox":"hiroba","corridor":0.0,"caps":50,"timer":0,"geyser":false,"clogged":false,"echo":0,"plane":true,"seesaw":false,"version":1,"max_entities":null,"max_trasures":null,"max_gates":null},"entities":[{"name":"FireChappy","count":1,"weight":0,"dead_end":false,"group":1,"treasure":"key","fall":""},{"name":"ElecBug","count":3,"weight":0,"dead_end":false,"group":0,"treasure":"cookie","fall":""},{"name":"ElecBug","count":3,"weight":0,"dead_end":false,"group":0,"treasure":"cookie","fall":""},{"name":"ElecBug","count":3,"weight":0,"dead_end":false,"group":0,"treasure":"cookie","fall":""},{"name":"Fkabuto","count":1,"weight":0,"dead_end":false,"group":8,"treasure":"denchi_1_black","fall":""},{"name":"Tanpopo","count":3,"weight":0,"dead_end":false,"group":6,"treasure":null,"fall":""},{"name":"Clover","count":3,"weight":0,"dead_end":false,"group":6,"treasure":null,"fall":""},{"name":"Ooinu_l","count":3,"weight":0,"dead_end":false,"group":6,"treasure":null,"fall":""},{"name":"Ooinu_s","count":3,"weight":0,"dead_end":false,"group":6,"treasure":null,"fall":""}],"treasures":[{"name":"donutschoco_s","count":1,"weight":0},{"name":"kuri","count":1,"weight":0},{"name":"dia_a_green","count":1,"weight":0},{"name":"kan_b_silver","count":1,"weight":0}],"gates":[{"word":"gate","health":2000,"weight":1},{"word":"gate","health":2000,"weight":1},{"word":"gate","health":2000,"weight":1},{"word":"gate","health":2000,"weight":1},{"word":"gate","health":2000,"weight":1},{"word":"gate","health":2000,"weight":1},{"word":"gate","health":2000,"weight":1}]},{"name":"Sublevel 5","properties":{"unit":"1_MAT_manp_conc.txt","max_rooms":1,"light":"king_light.ini","music":"new_05_0.cnd","skybox":"none","corridor":0.0,"caps":50,"timer":0,"geyser":false,"clogged":false,"echo":0,"plane":false,"seesaw":false,"version":1,"max_entities":null,"max_trasures":null,"max_gates":null},"entities":[{"name":"BlackPom","count":2,"weight":0,"dead_end":true,"group":0,"treasure":null,"fall":""},{"name":"FireChappy","count":1,"weight":0,"dead_end":false,"group":1,"treasure":"key","fall":""},{"name":"Chappy","count":1,"weight":0,"dead_end":false,"group":0,"treasure":"cookie_s_l","fall":""},{"name":"YellowChappy","count":1,"weight":0,"dead_end":false,"group":0,"treasure":"cookie_m_l","fall":""},{"name":"BlueChappy","count":1,"weight":0,"dead_end":false,"group":0,"treasure":"cookie_u_l","fall":""},{"name":"Tobi","count":10,"weight":0,"dead_end":false,"group":5,"treasure":null,"fall":""},{"name":"Watage","count":3,"weight":0,"dead_end":false,"group":6,"treasure":null,"fall":""},{"name":"Tukushi","count":5,"weight":0,"dead_end":false,"group":6,"treasure":null,"fall":""}],"treasures":[{"name":"map01","count":1,"weight":0},{"name":"map02","count":1,"weight":0},{"name":"map01","count":1,"weight":0},{"name":"map02","count":1,"weight":0}],"gates":[]}],"content":null}