{"sublevels":[{"name":"Sublevel 1 - Sublevel 1","properties":{"unit":"2_units_mid_ike_kusachi.txt","max_rooms":4,"light":"hiroba_toy_light_cha.ini","music":"cavesoil_00_0.cnd","skybox":"hiroba","corridor":0.13,"caps":100,"timer":99999,"geyser":false,"clogged":true,"echo":0,"plane":true,"seesaw":false,"version":1,"max_entities":null,"max_trasures":null,"max_gates":null},"entities":[{"name":"Hana","count":9,"weight":0,"dead_end":false,"group":6,"treasure":null,"fall":""},{"name":"Chappy","count":5,"weight":0,"dead_end":false,"group":0,"treasure":null,"fall":""},{"name":"Armor","count":8,"weight":0,"dead_end":false,"group":1,"treasure":null,"fall":""},{"name":"Chappy","count":1,"weight":0,"dead_end":false,"group":0,"treasure":"juji_key_fc","fall":""}],"treasures":[{"name":"dia_a_red","count":1,"weight":0},{"name":"flower_red","count":1,"weight":0}],"gates":[{"word":"gate","health":2000,"weight":1}]},{"name":"Sublevel 2 - Sublevel 2","properties":{"unit":"1_units_white_metal.txt","max_rooms":1,"light":"normal_light_lv0.ini","music":"cavemetal_05_4.cnd","skybox":"test","corridor":0.125,"caps":100,"timer":0,"geyser":false,"clogged":false,"echo":0,"plane":false,"seesaw":false,"version":1,"max_entities":null,"max_trasures":null,"max_gates":null},"entities":[{"name":"BlueChappy","count":2,"weight":0,"dead_end":false,"group":0,"treasure":null,"fall":""},{"name":"UjiB","count":7,"weight":0,"dead_end":false,"group":1,"treasure":null,"fall":""},{"name":"Sarai","count":3,"weight":0,"dead_end":false,"group":1,"treasure":null,"fall":""},{"name":"Tank","count":1,"weight":0,"dead_end":true,"group":0,"treasure":"fire_helmet","fall":""}],"treasures":[],"gates":[]},{"name":"Sublevel 3 - Sublevel 3","properties":{"unit":"3_ABE_sak1_sak2_hit1_tsuchi.txt","max_rooms":4,"light":"normal_light_cha.ini","music":"caveglass_00_0.cnd","skybox":"none","corridor":0.12,"caps":100,"timer":99999,"geyser":true,"clogged":false,"echo":0,"plane":false,"seesaw":false,"version":1,"max_entities":null,"max_trasures":null,"max_gates":null},"entities":[{"name":"Chappy","count":3,"weight":0,"dead_end":false,"group":0,"treasure":null,"fall":""},{"name":"Kochappy","count":9,"weight":0,"dead_end":false,"group":0,"treasure":null,"fall":""},{"name":"Hana","count":5,"weight":0,"dead_end":false,"group":1,"treasure":null,"fall":""},{"name":"Hana","count":1,"weight":0,"dead_end":false,"group":1,"treasure":"dia_c_green","fall":""},{"name":"Hiba","count":21,"weight":0,"dead_end":false,"group":5,"treasure":null,"fall":""},{"name":"Jigumo","count":2,"weight":0,"dead_end":true,"group":0,"treasure":null,"fall":""},{"name":"Wakame_s","count":12,"weight":0,"dead_end":false,"group":6,"treasure":null,"fall":""}],"treasures":[{"name":"donutswhite","count":1,"weight":0}],"gates":[]},{"name":"Sublevel 4 - Sublevel 4","properties":{"unit":"3_units_cent_cent2_north_tsuchi.txt","max_rooms":3,"light":"hiroba_light.ini","music":"caverelax.cnd","skybox":"none","corridor":0.14,"caps":100,"timer":999999,"geyser":true,"clogged":false,"echo":0,"plane":false,"seesaw":false,"version":1,"max_entities":null,"max_trasures":null,"max_gates":null},"entities":[{"name":"BlackPom","count":2,"weight":0,"dead_end":false,"group":0,"treasure":null,"fall":""},{"name":"RedPom","count":3,"weight":0,"dead_end":false,"group":1,"treasure":null,"fall":""},{"name":"RandPom","count":2,"weight":0,"dead_end":true,"group":0,"treasure":null,"fall":""},{"name":"Qurione","count":2,"weight":0,"dead_end":false,"group":0,"treasure":null,"fall":""},{"name":"Fart","count":1,"weight":0,"dead_end":false,"group":6,"treasure":"flower_red","fall":""}],"treasures":[],"gates":[]},{"name":"Sublevel 5 - Sublevel 5","properties":{"unit":"4_ABE_a_b_e_m_conc.txt","max_rooms":5,"light":"hiroba_toy_light_cha.ini","music":"new_05_0.cnd","skybox":"none","corridor":0.135,"caps":100,"timer":99999,"geyser":false,"clogged":true,"echo":0,"plane":false,"seesaw":false,"version":1,"max_entities":null,"max_trasures":null,"max_gates":null},"entities":[{"name":"BombSarai","count":11,"weight":0,"dead_end":false,"group":0,"treasure":null,"fall":""},{"name":"PanModoki","count":1,"weight":0,"dead_end":true,"group":0,"treasure":null,"fall":""},{"name":"PanHouse","count":1,"weight":0,"dead_end":true,"group":0,"treasure":null,"fall":""},{"name":"MaroFrog","count":7,"weight":0,"dead_end":false,"group":5,"treasure":null,"fall":"$2"},{"name":"Hiba","count":11,"weight":0,"dead_end":false,"group":5,"treasure":null,"fall":""},{"name":"BlueKochappy","count":16,"weight":0,"dead_end":false,"group":1,"treasure":null,"fall":""},{"name":"BlueChappy","count":16,"weight":0,"dead_end":false,"group":1,"treasure":"donutsichigo_s","fall":""}],"treasures":[{"name":"dia_b_blue","count":1,"weight":0}],"gates":[{"word":"gate","health":5000,"weight":1},{"word":"gate","health":5000,"weight":1},{"word":"gate","health":5000,"weight":1},{"word":"gate","health":5000,"weight":1},{"word":"gate","health":5000,"weight":1}]},{"name":"Sublevel 6 - Sublevel 6","properties":{"unit":"1_ABE_mid1_boss_tsuchi.txt","max_rooms":3,"light":"hiroba_toy_light_cha.ini","music":"","skybox":"none","corridor":0.135,"caps":100,"timer":99999,"geyser":false,"clogged":false,"echo":0,"plane":false,"seesaw":false,"version":1,"max_entities":null,"max_trasures":null,"max_gates":null},"entities":[{"name":"Queen","count":1,"weight":0,"dead_end":false,"group":0,"treasure":"radar_a","fall":""},{"name":"Frog","count":6,"weight":0,"dead_end":false,"group":1,"treasure":null,"fall":""},{"name":"Mar","count":1,"weight":0,"dead_end":true,"group":0,"treasure":"diamond_blue","fall":"$"},{"name":"BlackPom","count":1,"weight":0,"dead_end":true,"group":0,"treasure":null,"fall":""}],"treasures":[],"gates":[]}],"content":null}