{"sublevels":[{"name":"Sublevel 1 - West Clock Town","properties":{"unit":"2_NARI_hit4x7_small_toy.txt","max_rooms":1,"light":"toy_light_cha.ini","music":"new_04_0.cnd","skybox":"flooring","corridor":0.0,"caps":100,"timer":0,"geyser":false,"clogged":false,"echo":0,"plane":true,"seesaw":false,"version":1,"max_entities":null,"max_trasures":null,"max_gates":null},"entities":[{"name":"DaiodoRed","count":1,"weight":0,"dead_end":false,"group":0,"treasure":null,"fall":""},{"name":"YellowKochappy","count":1,"weight":0,"dead_end":false,"group":0,"treasure":"toy_ring_b_red","fall":""},{"name":"YellowKochappy","count":1,"weight":0,"dead_end":false,"group":1,"treasure":"toy_ring_a_blue","fall":""},{"name":"FireOtakara","count":1,"weight":0,"dead_end":false,"group":1,"treasure":"dia_b_blue","fall":""},{"name":"Demon","count":1,"weight":0,"dead_end":false,"group":5,"treasure":"kumakibori","fall":"$"},{"name":"UjiB","count":1,"weight":0,"dead_end":false,"group":5,"treasure":"dia_c_blue","fall":""},{"name":"Bomb","count":1,"weight":0,"dead_end":false,"group":5,"treasure":null,"fall":""},{"name":"DaiodoRed","count":2,"weight":0,"dead_end":false,"group":6,"treasure":null,"fall":""},{"name":"Chiyogami","count":1,"weight":0,"dead_end":false,"group":6,"treasure":null,"fall":""}],"treasures":[{"name":"key","count":1,"weight":0},{"name":"silver_medal","count":1,"weight":0}],"gates":[]},{"name":"Sublevel 2 - Romani Ranch","properties":{"unit":"1_units_opan_toy.txt","max_rooms":1,"light":"houdai_light.ini","music":"cavesoil_10_3.cnd","skybox":"hiroba","corridor":0.0,"caps":50,"timer":0,"geyser":false,"clogged":false,"echo":0,"plane":true,"seesaw":false,"version":1,"max_entities":null,"max_trasures":null,"max_gates":null},"entities":[{"name":"Fuefuki","count":1,"weight":0,"dead_end":false,"group":1,"treasure":"key","fall":""},{"name":"Egg","count":1,"weight":0,"dead_end":false,"group":6,"treasure":null,"fall":""},{"name":"Baby","count":6,"weight":0,"dead_end":false,"group":0,"treasure":null,"fall":""},{"name":"Baby","count":2,"weight":0,"dead_end":false,"group":1,"treasure":null,"fall":""},{"name":"Baby","count":1,"weight":0,"dead_end":false,"group":8,"treasure":null,"fall":""},{"name":"Baby","count":4,"weight":0,"dead_end":false,"group":6,"treasure":null,"fall":""}],"treasures":[{"name":"locket","count":1,"weight":0},{"name":"uji_jisyaku","count":1,"weight":0},{"name":"ahiru","count":1,"weight":0}],"gates":[]},{"name":"Sublevel 3 - Zora Hall","properties":{"unit":"3_units_pool_nor_ujikou_tile.txt","max_rooms":3,"light":"tutorial_1_light.ini","music":"caverelax.cnd","skybox":"none","corridor":0.12,"caps":100,"timer":0,"geyser":false,"clogged":false,"echo":0,"plane":false,"seesaw":false,"version":1,"max_entities":null,"max_trasures":null,"max_gates":null},"entities":[{"name":"MaroFrog","count":1,"weight":0,"dead_end":false,"group":8,"treasure":"teala_dia_d","fall":""},{"name":"Sarai","count":1,"weight":0,"dead_end":false,"group":8,"treasure":"j_block_blue","fall":""},{"name":"Egg","count":2,"weight":0,"dead_end":false,"group":5,"treasure":null,"fall":""},{"name":"RandPom","count":2,"weight":0,"dead_end":false,"group":6,"treasure":null,"fall":""}],"treasures":[{"name":"key","count":1,"weight":0},{"name":"toy_ring_c_green","count":1,"weight":0},{"name":"leaf_kare","count":1,"weight":0},{"name":"turi_uki","count":1,"weight":0},{"name":"hotate","count":1,"weight":0}],"gates":[]},{"name":"Sublevel 4 - Pirates Fortress","properties":{"unit":"3_units_h335_h344_tekiF_metal.txt","max_rooms":3,"light":"jyoou_light_lv1.ini","music":"new_05_0.cnd","skybox":"test","corridor":0.16,"caps":100,"timer":0,"geyser":false,"clogged":false,"echo":0,"plane":false,"seesaw":false,"version":1,"max_entities":null,"max_trasures":null,"max_gates":null},"entities":[{"name":"Chappy","count":1,"weight":0,"dead_end":false,"group":1,"treasure":"key","fall":""},{"name":"Tadpole","count":7,"weight":0,"dead_end":true,"group":0,"treasure":"be_dama_blue","fall":""},{"name":"BlueChappy","count":1,"weight":0,"dead_end":false,"group":0,"treasure":"kan_b_gold","fall":""},{"name":"BlueChappy","count":1,"weight":0,"dead_end":false,"group":1,"treasure":"toy_ring_b_green","fall":""},{"name":"BlueChappy","count":1,"weight":0,"dead_end":false,"group":5,"treasure":"toy_ring_a_blue","fall":"$"},{"name":"Bomb","count":10,"weight":0,"dead_end":false,"group":0,"treasure":null,"fall":""},{"name":"Bomb","count":10,"weight":0,"dead_end":false,"group":1,"treasure":null,"fall":""},{"name":"Egg","count":2,"weight":0,"dead_end":false,"group":8,"treasure":null,"fall":"$"},{"name":"DaiodoRed","count":2,"weight":0,"dead_end":false,"group":0,"treasure":null,"fall":""},{"name":"DaiodoRed","count":2,"weight":0,"dead_end":false,"group":1,"treasure":null,"fall":""},{"name":"DaiodoRed","count":2,"weight":0,"dead_end":false,"group":6,"treasure":null,"fall":""}],"treasures":[],"gates":[{"word":"gate","health":1,"weight":1},{"word":"gate","health":1,"weight":1},{"word":"gate","health":1,"weight":1},{"word":"gate","health":1,"weight":1},{"word":"gate","health":1,"weight":1},{"word":"gate","health":1,"weight":1},{"word":"gate","health":1,"weight":1},{"word":"gate","health":1,"weight":1},{"word":"gate","health":1,"weight":1},{"word":"gate","health":1,"weight":1},{"word":"gate","health":1,"weight":1},{"word":"gate","health":1,"weight":1},{"word":"gate","health":1,"weight":1},{"word":"gate","health":1,"weight":1},{"word":"gate","health":1,"weight":1}]},{"name":"Sublevel 5 - Great Bay Temple - F1","properties":{"unit":"3_units_d_f_ujikou_tile.txt","max_rooms":3,"light":"sirohana_light_lv0.ini","music":"cavemetal_10_0.cnd","skybox":"none","corridor":0.16,"caps":100,"timer":0,"geyser":false,"clogged":false,"echo":0,"plane":false,"seesaw":true,"version":1,"max_entities":null,"max_trasures":null,"max_gates":null},"entities":[{"name":"YellowKochappy","count":1,"weight":0,"dead_end":false,"group":0,"treasure":"toy_ring_c_red","fall":""},{"name":"YellowKochappy","count":1,"weight":0,"dead_end":false,"group":0,"treasure":"bird_hane","fall":""},{"name":"YellowKochappy","count":1,"weight":0,"dead_end":false,"group":1,"treasure":"be_dama_blue_l","fall":""},{"name":"BluePom","count":1,"weight":0,"dead_end":false,"group":1,"treasure":null,"fall":"$"},{"name":"Fkabuto","count":1,"weight":0,"dead_end":false,"group":1,"treasure":"kouseki_suisyou","fall":""},{"name":"BombOtakara","count":1,"weight":0,"dead_end":false,"group":1,"treasure":null,"fall":""},{"name":"BombOtakara","count":1,"weight":0,"dead_end":false,"group":1,"treasure":null,"fall":"$"},{"name":"UjiB","count":4,"weight":0,"dead_end":false,"group":0,"treasure":null,"fall":""},{"name":"WaterOtakara","count":2,"weight":0,"dead_end":false,"group":1,"treasure":"momiji_normal","fall":""},{"name":"ElecHiba","count":1,"weight":0,"dead_end":false,"group":5,"treasure":null,"fall":""},{"name":"Qurione","count":1,"weight":0,"dead_end":true,"group":0,"treasure":null,"fall":""},{"name":"DaiodoGreen","count":8,"weight":0,"dead_end":false,"group":0,"treasure":null,"fall":""},{"name":"RandPom","count":1,"weight":0,"dead_end":false,"group":8,"treasure":null,"fall":""},{"name":"Egg","count":1,"weight":0,"dead_end":false,"group":8,"treasure":null,"fall":"$"}],"treasures":[{"name":"key","count":1,"weight":0},{"name":"channel","count":1,"weight":0},{"name":"tatebue","count":1,"weight":0}],"gates":[{"word":"gate","health":1000,"weight":1}]},{"name":"Sublevel 6 - Great Bay Temple - Wart","properties":{"unit":"1_units_bunki_tile.txt","max_rooms":1,"light":"key_light_lv0.ini","music":"cavemetal_10_0.cnd","skybox":"none","corridor":0.0,"caps":50,"timer":0,"geyser":false,"clogged":false,"echo":0,"plane":false,"seesaw":false,"version":1,"max_entities":null,"max_trasures":null,"max_gates":null},"entities":[{"name":"KingChappy","count":1,"weight":0,"dead_end":false,"group":6,"treasure":"key","fall":""},{"name":"UjiA","count":8,"weight":0,"dead_end":false,"group":0,"treasure":null,"fall":""},{"name":"UjiA","count":8,"weight":0,"dead_end":false,"group":1,"treasure":null,"fall":""}],"treasures":[{"name":"futa_a_silver","count":1,"weight":0}],"gates":[]},{"name":"Sublevel 7 - Great Bay Temple - B1","properties":{"unit":"2_units_gw_l_conc.txt","max_rooms":3,"light":"sirohana_light_lv0.ini","music":"cavemetal_10_0.cnd","skybox":"none","corridor":0.0,"caps":100,"timer":0,"geyser":false,"clogged":false,"echo":0,"plane":false,"seesaw":false,"version":1,"max_entities":null,"max_trasures":null,"max_gates":null},"entities":[{"name":"BluePom","count":1,"weight":0,"dead_end":false,"group":5,"treasure":null,"fall":"$"},{"name":"Catfish","count":3,"weight":0,"dead_end":false,"group":0,"treasure":"flower_blue","fall":"$"},{"name":"WaterOtakara","count":1,"weight":0,"dead_end":false,"group":1,"treasure":"momiji_normal","fall":""},{"name":"ElecOtakara","count":1,"weight":0,"dead_end":false,"group":1,"treasure":"g_futa_sakotani","fall":"$"},{"name":"BombOtakara","count":1,"weight":0,"dead_end":false,"group":0,"treasure":null,"fall":""},{"name":"BombOtakara","count":1,"weight":0,"dead_end":false,"group":6,"treasure":null,"fall":""},{"name":"ElecHiba","count":2,"weight":0,"dead_end":false,"group":5,"treasure":null,"fall":""},{"name":"DaiodoRed","count":9,"weight":0,"dead_end":false,"group":0,"treasure":null,"fall":""}],"treasures":[{"name":"key","count":1,"weight":0},{"name":"water","count":1,"weight":0},{"name":"channel","count":1,"weight":0}],"gates":[]},{"name":"Sublevel 8 - Great Bay Temple - Gekko","properties":{"unit":"1_units_bunki_tile.txt","max_rooms":1,"light":"suityu_light_lv0.ini","music":"cavemetal_10_0.cnd","skybox":"none","corridor":0.0,"caps":0,"timer":0,"geyser":false,"clogged":false,"echo":0,"plane":false,"seesaw":false,"version":1,"max_entities":null,"max_trasures":null,"max_gates":null},"entities":[{"name":"Frog","count":1,"weight":0,"dead_end":false,"group":1,"treasure":"key","fall":"$"},{"name":"Kurage","count":1,"weight":0,"dead_end":false,"group":1,"treasure":"medama_yaki","fall":""}],"treasures":[],"gates":[]},{"name":"Sublevel 9 - Great Bay Temple - B1 Pre Boss","properties":{"unit":"3_units_f_l_o_conc.txt","max_rooms":1,"light":"sirohana_light_lv0.ini","music":"cavemetal_10_0.cnd","skybox":"none","corridor":0.0,"caps":100,"timer":0,"geyser":false,"clogged":false,"echo":0,"plane":false,"seesaw":false,"version":1,"max_entities":null,"max_trasures":null,"max_gates":null},"entities":[{"name":"Qurione","count":4,"weight":0,"dead_end":false,"group":5,"treasure":null,"fall":""},{"name":"DaiodoGreen","count":9,"weight":0,"dead_end":false,"group":6,"treasure":null,"fall":""}],"treasures":[{"name":"key","count":1,"weight":0}],"gates":[]},{"name":"Sublevel 10 - Great Bay Temple - Boss","properties":{"unit":"2_units_northF_pool_tile.txt","max_rooms":1,"light":"sirohana_light_lv2.ini","music":"cavemetal_10_0.cnd","skybox":"none","corridor":0.0,"caps":0,"timer":0,"geyser":false,"clogged":false,"echo":0,"plane":false,"seesaw":false,"version":1,"max_entities":null,"max_trasures":null,"max_gates":null},"entities":[{"name":"DangoMushi","count":1,"weight":0,"dead_end":false,"group":1,"treasure":"key","fall":""},{"name":"DaiodoRed","count":1,"weight":0,"dead_end":false,"group":6,"treasure":null,"fall":""},{"name":"DaiodoGreen","count":1,"weight":0,"dead_end":false,"group":6,"treasure":null,"fall":""},{"name":"DaiodoRed","count":1,"weight":0,"dead_end":false,"group":6,"treasure":null,"fall":""},{"name":"DaiodoGreen","count":4,"weight":0,"dead_end":false,"group":1,"treasure":null,"fall":""},{"name":"DaiodoRed","count":4,"weight":0,"dead_end":false,"group":1,"treasure":null,"fall":""}],"treasures":[],"gates":[]}],"content":null}