{"sublevels":[{"name":"Sublevel 1 - Big Breadbug Brawl","properties":{"unit":"1_MIYA_mid_toy.txt","max_rooms":7,"light":"toy_light_lv0.ini","music":"caveconc_00_0.cnd","skybox":"flooring","corridor":0.9,"caps":100,"timer":0,"geyser":false,"clogged":false,"echo":0,"plane":true,"seesaw":false,"version":1,"max_entities":null,"max_trasures":null,"max_gates":null},"entities":[{"name":"Kochappy","count":4,"weight":0,"dead_end":false,"group":0,"treasure":null,"fall":""},{"name":"BlueKochappy","count":3,"weight":0,"dead_end":false,"group":0,"treasure":null,"fall":""},{"name":"YellowKochappy","count":3,"weight":0,"dead_end":false,"group":0,"treasure":null,"fall":""},{"name":"PanModoki","count":1,"weight":0,"dead_end":false,"group":1,"treasure":"key","fall":""}],"treasures":[],"gates":[{"word":"gate","health":1000,"weight":1},{"word":"gate","health":1000,"weight":1},{"word":"gate","health":1000,"weight":1}]},{"name":"Sublevel 2 - Bready's Final Trial","properties":{"unit":"1_MIYA_mid_toy.txt","max_rooms":2,"light":"toy_light_lv1.ini","music":"caveconc_00_0.cnd","skybox":"flooring","corridor":0.9,"caps":100,"timer":0,"geyser":false,"clogged":false,"echo":0,"plane":true,"seesaw":false,"version":1,"max_entities":null,"max_trasures":null,"max_gates":null},"entities":[{"name":"OoPanModoki","count":1,"weight":0,"dead_end":false,"group":1,"treasure":"key","fall":""}],"treasures":[],"gates":[]}],"content":null}