{"sublevels":[{"name":"Sublevel 1 - oof","properties":{"unit":"1_ABE_ari_metal.txt","max_rooms":4,"light":"normal_light_lv0.ini","music":"caveconc_00_0.cnd","skybox":"none","corridor":0.1,"caps":50,"timer":0,"geyser":false,"clogged":false,"echo":0,"plane":false,"seesaw":false,"version":1,"max_entities":null,"max_trasures":null,"max_gates":null},"entities":[{"name":"ElecHiba","count":4,"weight":0,"dead_end":false,"group":5,"treasure":null,"fall":"$4"},{"name":"Bomb","count":150,"weight":0,"dead_end":false,"group":5,"treasure":null,"fall":"$4"},{"name":"GasHiba","count":6,"weight":0,"dead_end":false,"group":5,"treasure":null,"fall":"$2"},{"name":"Egg","count":1,"weight":0,"dead_end":true,"group":0,"treasure":null,"fall":"$4"},{"name":"Egg","count":1,"weight":0,"dead_end":true,"group":0,"treasure":null,"fall":"$4"},{"name":"Egg","count":1,"weight":0,"dead_end":true,"group":0,"treasure":null,"fall":"$4"},{"name":"Egg","count":1,"weight":0,"dead_end":true,"group":0,"treasure":null,"fall":"$4"},{"name":"Egg","count":1,"weight":0,"dead_end":true,"group":0,"treasure":null,"fall":"$4"},{"name":"Egg","count":1,"weight":0,"dead_end":true,"group":0,"treasure":null,"fall":"$4"},{"name":"LeafChappy","count":5,"weight":0,"dead_end":true,"group":0,"treasure":null,"fall":"$4"}],"treasures":[{"name":"donutschoco_s","count":1,"weight":0},{"name":"donutschoco_s","count":1,"weight":0},{"name":"donutschoco_s","count":1,"weight":0},{"name":"donutschoco_s","count":1,"weight":0},{"name":"teala_dia_c","count":1,"weight":0},{"name":"teala_dia_c","count":1,"weight":0},{"name":"teala_dia_c","count":1,"weight":0},{"name":"teala_dia_c","count":5,"weight":0}],"gates":[{"word":"gate","health":6000,"weight":1}]},{"name":"Sublevel 2 - memes","properties":{"unit":"1_ABE_ari_metal.txt","max_rooms":3,"light":"normal_light_lv0.ini","music":"caveconc_00_0.cnd","skybox":"none","corridor":0.1,"caps":10,"timer":50,"geyser":true,"clogged":false,"echo":0,"plane":false,"seesaw":true,"version":1,"max_entities":null,"max_trasures":null,"max_gates":null},"entities":[{"name":"Damagumo","count":1,"weight":0,"dead_end":false,"group":0,"treasure":"kouseki_suisyou","fall":"$"},{"name":"BlackMan","count":1,"weight":0,"dead_end":false,"group":0,"treasure":"kouseki_suisyou","fall":"$"},{"name":"ShijimiChou","count":8,"weight":0,"dead_end":true,"group":0,"treasure":null,"fall":""}],"treasures":[],"gates":[]}],"content":null}