{"sublevels":[{"name":"Sublevel 1 - Fire, menace and electricity","properties":{"unit":"2_units_5x5a_big_tekiF_kusachi.txt","max_rooms":3,"light":"houdai_light.ini","music":"cavemetal_10_3.cnd","skybox":"tatami","corridor":0.05,"caps":50,"timer":0,"geyser":false,"clogged":false,"echo":0,"plane":true,"seesaw":false,"version":1,"max_entities":null,"max_trasures":null,"max_gates":null},"entities":[{"name":"Hana","count":1,"weight":0,"dead_end":false,"group":0,"treasure":"matu_bokkuri","fall":""},{"name":"Hana","count":1,"weight":0,"dead_end":false,"group":0,"treasure":"matu_bokkuri","fall":""},{"name":"Hana","count":1,"weight":0,"dead_end":false,"group":0,"treasure":"matu_bokkuri","fall":""},{"name":"Hana","count":1,"weight":0,"dead_end":false,"group":0,"treasure":"matu_bokkuri","fall":""},{"name":"Hana","count":1,"weight":0,"dead_end":false,"group":0,"treasure":"matu_bokkuri","fall":""},{"name":"ElecHiba","count":15,"weight":0,"dead_end":false,"group":6,"treasure":null,"fall":""},{"name":"Hiba","count":15,"weight":0,"dead_end":false,"group":6,"treasure":null,"fall":""},{"name":"BluePom","count":2,"weight":0,"dead_end":true,"group":0,"treasure":null,"fall":""},{"name":"KumaKochappy","count":1,"weight":0,"dead_end":false,"group":5,"treasure":"be_dama_yellow","fall":"$2"},{"name":"KumaKochappy","count":1,"weight":0,"dead_end":false,"group":5,"treasure":"be_dama_yellow","fall":"$2"},{"name":"KumaKochappy","count":1,"weight":0,"dead_end":false,"group":5,"treasure":"be_dama_yellow","fall":"$2"},{"name":"KumaKochappy","count":1,"weight":0,"dead_end":false,"group":5,"treasure":"be_dama_yellow","fall":"$2"},{"name":"KumaKochappy","count":1,"weight":0,"dead_end":false,"group":5,"treasure":"be_dama_yellow","fall":"$2"},{"name":"KumaKochappy","count":1,"weight":0,"dead_end":false,"group":5,"treasure":"be_dama_yellow","fall":"$2"},{"name":"KumaKochappy","count":1,"weight":0,"dead_end":false,"group":5,"treasure":"be_dama_yellow","fall":"$2"},{"name":"KumaKochappy","count":1,"weight":0,"dead_end":false,"group":5,"treasure":"be_dama_yellow","fall":"$2"},{"name":"KumaKochappy","count":1,"weight":0,"dead_end":false,"group":5,"treasure":"be_dama_yellow","fall":"$2"},{"name":"KumaKochappy","count":1,"weight":0,"dead_end":false,"group":5,"treasure":"be_dama_yellow","fall":"$2"},{"name":"Rock","count":10,"weight":0,"dead_end":false,"group":6,"treasure":null,"fall":""},{"name":"SnakeWhole","count":1,"weight":0,"dead_end":false,"group":8,"treasure":"key","fall":""},{"name":"Catfish","count":2,"weight":0,"dead_end":false,"group":0,"treasure":"fue_b","fall":"$2"},{"name":"Catfish","count":2,"weight":0,"dead_end":false,"group":0,"treasure":"fue_b","fall":"$2"},{"name":"UjiB","count":3,"weight":0,"dead_end":false,"group":0,"treasure":"j_block_blue","fall":""},{"name":"UjiB","count":3,"weight":0,"dead_end":false,"group":0,"treasure":"j_block_blue","fall":""},{"name":"YellowChappy","count":1,"weight":0,"dead_end":false,"group":0,"treasure":"diamond_blue_l","fall":""},{"name":"YellowChappy","count":1,"weight":0,"dead_end":false,"group":0,"treasure":"diamond_blue_l","fall":""},{"name":"YellowChappy","count":1,"weight":0,"dead_end":false,"group":0,"treasure":"diamond_blue_l","fall":""},{"name":"YellowChappy","count":1,"weight":0,"dead_end":false,"group":0,"treasure":"diamond_blue_l","fall":""},{"name":"YellowChappy","count":1,"weight":0,"dead_end":false,"group":0,"treasure":"diamond_blue_l","fall":""},{"name":"Hana","count":1,"weight":0,"dead_end":false,"group":0,"treasure":"matu_bokkuri","fall":""},{"name":"Mar","count":1,"weight":0,"dead_end":false,"group":0,"treasure":"chocoichigo","fall":"$2"},{"name":"Mar","count":1,"weight":0,"dead_end":false,"group":0,"treasure":"chocoichigo","fall":"$2"},{"name":"RandPom","count":1,"weight":0,"dead_end":true,"group":0,"treasure":null,"fall":""}],"treasures":[],"gates":[{"word":"gate","health":2000,"weight":1},{"word":"gate","health":2000,"weight":1},{"word":"gate","health":2000,"weight":1},{"word":"gate","health":2000,"weight":1},{"word":"gate","health":2000,"weight":1},{"word":"gate","health":2000,"weight":1},{"word":"gate","health":2000,"weight":1},{"word":"gate","health":2000,"weight":1}]},{"name":"Sublevel 2 - Poisons and bulbear","properties":{"unit":"4_units_a_d_f_l_tile.txt","max_rooms":4,"light":"key_light_lv0.ini","music":"cavetile_00_0.cnd","skybox":"none","corridor":0.1,"caps":50,"timer":0,"geyser":false,"clogged":true,"echo":0,"plane":false,"seesaw":false,"version":1,"max_entities":null,"max_trasures":null,"max_gates":null},"entities":[{"name":"KumaChappy","count":1,"weight":0,"dead_end":false,"group":0,"treasure":"key","fall":""},{"name":"KumaChappy","count":1,"weight":0,"dead_end":false,"group":0,"treasure":"wadou_kaichin","fall":""},{"name":"KumaChappy","count":1,"weight":0,"dead_end":false,"group":0,"treasure":"wadou_kaichin","fall":""},{"name":"WhitePom","count":2,"weight":0,"dead_end":true,"group":0,"treasure":null,"fall":""},{"name":"RandPom","count":1,"weight":0,"dead_end":true,"group":0,"treasure":null,"fall":""},{"name":"Fuefuki","count":2,"weight":0,"dead_end":false,"group":0,"treasure":"diamond_green","fall":""},{"name":"KumaKochappy","count":8,"weight":0,"dead_end":false,"group":5,"treasure":"flower_red","fall":""},{"name":"GasHiba","count":5,"weight":0,"dead_end":false,"group":1,"treasure":null,"fall":""},{"name":"Rock","count":10,"weight":0,"dead_end":false,"group":5,"treasure":null,"fall":""},{"name":"Demon","count":2,"weight":0,"dead_end":false,"group":1,"treasure":"teala_dia_a","fall":""},{"name":"Demon","count":2,"weight":0,"dead_end":false,"group":1,"treasure":"teala_dia_a","fall":""},{"name":"Demon","count":2,"weight":0,"dead_end":false,"group":1,"treasure":"teala_dia_a","fall":""},{"name":"Wtank","count":1,"weight":0,"dead_end":false,"group":0,"treasure":"j_block_red","fall":""},{"name":"Wtank","count":1,"weight":0,"dead_end":false,"group":0,"treasure":"j_block_red","fall":""},{"name":"Wtank","count":1,"weight":0,"dead_end":false,"group":0,"treasure":"j_block_red","fall":""},{"name":"Wtank","count":1,"weight":0,"dead_end":false,"group":0,"treasure":"j_block_red","fall":""},{"name":"Kogane","count":1,"weight":0,"dead_end":false,"group":0,"treasure":"be_dama_yellow","fall":""},{"name":"Kogane","count":1,"weight":0,"dead_end":false,"group":0,"treasure":"be_dama_yellow","fall":""},{"name":"Kogane","count":1,"weight":0,"dead_end":false,"group":0,"treasure":"be_dama_yellow","fall":""},{"name":"Wealthy","count":1,"weight":0,"dead_end":true,"group":0,"treasure":null,"fall":""},{"name":"GasHiba","count":8,"weight":0,"dead_end":false,"group":1,"treasure":null,"fall":""},{"name":"Kurage","count":2,"weight":0,"dead_end":false,"group":1,"treasure":"cookie","fall":"$2"},{"name":"Kurage","count":2,"weight":0,"dead_end":false,"group":0,"treasure":"cookie","fall":"$2"},{"name":"RandPom","count":1,"weight":0,"dead_end":true,"group":0,"treasure":null,"fall":""}],"treasures":[],"gates":[{"word":"gate","health":2000,"weight":1},{"word":"gate","health":2000,"weight":1},{"word":"gate","health":2000,"weight":1},{"word":"gate","health":2000,"weight":1}]},{"name":"Sublevel 3 - Explo + feu + rock","properties":{"unit":"2_units_ike2_hit1_tsuchi.txt","max_rooms":5,"light":"sirohana_light_lv0.ini","music":"caveconc_05_1.cnd","skybox":"none","corridor":0.025,"caps":50,"timer":0,"geyser":false,"clogged":false,"echo":0,"plane":false,"seesaw":false,"version":1,"max_entities":null,"max_trasures":null,"max_gates":null},"entities":[{"name":"BombSarai","count":1,"weight":0,"dead_end":false,"group":0,"treasure":"donguri_l","fall":""},{"name":"BombSarai","count":1,"weight":0,"dead_end":false,"group":0,"treasure":"donguri_l","fall":""},{"name":"BombSarai","count":1,"weight":0,"dead_end":false,"group":0,"treasure":"donguri_l","fall":""},{"name":"BombSarai","count":1,"weight":0,"dead_end":false,"group":0,"treasure":"donguri_l","fall":""},{"name":"FminiHoudai","count":1,"weight":0,"dead_end":false,"group":1,"treasure":"tape_red","fall":""},{"name":"Bomb","count":1,"weight":0,"dead_end":false,"group":1,"treasure":null,"fall":""},{"name":"Bomb","count":1,"weight":0,"dead_end":false,"group":1,"treasure":null,"fall":""},{"name":"Bomb","count":1,"weight":0,"dead_end":false,"group":1,"treasure":null,"fall":""},{"name":"Bomb","count":1,"weight":0,"dead_end":false,"group":1,"treasure":null,"fall":""},{"name":"Bomb","count":1,"weight":0,"dead_end":false,"group":1,"treasure":null,"fall":""},{"name":"Tank","count":1,"weight":0,"dead_end":false,"group":0,"treasure":"be_dama_red","fall":""},{"name":"Tank","count":1,"weight":0,"dead_end":false,"group":0,"treasure":"be_dama_red","fall":""},{"name":"Tank","count":1,"weight":0,"dead_end":false,"group":0,"treasure":"be_dama_red","fall":""},{"name":"Tank","count":1,"weight":0,"dead_end":false,"group":0,"treasure":"be_dama_red","fall":""},{"name":"ElecBug","count":10,"weight":0,"dead_end":false,"group":0,"treasure":"dia_c_blue","fall":""},{"name":"WaterOtakara","count":2,"weight":0,"dead_end":false,"group":1,"treasure":"g_futa_sakotani","fall":""},{"name":"WaterOtakara","count":2,"weight":0,"dead_end":false,"group":1,"treasure":"g_futa_sakotani","fall":""},{"name":"Rkabuto","count":1,"weight":0,"dead_end":false,"group":1,"treasure":"j_block_yellow","fall":""},{"name":"Rkabuto","count":1,"weight":0,"dead_end":false,"group":1,"treasure":"j_block_yellow","fall":""},{"name":"RandPom","count":1,"weight":0,"dead_end":true,"group":0,"treasure":null,"fall":""},{"name":"RandPom","count":1,"weight":0,"dead_end":true,"group":0,"treasure":null,"fall":""},{"name":"FminiHoudai","count":1,"weight":0,"dead_end":false,"group":1,"treasure":"key","fall":""},{"name":"Frog","count":4,"weight":0,"dead_end":false,"group":6,"treasure":"diamond_blue_l","fall":""},{"name":"HikariKinoko","count":7,"weight":0,"dead_end":false,"group":6,"treasure":null,"fall":""},{"name":"OniKurage","count":1,"weight":0,"dead_end":false,"group":1,"treasure":"light_a","fall":"$2"},{"name":"OniKurage","count":1,"weight":0,"dead_end":false,"group":1,"treasure":"light_a","fall":"$2"},{"name":"OniKurage","count":1,"weight":0,"dead_end":false,"group":1,"treasure":"light_a","fall":"$2"},{"name":"FminiHoudai","count":1,"weight":0,"dead_end":false,"group":8,"treasure":"tape_red","fall":""},{"name":"Hiba","count":15,"weight":0,"dead_end":false,"group":6,"treasure":null,"fall":""},{"name":"ElecHiba","count":2,"weight":0,"dead_end":false,"group":1,"treasure":null,"fall":""},{"name":"ElecHiba","count":2,"weight":0,"dead_end":false,"group":1,"treasure":null,"fall":""},{"name":"ElecHiba","count":2,"weight":0,"dead_end":false,"group":1,"treasure":null,"fall":""},{"name":"Rock","count":20,"weight":0,"dead_end":false,"group":6,"treasure":null,"fall":""}],"treasures":[],"gates":[]},{"name":"Sublevel 4 - Some Rest","properties":{"unit":"1_MAT_manp_conc.txt","max_rooms":1,"light":"yakushima_2_light.ini","music":"caverelax.cnd","skybox":"none","corridor":0.1,"caps":50,"timer":60,"geyser":false,"clogged":false,"echo":0,"plane":false,"seesaw":false,"version":1,"max_entities":null,"max_trasures":null,"max_gates":null},"entities":[{"name":"LeafChappy","count":1,"weight":0,"dead_end":false,"group":0,"treasure":"be_dama_yellow_l","fall":""},{"name":"LeafChappy","count":1,"weight":0,"dead_end":false,"group":0,"treasure":"key","fall":""},{"name":"Egg","count":8,"weight":0,"dead_end":true,"group":0,"treasure":null,"fall":""},{"name":"RandPom","count":1,"weight":0,"dead_end":false,"group":0,"treasure":null,"fall":""},{"name":"RandPom","count":1,"weight":0,"dead_end":false,"group":0,"treasure":null,"fall":""},{"name":"RandPom","count":1,"weight":0,"dead_end":false,"group":0,"treasure":null,"fall":""},{"name":"ShijimiChou","count":20,"weight":0,"dead_end":false,"group":0,"treasure":null,"fall":""},{"name":"BombOtakara","count":8,"weight":0,"dead_end":false,"group":5,"treasure":null,"fall":"$2"},{"name":"DaiodoGreen","count":3,"weight":0,"dead_end":false,"group":6,"treasure":null,"fall":""}],"treasures":[],"gates":[]},{"name":"Sublevel 5 - Waterwaith","properties":{"unit":"2_MAT_a_b_conc.txt","max_rooms":4,"light":"jyoou_light_lv4_5.ini","music":"cavesoil_05_3.cnd","skybox":"none","corridor":0.15,"caps":50,"timer":30,"geyser":false,"clogged":true,"echo":0,"plane":false,"seesaw":false,"version":1,"max_entities":null,"max_trasures":null,"max_gates":null},"entities":[{"name":"BlackMan","count":1,"weight":0,"dead_end":false,"group":0,"treasure":"whistle","fall":""},{"name":"BlackMan","count":1,"weight":0,"dead_end":false,"group":0,"treasure":"key","fall":""},{"name":"BlackPom","count":1,"weight":0,"dead_end":false,"group":1,"treasure":null,"fall":""},{"name":"BlackPom","count":1,"weight":0,"dead_end":false,"group":1,"treasure":null,"fall":""},{"name":"Jigumo","count":10,"weight":0,"dead_end":true,"group":0,"treasure":null,"fall":""},{"name":"Hanachirashi","count":1,"weight":0,"dead_end":false,"group":1,"treasure":"ichigo","fall":""},{"name":"Hanachirashi","count":1,"weight":0,"dead_end":false,"group":1,"treasure":"ichigo","fall":""},{"name":"Hanachirashi","count":1,"weight":0,"dead_end":false,"group":1,"treasure":"ichigo","fall":""},{"name":"Hanachirashi","count":1,"weight":0,"dead_end":false,"group":1,"treasure":"ichigo","fall":""},{"name":"Mar","count":1,"weight":0,"dead_end":false,"group":1,"treasure":"diamond_blue_l","fall":""},{"name":"Mar","count":1,"weight":0,"dead_end":false,"group":1,"treasure":"diamond_blue_l","fall":""},{"name":"Bomb","count":10,"weight":0,"dead_end":false,"group":5,"treasure":null,"fall":"$2"},{"name":"RandPom","count":1,"weight":0,"dead_end":false,"group":1,"treasure":null,"fall":""},{"name":"RandPom","count":1,"weight":0,"dead_end":false,"group":1,"treasure":null,"fall":""},{"name":"Hana","count":1,"weight":0,"dead_end":false,"group":0,"treasure":"be_dama_yellow_l","fall":""},{"name":"Hana","count":1,"weight":0,"dead_end":false,"group":0,"treasure":"be_dama_yellow_l","fall":""},{"name":"Hana","count":1,"weight":0,"dead_end":false,"group":0,"treasure":"be_dama_yellow_l","fall":""},{"name":"Hana","count":1,"weight":0,"dead_end":false,"group":0,"treasure":"be_dama_yellow_l","fall":""},{"name":"Sarai","count":3,"weight":0,"dead_end":false,"group":0,"treasure":"ahiru","fall":""},{"name":"GasHiba","count":20,"weight":0,"dead_end":false,"group":6,"treasure":null,"fall":""},{"name":"Demon","count":2,"weight":0,"dead_end":false,"group":1,"treasure":"dia_c_red","fall":""},{"name":"Demon","count":2,"weight":0,"dead_end":false,"group":1,"treasure":"dia_c_red","fall":""},{"name":"Tobi","count":2,"weight":0,"dead_end":false,"group":1,"treasure":"cookie","fall":""},{"name":"Tobi","count":2,"weight":0,"dead_end":false,"group":1,"treasure":"cookie","fall":""},{"name":"Tobi","count":2,"weight":0,"dead_end":false,"group":1,"treasure":"cookie","fall":""},{"name":"Tobi","count":2,"weight":0,"dead_end":false,"group":1,"treasure":"cookie","fall":""},{"name":"KumaKochappy","count":2,"weight":0,"dead_end":false,"group":0,"treasure":"toy_ring_c_blue","fall":"$2"},{"name":"KumaKochappy","count":2,"weight":0,"dead_end":false,"group":0,"treasure":"toy_ring_c_blue","fall":"$2"}],"treasures":[],"gates":[{"word":"gate","health":5000,"weight":1},{"word":"gate","health":5000,"weight":1},{"word":"gate","health":5000,"weight":1},{"word":"gate","health":5000,"weight":1},{"word":"gate","health":5000,"weight":1},{"word":"gate","health":5000,"weight":1},{"word":"gate","health":5000,"weight":1},{"word":"gate","health":5000,"weight":1},{"word":"gate","health":5000,"weight":1},{"word":"gate","health":5000,"weight":1},{"word":"gate","health":5000,"weight":1},{"word":"gate","health":5000,"weight":1},{"word":"gate","health":5000,"weight":1},{"word":"gate","health":5000,"weight":1},{"word":"gate","health":5000,"weight":1}]},{"name":"Sublevel 6 - Ant Eater","properties":{"unit":"1_MAT_manq_2_conc.txt","max_rooms":1,"light":"toy_light_lv3.ini","music":"cavemetal_05_3.cnd","skybox":"none","corridor":0.1,"caps":50,"timer":60,"geyser":false,"clogged":false,"echo":0,"plane":false,"seesaw":false,"version":1,"max_entities":null,"max_trasures":null,"max_gates":null},"entities":[{"name":"RandPom","count":1,"weight":0,"dead_end":true,"group":0,"treasure":null,"fall":""},{"name":"Demon","count":1,"weight":0,"dead_end":false,"group":0,"treasure":"denchi_3_red","fall":""},{"name":"Demon","count":1,"weight":0,"dead_end":false,"group":0,"treasure":"denchi_3_red","fall":""},{"name":"KumaKochappy","count":2,"weight":0,"dead_end":false,"group":5,"treasure":"loozy","fall":"$2"},{"name":"KumaKochappy","count":2,"weight":0,"dead_end":false,"group":5,"treasure":"loozy","fall":"$2"},{"name":"KumaKochappy","count":2,"weight":0,"dead_end":false,"group":5,"treasure":"loozy","fall":"$2"},{"name":"KumaKochappy","count":2,"weight":0,"dead_end":false,"group":5,"treasure":"loozy","fall":"$2"},{"name":"KumaKochappy","count":2,"weight":0,"dead_end":false,"group":5,"treasure":"loozy","fall":"$2"},{"name":"KumaKochappy","count":2,"weight":0,"dead_end":false,"group":5,"treasure":"loozy","fall":"$2"},{"name":"KumaKochappy","count":2,"weight":0,"dead_end":false,"group":5,"treasure":"loozy","fall":"$2"},{"name":"KumaKochappy","count":2,"weight":0,"dead_end":false,"group":5,"treasure":"loozy","fall":"$2"},{"name":"UmiMushiBlind","count":1,"weight":0,"dead_end":true,"group":0,"treasure":"cookie_s_l","fall":""},{"name":"UmiMushiBlind","count":1,"weight":0,"dead_end":true,"group":0,"treasure":"cookie_s_l","fall":""},{"name":"UmiMushiBlind","count":1,"weight":0,"dead_end":true,"group":0,"treasure":"cookie_s_l","fall":""},{"name":"UmiMushiBlind","count":1,"weight":0,"dead_end":true,"group":0,"treasure":"cookie_s_l","fall":""},{"name":"UmiMushiBlind","count":1,"weight":0,"dead_end":true,"group":0,"treasure":"cookie_s_l","fall":""},{"name":"UmiMushi","count":1,"weight":0,"dead_end":false,"group":1,"treasure":"key","fall":""},{"name":"SnakeCrow","count":1,"weight":0,"dead_end":false,"group":0,"treasure":"doll","fall":""},{"name":"SnakeCrow","count":1,"weight":0,"dead_end":false,"group":0,"treasure":"doll","fall":""},{"name":"RandPom","count":1,"weight":0,"dead_end":true,"group":0,"treasure":null,"fall":""},{"name":"Fuefuki","count":3,"weight":0,"dead_end":false,"group":0,"treasure":"chess_queen_black","fall":""},{"name":"Hiba","count":3,"weight":0,"dead_end":false,"group":6,"treasure":null,"fall":""},{"name":"Hiba","count":3,"weight":0,"dead_end":false,"group":6,"treasure":null,"fall":""}],"treasures":[],"gates":[]}],"content":null}