{"sublevels":[{"name":"Sublevel 1 - South Clock Town","properties":{"unit":"1_MAT_tower2_toy.txt","max_rooms":1,"light":"vs_7_light.ini","music":"new_04_0.cnd","skybox":"flooring","corridor":0.0,"caps":100,"timer":0,"geyser":false,"clogged":false,"echo":0,"plane":true,"seesaw":false,"version":1,"max_entities":null,"max_trasures":null,"max_gates":null},"entities":[{"name":"Kurage","count":1,"weight":0,"dead_end":false,"group":1,"treasure":"key","fall":"$"},{"name":"Sarai","count":1,"weight":0,"dead_end":false,"group":0,"treasure":"diamond_blue_l","fall":""},{"name":"YellowKochappy","count":1,"weight":0,"dead_end":false,"group":8,"treasure":"bolt","fall":""},{"name":"YellowKochappy","count":2,"weight":0,"dead_end":false,"group":0,"treasure":"bolt","fall":""},{"name":"Qurione","count":1,"weight":0,"dead_end":false,"group":0,"treasure":null,"fall":""},{"name":"Qurione","count":1,"weight":0,"dead_end":false,"group":1,"treasure":null,"fall":""},{"name":"DaiodoRed","count":5,"weight":0,"dead_end":false,"group":6,"treasure":null,"fall":""}],"treasures":[{"name":"g_futa_sikoku","count":1,"weight":0},{"name":"bell_red","count":1,"weight":0},{"name":"locket","count":1,"weight":0}],"gates":[]},{"name":"Sublevel 2 - Deku Palace","properties":{"unit":"1_units_large_toy.txt","max_rooms":1,"light":"kumomei_light_cha.ini","music":"new_05_0.cnd","skybox":"hiroba","corridor":0.0,"caps":100,"timer":0,"geyser":false,"clogged":true,"echo":0,"plane":true,"seesaw":false,"version":1,"max_entities":null,"max_trasures":null,"max_gates":null},"entities":[{"name":"Catfish","count":2,"weight":0,"dead_end":false,"group":0,"treasure":"donguri","fall":""},{"name":"WhitePom","count":1,"weight":0,"dead_end":false,"group":1,"treasure":null,"fall":""},{"name":"Kabuto","count":3,"weight":0,"dead_end":false,"group":1,"treasure":"donguri_l","fall":""},{"name":"Rkabuto","count":1,"weight":0,"dead_end":false,"group":1,"treasure":"key","fall":""},{"name":"Sarai","count":1,"weight":0,"dead_end":false,"group":1,"treasure":"j_block_green","fall":""},{"name":"GasHiba","count":3,"weight":0,"dead_end":false,"group":0,"treasure":null,"fall":""},{"name":"Wakame_l","count":2,"weight":0,"dead_end":false,"group":6,"treasure":null,"fall":""},{"name":"Tanpopo","count":2,"weight":0,"dead_end":false,"group":6,"treasure":null,"fall":""},{"name":"Nekojarashi","count":1,"weight":0,"dead_end":false,"group":6,"treasure":null,"fall":""}],"treasures":[{"name":"dia_c_blue","count":1,"weight":0},{"name":"whistle","count":1,"weight":0},{"name":"kinoko_doku","count":1,"weight":0},{"name":"sensya","count":1,"weight":0}],"gates":[]},{"name":"Sublevel 3 - Bean Merchant","properties":{"unit":"2_MAT_kingA_kingB_tsuchi.txt","max_rooms":2,"light":"sirohana_light_lv0.ini","music":"caverelax.cnd","skybox":"none","corridor":0.0,"caps":10,"timer":0,"geyser":false,"clogged":true,"echo":0,"plane":false,"seesaw":false,"version":1,"max_entities":null,"max_trasures":null,"max_gates":null},"entities":[{"name":"Miulin","count":1,"weight":0,"dead_end":false,"group":1,"treasure":"diamond_green_l","fall":""},{"name":"Bomb","count":1,"weight":0,"dead_end":false,"group":0,"treasure":null,"fall":""},{"name":"Clover","count":20,"weight":0,"dead_end":false,"group":6,"treasure":null,"fall":""}],"treasures":[{"name":"key","count":1,"weight":0}],"gates":[]},{"name":"Sublevel 4 - Woodfall Temple F1","properties":{"unit":"units_test_tsuchi_conc.txt","max_rooms":3,"light":"toy_light_lv0.ini","music":"caveconc_05_0.cnd","skybox":"none","corridor":0.05,"caps":100,"timer":0,"geyser":false,"clogged":false,"echo":0,"plane":false,"seesaw":false,"version":1,"max_entities":null,"max_trasures":null,"max_gates":null},"entities":[{"name":"Tank","count":1,"weight":0,"dead_end":false,"group":0,"treasure":"key","fall":""},{"name":"ElecBug","count":3,"weight":0,"dead_end":false,"group":0,"treasure":"cookie_u","fall":""},{"name":"Catfish","count":2,"weight":0,"dead_end":false,"group":1,"treasure":"donguri","fall":""},{"name":"WhitePom","count":2,"weight":0,"dead_end":true,"group":0,"treasure":null,"fall":""},{"name":"GasHiba","count":6,"weight":0,"dead_end":false,"group":5,"treasure":null,"fall":""},{"name":"UjiB","count":4,"weight":0,"dead_end":false,"group":1,"treasure":null,"fall":""},{"name":"Qurione","count":1,"weight":0,"dead_end":true,"group":0,"treasure":null,"fall":""},{"name":"DaiodoRed","count":4,"weight":0,"dead_end":false,"group":6,"treasure":null,"fall":""},{"name":"Wakame_l","count":4,"weight":0,"dead_end":false,"group":6,"treasure":null,"fall":""},{"name":"Ooinu_s","count":2,"weight":0,"dead_end":false,"group":6,"treasure":null,"fall":""},{"name":"Tukushi","count":4,"weight":0,"dead_end":false,"group":6,"treasure":null,"fall":""},{"name":"Clover","count":2,"weight":0,"dead_end":false,"group":6,"treasure":null,"fall":""}],"treasures":[{"name":"tape_blue","count":1,"weight":0},{"name":"wadou_kaichin","count":1,"weight":0},{"name":"kuri","count":1,"weight":0},{"name":"dia_c_green","count":1,"weight":0},{"name":"bird_hane","count":1,"weight":0}],"gates":[{"word":"gate","health":1000,"weight":1},{"word":"gate","health":1000,"weight":1}]},{"name":"Sublevel 5 - Woodfall Temple F2","properties":{"unit":"4_units_a_d_e_h_conc.txt","max_rooms":3,"light":"toy_light_lv0.ini","music":"caveconc_05_0.cnd","skybox":"none","corridor":0.05,"caps":100,"timer":0,"geyser":false,"clogged":false,"echo":0,"plane":false,"seesaw":false,"version":1,"max_entities":null,"max_trasures":null,"max_gates":null},"entities":[{"name":"Armor","count":1,"weight":0,"dead_end":false,"group":1,"treasure":"key","fall":""},{"name":"Tobi","count":3,"weight":0,"dead_end":false,"group":0,"treasure":"toy_ring_c_red","fall":""},{"name":"Catfish","count":2,"weight":0,"dead_end":false,"group":0,"treasure":"donguri","fall":""},{"name":"UjiB","count":4,"weight":0,"dead_end":false,"group":0,"treasure":null,"fall":""},{"name":"GasHiba","count":4,"weight":0,"dead_end":false,"group":5,"treasure":null,"fall":""},{"name":"DaiodoRed","count":4,"weight":0,"dead_end":false,"group":6,"treasure":null,"fall":""},{"name":"Zenmai","count":3,"weight":0,"dead_end":false,"group":6,"treasure":null,"fall":""},{"name":"Wakame_s","count":6,"weight":0,"dead_end":false,"group":6,"treasure":null,"fall":""},{"name":"Ooinu_l","count":2,"weight":0,"dead_end":false,"group":6,"treasure":null,"fall":""},{"name":"Tukushi","count":4,"weight":0,"dead_end":false,"group":6,"treasure":null,"fall":""}],"treasures":[{"name":"tatebue","count":1,"weight":0},{"name":"haniwa","count":1,"weight":0},{"name":"dia_c_green","count":1,"weight":0},{"name":"bird_hane","count":1,"weight":0}],"gates":[{"word":"gate","health":1000,"weight":1},{"word":"gate","health":2500,"weight":1}]},{"name":"Sublevel 6 - Odolwa","properties":{"unit":"1_MIYA_manh2_conc.txt","max_rooms":1,"light":"toy_light_lv0.ini","music":"caveconc_05_0.cnd","skybox":"none","corridor":0.0,"caps":50,"timer":0,"geyser":false,"clogged":false,"echo":0,"plane":false,"seesaw":false,"version":1,"max_entities":null,"max_trasures":null,"max_gates":null},"entities":[{"name":"Damagumo","count":1,"weight":0,"dead_end":false,"group":1,"treasure":"key","fall":""}],"treasures":[],"gates":[]}],"content":null}