{"sublevels":[{"name":"Sublevel 1","properties":{"unit":"2_units_ike2_ike4_tsuchi.txt","max_rooms":1,"light":"jyoou_light_lv2.ini","music":"caveconc_00_0.cnd","skybox":"none","corridor":0.12,"caps":50,"timer":0,"geyser":true,"clogged":false,"echo":0,"plane":false,"seesaw":false,"version":1,"max_entities":null,"max_trasures":null,"max_gates":null},"entities":[{"name":"Hanachirashi","count":1,"weight":0,"dead_end":false,"group":0,"treasure":"milk_cap","fall":""},{"name":"Hanachirashi","count":1,"weight":0,"dead_end":false,"group":0,"treasure":"badminton","fall":""},{"name":"Hanachirashi","count":1,"weight":0,"dead_end":false,"group":0,"treasure":"compact","fall":""},{"name":"Wtank","count":1,"weight":0,"dead_end":false,"group":0,"treasure":"kouseki_suisyou","fall":""},{"name":"Wtank","count":1,"weight":0,"dead_end":false,"group":0,"treasure":"chocoichigo_l","fall":""},{"name":"Wtank","count":1,"weight":0,"dead_end":false,"group":0,"treasure":"kan_kyokuyo","fall":""},{"name":"Tank","count":1,"weight":0,"dead_end":false,"group":0,"treasure":"toy_ring_c_blue","fall":""},{"name":"Tank","count":1,"weight":0,"dead_end":false,"group":0,"treasure":"g_futa_kyusyu","fall":""},{"name":"Tank","count":1,"weight":0,"dead_end":false,"group":0,"treasure":"baum_kuchen_s","fall":""},{"name":"SnakeCrow","count":1,"weight":0,"dead_end":false,"group":0,"treasure":"key","fall":""},{"name":"GasHiba","count":3,"weight":0,"dead_end":false,"group":5,"treasure":null,"fall":""},{"name":"Hiba","count":3,"weight":0,"dead_end":false,"group":5,"treasure":null,"fall":""},{"name":"ElecHiba","count":3,"weight":0,"dead_end":false,"group":5,"treasure":null,"fall":""},{"name":"Tukushi","count":3,"weight":0,"dead_end":false,"group":6,"treasure":null,"fall":""},{"name":"Clover","count":3,"weight":0,"dead_end":false,"group":6,"treasure":null,"fall":""},{"name":"HikariKinoko","count":3,"weight":0,"dead_end":false,"group":6,"treasure":null,"fall":""},{"name":"Wakame_s","count":3,"weight":0,"dead_end":false,"group":6,"treasure":null,"fall":""}],"treasures":[{"name":"fue_wide","count":1,"weight":0},{"name":"matu_bokkuri","count":1,"weight":0},{"name":"flower_red","count":1,"weight":0},{"name":"fire","count":1,"weight":0}],"gates":[{"word":"gate","health":1000,"weight":1},{"word":"gate","health":500,"weight":1}]}],"content":null}