{"sublevels":[{"name":"Sublevel 1","properties":{"unit":"3_MAT_cnt2_nor3_uzu1_tsuchi.txt","max_rooms":3,"light":"normal_light_lv0.ini","music":"cavesoil_05_0.cnd","skybox":"none","corridor":0.0,"caps":50,"timer":0,"geyser":false,"clogged":false,"echo":0,"plane":false,"seesaw":false,"version":1,"max_entities":null,"max_trasures":null,"max_gates":null},"entities":[{"name":"Hiba","count":3,"weight":0,"dead_end":false,"group":5,"treasure":null,"fall":""},{"name":"ElecHiba","count":1,"weight":0,"dead_end":false,"group":5,"treasure":null,"fall":""},{"name":"BlueChappy","count":1,"weight":0,"dead_end":false,"group":0,"treasure":null,"fall":""},{"name":"BlueChappy","count":1,"weight":0,"dead_end":false,"group":1,"treasure":"diamond_green_l","fall":""},{"name":"BlueChappy","count":1,"weight":0,"dead_end":true,"group":0,"treasure":"key","fall":""},{"name":"Sokkuri","count":3,"weight":0,"dead_end":false,"group":1,"treasure":"locket","fall":""},{"name":"Qurione","count":1,"weight":0,"dead_end":false,"group":1,"treasure":null,"fall":""},{"name":"Baby","count":1,"weight":0,"dead_end":false,"group":0,"treasure":"map02","fall":"$2"},{"name":"Wakame_s","count":2,"weight":0,"dead_end":false,"group":6,"treasure":null,"fall":""},{"name":"Clover","count":2,"weight":0,"dead_end":false,"group":6,"treasure":null,"fall":""}],"treasures":[],"gates":[]},{"name":"Sublevel 2","properties":{"unit":"2_MAT_sak2_nor1_tsuchi.txt","max_rooms":3,"light":"normal_light_lv1.ini","music":"cavesoil_10_3.cnd","skybox":"none","corridor":0.1,"caps":50,"timer":0,"geyser":false,"clogged":false,"echo":0,"plane":false,"seesaw":false,"version":1,"max_entities":null,"max_trasures":null,"max_gates":null},"entities":[{"name":"HikariKinoko","count":3,"weight":0,"dead_end":false,"group":6,"treasure":null,"fall":""},{"name":"ElecOtakara","count":3,"weight":0,"dead_end":false,"group":0,"treasure":null,"fall":""},{"name":"FireOtakara","count":3,"weight":0,"dead_end":false,"group":0,"treasure":null,"fall":""},{"name":"Hiba","count":3,"weight":0,"dead_end":false,"group":1,"treasure":null,"fall":""},{"name":"ElecHiba","count":3,"weight":0,"dead_end":false,"group":1,"treasure":null,"fall":""},{"name":"Mar","count":1,"weight":0,"dead_end":false,"group":0,"treasure":"key","fall":""},{"name":"TamagoMushi","count":1,"weight":0,"dead_end":false,"group":0,"treasure":null,"fall":""}],"treasures":[{"name":"diamond_blue_l","count":1,"weight":0}],"gates":[]},{"name":"Sublevel 3","properties":{"unit":"2_MAT_mid1_nor2_tsuchi.txt","max_rooms":3,"light":"normal_light_lv0.ini","music":"cavesoil_10_0.cnd","skybox":"none","corridor":0.1,"caps":50,"timer":0,"geyser":false,"clogged":false,"echo":0,"plane":false,"seesaw":false,"version":1,"max_entities":null,"max_trasures":null,"max_gates":null},"entities":[{"name":"Hanachirashi","count":9,"weight":0,"dead_end":false,"group":0,"treasure":"g_futa_hiruzen","fall":""},{"name":"Mar","count":1,"weight":0,"dead_end":false,"group":1,"treasure":"key","fall":""},{"name":"WhitePom","count":1,"weight":0,"dead_end":false,"group":8,"treasure":null,"fall":""},{"name":"HikariKinoko","count":8,"weight":0,"dead_end":false,"group":6,"treasure":null,"fall":""},{"name":"Tobi","count":3,"weight":0,"dead_end":false,"group":1,"treasure":null,"fall":""},{"name":"UjiB","count":3,"weight":0,"dead_end":false,"group":1,"treasure":null,"fall":""},{"name":"Egg","count":2,"weight":0,"dead_end":true,"group":0,"treasure":null,"fall":""},{"name":"Rock","count":2,"weight":0,"dead_end":true,"group":0,"treasure":null,"fall":""}],"treasures":[{"name":"makigai","count":1,"weight":0}],"gates":[]},{"name":"Sublevel 4","properties":{"unit":"2_MAT_hit4_nor2_tsuchi.txt","max_rooms":10,"light":"forest_3_light.ini","music":"new_05_0.cnd","skybox":"none","corridor":0.1,"caps":50,"timer":0,"geyser":false,"clogged":false,"echo":0,"plane":false,"seesaw":false,"version":1,"max_entities":null,"max_trasures":null,"max_gates":null},"entities":[{"name":"BlueChappy","count":1,"weight":0,"dead_end":false,"group":0,"treasure":"key","fall":""},{"name":"BlueChappy","count":1,"weight":0,"dead_end":false,"group":0,"treasure":null,"fall":""},{"name":"BlueKochappy","count":6,"weight":0,"dead_end":false,"group":1,"treasure":null,"fall":""},{"name":"BombOtakara","count":4,"weight":0,"dead_end":false,"group":1,"treasure":null,"fall":"$4"},{"name":"ElecOtakara","count":4,"weight":0,"dead_end":false,"group":0,"treasure":null,"fall":"$4"},{"name":"Bomb","count":4,"weight":0,"dead_end":false,"group":0,"treasure":null,"fall":"$2"},{"name":"Bomb","count":4,"weight":0,"dead_end":false,"group":0,"treasure":null,"fall":"$5"},{"name":"Bomb","count":4,"weight":0,"dead_end":false,"group":1,"treasure":null,"fall":""},{"name":"Rock","count":4,"weight":0,"dead_end":false,"group":8,"treasure":null,"fall":"$"},{"name":"Demon","count":2,"weight":0,"dead_end":false,"group":1,"treasure":null,"fall":"$3"},{"name":"BombOtakara","count":4,"weight":0,"dead_end":false,"group":5,"treasure":null,"fall":"$4"},{"name":"ElecOtakara","count":2,"weight":0,"dead_end":false,"group":5,"treasure":null,"fall":"$4"},{"name":"Bomb","count":4,"weight":0,"dead_end":false,"group":5,"treasure":null,"fall":"$"},{"name":"Bomb","count":4,"weight":0,"dead_end":false,"group":6,"treasure":null,"fall":"$"},{"name":"Bomb","count":4,"weight":0,"dead_end":false,"group":6,"treasure":null,"fall":"$2"},{"name":"Bomb","count":4,"weight":0,"dead_end":false,"group":6,"treasure":null,"fall":"$4"},{"name":"Bomb","count":4,"weight":0,"dead_end":false,"group":6,"treasure":null,"fall":"$5"}],"treasures":[{"name":"dia_a_green","count":1,"weight":0}],"gates":[]},{"name":"Sublevel 5","properties":{"unit":"3_MAT_hit2_blk1_nor3_tsuchi.txt","max_rooms":4,"light":"normal_light_lv3.ini","music":"new_05_0.cnd","skybox":"none","corridor":0.1,"caps":50,"timer":0,"geyser":false,"clogged":false,"echo":0,"plane":false,"seesaw":false,"version":1,"max_entities":null,"max_trasures":null,"max_gates":null},"entities":[{"name":"ElecHiba","count":3,"weight":0,"dead_end":false,"group":5,"treasure":null,"fall":""},{"name":"Wealthy","count":1,"weight":0,"dead_end":false,"group":8,"treasure":"key","fall":""},{"name":"BlueChappy","count":1,"weight":0,"dead_end":false,"group":0,"treasure":"kouseki_suisyou","fall":""},{"name":"BlackPom","count":2,"weight":0,"dead_end":true,"group":0,"treasure":null,"fall":""},{"name":"HikariKinoko","count":4,"weight":0,"dead_end":true,"group":0,"treasure":null,"fall":""},{"name":"Qurione","count":3,"weight":0,"dead_end":true,"group":0,"treasure":null,"fall":"$"},{"name":"HikariKinoko","count":5,"weight":0,"dead_end":false,"group":6,"treasure":null,"fall":"$"},{"name":"ElecBug","count":8,"weight":0,"dead_end":false,"group":1,"treasure":null,"fall":""},{"name":"MaroFrog","count":1,"weight":0,"dead_end":false,"group":0,"treasure":"wadou_kaichin","fall":"$"},{"name":"MaroFrog","count":1,"weight":0,"dead_end":false,"group":0,"treasure":"chocolate","fall":"$"},{"name":"ElecOtakara","count":2,"weight":0,"dead_end":false,"group":0,"treasure":null,"fall":"$4"}],"treasures":[],"gates":[]},{"name":"Sublevel 6","properties":{"unit":"2_MAT_cent_mid2_tsuchi.txt","max_rooms":3,"light":"normal_light_lv3.ini","music":"new_05_0.cnd","skybox":"none","corridor":0.1,"caps":50,"timer":0,"geyser":false,"clogged":false,"echo":0,"plane":false,"seesaw":false,"version":1,"max_entities":null,"max_trasures":null,"max_gates":null},"entities":[{"name":"FireChappy","count":1,"weight":0,"dead_end":false,"group":0,"treasure":"donutschoco_s","fall":""},{"name":"KumaChappy","count":1,"weight":0,"dead_end":false,"group":0,"treasure":"key","fall":""},{"name":"KumaKochappy","count":4,"weight":0,"dead_end":false,"group":1,"treasure":null,"fall":""},{"name":"BlueKochappy","count":4,"weight":0,"dead_end":false,"group":1,"treasure":null,"fall":""},{"name":"BlueChappy","count":1,"weight":0,"dead_end":false,"group":0,"treasure":"diamond_red_l","fall":""},{"name":"BlueChappy","count":1,"weight":0,"dead_end":false,"group":0,"treasure":"donutsichigo_s","fall":""},{"name":"BlackPom","count":1,"weight":0,"dead_end":true,"group":0,"treasure":null,"fall":""},{"name":"RedPom","count":2,"weight":0,"dead_end":true,"group":0,"treasure":null,"fall":""},{"name":"Bomb","count":3,"weight":0,"dead_end":true,"group":0,"treasure":null,"fall":"$2"},{"name":"Hiba","count":3,"weight":0,"dead_end":false,"group":5,"treasure":null,"fall":""},{"name":"ElecHiba","count":3,"weight":0,"dead_end":false,"group":5,"treasure":null,"fall":""},{"name":"Egg","count":2,"weight":0,"dead_end":true,"group":0,"treasure":null,"fall":"$"}],"treasures":[{"name":"saru_head","count":1,"weight":0}],"gates":[]},{"name":"Sublevel 7","properties":{"unit":"2_MAT_kingA_kingB_tsuchi.txt","max_rooms":2,"light":"normal_light_lv0.ini","music":"new_05_0.cnd","skybox":"none","corridor":0.0,"caps":50,"timer":0,"geyser":false,"clogged":false,"echo":0,"plane":false,"seesaw":false,"version":1,"max_entities":null,"max_trasures":null,"max_gates":null},"entities":[{"name":"KingChappy","count":1,"weight":0,"dead_end":false,"group":1,"treasure":"haniwa","fall":""},{"name":"Demon","count":10,"weight":0,"dead_end":false,"group":0,"treasure":"wadou_kaichin","fall":""},{"name":"Ooinu_s","count":8,"weight":0,"dead_end":false,"group":6,"treasure":null,"fall":""},{"name":"Zenmai","count":7,"weight":0,"dead_end":false,"group":6,"treasure":null,"fall":""},{"name":"ElecHiba","count":4,"weight":0,"dead_end":false,"group":8,"treasure":null,"fall":""},{"name":"Hiba","count":14,"weight":0,"dead_end":false,"group":8,"treasure":null,"fall":""}],"treasures":[{"name":"key","count":1,"weight":0}],"gates":[{"word":"gate","health":5000,"weight":1}]}],"content":null}