{"sublevels":[{"name":"Sublevel 1","properties":{"unit":"1_MIYA_big_kusachi.txt","max_rooms":2,"light":"kusachi_light_lv0.ini","music":"caveglass_00_0.cnd","skybox":"hiroba","corridor":0.05,"caps":50,"timer":0,"geyser":false,"clogged":false,"echo":0,"plane":true,"seesaw":false,"version":1,"max_entities":null,"max_trasures":null,"max_gates":null},"entities":[{"name":"Rkabuto","count":1,"weight":0,"dead_end":false,"group":0,"treasure":"chocolate_l","fall":""},{"name":"Rkabuto","count":1,"weight":0,"dead_end":false,"group":1,"treasure":"key","fall":""},{"name":"Chappy","count":3,"weight":0,"dead_end":false,"group":1,"treasure":"donutschoco","fall":""},{"name":"WaterOtakara","count":7,"weight":0,"dead_end":false,"group":0,"treasure":"chocoichigo_l","fall":""}],"treasures":[{"name":"milk_cap","count":1,"weight":0},{"name":"leaf_kare","count":1,"weight":0},{"name":"donutsichigo_s","count":1,"weight":0},{"name":"whistle","count":1,"weight":0}],"gates":[{"word":"gate","health":1000,"weight":1},{"word":"gate","health":1000,"weight":1},{"word":"gate","health":1000,"weight":1}]},{"name":"Sublevel 2","properties":{"unit":"3_ABE_mid1_blk1_nor3_tsuchi.txt","max_rooms":4,"light":"normal_light_lv0.ini","music":"cavesoil_10_0.cnd","skybox":"none","corridor":0.12,"caps":50,"timer":0,"geyser":false,"clogged":false,"echo":0,"plane":false,"seesaw":false,"version":1,"max_entities":null,"max_trasures":null,"max_gates":null},"entities":[{"name":"Hana","count":1,"weight":0,"dead_end":false,"group":1,"treasure":"key","fall":""},{"name":"Hana","count":3,"weight":0,"dead_end":false,"group":1,"treasure":"dia_c_red","fall":""},{"name":"BombOtakara","count":2,"weight":0,"dead_end":false,"group":0,"treasure":null,"fall":""},{"name":"Frog","count":3,"weight":0,"dead_end":false,"group":0,"treasure":"futa_a_silver","fall":""},{"name":"Hiba","count":6,"weight":0,"dead_end":false,"group":5,"treasure":null,"fall":""},{"name":"Hiba","count":2,"weight":0,"dead_end":false,"group":0,"treasure":null,"fall":""},{"name":"Hiba","count":2,"weight":0,"dead_end":false,"group":1,"treasure":null,"fall":""}],"treasures":[{"name":"toy_ring_c_red","count":1,"weight":0},{"name":"g_futa_hiruzen","count":1,"weight":0},{"name":"leaf_normal","count":1,"weight":0},{"name":"tel_dial","count":1,"weight":0}],"gates":[{"word":"gate","health":1000,"weight":1},{"word":"gate","health":1000,"weight":1}]}],"content":null}