{"sublevels":[{"name":"Sublevel 1 - BOMBER BROTHERS DELUXE ABYSS COLOSSEUM","properties":{"unit":"TOY UNITS.txt","max_rooms":13,"light":"sirohana_light_lv3.ini","music":"CAVESOIL5 .cnd","skybox":"SKYBOXBUILD1","corridor":0.14,"caps":50,"timer":0,"geyser":false,"clogged":true,"echo":0,"plane":true,"seesaw":false,"version":1,"max_entities":15,"max_trasures":null,"max_gates":null},"entities":[{"name":"Bomb","count":9,"weight":0,"dead_end":false,"group":0,"treasure":"kouseki_suisyou","fall":"$3"},{"name":"Bomb","count":1,"weight":0,"dead_end":false,"group":0,"treasure":"g_futa_hirosima","fall":"$3"},{"name":"Bomb","count":2,"weight":0,"dead_end":false,"group":0,"treasure":"whistle","fall":"$3"},{"name":"Bomb","count":1,"weight":0,"dead_end":false,"group":0,"treasure":"kumakibori","fall":"$3"},{"name":"Bomb","count":2,"weight":0,"dead_end":false,"group":0,"treasure":"kan_kyokuyo","fall":"$3"},{"name":"Bomb","count":1,"weight":0,"dead_end":false,"group":0,"treasure":"kinoko_tubu","fall":"$3"},{"name":"Bomb","count":10,"weight":0,"dead_end":false,"group":0,"treasure":"cookie_m_l","fall":"$3"},{"name":"Bomb","count":7,"weight":0,"dead_end":false,"group":0,"treasure":"kan_b_gold","fall":"$3"},{"name":"Bomb","count":5,"weight":0,"dead_end":false,"group":0,"treasure":"toy_gentle","fall":"$3"},{"name":"Bomb","count":3,"weight":0,"dead_end":false,"group":0,"treasure":"water","fall":"$3"},{"name":"Bomb","count":2,"weight":0,"dead_end":false,"group":0,"treasure":"gear","fall":"$3"},{"name":"Bomb","count":2,"weight":0,"dead_end":false,"group":0,"treasure":"momiji_kare","fall":"$3"},{"name":"Bomb","count":1,"weight":0,"dead_end":false,"group":0,"treasure":"momiji_kare","fall":"$3"},{"name":"Bomb","count":1,"weight":0,"dead_end":false,"group":0,"treasure":"chocowhite","fall":"$3"},{"name":"Bomb","count":1,"weight":0,"dead_end":false,"group":0,"treasure":"kuri","fall":"$3"},{"name":"BombOtakara","count":1,"weight":0,"dead_end":false,"group":0,"treasure":"key","fall":"$3"}],"treasures":[{"name":"compact","count":1,"weight":0},{"name":"ichigo_l","count":1,"weight":0},{"name":"diamond_green_l","count":1,"weight":0},{"name":"chocoichigo_l","count":1,"weight":0},{"name":"radar_b","count":1,"weight":0},{"name":"kumakibori","count":1,"weight":0},{"name":"medama_yaki","count":1,"weight":0},{"name":"nut_l","count":1,"weight":0},{"name":"bane_red","count":1,"weight":0},{"name":"otama","count":1,"weight":0},{"name":"gear","count":1,"weight":0}],"gates":[]},{"name":"Sublevel 2 - BOMBER BROTHERS DELUXE ABYSS COLOSSEUM","properties":{"unit":"KUSACHI.1738.txt","max_rooms":6,"light":"VSLIGHT.36392.ini","music":"CAVETILEMUSIC.00.cnd","skybox":"HIRABIA1","corridor":0.135,"caps":43,"timer":0,"geyser":false,"clogged":true,"echo":0,"plane":true,"seesaw":true,"version":1,"max_entities":15,"max_trasures":null,"max_gates":null},"entities":[{"name":"Bomb","count":1,"weight":0,"dead_end":false,"group":0,"treasure":"toy_dog","fall":"$3"},{"name":"Bomb","count":1,"weight":0,"dead_end":false,"group":0,"treasure":"futa_a_silver","fall":"$3"},{"name":"Bomb","count":1,"weight":0,"dead_end":false,"group":0,"treasure":"watch","fall":"$3"},{"name":"Bomb","count":1,"weight":0,"dead_end":false,"group":0,"treasure":"bey_goma","fall":"$3"},{"name":"Bomb","count":1,"weight":0,"dead_end":false,"group":0,"treasure":"denchi_1_black","fall":"$3"},{"name":"Bomb","count":1,"weight":0,"dead_end":false,"group":0,"treasure":"wadou_kaichin","fall":"$3"},{"name":"Bomb","count":1,"weight":0,"dead_end":false,"group":0,"treasure":"kan_b_silver","fall":"$3"},{"name":"Bomb","count":1,"weight":0,"dead_end":false,"group":0,"treasure":"chess_queen_white","fall":"$3"},{"name":"Bomb","count":1,"weight":0,"dead_end":false,"group":0,"treasure":"kinoko_doku","fall":"$3"},{"name":"Bomb","count":1,"weight":0,"dead_end":false,"group":0,"treasure":"diamond_blue_l","fall":"$3"},{"name":"Bomb","count":1,"weight":0,"dead_end":false,"group":0,"treasure":"kan_b_silver","fall":"$3"},{"name":"Bomb","count":1,"weight":0,"dead_end":false,"group":0,"treasure":"toy_cat","fall":"$3"},{"name":"Bomb","count":1,"weight":0,"dead_end":false,"group":0,"treasure":"g_futa_kyosin","fall":"$3"},{"name":"Bomb","count":1,"weight":0,"dead_end":false,"group":0,"treasure":"sinkukan_b","fall":"$3"},{"name":"Bomb","count":1,"weight":0,"dead_end":false,"group":0,"treasure":"denchi_2_black","fall":"$3"},{"name":"Bomb","count":5,"weight":0,"dead_end":false,"group":0,"treasure":"toy_lady","fall":"$3"},{"name":"BombOtakara","count":1,"weight":0,"dead_end":false,"group":0,"treasure":"key","fall":"$3"}],"treasures":[],"gates":[]},{"name":"Sublevel 3 - BOMBER BROTHERS DELUXE ABYSS COLOSSEUM","properties":{"unit":"METALBOICAP.txt","max_rooms":8,"light":"VS2LIGHT.ini","music":"CAVESOIL 10,4.cnd","skybox":"flooring","corridor":0.155,"caps":20,"timer":0,"geyser":false,"clogged":false,"echo":0,"plane":true,"seesaw":true,"version":1,"max_entities":8,"max_trasures":null,"max_gates":null},"entities":[{"name":"Bomb","count":1,"weight":0,"dead_end":false,"group":0,"treasure":"fue_a","fall":"$3"},{"name":"Bomb","count":1,"weight":0,"dead_end":false,"group":0,"treasure":"dia_a_red","fall":"$3"},{"name":"Bomb","count":1,"weight":0,"dead_end":false,"group":0,"treasure":"be_dama_yellow_l","fall":"$3"},{"name":"Bomb","count":1,"weight":0,"dead_end":false,"group":0,"treasure":"teala_dia_a","fall":"$3"},{"name":"Bomb","count":1,"weight":0,"dead_end":false,"group":0,"treasure":"map02","fall":"$3"},{"name":"Bomb","count":1,"weight":0,"dead_end":false,"group":0,"treasure":"toy_ring_b_green","fall":"$3"},{"name":"Bomb","count":1,"weight":0,"dead_end":false,"group":0,"treasure":"bane_red","fall":"$3"},{"name":"Bomb","count":1,"weight":0,"dead_end":false,"group":0,"treasure":"bell","fall":"$3"},{"name":"Bomb","count":1,"weight":0,"dead_end":false,"group":0,"treasure":"denchi_2_red","fall":"$3"},{"name":"Bomb","count":1,"weight":0,"dead_end":false,"group":0,"treasure":"kuri","fall":"$3"},{"name":"Bomb","count":1,"weight":0,"dead_end":false,"group":0,"treasure":"bolt","fall":"$3"},{"name":"Bomb","count":1,"weight":0,"dead_end":false,"group":0,"treasure":"kinoko_doku","fall":"$3"},{"name":"Bomb","count":1,"weight":0,"dead_end":false,"group":0,"treasure":"sinkukan","fall":"$3"},{"name":"Bomb","count":1,"weight":0,"dead_end":false,"group":0,"treasure":"sinkukan","fall":"$3"},{"name":"Bomb","count":1,"weight":0,"dead_end":false,"group":0,"treasure":"donutsichigo","fall":"$3"},{"name":"BombOtakara","count":1,"weight":0,"dead_end":false,"group":0,"treasure":"key","fall":"$3"}],"treasures":[],"gates":[]},{"name":"Sublevel 4 - BOMBER BROTHERS DELUXE ABYSS COLOSSEUM","properties":{"unit":"KUSACHITEXT.txt","max_rooms":11,"light":"CAVEMETALONCEMORE .ini","music":"cavemetal_10_3.cnd","skybox":"TATATAMII","corridor":0.16,"caps":31,"timer":0,"geyser":false,"clogged":true,"echo":0,"plane":true,"seesaw":true,"version":1,"max_entities":15,"max_trasures":null,"max_gates":null},"entities":[{"name":"BombOtakara","count":1,"weight":0,"dead_end":false,"group":0,"treasure":"key","fall":"$3"},{"name":"BombOtakara","count":1,"weight":0,"dead_end":false,"group":0,"treasure":"dia_c_red","fall":"$3"},{"name":"BombOtakara","count":1,"weight":0,"dead_end":false,"group":0,"treasure":"wadou_kaichin","fall":"$3"},{"name":"BombOtakara","count":1,"weight":0,"dead_end":false,"group":0,"treasure":"kan_maruha","fall":"$3"},{"name":"BombOtakara","count":1,"weight":0,"dead_end":false,"group":0,"treasure":"ichigo","fall":"$3"},{"name":"BombOtakara","count":1,"weight":0,"dead_end":false,"group":0,"treasure":"kinoko_doku","fall":"$3"},{"name":"BombOtakara","count":1,"weight":0,"dead_end":false,"group":0,"treasure":"sinkukan","fall":"$3"},{"name":"BombOtakara","count":1,"weight":0,"dead_end":false,"group":0,"treasure":"locket","fall":"$3"},{"name":"BombOtakara","count":1,"weight":0,"dead_end":false,"group":0,"treasure":"futa_a_gold","fall":"$3"},{"name":"BombOtakara","count":1,"weight":0,"dead_end":false,"group":0,"treasure":"g_futa_kyosin","fall":"$3"},{"name":"BombOtakara","count":1,"weight":0,"dead_end":false,"group":0,"treasure":"chess_king_white","fall":"$3"},{"name":"BombOtakara","count":1,"weight":0,"dead_end":false,"group":0,"treasure":"fire_helmet","fall":"$3"},{"name":"BombOtakara","count":1,"weight":0,"dead_end":false,"group":0,"treasure":"dia_c_blue","fall":"$3"},{"name":"BombOtakara","count":1,"weight":0,"dead_end":false,"group":0,"treasure":"cookie_u","fall":"$3"},{"name":"BombOtakara","count":1,"weight":0,"dead_end":false,"group":0,"treasure":"teala_dia_d","fall":"$3"},{"name":"BombOtakara","count":1,"weight":0,"dead_end":false,"group":0,"treasure":"nut","fall":"$3"},{"name":"RandPom","count":1,"weight":0,"dead_end":false,"group":0,"treasure":"key","fall":"$3"}],"treasures":[{"name":"dia_c_blue","count":1,"weight":3},{"name":"bane","count":1,"weight":3},{"name":"g_futa_titiyas","count":1,"weight":3},{"name":"donutsichigo_s","count":1,"weight":3},{"name":"teala_dia_a","count":1,"weight":3},{"name":"matu_bokkuri","count":1,"weight":3},{"name":"leaf_yellow","count":1,"weight":3},{"name":"donguri_l","count":1,"weight":3}],"gates":[]},{"name":"Sublevel 5 - BOMBER BROTHERS DELUXE ABYSS COLOSSEUM","properties":{"unit":"E3UNITS.txt","max_rooms":1,"light":"FORESTLIGHT.ini","music":"NEW07.707.cnd","skybox":"TOYCHEST","corridor":0.155,"caps":30,"timer":0,"geyser":false,"clogged":true,"echo":0,"plane":true,"seesaw":true,"version":1,"max_entities":35,"max_trasures":null,"max_gates":null},"entities":[{"name":"RandPom","count":1,"weight":0,"dead_end":false,"group":0,"treasure":"nut","fall":"$3"},{"name":"RandPom","count":1,"weight":0,"dead_end":false,"group":0,"treasure":"dia_a_blue","fall":"$3"},{"name":"RandPom","count":1,"weight":0,"dead_end":false,"group":0,"treasure":"donguri_l","fall":"$3"},{"name":"RandPom","count":1,"weight":0,"dead_end":false,"group":0,"treasure":"chocoichigo_l","fall":"$3"},{"name":"RandPom","count":1,"weight":0,"dead_end":false,"group":0,"treasure":"toy_ring_c_red","fall":"$3"},{"name":"RandPom","count":1,"weight":0,"dead_end":false,"group":0,"treasure":"g_futa_hiruzen","fall":"$3"},{"name":"RandPom","count":1,"weight":0,"dead_end":false,"group":0,"treasure":"chocolate","fall":"$3"},{"name":"RandPom","count":1,"weight":0,"dead_end":false,"group":0,"treasure":"kan_b_gold","fall":"$3"},{"name":"RandPom","count":1,"weight":0,"dead_end":false,"group":0,"treasure":"toy_gentle","fall":"$3"},{"name":"RandPom","count":1,"weight":0,"dead_end":false,"group":0,"treasure":"kan_meidiya","fall":"$3"},{"name":"RandPom","count":1,"weight":0,"dead_end":false,"group":0,"treasure":"tape_yellow","fall":"$3"},{"name":"RandPom","count":1,"weight":0,"dead_end":false,"group":0,"treasure":"cookie_s_l","fall":"$3"},{"name":"RandPom","count":1,"weight":0,"dead_end":false,"group":0,"treasure":"chess_queen_white","fall":"$3"},{"name":"RandPom","count":1,"weight":0,"dead_end":false,"group":0,"treasure":"kan_b_silver","fall":"$3"},{"name":"RandPom","count":1,"weight":0,"dead_end":false,"group":0,"treasure":"toy_teala","fall":"$3"},{"name":"RandPom","count":1,"weight":0,"dead_end":false,"group":0,"treasure":"kan_maruha","fall":"$3"},{"name":"RandPom","count":1,"weight":0,"dead_end":false,"group":0,"treasure":"key","fall":"$3"}],"treasures":[{"name":"kan_imuraya","count":1,"weight":3},{"name":"j_block_red","count":1,"weight":3},{"name":"flask","count":1,"weight":3},{"name":"kinoko_tubu","count":1,"weight":3},{"name":"kinoko_tubu","count":1,"weight":3},{"name":"yoyo_blue","count":1,"weight":3},{"name":"suit_powerup","count":1,"weight":3},{"name":"bell","count":1,"weight":3},{"name":"tel_dial","count":1,"weight":3}],"gates":[]},{"name":"Sublevel 6 - BOMBER BROTHERS DELUXE ABYSS COLOSSEUM","properties":{"unit":"MAT1.TOWER2.txt","max_rooms":6,"light":"SUITYU.1.ini","music":"CAVESOIL.1452.cnd","skybox":"TATATATMIIII","corridor":0.03,"caps":10,"timer":0,"geyser":false,"clogged":true,"echo":0,"plane":true,"seesaw":true,"version":1,"max_entities":43,"max_trasures":null,"max_gates":null},"entities":[{"name":"Bomb","count":1,"weight":0,"dead_end":false,"group":0,"treasure":"key","fall":"$3"},{"name":"Bomb","count":1,"weight":0,"dead_end":false,"group":0,"treasure":"toy_ring_b_blue","fall":"$3"},{"name":"Bomb","count":1,"weight":0,"dead_end":false,"group":0,"treasure":"dia_c_red","fall":"$3"},{"name":"Bomb","count":1,"weight":0,"dead_end":false,"group":0,"treasure":"sinkukan","fall":"$3"},{"name":"Bomb","count":1,"weight":0,"dead_end":false,"group":0,"treasure":"kinoko_doku","fall":"$3"},{"name":"Bomb","count":1,"weight":0,"dead_end":false,"group":0,"treasure":"chocowhite_l","fall":"$3"},{"name":"Bomb","count":1,"weight":0,"dead_end":false,"group":0,"treasure":"bey_goma","fall":"$3"},{"name":"Bomb","count":1,"weight":0,"dead_end":false,"group":0,"treasure":"kan_b_silver","fall":"$3"},{"name":"Bomb","count":1,"weight":0,"dead_end":false,"group":0,"treasure":"g_futa_kyosin","fall":"$3"},{"name":"Bomb","count":1,"weight":0,"dead_end":false,"group":0,"treasure":"toy_dog","fall":"$3"},{"name":"Bomb","count":1,"weight":0,"dead_end":false,"group":0,"treasure":"donutsichigo","fall":"$3"},{"name":"Bomb","count":1,"weight":0,"dead_end":false,"group":0,"treasure":"badminton","fall":"$3"},{"name":"Bomb","count":1,"weight":0,"dead_end":false,"group":0,"treasure":"compact","fall":"$3"},{"name":"Bomb","count":1,"weight":0,"dead_end":false,"group":0,"treasure":"g_futa_titiyas","fall":"$3"},{"name":"Bomb","count":1,"weight":0,"dead_end":false,"group":0,"treasure":"kan_iwate","fall":"$3"},{"name":"Bomb","count":1,"weight":0,"dead_end":false,"group":0,"treasure":"kan_kyokuyo","fall":"$3"}],"treasures":[{"name":"diamond_blue_l","count":1,"weight":3},{"name":"fire_helmet","count":1,"weight":3},{"name":"donguri","count":1,"weight":3},{"name":"donutschoco_s","count":1,"weight":3},{"name":"baum_kuchen","count":1,"weight":3},{"name":"diamond_red_l","count":1,"weight":3},{"name":"kumakibori","count":1,"weight":3},{"name":"haniwa","count":1,"weight":3},{"name":"sinkukan_b","count":1,"weight":3},{"name":"j_block_green","count":1,"weight":3},{"name":"j_block_yellow","count":1,"weight":3},{"name":"denchi_2_red","count":1,"weight":3}],"gates":[]},{"name":"Sublevel 7 - BOMBER BROTHERS DELUXE ABYSS COLOSSEUM","properties":{"unit":"1ABEMID1 METAL .txt","max_rooms":5,"light":"SIORHANALIGHT ONCEMORE.ini","music":"CAVERELAX.COM.cnd","skybox":"TOYCHEST","corridor":0.07,"caps":30,"timer":0,"geyser":false,"clogged":true,"echo":0,"plane":true,"seesaw":true,"version":1,"max_entities":29,"max_trasures":null,"max_gates":null},"entities":[{"name":"Bomb","count":1,"weight":0,"dead_end":false,"group":0,"treasure":"kan_kyokuyo","fall":"$3"},{"name":"Bomb","count":1,"weight":0,"dead_end":false,"group":0,"treasure":"g_futa_hiruzen","fall":"$3"},{"name":"Bomb","count":1,"weight":0,"dead_end":false,"group":0,"treasure":"loozy","fall":"$3"},{"name":"Bomb","count":1,"weight":0,"dead_end":false,"group":0,"treasure":"sinjyu","fall":"$3"},{"name":"Bomb","count":1,"weight":0,"dead_end":false,"group":0,"treasure":"chocowhite","fall":"$3"},{"name":"Bomb","count":1,"weight":0,"dead_end":false,"group":0,"treasure":"g_futa_kyodo","fall":"$3"},{"name":"Bomb","count":1,"weight":0,"dead_end":false,"group":0,"treasure":"bolt","fall":"$3"},{"name":"Bomb","count":1,"weight":0,"dead_end":false,"group":0,"treasure":"futa_a_gold","fall":"$3"},{"name":"Bomb","count":1,"weight":0,"dead_end":false,"group":0,"treasure":"gum_tape","fall":"$3"},{"name":"Bomb","count":1,"weight":0,"dead_end":false,"group":0,"treasure":"bolt","fall":"$3"},{"name":"Bomb","count":1,"weight":0,"dead_end":false,"group":0,"treasure":"donutsichigo","fall":"$3"},{"name":"Bomb","count":1,"weight":0,"dead_end":false,"group":0,"treasure":"watch","fall":"$3"},{"name":"Bomb","count":1,"weight":0,"dead_end":false,"group":0,"treasure":"j_block_white","fall":"$3"},{"name":"Bomb","count":1,"weight":0,"dead_end":false,"group":0,"treasure":"key","fall":"$3"},{"name":"Bomb","count":1,"weight":0,"dead_end":false,"group":0,"treasure":"wadou_kaichin","fall":"$3"},{"name":"Bomb","count":1,"weight":0,"dead_end":false,"group":0,"treasure":"j_block_white","fall":"$3"},{"name":"Bomb","count":1,"weight":0,"dead_end":false,"group":0,"treasure":"toy_dog","fall":"$3"}],"treasures":[{"name":"denchi_2_red","count":1,"weight":3},{"name":"halloween","count":1,"weight":3},{"name":"doll","count":1,"weight":3},{"name":"bell_blue","count":1,"weight":3},{"name":"g_futa_kajiwara","count":1,"weight":3},{"name":"bey_goma","count":1,"weight":3},{"name":"key","count":1,"weight":3},{"name":"j_block_white","count":1,"weight":3},{"name":"wadou_kaichin","count":1,"weight":3},{"name":"sinkukan","count":1,"weight":3},{"name":"chess_king_white","count":1,"weight":3},{"name":"locket","count":1,"weight":3},{"name":"kan_maruha","count":1,"weight":3},{"name":"gum_tape","count":1,"weight":3}],"gates":[]},{"name":"Sublevel 8 - BOMBER BROTHERS DELUXE ABYSS COLOSSEUM","properties":{"unit":"TOWERTOY 2.txt","max_rooms":6,"light":"SUITYULGHT3.EX.ini","music":"CAVEMETAL.EX.cnd","skybox":"ICEITUP","corridor":0.14,"caps":28,"timer":0,"geyser":false,"clogged":true,"echo":0,"plane":true,"seesaw":true,"version":1,"max_entities":39,"max_trasures":null,"max_gates":null},"entities":[{"name":"YellowChappy","count":1,"weight":0,"dead_end":false,"group":0,"treasure":"diamond_blue_l","fall":"$3"},{"name":"FireChappy","count":1,"weight":0,"dead_end":false,"group":0,"treasure":"watch","fall":"$3"},{"name":"Armor","count":1,"weight":0,"dead_end":false,"group":0,"treasure":"key","fall":"$3"},{"name":"Kochappy","count":1,"weight":0,"dead_end":false,"group":0,"treasure":"g_futa_kajiwara","fall":"$3"},{"name":"Kochappy","count":1,"weight":0,"dead_end":false,"group":0,"treasure":"watch","fall":"$3"},{"name":"Kochappy","count":1,"weight":0,"dead_end":false,"group":0,"treasure":"toy_ring_b_blue","fall":"$3"},{"name":"Kochappy","count":1,"weight":0,"dead_end":false,"group":0,"treasure":"toy_teala","fall":"$3"},{"name":"Kochappy","count":1,"weight":0,"dead_end":false,"group":0,"treasure":"bell_blue","fall":"$3"},{"name":"Kochappy","count":1,"weight":0,"dead_end":false,"group":0,"treasure":"futa_a_silver","fall":"$3"},{"name":"BlueKochappy","count":1,"weight":0,"dead_end":false,"group":0,"treasure":"wadou_kaichin","fall":"$3"},{"name":"BlueKochappy","count":1,"weight":0,"dead_end":false,"group":0,"treasure":"denchi_1_black","fall":"$3"},{"name":"BlueKochappy","count":1,"weight":0,"dead_end":false,"group":0,"treasure":"cookie_s_l","fall":"$3"},{"name":"BlueKochappy","count":1,"weight":0,"dead_end":false,"group":0,"treasure":"kinoko_doku","fall":"$3"},{"name":"BlueKochappy","count":1,"weight":0,"dead_end":false,"group":0,"treasure":"chess_queen_white","fall":"$3"},{"name":"Sokkuri","count":1,"weight":0,"dead_end":false,"group":0,"treasure":"cookie_s_l","fall":"$3"},{"name":"Sokkuri","count":1,"weight":0,"dead_end":false,"group":0,"treasure":"denchi_1_black","fall":"$3"},{"name":"Demon","count":1,"weight":0,"dead_end":false,"group":0,"treasure":"dia_a_blue","fall":"$3"},{"name":"Demon","count":1,"weight":0,"dead_end":false,"group":0,"treasure":"donutschoco","fall":"$3"},{"name":"Demon","count":1,"weight":0,"dead_end":false,"group":0,"treasure":"g_futa_titiyas","fall":"$3"},{"name":"Demon","count":1,"weight":0,"dead_end":false,"group":0,"treasure":"g_futa_hirosima","fall":"$3"},{"name":"Demon","count":1,"weight":0,"dead_end":false,"group":0,"treasure":"radar_b","fall":"$3"},{"name":"Demon","count":1,"weight":0,"dead_end":false,"group":0,"treasure":"g_futa_sikoku","fall":"$3"},{"name":"Demon","count":1,"weight":0,"dead_end":false,"group":0,"treasure":"loozy","fall":"$3"},{"name":"Demon","count":1,"weight":0,"dead_end":false,"group":0,"treasure":"dia_b_green","fall":"$3"},{"name":"Demon","count":1,"weight":0,"dead_end":false,"group":0,"treasure":"makigai","fall":"$3"},{"name":"Demon","count":1,"weight":0,"dead_end":false,"group":0,"treasure":"toy_ring_a_red","fall":"$3"},{"name":"Wtank","count":1,"weight":0,"dead_end":false,"group":0,"treasure":"toy_ring_a_red","fall":"$3"},{"name":"Wtank","count":1,"weight":0,"dead_end":false,"group":0,"treasure":"ahiru","fall":"$3"},{"name":"Wtank","count":1,"weight":0,"dead_end":false,"group":0,"treasure":"ichigo","fall":"$3"},{"name":"Wtank","count":1,"weight":0,"dead_end":false,"group":0,"treasure":"teala_dia_d","fall":"$3"},{"name":"Wtank","count":1,"weight":0,"dead_end":false,"group":0,"treasure":"momiji_normal","fall":"$3"}],"treasures":[],"gates":[]}],"content":null}