{"sublevels":[{"name":"Sublevel 1 - Maze","properties":{"unit":"3_units_small2_small_mid_toy.txt","max_rooms":8,"light":"custom_light_black_castle.ini","music":"new_00_0.cnd","skybox":"none","corridor":0.0,"caps":50,"timer":0,"geyser":true,"clogged":false,"echo":0,"plane":false,"seesaw":false,"version":1,"max_entities":null,"max_trasures":null,"max_gates":null},"entities":[{"name":"KingChappy","count":4,"weight":0,"dead_end":false,"group":1,"treasure":"kouseki_suisyou","fall":""},{"name":"Jigumo","count":4,"weight":0,"dead_end":false,"group":1,"treasure":"be_dama_red","fall":""},{"name":"Armor","count":4,"weight":0,"dead_end":false,"group":1,"treasure":"be_dama_yellow","fall":""},{"name":"PanHouse","count":6,"weight":0,"dead_end":false,"group":1,"treasure":null,"fall":""},{"name":"Baby","count":24,"weight":0,"dead_end":false,"group":0,"treasure":null,"fall":""},{"name":"Rock","count":6,"weight":0,"dead_end":false,"group":0,"treasure":null,"fall":""},{"name":"Baby","count":12,"weight":0,"dead_end":false,"group":0,"treasure":null,"fall":"$4"},{"name":"Baby","count":9,"weight":0,"dead_end":false,"group":0,"treasure":null,"fall":"$2"},{"name":"ElecOtakara","count":4,"weight":0,"dead_end":true,"group":0,"treasure":"flower_blue","fall":"$4"},{"name":"Kurage","count":4,"weight":0,"dead_end":false,"group":5,"treasure":"be_dama_blue","fall":""},{"name":"Chiyogami","count":99,"weight":0,"dead_end":false,"group":1,"treasure":null,"fall":""}],"treasures":[{"name":"key","count":1,"weight":0},{"name":"chess_king_white","count":1,"weight":0},{"name":"chess_queen_black","count":1,"weight":0},{"name":"ahiru","count":1,"weight":0},{"name":"diamond_red","count":1,"weight":0},{"name":"diamond_blue_l","count":1,"weight":0},{"name":"be_dama_yellow_l","count":1,"weight":0},{"name":"flask","count":1,"weight":0}],"gates":[]}],"content":null}