{"sublevels":[{"name":"Sublevel 1 - Mere Insects","properties":{"unit":"vs_9_tsuchi.txt","max_rooms":7,"light":"sirohana_light_lv3.ini","music":"cavesoil_00_0.cnd","skybox":"none","corridor":0.0,"caps":100,"timer":0,"geyser":false,"clogged":true,"echo":0,"plane":false,"seesaw":false,"version":1,"max_entities":null,"max_trasures":null,"max_gates":null},"entities":[{"name":"Demon","count":5,"weight":0,"dead_end":false,"group":0,"treasure":null,"fall":"$"},{"name":"Tobi","count":20,"weight":0,"dead_end":false,"group":0,"treasure":null,"fall":""},{"name":"Sarai","count":5,"weight":0,"dead_end":false,"group":5,"treasure":null,"fall":"$"},{"name":"UjiA","count":20,"weight":0,"dead_end":false,"group":5,"treasure":null,"fall":""},{"name":"Sokkuri","count":10,"weight":0,"dead_end":false,"group":6,"treasure":null,"fall":""},{"name":"Armor","count":2,"weight":0,"dead_end":false,"group":1,"treasure":null,"fall":""},{"name":"Armor","count":2,"weight":0,"dead_end":false,"group":1,"treasure":null,"fall":""},{"name":"Armor","count":2,"weight":0,"dead_end":false,"group":1,"treasure":null,"fall":""},{"name":"UjiB","count":1,"weight":0,"dead_end":false,"group":1,"treasure":"key","fall":""},{"name":"UjiB","count":20,"weight":0,"dead_end":false,"group":1,"treasure":null,"fall":""},{"name":"ShijimiChou","count":5,"weight":0,"dead_end":false,"group":6,"treasure":null,"fall":""},{"name":"Fuefuki","count":5,"weight":0,"dead_end":false,"group":6,"treasure":null,"fall":""}],"treasures":[{"name":"radar_a","count":1,"weight":0},{"name":"bell_blue","count":1,"weight":0},{"name":"kan_b_silver","count":1,"weight":0},{"name":"watch","count":1,"weight":0},{"name":"fue_wide","count":1,"weight":0},{"name":"kumakibori","count":1,"weight":0}],"gates":[]},{"name":"Sublevel 2 - Borblands","properties":{"unit":"vs_5_conc.txt","max_rooms":4,"light":"normal_light_cha.ini","music":"caveconc_10_0.cnd","skybox":"none","corridor":0.0,"caps":100,"timer":0,"geyser":false,"clogged":true,"echo":0,"plane":false,"seesaw":false,"version":1,"max_entities":null,"max_trasures":null,"max_gates":null},"entities":[{"name":"Kochappy","count":5,"weight":0,"dead_end":false,"group":6,"treasure":null,"fall":""},{"name":"BlueKochappy","count":5,"weight":0,"dead_end":false,"group":6,"treasure":null,"fall":""},{"name":"KumaKochappy","count":5,"weight":0,"dead_end":false,"group":6,"treasure":null,"fall":""},{"name":"Hiba","count":6,"weight":0,"dead_end":false,"group":5,"treasure":null,"fall":""},{"name":"LeafChappy","count":1,"weight":0,"dead_end":false,"group":1,"treasure":null,"fall":"$5"},{"name":"LeafChappy","count":1,"weight":0,"dead_end":false,"group":1,"treasure":null,"fall":"$5"},{"name":"FireChappy","count":1,"weight":0,"dead_end":true,"group":0,"treasure":"key","fall":""},{"name":"FireChappy","count":1,"weight":0,"dead_end":true,"group":0,"treasure":null,"fall":""},{"name":"FireChappy","count":1,"weight":0,"dead_end":true,"group":0,"treasure":null,"fall":""},{"name":"KingChappy","count":1,"weight":0,"dead_end":false,"group":0,"treasure":null,"fall":""},{"name":"KingChappy","count":1,"weight":0,"dead_end":false,"group":0,"treasure":null,"fall":""},{"name":"KingChappy","count":1,"weight":0,"dead_end":false,"group":0,"treasure":null,"fall":""},{"name":"Chappy","count":4,"weight":0,"dead_end":false,"group":0,"treasure":null,"fall":""},{"name":"Chappy","count":4,"weight":0,"dead_end":false,"group":0,"treasure":null,"fall":""},{"name":"BlueChappy","count":1,"weight":0,"dead_end":false,"group":1,"treasure":null,"fall":""},{"name":"BlueChappy","count":1,"weight":0,"dead_end":false,"group":1,"treasure":null,"fall":""},{"name":"BlueChappy","count":1,"weight":0,"dead_end":false,"group":1,"treasure":null,"fall":""},{"name":"KumaChappy","count":1,"weight":0,"dead_end":false,"group":1,"treasure":null,"fall":""},{"name":"KumaChappy","count":1,"weight":0,"dead_end":false,"group":1,"treasure":null,"fall":""},{"name":"Egg","count":10,"weight":0,"dead_end":false,"group":8,"treasure":null,"fall":""}],"treasures":[{"name":"apple","count":1,"weight":0},{"name":"dia_a_red","count":1,"weight":0},{"name":"leaf_kare","count":1,"weight":0},{"name":"leaf_normal","count":1,"weight":0},{"name":"ichigo_l","count":1,"weight":0},{"name":"flower_red","count":1,"weight":0},{"name":"ichigo","count":1,"weight":0}],"gates":[{"word":"gate","health":5000,"weight":1},{"word":"gate","health":5000,"weight":1},{"word":"gate","health":5000,"weight":1},{"word":"gate","health":5000,"weight":1},{"word":"gate","health":5000,"weight":1}]},{"name":"Sublevel 3 - The Great Outdoors","properties":{"unit":"vs_7_kusachi.txt","max_rooms":4,"light":"kumomei_light_cha.ini","music":"caveglass_10_0.cnd","skybox":"hiroba","corridor":0.12,"caps":100,"timer":0,"geyser":false,"clogged":true,"echo":0,"plane":true,"seesaw":false,"version":1,"max_entities":null,"max_trasures":null,"max_gates":null},"entities":[{"name":"Hana","count":3,"weight":0,"dead_end":false,"group":1,"treasure":null,"fall":""},{"name":"Hana","count":3,"weight":0,"dead_end":false,"group":1,"treasure":null,"fall":""},{"name":"SnakeWhole","count":1,"weight":0,"dead_end":false,"group":1,"treasure":"key","fall":""},{"name":"Hana","count":3,"weight":0,"dead_end":false,"group":1,"treasure":null,"fall":""},{"name":"Hana","count":3,"weight":0,"dead_end":false,"group":1,"treasure":null,"fall":""},{"name":"Miulin","count":2,"weight":0,"dead_end":true,"group":0,"treasure":null,"fall":""},{"name":"SnakeCrow","count":2,"weight":0,"dead_end":false,"group":0,"treasure":null,"fall":""},{"name":"SnakeCrow","count":2,"weight":0,"dead_end":false,"group":0,"treasure":null,"fall":""},{"name":"SnakeCrow","count":2,"weight":0,"dead_end":false,"group":0,"treasure":null,"fall":""},{"name":"SnakeCrow","count":2,"weight":0,"dead_end":false,"group":0,"treasure":null,"fall":""},{"name":"RandPom","count":1,"weight":0,"dead_end":false,"group":5,"treasure":null,"fall":""},{"name":"RandPom","count":1,"weight":0,"dead_end":false,"group":5,"treasure":null,"fall":""},{"name":"RandPom","count":1,"weight":0,"dead_end":false,"group":5,"treasure":null,"fall":""},{"name":"Qurione","count":8,"weight":0,"dead_end":false,"group":6,"treasure":null,"fall":""},{"name":"TamagoMushi","count":1,"weight":0,"dead_end":true,"group":0,"treasure":null,"fall":""},{"name":"Hanachirashi","count":5,"weight":0,"dead_end":false,"group":1,"treasure":null,"fall":""},{"name":"ElecHiba","count":10,"weight":0,"dead_end":false,"group":5,"treasure":null,"fall":""},{"name":"Kogane","count":1,"weight":0,"dead_end":true,"group":0,"treasure":null,"fall":""},{"name":"Wealthy","count":1,"weight":0,"dead_end":true,"group":0,"treasure":null,"fall":""},{"name":"Kogane","count":1,"weight":0,"dead_end":true,"group":0,"treasure":null,"fall":""}],"treasures":[{"name":"dia_a_green","count":1,"weight":0},{"name":"badminton","count":1,"weight":0},{"name":"matu_bokkuri","count":1,"weight":0},{"name":"kinoko_tubu","count":1,"weight":0},{"name":"halloween","count":1,"weight":0},{"name":"toy_cat","count":1,"weight":0},{"name":"cookie_s_l","count":1,"weight":0}],"gates":[{"word":"gate","health":5000,"weight":1},{"word":"gate","health":5000,"weight":1},{"word":"gate","health":5000,"weight":1},{"word":"gate","health":5000,"weight":1}]},{"name":"Sublevel 4 - Seaside Shower","properties":{"unit":"2_ABE_a_dry_tile.txt","max_rooms":4,"light":"suityu_light_lv4.ini","music":"cavetile_00_0.cnd","skybox":"none","corridor":0.2,"caps":90,"timer":0,"geyser":false,"clogged":true,"echo":0,"plane":false,"seesaw":false,"version":1,"max_entities":null,"max_trasures":null,"max_gates":null},"entities":[{"name":"UmiMushi","count":1,"weight":0,"dead_end":false,"group":8,"treasure":null,"fall":""},{"name":"UmiMushi","count":1,"weight":0,"dead_end":false,"group":0,"treasure":"key","fall":""},{"name":"UmiMushi","count":1,"weight":0,"dead_end":false,"group":1,"treasure":null,"fall":""},{"name":"UmiMushiBlind","count":7,"weight":0,"dead_end":true,"group":0,"treasure":null,"fall":""},{"name":"Frog","count":9,"weight":0,"dead_end":false,"group":6,"treasure":null,"fall":""},{"name":"MaroFrog","count":6,"weight":0,"dead_end":false,"group":0,"treasure":null,"fall":""},{"name":"MaroFrog","count":6,"weight":0,"dead_end":false,"group":0,"treasure":null,"fall":"$"},{"name":"Tadpole","count":6,"weight":0,"dead_end":false,"group":6,"treasure":null,"fall":"$"},{"name":"Catfish","count":5,"weight":0,"dead_end":false,"group":1,"treasure":null,"fall":""},{"name":"Catfish","count":5,"weight":0,"dead_end":false,"group":1,"treasure":null,"fall":""},{"name":"OniKurage","count":4,"weight":0,"dead_end":false,"group":5,"treasure":null,"fall":""},{"name":"Kurage","count":4,"weight":0,"dead_end":false,"group":5,"treasure":null,"fall":""},{"name":"Jigumo","count":2,"weight":0,"dead_end":false,"group":0,"treasure":null,"fall":""},{"name":"Jigumo","count":2,"weight":0,"dead_end":false,"group":0,"treasure":null,"fall":""},{"name":"Jigumo","count":2,"weight":0,"dead_end":false,"group":1,"treasure":null,"fall":""},{"name":"Wtank","count":7,"weight":0,"dead_end":true,"group":0,"treasure":null,"fall":"$5"},{"name":"Wtank","count":3,"weight":0,"dead_end":false,"group":1,"treasure":null,"fall":""},{"name":"Rock","count":1,"weight":0,"dead_end":false,"group":0,"treasure":null,"fall":""},{"name":"Rock","count":1,"weight":0,"dead_end":false,"group":0,"treasure":null,"fall":""},{"name":"Rock","count":1,"weight":0,"dead_end":false,"group":0,"treasure":null,"fall":""},{"name":"Rock","count":10,"weight":0,"dead_end":false,"group":5,"treasure":null,"fall":""}],"treasures":[{"name":"kan_iwate","count":1,"weight":0},{"name":"kan_nichiro","count":1,"weight":0},{"name":"kan_meidiya","count":1,"weight":0},{"name":"kan_imuraya","count":1,"weight":0},{"name":"tatebue","count":1,"weight":0}],"gates":[]},{"name":"Sublevel 5 - Toybox of Danger","properties":{"unit":"vs_3_toy.txt","max_rooms":4,"light":"toy_light_cha.ini","music":"cavetsumiki_00_0.cnd","skybox":"flooring","corridor":0.04,"caps":50,"timer":0,"geyser":false,"clogged":true,"echo":0,"plane":true,"seesaw":false,"version":1,"max_entities":null,"max_trasures":null,"max_gates":null},"entities":[{"name":"Damagumo","count":1,"weight":0,"dead_end":false,"group":8,"treasure":null,"fall":""},{"name":"Damagumo","count":1,"weight":0,"dead_end":false,"group":8,"treasure":"key","fall":""},{"name":"Fart","count":2,"weight":0,"dead_end":true,"group":0,"treasure":null,"fall":""},{"name":"Tank","count":4,"weight":0,"dead_end":false,"group":1,"treasure":null,"fall":""},{"name":"OoPanModoki","count":1,"weight":0,"dead_end":false,"group":1,"treasure":null,"fall":""},{"name":"Tank","count":4,"weight":0,"dead_end":false,"group":1,"treasure":null,"fall":""},{"name":"PanModoki","count":10,"weight":0,"dead_end":false,"group":6,"treasure":null,"fall":""},{"name":"Fkabuto","count":3,"weight":0,"dead_end":false,"group":0,"treasure":null,"fall":""},{"name":"Fkabuto","count":2,"weight":0,"dead_end":false,"group":0,"treasure":null,"fall":""},{"name":"ElecOtakara","count":4,"weight":0,"dead_end":false,"group":5,"treasure":null,"fall":""},{"name":"WaterOtakara","count":4,"weight":0,"dead_end":false,"group":5,"treasure":null,"fall":""},{"name":"FireOtakara","count":4,"weight":0,"dead_end":false,"group":5,"treasure":null,"fall":""},{"name":"GasOtakara","count":4,"weight":0,"dead_end":false,"group":5,"treasure":null,"fall":""},{"name":"ElecHiba","count":4,"weight":0,"dead_end":false,"group":5,"treasure":null,"fall":""},{"name":"Hiba","count":4,"weight":0,"dead_end":false,"group":5,"treasure":null,"fall":""},{"name":"GasHiba","count":4,"weight":0,"dead_end":false,"group":5,"treasure":null,"fall":""},{"name":"Kabuto","count":3,"weight":0,"dead_end":false,"group":0,"treasure":null,"fall":""},{"name":"Mar","count":1,"weight":0,"dead_end":false,"group":1,"treasure":null,"fall":""},{"name":"Mar","count":1,"weight":0,"dead_end":false,"group":1,"treasure":null,"fall":""}],"treasures":[{"name":"compact","count":1,"weight":0},{"name":"toy_gentle","count":1,"weight":0},{"name":"be_dama_blue_l","count":1,"weight":0},{"name":"be_dama_yellow_l","count":1,"weight":0},{"name":"be_dama_red_l","count":1,"weight":0},{"name":"fue_a","count":1,"weight":0}],"gates":[{"word":"gate","health":8000,"weight":1},{"word":"gate","health":8000,"weight":1},{"word":"gate","health":8000,"weight":1},{"word":"gate","health":8000,"weight":1},{"word":"gate","health":8000,"weight":1},{"word":"gate","health":8000,"weight":1}]},{"name":"Sublevel 6 - Old Metal Walkway","properties":{"unit":"3_MAT_ari_h446_h443_tower_metal.txt","max_rooms":3,"light":"metal_light_cha.ini","music":"cavemetal_10_2.cnd","skybox":"none","corridor":0.07,"caps":100,"timer":0,"geyser":false,"clogged":true,"echo":0,"plane":false,"seesaw":false,"version":1,"max_entities":null,"max_trasures":null,"max_gates":null},"entities":[{"name":"Houdai","count":1,"weight":0,"dead_end":false,"group":8,"treasure":"key","fall":""},{"name":"FminiHoudai","count":6,"weight":0,"dead_end":false,"group":5,"treasure":null,"fall":""},{"name":"MiniHoudai","count":1,"weight":0,"dead_end":false,"group":1,"treasure":null,"fall":""},{"name":"MiniHoudai","count":1,"weight":0,"dead_end":false,"group":1,"treasure":null,"fall":""},{"name":"MiniHoudai","count":1,"weight":0,"dead_end":false,"group":1,"treasure":null,"fall":""},{"name":"MiniHoudai","count":1,"weight":0,"dead_end":false,"group":1,"treasure":null,"fall":""},{"name":"BombOtakara","count":20,"weight":0,"dead_end":false,"group":6,"treasure":null,"fall":"$5"},{"name":"BombSarai","count":5,"weight":0,"dead_end":false,"group":1,"treasure":null,"fall":""},{"name":"BombSarai","count":5,"weight":0,"dead_end":false,"group":1,"treasure":null,"fall":""},{"name":"Rkabuto","count":8,"weight":0,"dead_end":true,"group":0,"treasure":null,"fall":"$2"},{"name":"Bomb","count":5,"weight":0,"dead_end":false,"group":0,"treasure":null,"fall":"$5"},{"name":"Bomb","count":5,"weight":0,"dead_end":false,"group":0,"treasure":null,"fall":"$5"},{"name":"Bomb","count":5,"weight":0,"dead_end":false,"group":0,"treasure":null,"fall":"$5"},{"name":"Bomb","count":5,"weight":0,"dead_end":false,"group":0,"treasure":null,"fall":"$5"},{"name":"GasHiba","count":5,"weight":0,"dead_end":false,"group":5,"treasure":null,"fall":""}],"treasures":[{"name":"whistle","count":1,"weight":0},{"name":"channel","count":1,"weight":0},{"name":"mojiban","count":1,"weight":0},{"name":"bolt_l","count":1,"weight":0},{"name":"nut_l","count":1,"weight":0},{"name":"sinkukan_c","count":1,"weight":0},{"name":"sinkukan_b","count":1,"weight":0},{"name":"sinkukan","count":1,"weight":0}],"gates":[]},{"name":"Sublevel 7 - Frigid Fate","properties":{"unit":"1_units_mid2_snow.txt","max_rooms":3,"light":"tutorial_1_light.ini","music":"new_00_0.cnd","skybox":"none","corridor":0.0,"caps":100,"timer":0,"geyser":false,"clogged":true,"echo":0,"plane":false,"seesaw":false,"version":1,"max_entities":null,"max_trasures":null,"max_gates":null},"entities":[{"name":"BigFoot","count":1,"weight":0,"dead_end":false,"group":1,"treasure":null,"fall":""},{"name":"BigFoot","count":1,"weight":0,"dead_end":false,"group":1,"treasure":"key","fall":""},{"name":"YellowChappy","count":3,"weight":0,"dead_end":false,"group":0,"treasure":null,"fall":""},{"name":"YellowChappy","count":3,"weight":0,"dead_end":false,"group":0,"treasure":null,"fall":""},{"name":"YellowChappy","count":3,"weight":0,"dead_end":false,"group":0,"treasure":null,"fall":""},{"name":"YellowKochappy","count":6,"weight":0,"dead_end":false,"group":0,"treasure":null,"fall":""},{"name":"YellowKochappy","count":6,"weight":0,"dead_end":false,"group":0,"treasure":null,"fall":""},{"name":"YellowKochappy","count":6,"weight":0,"dead_end":false,"group":0,"treasure":null,"fall":""},{"name":"Fart","count":1,"weight":0,"dead_end":false,"group":5,"treasure":null,"fall":""},{"name":"Wealthy","count":1,"weight":0,"dead_end":false,"group":5,"treasure":null,"fall":""},{"name":"RandPom","count":3,"weight":0,"dead_end":true,"group":0,"treasure":null,"fall":""},{"name":"YellowChappy","count":4,"weight":0,"dead_end":true,"group":0,"treasure":null,"fall":"$2"},{"name":"MaroFrog","count":5,"weight":0,"dead_end":false,"group":6,"treasure":null,"fall":""},{"name":"Tank","count":5,"weight":0,"dead_end":false,"group":6,"treasure":null,"fall":""},{"name":"Wtank","count":5,"weight":0,"dead_end":false,"group":6,"treasure":null,"fall":""},{"name":"Baby","count":10,"weight":0,"dead_end":false,"group":5,"treasure":null,"fall":""}],"treasures":[{"name":"toy_ring_c_blue","count":1,"weight":0},{"name":"chess_king_black","count":1,"weight":0},{"name":"bell_red","count":1,"weight":0},{"name":"diamond_green_l","count":1,"weight":0},{"name":"diamond_red_l","count":1,"weight":0},{"name":"dashboots","count":1,"weight":0},{"name":"Xmas_item","count":1,"weight":0}],"gates":[{"word":"gate","health":10000,"weight":1},{"word":"gate","health":10000,"weight":1},{"word":"gate","health":10000,"weight":1},{"word":"gate","health":10000,"weight":1},{"word":"gate","health":10000,"weight":1}]},{"name":"Sublevel 8 - v o i d","properties":{"unit":"1_units_sara_toy.txt","max_rooms":5,"light":"forest_3_light.ini","music":"caverelax.cnd","skybox":"none","corridor":0.1,"caps":70,"timer":120,"geyser":false,"clogged":true,"echo":0,"plane":true,"seesaw":false,"version":1,"max_entities":null,"max_trasures":null,"max_gates":null},"entities":[{"name":"BlackPom","count":2,"weight":0,"dead_end":false,"group":5,"treasure":null,"fall":""},{"name":"BlackMan","count":1,"weight":0,"dead_end":false,"group":0,"treasure":null,"fall":""},{"name":"BlackMan","count":1,"weight":0,"dead_end":false,"group":0,"treasure":null,"fall":""},{"name":"BlackMan","count":1,"weight":0,"dead_end":false,"group":1,"treasure":null,"fall":""},{"name":"BlackMan","count":1,"weight":0,"dead_end":false,"group":1,"treasure":null,"fall":""},{"name":"BlackMan","count":1,"weight":0,"dead_end":false,"group":5,"treasure":null,"fall":""},{"name":"BlackMan","count":1,"weight":0,"dead_end":false,"group":5,"treasure":"key","fall":""},{"name":"BlackMan","count":1,"weight":0,"dead_end":false,"group":6,"treasure":null,"fall":""},{"name":"BlackMan","count":1,"weight":0,"dead_end":false,"group":6,"treasure":null,"fall":""},{"name":"ShijimiChou","count":1,"weight":0,"dead_end":false,"group":1,"treasure":null,"fall":""},{"name":"ElecHiba","count":6,"weight":0,"dead_end":false,"group":5,"treasure":null,"fall":""},{"name":"Hiba","count":10,"weight":0,"dead_end":false,"group":5,"treasure":null,"fall":""},{"name":"GasHiba","count":6,"weight":0,"dead_end":false,"group":5,"treasure":null,"fall":""},{"name":"Egg","count":4,"weight":0,"dead_end":false,"group":0,"treasure":null,"fall":"$"},{"name":"Egg","count":4,"weight":0,"dead_end":false,"group":6,"treasure":null,"fall":"$"},{"name":"KumaChappy","count":1,"weight":0,"dead_end":false,"group":1,"treasure":null,"fall":""},{"name":"KumaChappy","count":1,"weight":0,"dead_end":false,"group":1,"treasure":null,"fall":""},{"name":"KumaChappy","count":1,"weight":0,"dead_end":false,"group":1,"treasure":null,"fall":""},{"name":"KumaChappy","count":1,"weight":0,"dead_end":false,"group":1,"treasure":null,"fall":""},{"name":"KumaKochappy","count":10,"weight":0,"dead_end":false,"group":0,"treasure":null,"fall":""},{"name":"KumaKochappy","count":10,"weight":0,"dead_end":false,"group":6,"treasure":null,"fall":""},{"name":"BombOtakara","count":5,"weight":0,"dead_end":false,"group":8,"treasure":null,"fall":"$2"}],"treasures":[{"name":"haniwa","count":1,"weight":0},{"name":"castanets","count":1,"weight":0},{"name":"baum_kuchen","count":1,"weight":0},{"name":"saru_head","count":1,"weight":0},{"name":"kinoko_doku","count":1,"weight":0},{"name":"chocolate_l","count":1,"weight":0},{"name":"cookie_u_l","count":1,"weight":0},{"name":"donutsichigo","count":1,"weight":0},{"name":"donutschoco","count":1,"weight":0},{"name":"baum_kuchen_s","count":1,"weight":0}],"gates":[]},{"name":"Sublevel 9 - Oh nononononono please","properties":{"unit":"1_units_white_metal.txt","max_rooms":1,"light":"oootakara_light.ini","music":"new_07_0.cnd","skybox":"none","corridor":0.0,"caps":50,"timer":0,"geyser":true,"clogged":false,"echo":0,"plane":false,"seesaw":false,"version":1,"max_entities":null,"max_trasures":null,"max_gates":null},"entities":[{"name":"DangoMushi","count":3,"weight":0,"dead_end":false,"group":1,"treasure":"key","fall":""},{"name":"SnakeWhole","count":1,"weight":0,"dead_end":false,"group":0,"treasure":null,"fall":""},{"name":"UmiMushi","count":2,"weight":0,"dead_end":false,"group":8,"treasure":null,"fall":""}],"treasures":[{"name":"doll","count":1,"weight":0}],"gates":[]}],"content":null}