{"sublevels":[{"name":"Sublevel 1 - conkers_bad_fur_day_war_multiplayer_map","properties":{"unit":"conkers_bad_fur_day_war_multiplayer_map.txt","max_rooms":1,"light":"sniper_light_lv0.ini","music":"new_04_0.cnd","skybox":"meck","corridor":0.1,"caps":50,"timer":0,"geyser":false,"clogged":false,"echo":0,"plane":false,"seesaw":false,"version":1,"max_entities":null,"max_trasures":null,"max_gates":null},"entities":[{"name":"FminiHoudai","count":2,"weight":0,"dead_end":false,"group":8,"treasure":"key","fall":""},{"name":"PanModoki","count":6,"weight":0,"dead_end":false,"group":0,"treasure":"loozy","fall":""}],"treasures":[],"gates":[]}],"content":null}