{"sublevels":[{"name":"Sublevel 1 - PoisonBlowhogsAndDwarves","properties":{"unit":"2_MAT_a_m_conc.txt","max_rooms":4,"light":"suityu_light_lv0.ini","music":"new_01_0.cnd","skybox":"none","corridor":0.2,"caps":50,"timer":180,"geyser":false,"clogged":true,"echo":0,"plane":false,"seesaw":false,"version":1,"max_entities":null,"max_trasures":null,"max_gates":null},"entities":[{"name":"Hanachirashi","count":1,"weight":0,"dead_end":false,"group":1,"treasure":"key","fall":""},{"name":"BlackMan","count":1,"weight":0,"dead_end":false,"group":0,"treasure":null,"fall":""},{"name":"LeafChappy","count":1,"weight":0,"dead_end":false,"group":1,"treasure":"toy_ring_b_green","fall":""},{"name":"LeafChappy","count":1,"weight":0,"dead_end":false,"group":1,"treasure":"toy_ring_b_green","fall":""},{"name":"Hanachirashi","count":1,"weight":0,"dead_end":false,"group":1,"treasure":"silver_medal","fall":""},{"name":"Hanachirashi","count":1,"weight":0,"dead_end":false,"group":1,"treasure":"silver_medal","fall":"$2"},{"name":"Fart","count":1,"weight":0,"dead_end":false,"group":1,"treasure":"teala_dia_b","fall":""},{"name":"Fart","count":1,"weight":0,"dead_end":false,"group":1,"treasure":"teala_dia_b","fall":""},{"name":"Fart","count":1,"weight":0,"dead_end":false,"group":1,"treasure":"teala_dia_b","fall":""},{"name":"BlueKochappy","count":15,"weight":0,"dead_end":false,"group":0,"treasure":null,"fall":""},{"name":"BlueKochappy","count":15,"weight":0,"dead_end":false,"group":0,"treasure":null,"fall":"$2"},{"name":"GasOtakara","count":8,"weight":0,"dead_end":false,"group":5,"treasure":null,"fall":"$4"},{"name":"Zenmai","count":10,"weight":0,"dead_end":false,"group":6,"treasure":null,"fall":""},{"name":"Tyre","count":30,"weight":0,"dead_end":true,"group":0,"treasure":null,"fall":""}],"treasures":[],"gates":[{"word":"gate","health":5000,"weight":1},{"word":"gate","health":5000,"weight":1},{"word":"gate","health":5000,"weight":1},{"word":"gate","health":5000,"weight":1}]},{"name":"Sublevel 2 - ElecDirigisMaze","properties":{"unit":"2_MAT_a_m_conc.txt","max_rooms":6,"light":"suityu_light_lv1.ini","music":"new_01_0.cnd","skybox":"none","corridor":0.0,"caps":50,"timer":180,"geyser":false,"clogged":true,"echo":0,"plane":false,"seesaw":false,"version":1,"max_entities":null,"max_trasures":null,"max_gates":null},"entities":[{"name":"BombSarai","count":1,"weight":0,"dead_end":false,"group":1,"treasure":"key","fall":""},{"name":"BlackMan","count":1,"weight":0,"dead_end":false,"group":0,"treasure":null,"fall":""},{"name":"BombSarai","count":1,"weight":0,"dead_end":false,"group":1,"treasure":"diamond_blue_l","fall":""},{"name":"BombSarai","count":1,"weight":0,"dead_end":false,"group":1,"treasure":"diamond_blue_l","fall":""},{"name":"BombSarai","count":1,"weight":0,"dead_end":false,"group":1,"treasure":"diamond_red","fall":"$2"},{"name":"BombSarai","count":1,"weight":0,"dead_end":false,"group":1,"treasure":"diamond_red","fall":"$2"},{"name":"ElecOtakara","count":1,"weight":0,"dead_end":false,"group":0,"treasure":null,"fall":""},{"name":"ElecOtakara","count":1,"weight":0,"dead_end":false,"group":0,"treasure":null,"fall":""},{"name":"ElecOtakara","count":1,"weight":0,"dead_end":false,"group":0,"treasure":null,"fall":""},{"name":"ElecOtakara","count":1,"weight":0,"dead_end":false,"group":0,"treasure":null,"fall":""},{"name":"ElecOtakara","count":1,"weight":0,"dead_end":false,"group":0,"treasure":null,"fall":""},{"name":"BlueKochappy","count":9,"weight":0,"dead_end":false,"group":0,"treasure":null,"fall":"$2"},{"name":"ElecBug","count":9,"weight":0,"dead_end":false,"group":0,"treasure":null,"fall":""},{"name":"ElecHiba","count":10,"weight":0,"dead_end":false,"group":5,"treasure":null,"fall":""},{"name":"Zenmai","count":10,"weight":0,"dead_end":false,"group":6,"treasure":null,"fall":""},{"name":"Tyre","count":30,"weight":0,"dead_end":true,"group":0,"treasure":null,"fall":""}],"treasures":[],"gates":[{"word":"gate","health":5000,"weight":1},{"word":"gate","health":5000,"weight":1},{"word":"gate","health":5000,"weight":1},{"word":"gate","health":5000,"weight":1},{"word":"gate","health":5000,"weight":1}]},{"name":"Sublevel 3 - WaterAndFire","properties":{"unit":"3_units_f_g_m_conc.txt","max_rooms":4,"light":"suityu_light_lv3.ini","music":"new_01_0.cnd","skybox":"none","corridor":0.2,"caps":50,"timer":180,"geyser":false,"clogged":true,"echo":0,"plane":false,"seesaw":false,"version":1,"max_entities":null,"max_trasures":null,"max_gates":null},"entities":[{"name":"MaroFrog","count":1,"weight":0,"dead_end":false,"group":1,"treasure":"key","fall":""},{"name":"BlackMan","count":1,"weight":0,"dead_end":false,"group":0,"treasure":null,"fall":""},{"name":"MaroFrog","count":1,"weight":0,"dead_end":false,"group":1,"treasure":"kouseki_suisyou","fall":""},{"name":"MaroFrog","count":1,"weight":0,"dead_end":false,"group":1,"treasure":"wadou_kaichin","fall":"$2"},{"name":"MaroFrog","count":1,"weight":0,"dead_end":false,"group":1,"treasure":"wadou_kaichin","fall":"$2"},{"name":"Tank","count":1,"weight":0,"dead_end":false,"group":1,"treasure":"toy_ring_b_red","fall":"$2"},{"name":"Tank","count":1,"weight":0,"dead_end":false,"group":1,"treasure":"bell_yellow","fall":""},{"name":"Tank","count":1,"weight":0,"dead_end":false,"group":1,"treasure":"toy_ring_b_red","fall":"$2"},{"name":"Tank","count":1,"weight":0,"dead_end":false,"group":1,"treasure":"bell_yellow","fall":""},{"name":"WaterOtakara","count":1,"weight":0,"dead_end":false,"group":0,"treasure":null,"fall":""},{"name":"WaterOtakara","count":1,"weight":0,"dead_end":false,"group":0,"treasure":null,"fall":""},{"name":"WaterOtakara","count":1,"weight":0,"dead_end":false,"group":0,"treasure":null,"fall":""},{"name":"FireOtakara","count":35,"weight":0,"dead_end":false,"group":0,"treasure":null,"fall":"$4"},{"name":"Hiba","count":15,"weight":0,"dead_end":false,"group":5,"treasure":null,"fall":""},{"name":"Zenmai","count":1,"weight":0,"dead_end":false,"group":5,"treasure":null,"fall":""},{"name":"Tyre","count":30,"weight":0,"dead_end":true,"group":0,"treasure":null,"fall":""}],"treasures":[],"gates":[{"word":"gate","health":5000,"weight":1},{"word":"gate","health":5000,"weight":1},{"word":"gate","health":5000,"weight":1},{"word":"gate","health":5000,"weight":1},{"word":"gate","health":5000,"weight":1},{"word":"gate","health":5000,"weight":1}]},{"name":"Sublevel 4 - ExplosiveMaze","properties":{"unit":"2_MAT_a_m_conc.txt","max_rooms":4,"light":"suityu_light_lv4.ini","music":"new_01_0.cnd","skybox":"none","corridor":0.5,"caps":50,"timer":180,"geyser":false,"clogged":true,"echo":0,"plane":false,"seesaw":false,"version":1,"max_entities":null,"max_trasures":null,"max_gates":null},"entities":[{"name":"BombSarai","count":1,"weight":0,"dead_end":false,"group":1,"treasure":"key","fall":""},{"name":"BlackMan","count":1,"weight":0,"dead_end":false,"group":0,"treasure":null,"fall":""},{"name":"BombSarai","count":1,"weight":0,"dead_end":false,"group":1,"treasure":"silver_medal","fall":""},{"name":"BombSarai","count":1,"weight":0,"dead_end":false,"group":1,"treasure":"bell_yellow","fall":"$2"},{"name":"BombSarai","count":1,"weight":0,"dead_end":false,"group":1,"treasure":"bell_yellow","fall":"$2"},{"name":"BombSarai","count":1,"weight":0,"dead_end":false,"group":1,"treasure":"bell_yellow","fall":"$2"},{"name":"BombSarai","count":1,"weight":0,"dead_end":false,"group":1,"treasure":"bell_yellow","fall":"$2"},{"name":"BombSarai","count":1,"weight":0,"dead_end":false,"group":1,"treasure":"silver_medal","fall":""},{"name":"BombSarai","count":1,"weight":0,"dead_end":false,"group":1,"treasure":"silver_medal","fall":""},{"name":"BlueKochappy","count":15,"weight":0,"dead_end":false,"group":0,"treasure":null,"fall":""},{"name":"Bomb","count":15,"weight":0,"dead_end":false,"group":0,"treasure":null,"fall":"$2"},{"name":"BlueKochappy","count":5,"weight":0,"dead_end":false,"group":0,"treasure":null,"fall":"$2"},{"name":"BombOtakara","count":8,"weight":0,"dead_end":false,"group":5,"treasure":null,"fall":"$2"},{"name":"Zenmai","count":10,"weight":0,"dead_end":false,"group":6,"treasure":null,"fall":""},{"name":"Tyre","count":30,"weight":0,"dead_end":true,"group":0,"treasure":null,"fall":""}],"treasures":[],"gates":[{"word":"gate","health":5000,"weight":1},{"word":"gate","health":5000,"weight":1},{"word":"gate","health":5000,"weight":1},{"word":"gate","health":5000,"weight":1},{"word":"gate","health":5000,"weight":1},{"word":"gate","health":5000,"weight":1}]},{"name":"Sublevel 5 - I LOVE GOOOOOOOOOOLD","properties":{"unit":"1_MIYA_manh2_conc.txt","max_rooms":1,"light":"key_light_lv0.ini","music":"caverelax.cnd","skybox":"none","corridor":0.0,"caps":50,"timer":180,"geyser":true,"clogged":false,"echo":0,"plane":false,"seesaw":false,"version":1,"max_entities":null,"max_trasures":null,"max_gates":null},"entities":[{"name":"Wealthy","count":1,"weight":0,"dead_end":false,"group":1,"treasure":"key","fall":""},{"name":"BlackMan","count":1,"weight":0,"dead_end":false,"group":0,"treasure":null,"fall":""},{"name":"Wealthy","count":1,"weight":0,"dead_end":false,"group":0,"treasure":"gold_medal","fall":""},{"name":"Wealthy","count":1,"weight":0,"dead_end":false,"group":0,"treasure":"gold_medal","fall":""},{"name":"Wealthy","count":1,"weight":0,"dead_end":false,"group":0,"treasure":"teala_dia_d","fall":""},{"name":"Wealthy","count":1,"weight":0,"dead_end":false,"group":0,"treasure":"teala_dia_d","fall":""},{"name":"Wealthy","count":1,"weight":0,"dead_end":false,"group":0,"treasure":"toy_ring_a_blue","fall":""},{"name":"Wealthy","count":1,"weight":0,"dead_end":false,"group":0,"treasure":"toy_ring_a_blue","fall":""},{"name":"Wealthy","count":1,"weight":0,"dead_end":false,"group":0,"treasure":"bell_red","fall":""}],"treasures":[{"name":"toy_teala","count":1,"weight":0},{"name":"saru_head","count":1,"weight":0},{"name":"diamond_green_l","count":1,"weight":0},{"name":"diamond_red_l","count":1,"weight":0}],"gates":[]}],"content":null}