{"sublevels":[{"name":"Sublevel 1 - East Clock Town","properties":{"unit":"1_ABE_vshit67_toy.txt","max_rooms":1,"light":"vs_6_light.ini","music":"new_04_0.cnd","skybox":"flooring","corridor":0.0,"caps":100,"timer":0,"geyser":false,"clogged":false,"echo":0,"plane":true,"seesaw":false,"version":1,"max_entities":null,"max_trasures":null,"max_gates":null},"entities":[{"name":"ElecBug","count":2,"weight":0,"dead_end":false,"group":6,"treasure":"be_dama_blue","fall":""},{"name":"Fart","count":1,"weight":0,"dead_end":false,"group":5,"treasure":"kinoko_doku","fall":""},{"name":"GasHiba","count":1,"weight":0,"dead_end":false,"group":1,"treasure":null,"fall":""},{"name":"Qurione","count":1,"weight":0,"dead_end":false,"group":0,"treasure":null,"fall":""},{"name":"Egg","count":2,"weight":0,"dead_end":false,"group":6,"treasure":null,"fall":""}],"treasures":[{"name":"key","count":1,"weight":0},{"name":"kan_b_gold","count":1,"weight":0},{"name":"chess_queen_black","count":1,"weight":0},{"name":"toy_lady","count":1,"weight":0},{"name":"toy_ring_b_red","count":1,"weight":0},{"name":"donutsichigo_s","count":1,"weight":0},{"name":"bell","count":1,"weight":0}],"gates":[]},{"name":"Sublevel 2 - Ikana Canyon","properties":{"unit":"2_units_5x5a_big_tekiF_kusachi.txt","max_rooms":2,"light":"kumomei_light_cha.ini","music":"cavemetal_05_0.cnd","skybox":"flooring","corridor":0.0,"caps":0,"timer":0,"geyser":false,"clogged":false,"echo":0,"plane":true,"seesaw":false,"version":1,"max_entities":null,"max_trasures":null,"max_gates":null},"entities":[{"name":"Miulin","count":4,"weight":0,"dead_end":false,"group":0,"treasure":null,"fall":""},{"name":"Fkabuto","count":1,"weight":0,"dead_end":false,"group":0,"treasure":"kouseki_suisyou","fall":""},{"name":"BombOtakara","count":1,"weight":0,"dead_end":false,"group":0,"treasure":null,"fall":"$"},{"name":"Sarai","count":1,"weight":0,"dead_end":false,"group":6,"treasure":"dia_a_red","fall":""},{"name":"Rkabuto","count":1,"weight":0,"dead_end":false,"group":5,"treasure":"dia_a_green","fall":"$"},{"name":"BombOtakara","count":1,"weight":0,"dead_end":false,"group":5,"treasure":null,"fall":"$"},{"name":"KareOoinu_s","count":6,"weight":0,"dead_end":false,"group":6,"treasure":null,"fall":""},{"name":"KareOoinu_l","count":2,"weight":0,"dead_end":false,"group":6,"treasure":null,"fall":""},{"name":"Tukushi","count":2,"weight":0,"dead_end":false,"group":6,"treasure":null,"fall":""},{"name":"Nekojarashi","count":4,"weight":0,"dead_end":false,"group":6,"treasure":null,"fall":""}],"treasures":[{"name":"key","count":1,"weight":0},{"name":"saru_head","count":1,"weight":0},{"name":"flask","count":1,"weight":0}],"gates":[]},{"name":"Sublevel 3 - Sharps Grave / Music Box House","properties":{"unit":"1_units_torigoya_kusachi.txt","max_rooms":1,"light":"normal_light_lv0.ini","music":"caverelax.cnd","skybox":"none","corridor":0.0,"caps":0,"timer":0,"geyser":false,"clogged":false,"echo":0,"plane":false,"seesaw":false,"version":1,"max_entities":null,"max_trasures":null,"max_gates":null},"entities":[{"name":"GasHiba","count":2,"weight":0,"dead_end":false,"group":0,"treasure":null,"fall":""},{"name":"Hanachirashi","count":1,"weight":0,"dead_end":false,"group":8,"treasure":"haniwa","fall":"$"},{"name":"Miulin","count":1,"weight":0,"dead_end":false,"group":6,"treasure":"key","fall":""}],"treasures":[{"name":"dashboots","count":1,"weight":0}],"gates":[]},{"name":"Sublevel 4 - Beneath The Well","properties":{"unit":"3_MAT_d_i_m_conc.txt","max_rooms":7,"light":"yakushima_3_16x17r_light.ini","music":"caverelax.cnd","skybox":"none","corridor":0.12,"caps":100,"timer":0,"geyser":false,"clogged":false,"echo":0,"plane":false,"seesaw":false,"version":1,"max_entities":null,"max_trasures":null,"max_gates":null},"entities":[{"name":"GasHiba","count":4,"weight":0,"dead_end":false,"group":5,"treasure":null,"fall":""},{"name":"ElecHiba","count":4,"weight":0,"dead_end":false,"group":5,"treasure":null,"fall":""},{"name":"Hiba","count":4,"weight":0,"dead_end":false,"group":5,"treasure":null,"fall":""},{"name":"Miulin","count":3,"weight":0,"dead_end":false,"group":5,"treasure":null,"fall":""},{"name":"OniKurage","count":1,"weight":0,"dead_end":true,"group":0,"treasure":"halloween","fall":"$"},{"name":"Qurione","count":1,"weight":0,"dead_end":true,"group":0,"treasure":null,"fall":"$"},{"name":"Bomb","count":1,"weight":0,"dead_end":true,"group":0,"treasure":null,"fall":"$4"},{"name":"Egg","count":2,"weight":0,"dead_end":true,"group":0,"treasure":null,"fall":"$"},{"name":"Baby","count":1,"weight":0,"dead_end":true,"group":0,"treasure":null,"fall":"$"},{"name":"RandPom","count":1,"weight":0,"dead_end":true,"group":0,"treasure":null,"fall":"$"},{"name":"WhitePom","count":1,"weight":0,"dead_end":true,"group":0,"treasure":null,"fall":"$"},{"name":"Wtank","count":1,"weight":0,"dead_end":false,"group":1,"treasure":"kouseki_suisyou","fall":""},{"name":"Catfish","count":1,"weight":0,"dead_end":false,"group":0,"treasure":"donguri","fall":""},{"name":"UjiB","count":5,"weight":0,"dead_end":false,"group":0,"treasure":null,"fall":""},{"name":"UmiMushiBlind","count":1,"weight":0,"dead_end":false,"group":8,"treasure":"bell","fall":""},{"name":"Tadpole","count":1,"weight":0,"dead_end":false,"group":8,"treasure":null,"fall":"$"},{"name":"Kogane","count":1,"weight":0,"dead_end":false,"group":8,"treasure":null,"fall":""},{"name":"DaiodoRed","count":4,"weight":0,"dead_end":false,"group":6,"treasure":null,"fall":""},{"name":"KareOoinu_s","count":2,"weight":0,"dead_end":false,"group":6,"treasure":null,"fall":""},{"name":"Tukushi","count":6,"weight":0,"dead_end":false,"group":6,"treasure":null,"fall":""},{"name":"Demon","count":1,"weight":0,"dead_end":false,"group":5,"treasure":"radar_b","fall":"$"},{"name":"WaterOtakara","count":1,"weight":0,"dead_end":true,"group":0,"treasure":null,"fall":"$"},{"name":"Bomb","count":1,"weight":0,"dead_end":true,"group":0,"treasure":null,"fall":"$4"},{"name":"Bomb","count":2,"weight":0,"dead_end":true,"group":0,"treasure":null,"fall":"$5"}],"treasures":[{"name":"key","count":1,"weight":0},{"name":"futa_a_gold","count":1,"weight":0},{"name":"tape_blue","count":1,"weight":0},{"name":"chess_queen_white","count":1,"weight":0},{"name":"donguri_l","count":1,"weight":0}],"gates":[{"word":"gate","health":2000,"weight":1},{"word":"gate","health":2000,"weight":1},{"word":"gate","health":2000,"weight":1},{"word":"gate","health":2000,"weight":1},{"word":"gate","health":1,"weight":1}]}],"content":null}