{"sublevels":[{"name":"Sublevel 1 - Lame Trampled Garden","properties":{"unit":"1_MIYA_manh2_conc.txt","max_rooms":3,"light":"normal_light_lv0.ini","music":"caverelax.cnd","skybox":"none","corridor":0.2,"caps":50,"timer":0,"geyser":false,"clogged":false,"echo":0,"plane":false,"seesaw":false,"version":1,"max_entities":null,"max_trasures":null,"max_gates":null},"entities":[{"name":"Hanachirashi","count":4,"weight":0,"dead_end":false,"group":0,"treasure":null,"fall":""},{"name":"Hanachirashi","count":1,"weight":0,"dead_end":false,"group":0,"treasure":"donguri","fall":""},{"name":"Hanachirashi","count":1,"weight":0,"dead_end":false,"group":1,"treasure":"ichigo_l","fall":""},{"name":"Miulin","count":1,"weight":0,"dead_end":false,"group":1,"treasure":null,"fall":""},{"name":"KumaKochappy","count":3,"weight":0,"dead_end":false,"group":0,"treasure":null,"fall":""},{"name":"ShijimiChou","count":2,"weight":0,"dead_end":false,"group":0,"treasure":null,"fall":""},{"name":"ShijimiChou","count":2,"weight":0,"dead_end":false,"group":1,"treasure":null,"fall":""},{"name":"WhitePom","count":1,"weight":0,"dead_end":false,"group":1,"treasure":null,"fall":""},{"name":"WhitePom","count":1,"weight":0,"dead_end":false,"group":0,"treasure":null,"fall":""},{"name":"Hanachirashi","count":4,"weight":0,"dead_end":false,"group":1,"treasure":null,"fall":""}],"treasures":[{"name":"makigai","count":1,"weight":0},{"name":"apple_blue","count":1,"weight":0},{"name":"g_futa_koiwai","count":1,"weight":0},{"name":"teala_dia_c","count":1,"weight":0},{"name":"toy_ring_a_red","count":1,"weight":0},{"name":"dia_c_red","count":1,"weight":0},{"name":"teala_dia_d","count":1,"weight":0},{"name":"leaf_yellow","count":1,"weight":0},{"name":"flower_red","count":1,"weight":0},{"name":"yoyo_yellow","count":1,"weight":0},{"name":"g_futa_titiyas","count":1,"weight":0},{"name":"suit_powerup","count":1,"weight":0},{"name":"gold_medal","count":1,"weight":0},{"name":"sinjyu","count":1,"weight":0},{"name":"sinkukan_c","count":1,"weight":0},{"name":"be_dama_red","count":1,"weight":0},{"name":"diamond_green","count":1,"weight":0},{"name":"diamond_blue_l","count":1,"weight":0},{"name":"key","count":1,"weight":0}],"gates":[]},{"name":"Sublevel 2 - Pretty Cool Tile Place","properties":{"unit":"2_units_ud_dry_tile.txt","max_rooms":5,"light":"normal_light_lv0.ini","music":"new_06_0.cnd","skybox":"none","corridor":0.2,"caps":50,"timer":0,"geyser":false,"clogged":false,"echo":0,"plane":false,"seesaw":false,"version":1,"max_entities":null,"max_trasures":null,"max_gates":null},"entities":[{"name":"OniKurage","count":1,"weight":0,"dead_end":false,"group":0,"treasure":"robot_head","fall":""},{"name":"Baby","count":5,"weight":0,"dead_end":false,"group":0,"treasure":null,"fall":""},{"name":"MiniHoudai","count":1,"weight":0,"dead_end":false,"group":0,"treasure":"dia_b_blue","fall":""},{"name":"Kurage","count":3,"weight":0,"dead_end":false,"group":0,"treasure":null,"fall":""},{"name":"Kurage","count":1,"weight":0,"dead_end":false,"group":0,"treasure":"toy_dog","fall":""},{"name":"OniKurage","count":1,"weight":0,"dead_end":false,"group":1,"treasure":"chocoichigo_l","fall":""},{"name":"Armor","count":2,"weight":0,"dead_end":false,"group":1,"treasure":null,"fall":""},{"name":"Armor","count":1,"weight":0,"dead_end":false,"group":0,"treasure":null,"fall":""},{"name":"Armor","count":1,"weight":0,"dead_end":false,"group":0,"treasure":"haniwa","fall":""},{"name":"Demon","count":1,"weight":0,"dead_end":true,"group":0,"treasure":null,"fall":"$4"},{"name":"BluePom","count":1,"weight":0,"dead_end":false,"group":0,"treasure":null,"fall":""},{"name":"RandPom","count":1,"weight":0,"dead_end":false,"group":1,"treasure":null,"fall":""},{"name":"BluePom","count":1,"weight":0,"dead_end":false,"group":1,"treasure":null,"fall":""},{"name":"BluePom","count":1,"weight":0,"dead_end":false,"group":1,"treasure":null,"fall":""},{"name":"BluePom","count":1,"weight":0,"dead_end":false,"group":0,"treasure":null,"fall":""},{"name":"WhitePom","count":1,"weight":0,"dead_end":false,"group":0,"treasure":null,"fall":""},{"name":"WhitePom","count":1,"weight":0,"dead_end":false,"group":1,"treasure":null,"fall":""}],"treasures":[{"name":"key","count":1,"weight":0},{"name":"donguri_l","count":1,"weight":0},{"name":"radar_b","count":1,"weight":0},{"name":"medama_yaki","count":1,"weight":0},{"name":"diamond_red","count":1,"weight":0},{"name":"sinkukan_b","count":1,"weight":0},{"name":"g_futa_sakotani","count":1,"weight":0},{"name":"kinoko_doku","count":1,"weight":0},{"name":"map01","count":1,"weight":0},{"name":"donutswhite_s","count":1,"weight":0},{"name":"ahiru_head","count":1,"weight":0},{"name":"dia_a_red","count":1,"weight":0},{"name":"be_dama_red_l","count":1,"weight":0},{"name":"be_dama_blue","count":1,"weight":0},{"name":"saru_head","count":1,"weight":0},{"name":"nut","count":1,"weight":0}],"gates":[]},{"name":"Sublevel 3 - Grassbox (Not Toybox)","properties":{"unit":"4_ABE_hit6x6_hit4x7_mid8_sml5_toy.txt","max_rooms":6,"light":"normal_light_lv0.ini","music":"new_08_0.cnd","skybox":"hiroba","corridor":0.2,"caps":50,"timer":0,"geyser":false,"clogged":false,"echo":0,"plane":true,"seesaw":false,"version":1,"max_entities":null,"max_trasures":null,"max_gates":null},"entities":[{"name":"Kurage","count":5,"weight":0,"dead_end":false,"group":0,"treasure":null,"fall":"$4"},{"name":"KumaChappy","count":1,"weight":0,"dead_end":false,"group":0,"treasure":"kan_maruha","fall":""},{"name":"KumaChappy","count":1,"weight":0,"dead_end":false,"group":1,"treasure":"bolt","fall":""},{"name":"YellowChappy","count":1,"weight":0,"dead_end":false,"group":1,"treasure":"donutsichigo_s","fall":""},{"name":"YellowChappy","count":1,"weight":0,"dead_end":false,"group":1,"treasure":"silver_medal","fall":""},{"name":"YellowChappy","count":1,"weight":0,"dead_end":false,"group":1,"treasure":"map02","fall":""},{"name":"Armor","count":3,"weight":0,"dead_end":false,"group":1,"treasure":null,"fall":""},{"name":"Armor","count":3,"weight":0,"dead_end":false,"group":0,"treasure":null,"fall":""},{"name":"GasOtakara","count":2,"weight":0,"dead_end":false,"group":0,"treasure":null,"fall":""},{"name":"GasOtakara","count":2,"weight":0,"dead_end":false,"group":1,"treasure":null,"fall":""},{"name":"GasOtakara","count":1,"weight":0,"dead_end":false,"group":5,"treasure":"toy_ring_a_blue","fall":""},{"name":"Kogane","count":1,"weight":0,"dead_end":false,"group":1,"treasure":"dashboots","fall":""},{"name":"Chappy","count":1,"weight":0,"dead_end":false,"group":0,"treasure":"toy_ring_b_blue","fall":""}],"treasures":[{"name":"key","count":1,"weight":0},{"name":"kumakibori","count":1,"weight":0},{"name":"toy_ring_a_green","count":1,"weight":0},{"name":"toy_ring_b_green","count":1,"weight":0},{"name":"be_dama_yellow_l","count":1,"weight":0},{"name":"chocoichigo","count":1,"weight":0},{"name":"fue_b","count":1,"weight":0},{"name":"dia_a_green","count":1,"weight":0},{"name":"dia_a_blue","count":1,"weight":0},{"name":"gum_tape_s","count":1,"weight":0},{"name":"bane_blue","count":1,"weight":0},{"name":"bane_yellow","count":1,"weight":0},{"name":"diamond_blue","count":1,"weight":0}],"gates":[]},{"name":"Sublevel 4 - Uh kinda Bland Level Right Here","properties":{"unit":"3_ABE_mid2_norhiba_blkhiba_tsuchi.txt","max_rooms":6,"light":"normal_light_lv0.ini","music":"cavemetal_05_2.cnd","skybox":"none","corridor":0.2,"caps":50,"timer":0,"geyser":false,"clogged":false,"echo":0,"plane":false,"seesaw":false,"version":1,"max_entities":null,"max_trasures":null,"max_gates":null},"entities":[{"name":"KumaKochappy","count":1,"weight":0,"dead_end":false,"group":0,"treasure":"fire_helmet","fall":""},{"name":"KumaKochappy","count":1,"weight":0,"dead_end":false,"group":0,"treasure":"denchi_2_black","fall":""},{"name":"BombSarai","count":1,"weight":0,"dead_end":false,"group":1,"treasure":"diamond_red_l","fall":""},{"name":"BombSarai","count":1,"weight":0,"dead_end":false,"group":1,"treasure":"toy_gentle","fall":""},{"name":"BombSarai","count":2,"weight":0,"dead_end":false,"group":1,"treasure":null,"fall":""},{"name":"KumaKochappy","count":12,"weight":0,"dead_end":false,"group":1,"treasure":null,"fall":""},{"name":"KumaKochappy","count":1,"weight":0,"dead_end":false,"group":1,"treasure":"juji_key_fc","fall":""},{"name":"KumaKochappy","count":1,"weight":0,"dead_end":false,"group":5,"treasure":"bird_hane","fall":""},{"name":"GasHiba","count":2,"weight":0,"dead_end":false,"group":5,"treasure":null,"fall":""},{"name":"Bomb","count":5,"weight":0,"dead_end":false,"group":5,"treasure":null,"fall":"$"},{"name":"PanModoki","count":1,"weight":0,"dead_end":false,"group":1,"treasure":null,"fall":"$"},{"name":"PanModoki","count":1,"weight":0,"dead_end":false,"group":1,"treasure":null,"fall":""},{"name":"PanModoki","count":1,"weight":0,"dead_end":false,"group":0,"treasure":null,"fall":""},{"name":"SnakeCrow","count":1,"weight":0,"dead_end":false,"group":1,"treasure":"g_futa_kyosin","fall":""},{"name":"Sokkuri","count":1,"weight":0,"dead_end":false,"group":0,"treasure":"flower_blue","fall":""},{"name":"Sokkuri","count":1,"weight":0,"dead_end":false,"group":1,"treasure":"g_futa_kyusyu","fall":""},{"name":"Sokkuri","count":3,"weight":0,"dead_end":false,"group":1,"treasure":null,"fall":""},{"name":"Sokkuri","count":1,"weight":0,"dead_end":false,"group":0,"treasure":null,"fall":""}],"treasures":[{"name":"key","count":1,"weight":0},{"name":"doll","count":1,"weight":0},{"name":"be_dama_yellow","count":1,"weight":0},{"name":"g_futa_sikoku","count":1,"weight":0},{"name":"ichigo","count":1,"weight":0},{"name":"fue_a","count":1,"weight":0},{"name":"ahiru","count":1,"weight":0},{"name":"cookie","count":1,"weight":0},{"name":"gum_tape","count":1,"weight":0},{"name":"kinoko","count":1,"weight":0},{"name":"loozy","count":1,"weight":0},{"name":"hotate","count":1,"weight":0}],"gates":[]},{"name":"Sublevel 5 - The One with 1 Water Wraith","properties":{"unit":"3_units_a_l_yuko_tile.txt","max_rooms":5,"light":"normal_light_lv0.ini","music":"new_00_0.cnd","skybox":"none","corridor":0.2,"caps":50,"timer":14,"geyser":false,"clogged":false,"echo":0,"plane":false,"seesaw":false,"version":1,"max_entities":null,"max_trasures":null,"max_gates":null},"entities":[{"name":"BlackMan","count":1,"weight":0,"dead_end":false,"group":0,"treasure":null,"fall":""},{"name":"YellowChappy","count":1,"weight":0,"dead_end":false,"group":0,"treasure":"kan_iwate","fall":""},{"name":"YellowChappy","count":1,"weight":0,"dead_end":false,"group":0,"treasure":"kan_nichiro","fall":""},{"name":"YellowChappy","count":1,"weight":0,"dead_end":false,"group":1,"treasure":"kan_b_gold","fall":""},{"name":"YellowChappy","count":1,"weight":0,"dead_end":false,"group":1,"treasure":"bell_red","fall":""},{"name":"ElecBug","count":2,"weight":0,"dead_end":false,"group":1,"treasure":null,"fall":""},{"name":"YellowKochappy","count":1,"weight":0,"dead_end":false,"group":1,"treasure":"g_futa_daisen","fall":""},{"name":"YellowKochappy","count":3,"weight":0,"dead_end":false,"group":1,"treasure":null,"fall":""},{"name":"YellowKochappy","count":1,"weight":0,"dead_end":false,"group":0,"treasure":"akagai","fall":""},{"name":"YellowKochappy","count":3,"weight":0,"dead_end":false,"group":0,"treasure":null,"fall":""},{"name":"RandPom","count":3,"weight":0,"dead_end":false,"group":1,"treasure":null,"fall":""},{"name":"WhitePom","count":1,"weight":0,"dead_end":false,"group":0,"treasure":null,"fall":""},{"name":"YellowPom","count":1,"weight":0,"dead_end":false,"group":0,"treasure":null,"fall":""}],"treasures":[{"name":"key","count":1,"weight":0},{"name":"be_dama_blue_l","count":1,"weight":0},{"name":"denchi_1_red","count":1,"weight":0},{"name":"kan_kyokuyo","count":1,"weight":0},{"name":"suit_fire","count":1,"weight":0},{"name":"watch","count":1,"weight":0},{"name":"toy_ring_c_blue","count":1,"weight":0},{"name":"teala_dia_a","count":1,"weight":0},{"name":"leaf_normal","count":1,"weight":0},{"name":"kuri","count":1,"weight":0},{"name":"denchi_1_black","count":1,"weight":0},{"name":"compact_make","count":1,"weight":0},{"name":"apple","count":1,"weight":0},{"name":"donutswhite","count":1,"weight":0},{"name":"gear","count":1,"weight":0}],"gates":[]},{"name":"Sublevel 6 - The 1 With Like 10 Waterwraiths","properties":{"unit":"3_units_h_k_pypes_conc.txt","max_rooms":6,"light":"normal_light_lv0.ini","music":"new_03_0.cnd","skybox":"none","corridor":0.11,"caps":50,"timer":250,"geyser":true,"clogged":false,"echo":0,"plane":false,"seesaw":false,"version":1,"max_entities":null,"max_trasures":null,"max_gates":null},"entities":[{"name":"LeafChappy","count":2,"weight":0,"dead_end":false,"group":0,"treasure":null,"fall":""},{"name":"BlackMan","count":4,"weight":0,"dead_end":false,"group":0,"treasure":null,"fall":""},{"name":"BlackMan","count":4,"weight":0,"dead_end":false,"group":1,"treasure":null,"fall":""},{"name":"ElecOtakara","count":4,"weight":0,"dead_end":false,"group":0,"treasure":null,"fall":""},{"name":"Miulin","count":1,"weight":0,"dead_end":false,"group":0,"treasure":"radar_a","fall":""},{"name":"Miulin","count":2,"weight":0,"dead_end":false,"group":0,"treasure":null,"fall":""},{"name":"Fkabuto","count":1,"weight":0,"dead_end":false,"group":0,"treasure":"kan_b_silver","fall":""},{"name":"MiniHoudai","count":1,"weight":0,"dead_end":false,"group":1,"treasure":"g_futa_hirosima","fall":"$2"},{"name":"PanModoki","count":1,"weight":0,"dead_end":false,"group":1,"treasure":"g_futa_kyodo","fall":""},{"name":"PanModoki","count":1,"weight":0,"dead_end":false,"group":0,"treasure":null,"fall":""},{"name":"PanModoki","count":3,"weight":0,"dead_end":false,"group":5,"treasure":null,"fall":""},{"name":"PanModoki","count":1,"weight":0,"dead_end":false,"group":1,"treasure":"chess_queen_white","fall":""},{"name":"PanModoki","count":1,"weight":0,"dead_end":false,"group":0,"treasure":"futa_a_silver","fall":""},{"name":"BluePom","count":1,"weight":0,"dead_end":false,"group":0,"treasure":null,"fall":""},{"name":"BluePom","count":1,"weight":0,"dead_end":false,"group":1,"treasure":null,"fall":""},{"name":"RandPom","count":1,"weight":0,"dead_end":false,"group":1,"treasure":null,"fall":""},{"name":"RandPom","count":1,"weight":0,"dead_end":false,"group":0,"treasure":null,"fall":""},{"name":"RedPom","count":1,"weight":0,"dead_end":false,"group":0,"treasure":null,"fall":""},{"name":"RedPom","count":1,"weight":0,"dead_end":false,"group":1,"treasure":null,"fall":""},{"name":"LeafChappy","count":3,"weight":0,"dead_end":false,"group":1,"treasure":null,"fall":""},{"name":"ElecOtakara","count":1,"weight":0,"dead_end":false,"group":1,"treasure":"momiji_red","fall":""},{"name":"ElecOtakara","count":1,"weight":0,"dead_end":false,"group":1,"treasure":"tape_yellow","fall":""},{"name":"ElecOtakara","count":1,"weight":0,"dead_end":false,"group":1,"treasure":"sinkukan","fall":""},{"name":"ElecOtakara","count":1,"weight":0,"dead_end":false,"group":1,"treasure":"donutschoco","fall":""}],"treasures":[{"name":"key","count":1,"weight":0},{"name":"g_futa_kitaama","count":1,"weight":0},{"name":"j_block_yellow","count":1,"weight":0},{"name":"cookie_m_l","count":1,"weight":0},{"name":"chocolate_l","count":1,"weight":0},{"name":"kouseki_suisyou","count":1,"weight":0},{"name":"cookie_u","count":1,"weight":0},{"name":"kinoko_tubu","count":1,"weight":0},{"name":"chocolate","count":1,"weight":0},{"name":"locket","count":1,"weight":0},{"name":"juji_key","count":1,"weight":0}],"gates":[]},{"name":"Sublevel 7 - Festivity Snow","properties":{"unit":"3_MAT_a_h_m_renga.txt","max_rooms":5,"light":"normal_light_lv0.ini","music":"cavemetal_10_1.cnd","skybox":"none","corridor":0.2,"caps":50,"timer":0,"geyser":false,"clogged":false,"echo":0,"plane":false,"seesaw":false,"version":1,"max_entities":null,"max_trasures":null,"max_gates":null},"entities":[{"name":"Fkabuto","count":1,"weight":0,"dead_end":false,"group":0,"treasure":"toy_ring_b_red","fall":""},{"name":"Fkabuto","count":1,"weight":0,"dead_end":false,"group":1,"treasure":"j_block_red","fall":""},{"name":"Kabuto","count":1,"weight":0,"dead_end":false,"group":0,"treasure":"chess_king_white","fall":""},{"name":"Kabuto","count":1,"weight":0,"dead_end":false,"group":0,"treasure":"chess_queen_black","fall":""},{"name":"Rkabuto","count":1,"weight":0,"dead_end":false,"group":0,"treasure":"water","fall":""},{"name":"Rkabuto","count":1,"weight":0,"dead_end":false,"group":1,"treasure":"nut_l","fall":""},{"name":"Demon","count":2,"weight":0,"dead_end":false,"group":1,"treasure":null,"fall":""},{"name":"Demon","count":1,"weight":0,"dead_end":false,"group":0,"treasure":null,"fall":""},{"name":"Demon","count":1,"weight":0,"dead_end":false,"group":0,"treasure":"denchi_3_red","fall":""},{"name":"BombSarai","count":5,"weight":0,"dead_end":false,"group":0,"treasure":null,"fall":"$4"},{"name":"Rkabuto","count":2,"weight":0,"dead_end":false,"group":0,"treasure":null,"fall":"$4"},{"name":"Rkabuto","count":2,"weight":0,"dead_end":false,"group":1,"treasure":null,"fall":""},{"name":"SnakeWhole","count":1,"weight":0,"dead_end":false,"group":1,"treasure":null,"fall":""}],"treasures":[{"name":"key","count":1,"weight":0},{"name":"dia_b_green","count":1,"weight":0},{"name":"futa_a_gold","count":1,"weight":0},{"name":"diamond_green_l","count":1,"weight":0},{"name":"sensya","count":1,"weight":0},{"name":"toy_ring_c_red","count":1,"weight":0},{"name":"tape_red","count":1,"weight":0},{"name":"tape_blue","count":1,"weight":0},{"name":"whistle","count":1,"weight":0},{"name":"j_block_blue","count":1,"weight":0},{"name":"bane_red","count":1,"weight":0},{"name":"toy_ring_c_green","count":1,"weight":0},{"name":"kan_imuraya","count":1,"weight":0},{"name":"cookie_s_l","count":1,"weight":0}],"gates":[]},{"name":"Sublevel 8 - Bombs, Gunfire, Robbery, and Death","properties":{"unit":"3_MAT_ari_h446_h443_tower_metal.txt","max_rooms":4,"light":"normal_light_lv0.ini","music":"cavetile_00_0.cnd","skybox":"none","corridor":0.2,"caps":50,"timer":0,"geyser":false,"clogged":false,"echo":0,"plane":false,"seesaw":false,"version":1,"max_entities":null,"max_trasures":null,"max_gates":null},"entities":[{"name":"FminiHoudai","count":1,"weight":0,"dead_end":false,"group":0,"treasure":null,"fall":""},{"name":"FminiHoudai","count":1,"weight":0,"dead_end":false,"group":1,"treasure":null,"fall":""},{"name":"UjiB","count":1,"weight":0,"dead_end":false,"group":0,"treasure":"g_futa_hiruzen","fall":""},{"name":"UjiB","count":1,"weight":0,"dead_end":false,"group":1,"treasure":"light_a","fall":""},{"name":"UjiB","count":1,"weight":0,"dead_end":false,"group":1,"treasure":"dia_c_blue","fall":""},{"name":"UjiB","count":1,"weight":0,"dead_end":false,"group":0,"treasure":"denchi_3_black","fall":""},{"name":"UjiB","count":2,"weight":0,"dead_end":false,"group":0,"treasure":null,"fall":""},{"name":"UjiB","count":2,"weight":0,"dead_end":false,"group":1,"treasure":null,"fall":""},{"name":"ElecBug","count":4,"weight":0,"dead_end":false,"group":0,"treasure":null,"fall":""},{"name":"ElecBug","count":4,"weight":0,"dead_end":false,"group":1,"treasure":null,"fall":""},{"name":"FireOtakara","count":3,"weight":0,"dead_end":false,"group":1,"treasure":null,"fall":""},{"name":"ElecOtakara","count":2,"weight":0,"dead_end":false,"group":1,"treasure":null,"fall":""},{"name":"ElecOtakara","count":1,"weight":0,"dead_end":false,"group":1,"treasure":"yoyo_blue","fall":""},{"name":"GasOtakara","count":2,"weight":0,"dead_end":false,"group":0,"treasure":null,"fall":""},{"name":"GasOtakara","count":1,"weight":0,"dead_end":false,"group":0,"treasure":"momiji_kare","fall":""},{"name":"BombSarai","count":1,"weight":0,"dead_end":false,"group":0,"treasure":"toy_teala","fall":""},{"name":"BombSarai","count":1,"weight":0,"dead_end":false,"group":1,"treasure":"leaf_kare","fall":""},{"name":"BombSarai","count":1,"weight":0,"dead_end":false,"group":0,"treasure":null,"fall":""},{"name":"BombSarai","count":4,"weight":0,"dead_end":true,"group":0,"treasure":null,"fall":"$4"},{"name":"MiniHoudai","count":1,"weight":0,"dead_end":false,"group":5,"treasure":null,"fall":""},{"name":"FminiHoudai","count":1,"weight":0,"dead_end":false,"group":8,"treasure":null,"fall":""}],"treasures":[{"name":"key","count":1,"weight":0},{"name":"uji_jisyaku","count":1,"weight":0},{"name":"chocowhite","count":1,"weight":0},{"name":"dia_b_red","count":1,"weight":0},{"name":"chess_king_black","count":1,"weight":0},{"name":"tatebue","count":1,"weight":0},{"name":"gear_silver","count":1,"weight":0},{"name":"elec","count":1,"weight":0},{"name":"kan","count":1,"weight":0},{"name":"donutsichigo","count":1,"weight":0},{"name":"wadou_kaichin","count":1,"weight":0},{"name":"milk_cap","count":1,"weight":0},{"name":"teala_dia_b","count":1,"weight":0}],"gates":[]},{"name":"Sublevel 9 - Small Waterworks","properties":{"unit":"3_units_north_ud_pool_tile.txt","max_rooms":5,"light":"normal_light_lv0.ini","music":"cavesoil_10_3.cnd","skybox":"none","corridor":0.215,"caps":50,"timer":0,"geyser":false,"clogged":false,"echo":0,"plane":false,"seesaw":false,"version":1,"max_entities":null,"max_trasures":null,"max_gates":null},"entities":[{"name":"UmiMushiBlind","count":3,"weight":0,"dead_end":false,"group":1,"treasure":null,"fall":""},{"name":"UmiMushi","count":1,"weight":0,"dead_end":false,"group":1,"treasure":"bey_goma","fall":""},{"name":"MaroFrog","count":1,"weight":0,"dead_end":false,"group":1,"treasure":null,"fall":""},{"name":"MaroFrog","count":1,"weight":0,"dead_end":false,"group":1,"treasure":"j_block_white","fall":""},{"name":"Frog","count":1,"weight":0,"dead_end":false,"group":1,"treasure":"g_futa_kajiwara","fall":""},{"name":"FireChappy","count":1,"weight":0,"dead_end":false,"group":1,"treasure":"gas","fall":""},{"name":"WaterOtakara","count":3,"weight":0,"dead_end":false,"group":1,"treasure":null,"fall":""},{"name":"WaterOtakara","count":1,"weight":0,"dead_end":false,"group":0,"treasure":"Xmas_item","fall":""},{"name":"GasOtakara","count":1,"weight":0,"dead_end":false,"group":0,"treasure":null,"fall":""},{"name":"ElecOtakara","count":1,"weight":0,"dead_end":false,"group":0,"treasure":null,"fall":""},{"name":"FireOtakara","count":1,"weight":0,"dead_end":false,"group":0,"treasure":null,"fall":""},{"name":"Wealthy","count":1,"weight":0,"dead_end":false,"group":0,"treasure":null,"fall":""},{"name":"TamagoMushi","count":1,"weight":0,"dead_end":false,"group":0,"treasure":null,"fall":""},{"name":"Jigumo","count":1,"weight":0,"dead_end":false,"group":0,"treasure":null,"fall":""},{"name":"RedPom","count":1,"weight":0,"dead_end":false,"group":0,"treasure":null,"fall":""},{"name":"RedPom","count":1,"weight":0,"dead_end":false,"group":1,"treasure":null,"fall":""}],"treasures":[{"name":"key","count":1,"weight":0},{"name":"mojiban","count":1,"weight":0},{"name":"chocowhite_l","count":1,"weight":0},{"name":"matu_bokkuri","count":1,"weight":0},{"name":"j_block_green","count":1,"weight":0},{"name":"creap","count":1,"weight":0},{"name":"denchi_2_red","count":1,"weight":0},{"name":"fue_pullout","count":1,"weight":0},{"name":"halloween","count":1,"weight":0},{"name":"cookie_s","count":1,"weight":0},{"name":"bolt_l","count":1,"weight":0},{"name":"bell_yellow","count":1,"weight":0},{"name":"momiji_normal","count":1,"weight":0},{"name":"fue_wide","count":1,"weight":0},{"name":"compact","count":1,"weight":0},{"name":"dia_c_green","count":1,"weight":0}],"gates":[]},{"name":"Sublevel 10 - A Ton of Breadbugs...Which Die","properties":{"unit":"1_MAT_vs_drypool_tile.txt","max_rooms":6,"light":"normal_light_lv0.ini","music":"cavemetal_05_0.cnd","skybox":"none","corridor":0.175,"caps":50,"timer":15,"geyser":false,"clogged":false,"echo":0,"plane":false,"seesaw":false,"version":1,"max_entities":null,"max_trasures":null,"max_gates":null},"entities":[{"name":"PanModoki","count":6,"weight":0,"dead_end":false,"group":5,"treasure":null,"fall":""},{"name":"PanModoki","count":1,"weight":0,"dead_end":false,"group":5,"treasure":"toy_cat","fall":""},{"name":"PanModoki","count":1,"weight":0,"dead_end":false,"group":5,"treasure":"otama","fall":""},{"name":"PanModoki","count":1,"weight":0,"dead_end":false,"group":5,"treasure":"toy_lady","fall":""},{"name":"Wealthy","count":1,"weight":0,"dead_end":false,"group":1,"treasure":"donutschoco_s","fall":""},{"name":"DangoMushi","count":1,"weight":0,"dead_end":false,"group":0,"treasure":"tel_dial","fall":""},{"name":"OoPanModoki","count":2,"weight":0,"dead_end":false,"group":1,"treasure":null,"fall":""},{"name":"OoPanModoki","count":1,"weight":0,"dead_end":false,"group":1,"treasure":"g_futa_nihonraku","fall":""},{"name":"Egg","count":7,"weight":0,"dead_end":false,"group":1,"treasure":null,"fall":"$"},{"name":"Egg","count":3,"weight":0,"dead_end":true,"group":0,"treasure":null,"fall":"$"},{"name":"BlackMan","count":1,"weight":0,"dead_end":false,"group":0,"treasure":null,"fall":""}],"treasures":[{"name":"key","count":1,"weight":0},{"name":"bell_blue","count":1,"weight":0},{"name":"castanets","count":1,"weight":0},{"name":"channel","count":1,"weight":0},{"name":"badminton","count":1,"weight":0},{"name":"baum_kuchen","count":1,"weight":0},{"name":"turi_uki","count":1,"weight":0},{"name":"bane","count":1,"weight":0},{"name":"bell","count":1,"weight":0},{"name":"kan_meidiya","count":1,"weight":0},{"name":"yoyo_red","count":1,"weight":0},{"name":"baum_kuchen_s","count":1,"weight":0},{"name":"flask","count":1,"weight":0},{"name":"fire","count":1,"weight":0},{"name":"cookie_u_l","count":1,"weight":0}],"gates":[]}],"content":null}