{"sublevels":[{"name":"Sublevel 1 - Volt1","properties":{"unit":"3_ABE_mid2_hit34_hit43_metal.txt","max_rooms":3,"light":"electric_light.ini","music":"cavemetal_05_1.cnd","skybox":"build","corridor":0.0,"caps":50,"timer":0,"geyser":false,"clogged":false,"echo":0,"plane":false,"seesaw":false,"version":1,"max_entities":null,"max_trasures":null,"max_gates":null},"entities":[{"name":"Sarai","count":1,"weight":0,"dead_end":false,"group":0,"treasure":"bolt","fall":""},{"name":"Sarai","count":1,"weight":0,"dead_end":false,"group":0,"treasure":"bolt","fall":""},{"name":"Demon","count":1,"weight":0,"dead_end":false,"group":0,"treasure":"creap","fall":""},{"name":"Demon","count":1,"weight":0,"dead_end":false,"group":0,"treasure":"creap","fall":""},{"name":"YellowPom","count":1,"weight":0,"dead_end":false,"group":1,"treasure":null,"fall":""},{"name":"YellowPom","count":1,"weight":0,"dead_end":false,"group":1,"treasure":null,"fall":""},{"name":"Kabuto","count":1,"weight":0,"dead_end":false,"group":1,"treasure":"key","fall":"$2"},{"name":"Fkabuto","count":1,"weight":0,"dead_end":false,"group":1,"treasure":"g_futa_sikoku","fall":""},{"name":"ElecHiba","count":10,"weight":0,"dead_end":false,"group":5,"treasure":null,"fall":""},{"name":"DaiodoGreen","count":10,"weight":0,"dead_end":false,"group":6,"treasure":null,"fall":""}],"treasures":[{"name":"sinkukan","count":1,"weight":0},{"name":"sinkukan_b","count":1,"weight":0},{"name":"toy_ring_a_green","count":1,"weight":0},{"name":"sinkukan_c","count":1,"weight":0}],"gates":[]},{"name":"Sublevel 2 - Volt2","properties":{"unit":"3_ABE_mid2_hit446_hit344.txt","max_rooms":3,"light":"electric_light.ini","music":"cavemetal_10_4.cnd","skybox":"ice","corridor":0.0,"caps":50,"timer":0,"geyser":false,"clogged":false,"echo":0,"plane":false,"seesaw":false,"version":1,"max_entities":null,"max_trasures":null,"max_gates":null},"entities":[{"name":"ElecBug","count":10,"weight":0,"dead_end":false,"group":0,"treasure":"j_block_yellow","fall":""},{"name":"FminiHoudai","count":1,"weight":0,"dead_end":false,"group":1,"treasure":"key","fall":""},{"name":"YellowPom","count":1,"weight":0,"dead_end":false,"group":1,"treasure":null,"fall":""},{"name":"KumaKochappy","count":5,"weight":0,"dead_end":false,"group":1,"treasure":null,"fall":""},{"name":"KumaKochappy","count":5,"weight":0,"dead_end":false,"group":1,"treasure":null,"fall":"$"},{"name":"ElecHiba","count":10,"weight":0,"dead_end":false,"group":5,"treasure":null,"fall":""},{"name":"ElecHiba","count":2,"weight":0,"dead_end":false,"group":0,"treasure":null,"fall":""},{"name":"ElecHiba","count":2,"weight":0,"dead_end":false,"group":0,"treasure":null,"fall":""},{"name":"ElecHiba","count":2,"weight":0,"dead_end":false,"group":1,"treasure":null,"fall":""},{"name":"ElecHiba","count":2,"weight":0,"dead_end":false,"group":1,"treasure":null,"fall":""},{"name":"DaiodoRed","count":15,"weight":0,"dead_end":false,"group":6,"treasure":null,"fall":""},{"name":"DaiodoGreen","count":15,"weight":0,"dead_end":false,"group":6,"treasure":null,"fall":""}],"treasures":[{"name":"denchi_3_red","count":1,"weight":0},{"name":"denchi_2_black","count":1,"weight":0},{"name":"denchi_1_red","count":1,"weight":0},{"name":"denchi_3_black","count":1,"weight":0}],"gates":[]},{"name":"Sublevel 3 - Volt3","properties":{"unit":"2_MAT_h335_h447_metal.txt","max_rooms":4,"light":"electric_light.ini","music":"cavemetal_10_1.cnd","skybox":"test","corridor":0.3,"caps":50,"timer":0,"geyser":false,"clogged":false,"echo":0,"plane":false,"seesaw":false,"version":1,"max_entities":null,"max_trasures":null,"max_gates":null},"entities":[{"name":"ElecOtakara","count":4,"weight":0,"dead_end":false,"group":0,"treasure":null,"fall":"$"},{"name":"YellowKochappy","count":1,"weight":0,"dead_end":false,"group":0,"treasure":"g_futa_hiruzen","fall":"$"},{"name":"ElecOtakara","count":4,"weight":0,"dead_end":false,"group":0,"treasure":null,"fall":"$"},{"name":"MiniHoudai","count":1,"weight":0,"dead_end":false,"group":1,"treasure":"watch","fall":""},{"name":"MiniHoudai","count":1,"weight":0,"dead_end":false,"group":1,"treasure":"watch","fall":""},{"name":"DaiodoRed","count":10,"weight":0,"dead_end":false,"group":6,"treasure":null,"fall":""},{"name":"YellowPom","count":1,"weight":0,"dead_end":false,"group":1,"treasure":null,"fall":""},{"name":"YellowPom","count":1,"weight":0,"dead_end":false,"group":1,"treasure":null,"fall":""},{"name":"ElecHiba","count":10,"weight":0,"dead_end":false,"group":5,"treasure":null,"fall":""},{"name":"ElecHiba","count":10,"weight":0,"dead_end":false,"group":5,"treasure":null,"fall":""},{"name":"ElecHiba","count":10,"weight":0,"dead_end":false,"group":1,"treasure":null,"fall":""}],"treasures":[{"name":"key","count":1,"weight":0},{"name":"radar_a","count":1,"weight":0},{"name":"gum_tape","count":1,"weight":0},{"name":"g_futa_kyosin","count":1,"weight":0},{"name":"bane","count":1,"weight":0}],"gates":[]},{"name":"Sublevel 4 - Volt4","properties":{"unit":"4_units_nobo_hit224_235_344_metal.txt","max_rooms":4,"light":"electric_light.ini","music":"cavemetal_00_3.cnd","skybox":"build","corridor":0.0,"caps":50,"timer":0,"geyser":false,"clogged":false,"echo":0,"plane":false,"seesaw":false,"version":1,"max_entities":null,"max_trasures":null,"max_gates":null},"entities":[{"name":"Mar","count":1,"weight":0,"dead_end":false,"group":1,"treasure":"donutswhite","fall":""},{"name":"Mar","count":1,"weight":0,"dead_end":false,"group":1,"treasure":"key","fall":""},{"name":"YellowPom","count":1,"weight":0,"dead_end":false,"group":1,"treasure":null,"fall":""},{"name":"BombSarai","count":5,"weight":0,"dead_end":false,"group":1,"treasure":"bey_goma","fall":""},{"name":"ElecBug","count":10,"weight":0,"dead_end":false,"group":0,"treasure":"be_dama_yellow","fall":""},{"name":"ElecHiba","count":10,"weight":0,"dead_end":false,"group":5,"treasure":null,"fall":""},{"name":"DaiodoGreen","count":15,"weight":0,"dead_end":false,"group":6,"treasure":null,"fall":""},{"name":"DaiodoRed","count":15,"weight":0,"dead_end":false,"group":6,"treasure":null,"fall":""}],"treasures":[{"name":"robot_head","count":1,"weight":0},{"name":"tel_dial","count":1,"weight":0},{"name":"donutsichigo_s","count":1,"weight":0},{"name":"bolt_l","count":1,"weight":0},{"name":"gear_silver","count":1,"weight":0}],"gates":[]}],"content":null}