{"sublevels":[{"name":"Sublevel 1","properties":{"unit":"1_MAT_h446_metal.txt","max_rooms":2,"light":"normal_light_lv0.ini","music":"cavemetal_10_4.cnd","skybox":"none","corridor":0.2,"caps":50,"timer":0,"geyser":false,"clogged":false,"echo":0,"plane":false,"seesaw":false,"version":1,"max_entities":null,"max_trasures":null,"max_gates":null},"entities":[{"name":"Kochappy","count":1,"weight":0,"dead_end":false,"group":0,"treasure":"cookie","fall":""},{"name":"BlueKochappy","count":1,"weight":0,"dead_end":false,"group":0,"treasure":"cookie","fall":""},{"name":"KumaKochappy","count":1,"weight":0,"dead_end":false,"group":0,"treasure":"key","fall":""},{"name":"YellowKochappy","count":1,"weight":0,"dead_end":false,"group":0,"treasure":"cookie","fall":""},{"name":"Sokkuri","count":3,"weight":0,"dead_end":false,"group":0,"treasure":"flower_blue","fall":""},{"name":"UjiA","count":7,"weight":0,"dead_end":false,"group":0,"treasure":"kuri","fall":""}],"treasures":[],"gates":[]},{"name":"Sublevel 2","properties":{"unit":"1_units_a_conc.txt","max_rooms":3,"light":"normal_light_lv0.ini","music":"cavesoil_00_0.cnd","skybox":"none","corridor":0.2,"caps":50,"timer":0,"geyser":false,"clogged":false,"echo":0,"plane":false,"seesaw":false,"version":1,"max_entities":null,"max_trasures":null,"max_gates":null},"entities":[{"name":"Bomb","count":50,"weight":0,"dead_end":true,"group":0,"treasure":null,"fall":"$2"},{"name":"Baby","count":10,"weight":0,"dead_end":false,"group":0,"treasure":null,"fall":""},{"name":"Tank","count":2,"weight":0,"dead_end":false,"group":1,"treasure":"cookie_s_l","fall":""},{"name":"UjiB","count":8,"weight":0,"dead_end":false,"group":0,"treasure":"diamond_red","fall":""},{"name":"Wtank","count":2,"weight":0,"dead_end":false,"group":1,"treasure":"juji_key_fc","fall":""},{"name":"UmiMushiBlind","count":1,"weight":0,"dead_end":false,"group":0,"treasure":"key","fall":""}],"treasures":[],"gates":[]},{"name":"Sublevel 3","properties":{"unit":"1_MIYA_bunki_tile.txt","max_rooms":3,"light":"normal_light_lv0.ini","music":"caveconc_10_1.cnd","skybox":"none","corridor":0.2,"caps":10,"timer":0,"geyser":true,"clogged":false,"echo":0,"plane":false,"seesaw":false,"version":1,"max_entities":null,"max_trasures":null,"max_gates":null},"entities":[{"name":"ElecHiba","count":2,"weight":0,"dead_end":false,"group":0,"treasure":null,"fall":""},{"name":"Hiba","count":2,"weight":0,"dead_end":false,"group":1,"treasure":null,"fall":""},{"name":"GasHiba","count":2,"weight":0,"dead_end":false,"group":0,"treasure":null,"fall":""},{"name":"Rock","count":5,"weight":0,"dead_end":false,"group":0,"treasure":null,"fall":"$2"},{"name":"Rock","count":5,"weight":0,"dead_end":false,"group":1,"treasure":null,"fall":"$2"},{"name":"FireOtakara","count":1,"weight":0,"dead_end":false,"group":1,"treasure":"cookie","fall":""},{"name":"GasOtakara","count":1,"weight":0,"dead_end":false,"group":1,"treasure":"cookie","fall":""},{"name":"ElecOtakara","count":1,"weight":0,"dead_end":false,"group":0,"treasure":"cookie","fall":""},{"name":"WaterOtakara","count":1,"weight":0,"dead_end":false,"group":0,"treasure":"cookie","fall":""},{"name":"ElecBug","count":4,"weight":0,"dead_end":false,"group":0,"treasure":"cookie_s","fall":""},{"name":"ElecBug","count":4,"weight":0,"dead_end":false,"group":1,"treasure":"cookie_s","fall":""},{"name":"Tobi","count":6,"weight":0,"dead_end":false,"group":1,"treasure":"leaf_normal","fall":""},{"name":"Armor","count":1,"weight":0,"dead_end":false,"group":1,"treasure":"dia_b_green","fall":""},{"name":"Armor","count":1,"weight":0,"dead_end":false,"group":0,"treasure":"dia_b_green","fall":""},{"name":"GasOtakara","count":1,"weight":0,"dead_end":false,"group":0,"treasure":"key","fall":""}],"treasures":[],"gates":[]},{"name":"Sublevel 4","properties":{"unit":"1_ABE_manp_boss_conc.txt","max_rooms":1,"light":"normal_light_lv0.ini","music":"","skybox":"none","corridor":0.2,"caps":0,"timer":0,"geyser":false,"clogged":false,"echo":0,"plane":false,"seesaw":false,"version":1,"max_entities":null,"max_trasures":null,"max_gates":null},"entities":[{"name":"BigFoot","count":1,"weight":0,"dead_end":false,"group":0,"treasure":"key","fall":""},{"name":"Kochappy","count":4,"weight":0,"dead_end":false,"group":0,"treasure":"kuri","fall":""}],"treasures":[],"gates":[]}],"content":null}