{"sublevels":[{"name":"Sublevel 1 - Red Raiders","properties":{"unit":"all_units_metal.txt","max_rooms":4,"light":"metal_light_lv1.ini","music":"new_04_0.cnd","skybox":"build","corridor":120.0,"caps":40,"timer":0,"geyser":false,"clogged":false,"echo":0,"plane":false,"seesaw":false,"version":1,"max_entities":null,"max_trasures":null,"max_gates":null},"entities":[{"name":"FireChappy","count":1,"weight":0,"dead_end":false,"group":0,"treasure":"key","fall":""},{"name":"Tank","count":2,"weight":0,"dead_end":false,"group":0,"treasure":"teala_dia_a","fall":""},{"name":"Tank","count":2,"weight":0,"dead_end":false,"group":1,"treasure":"be_dama_red_l","fall":""},{"name":"FireOtakara","count":1,"weight":0,"dead_end":false,"group":5,"treasure":null,"fall":"$4"},{"name":"FireOtakara","count":1,"weight":0,"dead_end":false,"group":0,"treasure":null,"fall":"$4"},{"name":"FireOtakara","count":1,"weight":0,"dead_end":false,"group":1,"treasure":null,"fall":"$4"},{"name":"FireOtakara","count":10,"weight":0,"dead_end":false,"group":6,"treasure":null,"fall":"$4"},{"name":"Hiba","count":4,"weight":0,"dead_end":false,"group":5,"treasure":null,"fall":""},{"name":"RedPom","count":2,"weight":0,"dead_end":true,"group":0,"treasure":null,"fall":""},{"name":"RedPom","count":2,"weight":0,"dead_end":true,"group":0,"treasure":null,"fall":"$"},{"name":"DaiodoRed","count":20,"weight":0,"dead_end":false,"group":6,"treasure":null,"fall":""},{"name":"Rkabuto","count":1,"weight":0,"dead_end":false,"group":5,"treasure":"fire","fall":"$"}],"treasures":[{"name":"compact","count":1,"weight":0}],"gates":[]},{"name":"Sublevel 2 - A Hue of Blue","properties":{"unit":"2_units_north_pool_tile.txt","max_rooms":3,"light":"houdai_light.ini","music":"cavetile_00_0.cnd","skybox":"none","corridor":300.0,"caps":50,"timer":0,"geyser":false,"clogged":false,"echo":0,"plane":false,"seesaw":false,"version":1,"max_entities":null,"max_trasures":null,"max_gates":null},"entities":[{"name":"UmiMushiBlind","count":1,"weight":0,"dead_end":false,"group":1,"treasure":"key","fall":""},{"name":"WaterOtakara","count":1,"weight":0,"dead_end":false,"group":0,"treasure":null,"fall":"$4"},{"name":"WaterOtakara","count":1,"weight":0,"dead_end":false,"group":1,"treasure":null,"fall":"$4"},{"name":"WaterOtakara","count":1,"weight":0,"dead_end":false,"group":5,"treasure":null,"fall":"$4"},{"name":"WaterOtakara","count":10,"weight":0,"dead_end":false,"group":6,"treasure":null,"fall":"$4"},{"name":"Wtank","count":2,"weight":0,"dead_end":false,"group":0,"treasure":"be_dama_blue","fall":""},{"name":"Wtank","count":1,"weight":0,"dead_end":false,"group":1,"treasure":"be_dama_blue","fall":""},{"name":"Catfish","count":1,"weight":0,"dead_end":false,"group":0,"treasure":"diamond_blue_l","fall":""},{"name":"Frog","count":1,"weight":0,"dead_end":false,"group":5,"treasure":"water","fall":"$2"},{"name":"BluePom","count":2,"weight":0,"dead_end":true,"group":0,"treasure":null,"fall":""},{"name":"BluePom","count":1,"weight":0,"dead_end":false,"group":1,"treasure":null,"fall":"$"},{"name":"Tadpole","count":6,"weight":0,"dead_end":false,"group":5,"treasure":null,"fall":"$"},{"name":"BluePom","count":1,"weight":0,"dead_end":false,"group":5,"treasure":null,"fall":"$"}],"treasures":[{"name":"toy_dog","count":1,"weight":0}],"gates":[]},{"name":"Sublevel 3 - Purple Power","properties":{"unit":"all_units_kusachi.txt","max_rooms":4,"light":"kumomei_light_cha.ini","music":"new_03_0.cnd","skybox":"hiroba","corridor":5.0,"caps":50,"timer":0,"geyser":false,"clogged":false,"echo":0,"plane":true,"seesaw":false,"version":1,"max_entities":null,"max_trasures":null,"max_gates":null},"entities":[{"name":"OoPanModoki","count":1,"weight":0,"dead_end":false,"group":0,"treasure":"key","fall":""},{"name":"OoPanModoki","count":1,"weight":0,"dead_end":false,"group":1,"treasure":"toy_teala","fall":""},{"name":"PanModoki","count":1,"weight":0,"dead_end":false,"group":0,"treasure":"donguri","fall":""},{"name":"PanModoki","count":1,"weight":0,"dead_end":true,"group":0,"treasure":"donguri","fall":""},{"name":"PanModoki","count":1,"weight":0,"dead_end":false,"group":1,"treasure":"donguri_l","fall":""},{"name":"Wakame_s","count":20,"weight":0,"dead_end":false,"group":6,"treasure":null,"fall":""},{"name":"Clover","count":10,"weight":0,"dead_end":false,"group":6,"treasure":null,"fall":""},{"name":"UjiA","count":3,"weight":0,"dead_end":false,"group":5,"treasure":null,"fall":""},{"name":"UjiB","count":3,"weight":0,"dead_end":false,"group":5,"treasure":null,"fall":""},{"name":"Egg","count":1,"weight":0,"dead_end":false,"group":5,"treasure":null,"fall":"$"},{"name":"Egg","count":2,"weight":0,"dead_end":true,"group":0,"treasure":null,"fall":"$"},{"name":"Tobi","count":5,"weight":0,"dead_end":false,"group":5,"treasure":null,"fall":""},{"name":"Sokkuri","count":30,"weight":0,"dead_end":false,"group":6,"treasure":null,"fall":""},{"name":"Zenmai","count":2,"weight":0,"dead_end":false,"group":1,"treasure":null,"fall":""},{"name":"PanModoki","count":2,"weight":0,"dead_end":false,"group":5,"treasure":"momiji_normal","fall":""},{"name":"Baby","count":2,"weight":0,"dead_end":false,"group":0,"treasure":null,"fall":""}],"treasures":[{"name":"matu_bokkuri","count":1,"weight":0},{"name":"kinoko_tubu","count":1,"weight":0},{"name":"kinoko","count":1,"weight":0},{"name":"kinoko_doku","count":1,"weight":0}],"gates":[]}],"content":null}