{"sublevels":[{"name":"Sublevel 1 - starter 1","properties":{"unit":"2_MAT_ari_cent_metal.txt","max_rooms":2,"light":"key_light_lv1.ini","music":"cavemetal_10_0.cnd","skybox":"build","corridor":0.0,"caps":100,"timer":0,"geyser":false,"clogged":false,"echo":0,"plane":false,"seesaw":false,"version":1,"max_entities":null,"max_trasures":null,"max_gates":null},"entities":[{"name":"Fkabuto","count":1,"weight":0,"dead_end":false,"group":0,"treasure":"key","fall":""},{"name":"Tobi","count":3,"weight":0,"dead_end":false,"group":0,"treasure":"be_dama_yellow","fall":""},{"name":"Tank","count":1,"weight":0,"dead_end":false,"group":1,"treasure":"toy_ring_a_blue","fall":""},{"name":"Wtank","count":1,"weight":0,"dead_end":false,"group":1,"treasure":"castanets","fall":""},{"name":"PanModoki","count":1,"weight":0,"dead_end":false,"group":1,"treasure":"creap","fall":""},{"name":"ElecOtakara","count":3,"weight":0,"dead_end":false,"group":0,"treasure":"g_futa_hiruzen","fall":""},{"name":"DaiodoGreen","count":10,"weight":0,"dead_end":false,"group":6,"treasure":null,"fall":""},{"name":"UjiA","count":3,"weight":0,"dead_end":false,"group":1,"treasure":"toy_ring_b_green","fall":""}],"treasures":[{"name":"j_block_green","count":1,"weight":0},{"name":"chocowhite_l","count":1,"weight":0},{"name":"diamond_green","count":1,"weight":0},{"name":"badminton","count":1,"weight":0},{"name":"radar_b","count":1,"weight":0},{"name":"g_futa_hirosima","count":1,"weight":0},{"name":"chocoichigo_l","count":1,"weight":0}],"gates":[]},{"name":"Sublevel 2 - start the hazards 2","properties":{"unit":"4_MAT_mid2_nor4_ike1_sak2_tsuchi.txt","max_rooms":4,"light":"houdai_light.ini","music":"cavesoil_05_0.cnd","skybox":"none","corridor":0.08,"caps":75,"timer":0,"geyser":false,"clogged":false,"echo":0,"plane":false,"seesaw":false,"version":1,"max_entities":null,"max_trasures":null,"max_gates":null},"entities":[{"name":"FireChappy","count":1,"weight":0,"dead_end":false,"group":0,"treasure":"key","fall":""},{"name":"RandPom","count":1,"weight":0,"dead_end":true,"group":0,"treasure":null,"fall":"$"},{"name":"Egg","count":2,"weight":0,"dead_end":true,"group":0,"treasure":null,"fall":""},{"name":"PanModoki","count":1,"weight":0,"dead_end":false,"group":1,"treasure":"be_dama_yellow","fall":""},{"name":"Magaret","count":10,"weight":0,"dead_end":false,"group":6,"treasure":null,"fall":""},{"name":"Tank","count":3,"weight":0,"dead_end":false,"group":0,"treasure":"sinkukan","fall":""},{"name":"ElecOtakara","count":3,"weight":0,"dead_end":false,"group":0,"treasure":"bolt","fall":""},{"name":"Sarai","count":2,"weight":0,"dead_end":false,"group":1,"treasure":"chocoichigo","fall":""},{"name":"ElecHiba","count":2,"weight":0,"dead_end":false,"group":5,"treasure":null,"fall":""},{"name":"Ooinu_s","count":10,"weight":0,"dead_end":false,"group":6,"treasure":null,"fall":""},{"name":"UjiB","count":3,"weight":0,"dead_end":false,"group":1,"treasure":"chocolate","fall":""},{"name":"Hiba","count":4,"weight":0,"dead_end":false,"group":1,"treasure":null,"fall":""},{"name":"Tobi","count":3,"weight":0,"dead_end":false,"group":0,"treasure":"flower_red","fall":""},{"name":"LeafChappy","count":1,"weight":0,"dead_end":false,"group":1,"treasure":"be_dama_yellow_l","fall":""}],"treasures":[{"name":"locket","count":1,"weight":0},{"name":"be_dama_red","count":1,"weight":0},{"name":"g_futa_titiyas","count":1,"weight":0}],"gates":[]},{"name":"Sublevel 3 - toxic garden 3","properties":{"unit":"3_ABE_5X5a_ike_big_kusachi.txt","max_rooms":5,"light":"jyoou_light_lv2.ini","music":"new_07_0.cnd","skybox":"hiroba","corridor":0.08,"caps":75,"timer":0,"geyser":false,"clogged":false,"echo":0,"plane":true,"seesaw":false,"version":1,"max_entities":null,"max_trasures":null,"max_gates":null},"entities":[{"name":"KumaChappy","count":1,"weight":0,"dead_end":false,"group":0,"treasure":"key","fall":""},{"name":"RandPom","count":1,"weight":0,"dead_end":true,"group":0,"treasure":null,"fall":"$"},{"name":"WhitePom","count":2,"weight":0,"dead_end":true,"group":0,"treasure":null,"fall":"$"},{"name":"Egg","count":4,"weight":0,"dead_end":true,"group":0,"treasure":null,"fall":""},{"name":"Bomb","count":1,"weight":0,"dead_end":false,"group":5,"treasure":null,"fall":"$4"},{"name":"MiniHoudai","count":2,"weight":0,"dead_end":false,"group":1,"treasure":"whistle","fall":""},{"name":"Fart","count":2,"weight":0,"dead_end":false,"group":0,"treasure":"dashboots","fall":""},{"name":"KumaKochappy","count":6,"weight":0,"dead_end":false,"group":0,"treasure":"toy_ring_b_green","fall":""},{"name":"KumaKochappy","count":6,"weight":0,"dead_end":false,"group":1,"treasure":"toy_ring_b_red","fall":""},{"name":"ElecBug","count":5,"weight":0,"dead_end":false,"group":0,"treasure":"light_a","fall":""},{"name":"ElecBug","count":5,"weight":0,"dead_end":false,"group":1,"treasure":"toy_gentle","fall":""},{"name":"Clover","count":10,"weight":0,"dead_end":false,"group":6,"treasure":null,"fall":""},{"name":"Wakame_s","count":10,"weight":0,"dead_end":false,"group":6,"treasure":null,"fall":""},{"name":"GasHiba","count":10,"weight":0,"dead_end":false,"group":5,"treasure":null,"fall":""}],"treasures":[{"name":"juji_key_fc","count":1,"weight":0},{"name":"tape_yellow","count":1,"weight":0},{"name":"g_futa_sikoku","count":1,"weight":0},{"name":"donutschoco_s","count":1,"weight":0},{"name":"sinkukan_b","count":1,"weight":0},{"name":"teala_dia_b","count":1,"weight":0}],"gates":[]},{"name":"Sublevel 4 - waterwrath chase 4","properties":{"unit":"4_units_b_f_g_h_conc.txt","max_rooms":4,"light":"sirohana_light_lv0.ini","music":"caveconc_10_0.cnd","skybox":"none","corridor":0.07,"caps":75,"timer":40,"geyser":false,"clogged":false,"echo":0,"plane":false,"seesaw":false,"version":1,"max_entities":null,"max_trasures":null,"max_gates":null},"entities":[{"name":"BlackMan","count":1,"weight":0,"dead_end":false,"group":0,"treasure":"key","fall":""},{"name":"RandPom","count":1,"weight":0,"dead_end":true,"group":0,"treasure":null,"fall":"$"},{"name":"BlackPom","count":2,"weight":0,"dead_end":true,"group":0,"treasure":null,"fall":""},{"name":"BluePom","count":1,"weight":0,"dead_end":true,"group":0,"treasure":null,"fall":""},{"name":"Bomb","count":2,"weight":0,"dead_end":false,"group":5,"treasure":null,"fall":"$"},{"name":"Fkabuto","count":2,"weight":0,"dead_end":false,"group":0,"treasure":"whistle","fall":""},{"name":"Demon","count":2,"weight":0,"dead_end":false,"group":0,"treasure":"dia_b_red","fall":"$"},{"name":"BombSarai","count":3,"weight":0,"dead_end":false,"group":0,"treasure":"diamond_red_l","fall":""},{"name":"Wakame_s","count":10,"weight":0,"dead_end":false,"group":6,"treasure":null,"fall":""},{"name":"ElecHiba","count":5,"weight":0,"dead_end":false,"group":5,"treasure":null,"fall":""},{"name":"Mar","count":1,"weight":0,"dead_end":false,"group":1,"treasure":"gold_medal","fall":"$"},{"name":"OniKurage","count":1,"weight":0,"dead_end":false,"group":1,"treasure":"diamond_blue_l","fall":""},{"name":"Kurage","count":2,"weight":0,"dead_end":false,"group":0,"treasure":"leaf_normal","fall":""}],"treasures":[{"name":"kuri","count":1,"weight":0},{"name":"g_futa_titiyas","count":1,"weight":0},{"name":"castanets","count":1,"weight":0},{"name":"dia_c_green","count":1,"weight":0}],"gates":[{"word":"gate","health":5000,"weight":1},{"word":"gate","health":10000,"weight":1},{"word":"gate","health":7500,"weight":1}]},{"name":"Sublevel 5 - bath time 5","properties":{"unit":"3_units_north_ud_pool_tile.txt","max_rooms":4,"light":"normal_light_cha.ini","music":"new_01_0.cnd","skybox":"none","corridor":0.07,"caps":75,"timer":0,"geyser":false,"clogged":false,"echo":0,"plane":false,"seesaw":false,"version":1,"max_entities":null,"max_trasures":null,"max_gates":null},"entities":[{"name":"Mar","count":1,"weight":0,"dead_end":false,"group":0,"treasure":"key","fall":""},{"name":"RandPom","count":1,"weight":0,"dead_end":true,"group":0,"treasure":null,"fall":"$"},{"name":"LeafChappy","count":1,"weight":0,"dead_end":false,"group":0,"treasure":"j_block_white","fall":""},{"name":"OniKurage","count":1,"weight":0,"dead_end":false,"group":5,"treasure":"gold_medal","fall":"$4"},{"name":"Tank","count":4,"weight":0,"dead_end":false,"group":0,"treasure":"silver_medal","fall":""},{"name":"Jigumo","count":2,"weight":0,"dead_end":false,"group":0,"treasure":"milk_cap","fall":""},{"name":"UmiMushiBlind","count":3,"weight":0,"dead_end":false,"group":1,"treasure":"be_dama_red_l","fall":""},{"name":"MaroFrog","count":3,"weight":0,"dead_end":false,"group":0,"treasure":"chocoichigo_l","fall":""},{"name":"Frog","count":3,"weight":0,"dead_end":false,"group":0,"treasure":"compact","fall":""},{"name":"OoPanModoki","count":1,"weight":0,"dead_end":false,"group":1,"treasure":"fire","fall":""},{"name":"Demon","count":2,"weight":0,"dead_end":false,"group":0,"treasure":"j_block_yellow","fall":""},{"name":"BombSarai","count":2,"weight":0,"dead_end":false,"group":0,"treasure":"g_futa_sakotani","fall":""}],"treasures":[{"name":"gear","count":1,"weight":0},{"name":"gum_tape_s","count":1,"weight":0},{"name":"milk_cap","count":1,"weight":0},{"name":"ahiru","count":1,"weight":0},{"name":"sinkukan","count":1,"weight":0}],"gates":[]},{"name":"Sublevel 6 - boss 6","properties":{"unit":"1_units_otakara_tile.txt","max_rooms":1,"light":"metal_light_cha.ini","music":"","skybox":"none","corridor":0.2,"caps":75,"timer":0,"geyser":false,"clogged":false,"echo":0,"plane":false,"seesaw":false,"version":1,"max_entities":null,"max_trasures":null,"max_gates":null},"entities":[{"name":"BigTreasure","count":1,"weight":0,"dead_end":false,"group":1,"treasure":"key","fall":""},{"name":"LeafChappy","count":1,"weight":0,"dead_end":false,"group":0,"treasure":"ichigo","fall":""},{"name":"Tobi","count":6,"weight":0,"dead_end":false,"group":0,"treasure":"denchi_3_red","fall":""}],"treasures":[],"gates":[]}],"content":null}