{"sublevels":[{"name":"Sublevel 1","properties":{"unit":"1_MIYA_big_kusachi.txt","max_rooms":5,"light":"suityu_light_lv4.ini","music":"new_05_0.cnd","skybox":"hiroba","corridor":0.12,"caps":50,"timer":0,"geyser":true,"clogged":false,"echo":0,"plane":true,"seesaw":false,"version":1,"max_entities":null,"max_trasures":null,"max_gates":null},"entities":[{"name":"HikariKinoko","count":13,"weight":0,"dead_end":false,"group":6,"treasure":null,"fall":""},{"name":"Hiba","count":4,"weight":0,"dead_end":false,"group":5,"treasure":null,"fall":""},{"name":"PanModoki","count":2,"weight":0,"dead_end":false,"group":1,"treasure":null,"fall":""},{"name":"Kochappy","count":3,"weight":0,"dead_end":false,"group":0,"treasure":null,"fall":""},{"name":"Fkabuto","count":1,"weight":0,"dead_end":false,"group":8,"treasure":null,"fall":""},{"name":"Damagumo","count":1,"weight":0,"dead_end":false,"group":1,"treasure":null,"fall":""},{"name":"RedPom","count":5,"weight":0,"dead_end":false,"group":1,"treasure":null,"fall":""},{"name":"Miulin","count":1,"weight":0,"dead_end":false,"group":0,"treasure":"key","fall":""},{"name":"Wealthy","count":1,"weight":0,"dead_end":false,"group":0,"treasure":"ahiru","fall":""}],"treasures":[{"name":"ichigo","count":1,"weight":0},{"name":"yoyo_blue","count":1,"weight":0},{"name":"diamond_red","count":1,"weight":0},{"name":"kan_maruha","count":1,"weight":0}],"gates":[{"word":"gate","health":100,"weight":1},{"word":"gate","health":100,"weight":1},{"word":"gate","health":100,"weight":1}]}],"content":null}