{"sublevels":[{"name":"Sublevel 1 - Sublevel1Dirt","properties":{"unit":"3_MAT_hit2_blk1_nor4_tsuchi.txt","max_rooms":3,"light":"kusachi_light_cha.ini","music":"cavesoil_00_0.cnd","skybox":"none","corridor":0.12,"caps":50,"timer":0,"geyser":false,"clogged":false,"echo":0,"plane":false,"seesaw":false,"version":1,"max_entities":null,"max_trasures":null,"max_gates":null},"entities":[{"name":"Kochappy","count":14,"weight":0,"dead_end":false,"group":0,"treasure":"be_dama_blue","fall":""},{"name":"Armor","count":4,"weight":0,"dead_end":false,"group":1,"treasure":"tape_yellow","fall":""},{"name":"MaroFrog","count":1,"weight":0,"dead_end":false,"group":1,"treasure":"key","fall":""},{"name":"Ooinu_s","count":2,"weight":0,"dead_end":false,"group":6,"treasure":null,"fall":""},{"name":"Zenmai","count":2,"weight":0,"dead_end":false,"group":6,"treasure":null,"fall":""}],"treasures":[{"name":"turi_uki","count":2,"weight":0},{"name":"cookie_s","count":1,"weight":0},{"name":"chocoichigo","count":1,"weight":0}],"gates":[{"word":"gate","health":1200,"weight":1},{"word":"gate","health":1200,"weight":1}]},{"name":"Sublevel 2 - Sublevel2MiniDirt","properties":{"unit":"2_units_cent_mid1_tsuchi.txt","max_rooms":2,"light":"normal_light_lv2.ini","music":"cavesoil_05_0.cnd","skybox":"none","corridor":0.12,"caps":50,"timer":0,"geyser":false,"clogged":false,"echo":0,"plane":false,"seesaw":false,"version":1,"max_entities":null,"max_trasures":null,"max_gates":null},"entities":[{"name":"Chappy","count":1,"weight":0,"dead_end":false,"group":0,"treasure":"key","fall":""},{"name":"Chappy","count":1,"weight":0,"dead_end":false,"group":0,"treasure":"juji_key_fc","fall":""},{"name":"UjiB","count":7,"weight":0,"dead_end":false,"group":1,"treasure":"dia_b_blue","fall":""}],"treasures":[{"name":"g_futa_hirosima","count":1,"weight":0},{"name":"whistle","count":1,"weight":0}],"gates":[{"word":"gate","health":1200,"weight":1}]},{"name":"Sublevel 3 - Sublevel3Tile","properties":{"unit":"2_ABE_d_dry_tile.txt","max_rooms":4,"light":"normal_light_lv1.ini","music":"cavetile_00_0.cnd","skybox":"none","corridor":0.14,"caps":50,"timer":0,"geyser":false,"clogged":false,"echo":0,"plane":false,"seesaw":false,"version":1,"max_entities":null,"max_trasures":null,"max_gates":null},"entities":[{"name":"Kabuto","count":1,"weight":0,"dead_end":false,"group":0,"treasure":"key","fall":""},{"name":"Kabuto","count":1,"weight":0,"dead_end":false,"group":0,"treasure":"futa_a_gold","fall":""},{"name":"Kabuto","count":1,"weight":0,"dead_end":false,"group":0,"treasure":"toy_cat","fall":""},{"name":"UmiMushiBlind","count":1,"weight":0,"dead_end":false,"group":1,"treasure":"ichigo","fall":""},{"name":"BlueKochappy","count":18,"weight":0,"dead_end":false,"group":1,"treasure":"be_dama_yellow","fall":""}],"treasures":[{"name":"chocolate_l","count":1,"weight":0},{"name":"medama_yaki","count":1,"weight":0},{"name":"g_futa_kyusyu","count":1,"weight":0}],"gates":[{"word":"gate","health":1200,"weight":1},{"word":"gate","health":1200,"weight":1},{"word":"gate","health":1200,"weight":1},{"word":"gate","health":1200,"weight":1},{"word":"gate","health":1200,"weight":1}]}],"content":null}