{"sublevels":[{"name":"Sublevel 1","properties":{"unit":"1_MAT_cent2_tsuchi.txt","max_rooms":10,"light":"normal_light_lv0.ini","music":"caveconc_00_0.cnd","skybox":"none","corridor":0.12,"caps":50,"timer":0,"geyser":false,"clogged":true,"echo":0,"plane":false,"seesaw":false,"version":1,"max_entities":null,"max_trasures":null,"max_gates":null},"entities":[{"name":"PanModoki","count":1,"weight":0,"dead_end":false,"group":0,"treasure":"baum_kuchen","fall":""},{"name":"PanModoki","count":1,"weight":0,"dead_end":false,"group":0,"treasure":"chocoichigo","fall":""},{"name":"PanModoki","count":1,"weight":0,"dead_end":false,"group":0,"treasure":"flower_red","fall":""},{"name":"PanModoki","count":1,"weight":0,"dead_end":false,"group":0,"treasure":null,"fall":""}],"treasures":[{"name":"cookie","count":1,"weight":0},{"name":"chocolate_l","count":1,"weight":0},{"name":"cookie_m_l","count":1,"weight":0},{"name":"dia_b_green","count":1,"weight":0},{"name":"tape_yellow","count":1,"weight":0},{"name":"key","count":1,"weight":0}],"gates":[{"word":"gate","health":5000,"weight":1}]},{"name":"Sublevel 2","properties":{"unit":"1_ABE_king_tsuchi.txt","max_rooms":12,"light":"normal_light_lv0.ini","music":"caveconc_00_0.cnd","skybox":"none","corridor":0.12,"caps":50,"timer":0,"geyser":false,"clogged":false,"echo":0,"plane":false,"seesaw":false,"version":1,"max_entities":null,"max_trasures":null,"max_gates":null},"entities":[{"name":"PanModoki","count":2,"weight":0,"dead_end":false,"group":0,"treasure":null,"fall":""},{"name":"PanModoki","count":1,"weight":0,"dead_end":false,"group":0,"treasure":"flower_red","fall":""},{"name":"PanModoki","count":1,"weight":0,"dead_end":false,"group":0,"treasure":"chocoichigo","fall":""},{"name":"PanModoki","count":1,"weight":0,"dead_end":false,"group":0,"treasure":"key","fall":""}],"treasures":[],"gates":[]},{"name":"Sublevel 3","properties":{"unit":"1_units_DKumo_conc.txt","max_rooms":1,"light":"normal_light_lv0.ini","music":"caveconc_00_0.cnd","skybox":"none","corridor":0.12,"caps":50,"timer":0,"geyser":false,"clogged":false,"echo":0,"plane":false,"seesaw":false,"version":1,"max_entities":null,"max_trasures":null,"max_gates":null},"entities":[{"name":"Damagumo","count":1,"weight":0,"dead_end":false,"group":0,"treasure":"key","fall":""},{"name":"Wealthy","count":1,"weight":0,"dead_end":false,"group":0,"treasure":null,"fall":""}],"treasures":[],"gates":[]},{"name":"Sublevel 4","properties":{"unit":"1_units_white_metal.txt","max_rooms":1,"light":"normal_light_lv0.ini","music":"caveconc_00_1.cnd","skybox":"none","corridor":0.12,"caps":50,"timer":0,"geyser":false,"clogged":false,"echo":0,"plane":false,"seesaw":false,"version":1,"max_entities":null,"max_trasures":null,"max_gates":null},"entities":[{"name":"PanModoki","count":2,"weight":0,"dead_end":false,"group":0,"treasure":null,"fall":""},{"name":"PanModoki","count":1,"weight":0,"dead_end":false,"group":0,"treasure":"donutsichigo","fall":""},{"name":"PanModoki","count":1,"weight":0,"dead_end":false,"group":0,"treasure":"momiji_kare","fall":""},{"name":"OoPanModoki","count":1,"weight":0,"dead_end":false,"group":0,"treasure":"key","fall":""},{"name":"BlackPom","count":2,"weight":0,"dead_end":true,"group":0,"treasure":null,"fall":""}],"treasures":[],"gates":[]}],"content":null}