{"sublevels":[{"name":"Sublevel 1 - made by:","properties":{"unit":"2_MAT_tak22_nor22_tile.txt","max_rooms":5,"light":"pikkolimelemon.ini","music":"caveconc_00_0.cnd","skybox":"none","corridor":0.5,"caps":50,"timer":0,"geyser":false,"clogged":false,"echo":0,"plane":false,"seesaw":false,"version":1,"max_entities":15,"max_trasures":null,"max_gates":null},"entities":[{"name":"ElecHiba","count":5,"weight":0,"dead_end":false,"group":5,"treasure":null,"fall":""},{"name":"Tadpole","count":8,"weight":0,"dead_end":false,"group":1,"treasure":"be_dama_blue","fall":"$"},{"name":"Frog","count":1,"weight":0,"dead_end":false,"group":0,"treasure":"key","fall":""},{"name":"MaroFrog","count":1,"weight":0,"dead_end":false,"group":0,"treasure":"diamond_red","fall":""},{"name":"WhitePom","count":1,"weight":0,"dead_end":true,"group":0,"treasure":null,"fall":""}],"treasures":[{"name":"cookie_s","count":1,"weight":0},{"name":"flask","count":1,"weight":0}],"gates":[{"word":"gate","health":500,"weight":1},{"word":"gate","health":1000,"weight":1}]},{"name":"Sublevel 2 - pikko","properties":{"unit":"2_units_north_pool_tile.txt","max_rooms":3,"light":"pikkopoison.ini","music":"caveconc_00_0.cnd","skybox":"none","corridor":0.2,"caps":50,"timer":0,"geyser":false,"clogged":false,"echo":0,"plane":false,"seesaw":false,"version":1,"max_entities":12,"max_trasures":null,"max_gates":null},"entities":[{"name":"GasOtakara","count":8,"weight":0,"dead_end":false,"group":1,"treasure":"be_dama_red","fall":""},{"name":"UmiMushiBlind","count":1,"weight":0,"dead_end":false,"group":0,"treasure":"key","fall":""},{"name":"GasHiba","count":3,"weight":0,"dead_end":false,"group":5,"treasure":null,"fall":""},{"name":"WhitePom","count":1,"weight":0,"dead_end":true,"group":0,"treasure":null,"fall":""}],"treasures":[{"name":"g_futa_kyodo","count":1,"weight":0},{"name":"g_futa_kyusyu","count":1,"weight":0}],"gates":[]},{"name":"Sublevel 3 - cc contest submission 2018","properties":{"unit":"1_units_bunki_tile.txt","max_rooms":1,"light":"pikkorose.ini","music":"caveconc_00_0.cnd","skybox":"none","corridor":0.7,"caps":100,"timer":0,"geyser":false,"clogged":false,"echo":0,"plane":false,"seesaw":false,"version":1,"max_entities":7,"max_trasures":null,"max_gates":null},"entities":[{"name":"UmiMushi","count":1,"weight":0,"dead_end":false,"group":1,"treasure":"key","fall":""},{"name":"MiniHoudai","count":1,"weight":0,"dead_end":false,"group":0,"treasure":"doll","fall":""},{"name":"Egg","count":5,"weight":0,"dead_end":false,"group":0,"treasure":null,"fall":""}],"treasures":[{"name":"dia_a_blue","count":1,"weight":0},{"name":"leaf_kare","count":1,"weight":0},{"name":"uji_jisyaku","count":1,"weight":0}],"gates":[]},{"name":"Sublevel 4 - cave name: idk","properties":{"unit":"4_units_a_d_f_l_tile.txt","max_rooms":3,"light":"pikkoorange.ini","music":"caveconc_00_0.cnd","skybox":"none","corridor":0.2,"caps":50,"timer":0,"geyser":false,"clogged":false,"echo":0,"plane":false,"seesaw":false,"version":1,"max_entities":16,"max_trasures":null,"max_gates":null},"entities":[{"name":"Catfish","count":5,"weight":0,"dead_end":false,"group":1,"treasure":"teala_dia_b","fall":""},{"name":"Wtank","count":2,"weight":0,"dead_end":false,"group":0,"treasure":"be_dama_blue_l","fall":""},{"name":"Kabuto","count":1,"weight":0,"dead_end":false,"group":1,"treasure":"key","fall":""},{"name":"WaterOtakara","count":8,"weight":0,"dead_end":false,"group":1,"treasure":"cookie_u","fall":""},{"name":"GasHiba","count":3,"weight":0,"dead_end":false,"group":5,"treasure":null,"fall":""},{"name":"WhitePom","count":1,"weight":0,"dead_end":true,"group":0,"treasure":null,"fall":""}],"treasures":[{"name":"bell","count":1,"weight":0},{"name":"be_dama_yellow_l","count":1,"weight":0},{"name":"castanets","count":1,"weight":0}],"gates":[]},{"name":"Sublevel 5 - https://imgur.com/9NZ04K0","properties":{"unit":"1_units_houdai_metal.txt","max_rooms":1,"light":"pikkobooger.ini","music":"","skybox":"test","corridor":0.2,"caps":50,"timer":0,"geyser":true,"clogged":false,"echo":0,"plane":false,"seesaw":false,"version":1,"max_entities":1,"max_trasures":null,"max_gates":null},"entities":[{"name":"Houdai","count":1,"weight":0,"dead_end":false,"group":8,"treasure":"key","fall":""},{"name":"DaiodoGreen","count":2,"weight":0,"dead_end":false,"group":6,"treasure":null,"fall":""},{"name":"DaiodoRed","count":2,"weight":0,"dead_end":false,"group":6,"treasure":null,"fall":""}],"treasures":[],"gates":[]}],"content":null}