{"sublevels":[{"name":"Sublevel 1","properties":{"unit":"4_units_cent_north_mid1_mid2_tsuchi.txt","max_rooms":4,"light":"bluefog00.ini","music":"caveconc_00_0.cnd","skybox":"none","corridor":0.1,"caps":29,"timer":0,"geyser":false,"clogged":false,"echo":0,"plane":false,"seesaw":false,"version":1,"max_entities":32,"max_trasures":null,"max_gates":null},"entities":[{"name":"Armor","count":1,"weight":0,"dead_end":false,"group":0,"treasure":"haniwa","fall":""},{"name":"Tobi","count":4,"weight":0,"dead_end":false,"group":1,"treasure":null,"fall":""},{"name":"Kochappy","count":3,"weight":0,"dead_end":false,"group":0,"treasure":null,"fall":""},{"name":"Kochappy","count":3,"weight":0,"dead_end":false,"group":0,"treasure":null,"fall":""},{"name":"Chappy","count":1,"weight":0,"dead_end":false,"group":0,"treasure":null,"fall":""},{"name":"Tobi","count":4,"weight":0,"dead_end":false,"group":0,"treasure":null,"fall":""},{"name":"Armor","count":1,"weight":0,"dead_end":false,"group":1,"treasure":"key","fall":""},{"name":"UjiA","count":5,"weight":0,"dead_end":false,"group":1,"treasure":null,"fall":""},{"name":"UjiA","count":5,"weight":0,"dead_end":false,"group":0,"treasure":null,"fall":""},{"name":"Hiba","count":3,"weight":0,"dead_end":false,"group":5,"treasure":null,"fall":""},{"name":"Rock","count":1000,"weight":0,"dead_end":false,"group":6,"treasure":"dia_a_blue","fall":"$2"}],"treasures":[{"name":"momiji_normal","count":1,"weight":0}],"gates":[]},{"name":"Sublevel 2","properties":{"unit":"3_units_cent_mid2_north_tsuchi.txt","max_rooms":3,"light":"bluefog00.ini","music":"caveconc_00_0.cnd","skybox":"none","corridor":0.235,"caps":30,"timer":0,"geyser":false,"clogged":false,"echo":0,"plane":false,"seesaw":false,"version":1,"max_entities":16,"max_trasures":null,"max_gates":null},"entities":[{"name":"Chappy","count":1,"weight":0,"dead_end":false,"group":0,"treasure":"g_futa_sakotani","fall":""},{"name":"Wakame_l","count":10,"weight":0,"dead_end":false,"group":6,"treasure":null,"fall":""},{"name":"UjiB","count":1,"weight":7,"dead_end":false,"group":0,"treasure":null,"fall":""},{"name":"UjiB","count":4,"weight":0,"dead_end":false,"group":1,"treasure":null,"fall":""},{"name":"Sokkuri","count":1,"weight":0,"dead_end":false,"group":0,"treasure":null,"fall":""},{"name":"Sokkuri","count":1,"weight":0,"dead_end":false,"group":0,"treasure":null,"fall":""},{"name":"Chappy","count":1,"weight":0,"dead_end":false,"group":1,"treasure":null,"fall":""},{"name":"Armor","count":1,"weight":0,"dead_end":false,"group":1,"treasure":null,"fall":""},{"name":"Armor","count":1,"weight":0,"dead_end":false,"group":1,"treasure":null,"fall":""},{"name":"Egg","count":1,"weight":0,"dead_end":true,"group":0,"treasure":null,"fall":""},{"name":"Egg","count":1,"weight":0,"dead_end":true,"group":0,"treasure":null,"fall":""},{"name":"Houdai","count":1,"weight":0,"dead_end":false,"group":5,"treasure":"key","fall":""},{"name":"Houdai","count":1,"weight":0,"dead_end":false,"group":5,"treasure":"yoyo_yellow","fall":""}],"treasures":[],"gates":[{"word":"gate","health":3100,"weight":1},{"word":"gate","health":3100,"weight":1}]},{"name":"Sublevel 3","properties":{"unit":"1_units_cent_tsuchi.txt","max_rooms":1,"light":"bluefog00.ini","music":"caveconc_00_0.cnd","skybox":"none","corridor":0.0,"caps":15,"timer":0,"geyser":false,"clogged":true,"echo":0,"plane":false,"seesaw":false,"version":1,"max_entities":6,"max_trasures":null,"max_gates":null},"entities":[{"name":"WhitePom","count":1,"weight":0,"dead_end":false,"group":8,"treasure":null,"fall":""},{"name":"Egg","count":1,"weight":0,"dead_end":false,"group":1,"treasure":null,"fall":""},{"name":"Egg","count":1,"weight":0,"dead_end":false,"group":1,"treasure":null,"fall":""},{"name":"Clover","count":10,"weight":0,"dead_end":false,"group":6,"treasure":null,"fall":""},{"name":"Wakame_s","count":10,"weight":0,"dead_end":false,"group":6,"treasure":null,"fall":""},{"name":"GasHiba","count":1,"weight":0,"dead_end":false,"group":0,"treasure":null,"fall":""},{"name":"BlackPom","count":1,"weight":0,"dead_end":true,"group":0,"treasure":null,"fall":""},{"name":"BlackPom","count":1,"weight":0,"dead_end":true,"group":0,"treasure":null,"fall":""}],"treasures":[{"name":"key","count":1,"weight":0},{"name":"bane_yellow","count":1,"weight":0}],"gates":[]},{"name":"Sublevel 4","properties":{"unit":"units_test_tsuchi.txt","max_rooms":4,"light":"bluefog00.ini","music":"caveconc_00_0.cnd","skybox":"none","corridor":0.03,"caps":20,"timer":0,"geyser":false,"clogged":false,"echo":0,"plane":false,"seesaw":false,"version":1,"max_entities":15,"max_trasures":null,"max_gates":null},"entities":[{"name":"Hana","count":1,"weight":0,"dead_end":false,"group":0,"treasure":"be_dama_red_l","fall":""},{"name":"Chappy","count":1,"weight":0,"dead_end":false,"group":0,"treasure":null,"fall":""},{"name":"Chappy","count":1,"weight":0,"dead_end":false,"group":0,"treasure":null,"fall":""},{"name":"Wakame_s","count":10,"weight":0,"dead_end":false,"group":6,"treasure":null,"fall":""},{"name":"Wakame_s","count":10,"weight":0,"dead_end":false,"group":6,"treasure":null,"fall":""},{"name":"Chiyogami","count":1,"weight":0,"dead_end":false,"group":1,"treasure":null,"fall":""},{"name":"Hiba","count":4,"weight":0,"dead_end":false,"group":5,"treasure":null,"fall":""},{"name":"GasHiba","count":3,"weight":0,"dead_end":false,"group":5,"treasure":null,"fall":""},{"name":"Sokkuri","count":2,"weight":0,"dead_end":false,"group":0,"treasure":null,"fall":""},{"name":"Sokkuri","count":2,"weight":0,"dead_end":false,"group":1,"treasure":null,"fall":""},{"name":"UjiB","count":2,"weight":5,"dead_end":false,"group":0,"treasure":null,"fall":""},{"name":"UjiB","count":2,"weight":5,"dead_end":false,"group":1,"treasure":null,"fall":""},{"name":"Hana","count":1,"weight":0,"dead_end":false,"group":0,"treasure":null,"fall":""},{"name":"Hana","count":1,"weight":0,"dead_end":false,"group":0,"treasure":null,"fall":""},{"name":"Hana","count":1,"weight":0,"dead_end":false,"group":1,"treasure":"key","fall":""},{"name":"Hana","count":1,"weight":0,"dead_end":false,"group":1,"treasure":null,"fall":""},{"name":"Magaret","count":10,"weight":0,"dead_end":false,"group":6,"treasure":null,"fall":""},{"name":"Egg","count":3,"weight":0,"dead_end":true,"group":0,"treasure":null,"fall":""},{"name":"Sarai","count":10,"weight":0,"dead_end":false,"group":0,"treasure":"robot_head","fall":""}],"treasures":[],"gates":[{"word":"gate","health":5000,"weight":1}]},{"name":"Sublevel 5","properties":{"unit":"E3_units_tsuchi.txt","max_rooms":5,"light":"bluefog00.ini","music":"caveconc_00_0.cnd","skybox":"none","corridor":0.005,"caps":15,"timer":0,"geyser":false,"clogged":false,"echo":0,"plane":false,"seesaw":false,"version":1,"max_entities":20,"max_trasures":null,"max_gates":null},"entities":[{"name":"Chappy","count":1,"weight":0,"dead_end":false,"group":8,"treasure":"j_block_yellow","fall":""},{"name":"Chappy","count":1,"weight":0,"dead_end":false,"group":0,"treasure":null,"fall":""},{"name":"Chappy","count":1,"weight":0,"dead_end":false,"group":1,"treasure":null,"fall":""},{"name":"UjiB","count":5,"weight":0,"dead_end":false,"group":0,"treasure":null,"fall":""},{"name":"Sokkuri","count":1,"weight":0,"dead_end":false,"group":1,"treasure":"key","fall":""},{"name":"Tobi","count":3,"weight":3,"dead_end":false,"group":1,"treasure":null,"fall":""},{"name":"Tobi","count":3,"weight":6,"dead_end":false,"group":1,"treasure":null,"fall":""},{"name":"Sokkuri","count":1,"weight":0,"dead_end":false,"group":0,"treasure":null,"fall":""},{"name":"Sokkuri","count":1,"weight":0,"dead_end":false,"group":0,"treasure":null,"fall":""},{"name":"Sokkuri","count":1,"weight":0,"dead_end":false,"group":0,"treasure":null,"fall":""},{"name":"Wakame_s","count":10,"weight":0,"dead_end":false,"group":6,"treasure":null,"fall":""},{"name":"Wakame_l","count":10,"weight":0,"dead_end":false,"group":6,"treasure":null,"fall":""},{"name":"Kochappy","count":3,"weight":0,"dead_end":false,"group":0,"treasure":null,"fall":""},{"name":"Kochappy","count":3,"weight":0,"dead_end":false,"group":1,"treasure":null,"fall":""},{"name":"GasHiba","count":0,"weight":0,"dead_end":false,"group":5,"treasure":null,"fall":""},{"name":"Egg","count":2,"weight":0,"dead_end":true,"group":0,"treasure":null,"fall":""},{"name":"SnakeWhole","count":5,"weight":0,"dead_end":false,"group":0,"treasure":null,"fall":""},{"name":"SnakeWhole","count":5,"weight":0,"dead_end":false,"group":1,"treasure":null,"fall":""}],"treasures":[{"name":"matu_bokkuri","count":1,"weight":0}],"gates":[]},{"name":"Sublevel 6","properties":{"unit":"1_ABE_mid1_boss_tsuchi.txt","max_rooms":1,"light":"bluefog00.ini","music":"","skybox":"none","corridor":0.125,"caps":50,"timer":0,"geyser":false,"clogged":false,"echo":0,"plane":false,"seesaw":false,"version":1,"max_entities":4,"max_trasures":null,"max_gates":null},"entities":[{"name":"Damagumo","count":1,"weight":0,"dead_end":false,"group":8,"treasure":"radar_b","fall":""},{"name":"Wakame_s","count":10,"weight":0,"dead_end":false,"group":6,"treasure":null,"fall":""},{"name":"Wakame_l","count":10,"weight":0,"dead_end":false,"group":6,"treasure":null,"fall":""},{"name":"Egg","count":0,"weight":1,"dead_end":true,"group":0,"treasure":null,"fall":""},{"name":"Egg","count":0,"weight":1,"dead_end":true,"group":0,"treasure":null,"fall":""},{"name":"Fart","count":1,"weight":0,"dead_end":false,"group":1,"treasure":"key","fall":""},{"name":"Fart","count":1,"weight":0,"dead_end":false,"group":1,"treasure":"key","fall":""},{"name":"Fart","count":1,"weight":0,"dead_end":false,"group":1,"treasure":"key","fall":""},{"name":"Fart","count":1,"weight":0,"dead_end":false,"group":1,"treasure":"key","fall":""},{"name":"Fart","count":1,"weight":0,"dead_end":false,"group":1,"treasure":"key","fall":""},{"name":"Fart","count":1,"weight":0,"dead_end":false,"group":1,"treasure":"key","fall":""},{"name":"Fart","count":1,"weight":0,"dead_end":false,"group":1,"treasure":"key","fall":""},{"name":"Fart","count":1,"weight":0,"dead_end":false,"group":1,"treasure":"key","fall":""}],"treasures":[],"gates":[]}],"content":null}