{"sublevels":[{"name":"Sublevel 1 - Template","properties":{"unit":"1_unit_16x17r_conc.txt","max_rooms":1,"light":"forest_3_light.ini","music":"cavesoil_05_0.cnd","skybox":"none","corridor":0.0,"caps":50,"timer":0,"geyser":false,"clogged":false,"echo":0,"plane":false,"seesaw":false,"version":1,"max_entities":null,"max_trasures":null,"max_gates":null},"entities":[{"name":"ElecOtakara","count":1,"weight":0,"dead_end":false,"group":0,"treasure":"be_dama_blue","fall":""},{"name":"WaterOtakara","count":1,"weight":0,"dead_end":false,"group":1,"treasure":"be_dama_blue","fall":""},{"name":"Tank","count":1,"weight":0,"dead_end":false,"group":0,"treasure":"be_dama_blue","fall":""},{"name":"Demon","count":1,"weight":0,"dead_end":false,"group":1,"treasure":"be_dama_blue","fall":""},{"name":"Kogane","count":1,"weight":0,"dead_end":false,"group":0,"treasure":"be_dama_blue","fall":""},{"name":"Frog","count":1,"weight":0,"dead_end":false,"group":1,"treasure":"be_dama_blue","fall":""},{"name":"Fkabuto","count":1,"weight":0,"dead_end":false,"group":0,"treasure":"be_dama_blue","fall":""},{"name":"Magaret","count":30,"weight":0,"dead_end":false,"group":6,"treasure":null,"fall":""},{"name":"Rkabuto","count":1,"weight":0,"dead_end":false,"group":1,"treasure":"be_dama_blue","fall":""}],"treasures":[{"name":"key","count":1,"weight":0}],"gates":[]},{"name":"Sublevel 2 - Fwoom","properties":{"unit":"1_unit_16x17r_conc.txt","max_rooms":1,"light":"forest_3_light.ini","music":"cavesoil_05_1.cnd","skybox":"none","corridor":0.0,"caps":50,"timer":0,"geyser":false,"clogged":false,"echo":0,"plane":false,"seesaw":false,"version":1,"max_entities":null,"max_trasures":null,"max_gates":null},"entities":[{"name":"Magaret","count":30,"weight":0,"dead_end":false,"group":6,"treasure":null,"fall":""},{"name":"ElecOtakara","count":1,"weight":0,"dead_end":false,"group":0,"treasure":"be_dama_red_l","fall":""},{"name":"WaterOtakara","count":1,"weight":0,"dead_end":false,"group":1,"treasure":"be_dama_red_l","fall":""},{"name":"Tank","count":1,"weight":0,"dead_end":false,"group":0,"treasure":"be_dama_red_l","fall":""},{"name":"Demon","count":1,"weight":0,"dead_end":false,"group":1,"treasure":"be_dama_red_l","fall":""},{"name":"Kogane","count":1,"weight":0,"dead_end":false,"group":0,"treasure":"be_dama_red_l","fall":""},{"name":"Frog","count":1,"weight":0,"dead_end":false,"group":1,"treasure":"be_dama_red_l","fall":""},{"name":"Fkabuto","count":1,"weight":0,"dead_end":false,"group":0,"treasure":"be_dama_red_l","fall":""},{"name":"Kabuto","count":1,"weight":0,"dead_end":false,"group":1,"treasure":"key","fall":""}],"treasures":[],"gates":[]},{"name":"Sublevel 3 - Lil Shploom","properties":{"unit":"1_unit_16x17r_conc.txt","max_rooms":1,"light":"forest_3_light.ini","music":"cavesoil_05_3.cnd","skybox":"none","corridor":0.0,"caps":50,"timer":0,"geyser":false,"clogged":false,"echo":0,"plane":false,"seesaw":false,"version":1,"max_entities":null,"max_trasures":null,"max_gates":null},"entities":[{"name":"Fkabuto","count":1,"weight":0,"dead_end":false,"group":0,"treasure":"be_dama_red_l","fall":""},{"name":"ElecOtakara","count":1,"weight":0,"dead_end":false,"group":0,"treasure":"be_dama_red_l","fall":""},{"name":"WaterOtakara","count":1,"weight":0,"dead_end":false,"group":1,"treasure":"be_dama_red_l","fall":""},{"name":"Tank","count":1,"weight":0,"dead_end":false,"group":0,"treasure":"be_dama_red_l","fall":""},{"name":"Demon","count":1,"weight":0,"dead_end":false,"group":1,"treasure":"be_dama_red_l","fall":""},{"name":"Kogane","count":1,"weight":0,"dead_end":false,"group":0,"treasure":"be_dama_red_l","fall":""},{"name":"Tadpole","count":1,"weight":0,"dead_end":false,"group":1,"treasure":"key","fall":""},{"name":"Magaret","count":30,"weight":0,"dead_end":false,"group":6,"treasure":null,"fall":""},{"name":"Rkabuto","count":1,"weight":0,"dead_end":false,"group":1,"treasure":"be_dama_red_l","fall":""}],"treasures":[],"gates":[]},{"name":"Sublevel 4 - Bloom","properties":{"unit":"1_unit_16x17r_conc.txt","max_rooms":1,"light":"forest_3_light.ini","music":"cavesoil_05_4.cnd","skybox":"none","corridor":0.0,"caps":50,"timer":0,"geyser":false,"clogged":false,"echo":0,"plane":false,"seesaw":false,"version":1,"max_entities":null,"max_trasures":null,"max_gates":null},"entities":[{"name":"Magaret","count":30,"weight":0,"dead_end":false,"group":6,"treasure":null,"fall":""},{"name":"Hana","count":1,"weight":0,"dead_end":false,"group":1,"treasure":"key","fall":""},{"name":"WaterOtakara","count":1,"weight":0,"dead_end":false,"group":1,"treasure":"be_dama_red_l","fall":""},{"name":"Demon","count":1,"weight":0,"dead_end":false,"group":1,"treasure":"be_dama_red_l","fall":""},{"name":"Frog","count":1,"weight":0,"dead_end":false,"group":0,"treasure":"be_dama_red_l","fall":""},{"name":"ElecOtakara","count":1,"weight":0,"dead_end":false,"group":0,"treasure":"be_dama_red_l","fall":""},{"name":"Tank","count":1,"weight":0,"dead_end":false,"group":0,"treasure":"be_dama_red_l","fall":""},{"name":"Kogane","count":1,"weight":0,"dead_end":false,"group":0,"treasure":"be_dama_red_l","fall":""},{"name":"Fkabuto","count":1,"weight":0,"dead_end":false,"group":0,"treasure":"be_dama_red_l","fall":""},{"name":"Rkabuto","count":1,"weight":0,"dead_end":false,"group":1,"treasure":"be_dama_red_l","fall":""}],"treasures":[],"gates":[]},{"name":"Sublevel 5 - Boom","properties":{"unit":"1_unit_16x17r_conc.txt","max_rooms":1,"light":"forest_3_light.ini","music":"cavesoil_05_4.cnd","skybox":"none","corridor":0.0,"caps":50,"timer":0,"geyser":false,"clogged":false,"echo":0,"plane":false,"seesaw":false,"version":1,"max_entities":null,"max_trasures":null,"max_gates":null},"entities":[{"name":"ElecOtakara","count":1,"weight":0,"dead_end":false,"group":0,"treasure":"be_dama_red_l","fall":""},{"name":"WaterOtakara","count":1,"weight":0,"dead_end":false,"group":0,"treasure":"be_dama_red_l","fall":""},{"name":"Tank","count":1,"weight":0,"dead_end":false,"group":0,"treasure":"be_dama_red_l","fall":""},{"name":"BombSarai","count":1,"weight":0,"dead_end":false,"group":1,"treasure":"key","fall":""},{"name":"Kogane","count":1,"weight":0,"dead_end":false,"group":1,"treasure":"be_dama_red_l","fall":""},{"name":"Frog","count":1,"weight":0,"dead_end":false,"group":1,"treasure":"be_dama_red_l","fall":""},{"name":"Fkabuto","count":1,"weight":0,"dead_end":false,"group":1,"treasure":"be_dama_red_l","fall":""},{"name":"Magaret","count":30,"weight":0,"dead_end":false,"group":6,"treasure":null,"fall":""},{"name":"Rkabuto","count":1,"weight":0,"dead_end":false,"group":0,"treasure":"be_dama_red_l","fall":""}],"treasures":[],"gates":[]},{"name":"Sublevel 6 - Nyoom","properties":{"unit":"1_unit_16x17r_conc.txt","max_rooms":1,"light":"forest_3_light.ini","music":"cavesoil_05_0.cnd","skybox":"none","corridor":0.0,"caps":50,"timer":0,"geyser":false,"clogged":false,"echo":0,"plane":false,"seesaw":false,"version":1,"max_entities":null,"max_trasures":null,"max_gates":null},"entities":[{"name":"Magaret","count":30,"weight":0,"dead_end":false,"group":6,"treasure":null,"fall":""},{"name":"ElecOtakara","count":1,"weight":0,"dead_end":false,"group":1,"treasure":"be_dama_red_l","fall":""},{"name":"WaterOtakara","count":1,"weight":0,"dead_end":false,"group":1,"treasure":"be_dama_red_l","fall":""},{"name":"Tank","count":1,"weight":0,"dead_end":false,"group":1,"treasure":"be_dama_red_l","fall":""},{"name":"Demon","count":1,"weight":0,"dead_end":false,"group":0,"treasure":"be_dama_red_l","fall":""},{"name":"Fart","count":1,"weight":0,"dead_end":false,"group":0,"treasure":"key","fall":""},{"name":"Frog","count":1,"weight":0,"dead_end":false,"group":0,"treasure":"be_dama_red_l","fall":""},{"name":"Fkabuto","count":1,"weight":0,"dead_end":false,"group":0,"treasure":"be_dama_red_l","fall":""},{"name":"Rkabuto","count":1,"weight":0,"dead_end":false,"group":1,"treasure":"be_dama_red_l","fall":""}],"treasures":[],"gates":[]},{"name":"Sublevel 7 - Room","properties":{"unit":"all_units_renga.txt","max_rooms":3,"light":"houdai_light.ini","music":"cavesoil_10_3.cnd","skybox":"none","corridor":50.0,"caps":50,"timer":0,"geyser":false,"clogged":false,"echo":0,"plane":false,"seesaw":false,"version":1,"max_entities":null,"max_trasures":null,"max_gates":null},"entities":[{"name":"Magaret","count":30,"weight":0,"dead_end":false,"group":6,"treasure":null,"fall":""},{"name":"WaterOtakara","count":1,"weight":0,"dead_end":false,"group":1,"treasure":"be_dama_red_l","fall":""},{"name":"Demon","count":1,"weight":0,"dead_end":false,"group":1,"treasure":"be_dama_red_l","fall":""},{"name":"Frog","count":1,"weight":0,"dead_end":false,"group":1,"treasure":"be_dama_red_l","fall":""},{"name":"ElecOtakara","count":1,"weight":0,"dead_end":false,"group":0,"treasure":"be_dama_red_l","fall":""},{"name":"Tank","count":1,"weight":0,"dead_end":false,"group":0,"treasure":"be_dama_red_l","fall":""},{"name":"Kogane","count":1,"weight":0,"dead_end":false,"group":0,"treasure":"be_dama_red_l","fall":""},{"name":"Fkabuto","count":1,"weight":0,"dead_end":false,"group":0,"treasure":"be_dama_red_l","fall":""},{"name":"Rkabuto","count":1,"weight":0,"dead_end":false,"group":1,"treasure":"be_dama_red_l","fall":""}],"treasures":[{"name":"key","count":1,"weight":0}],"gates":[]},{"name":"Sublevel 8 - Fwoom pt Two-m","properties":{"unit":"1_unit_16x17r_conc.txt","max_rooms":1,"light":"forest_3_light.ini","music":"cavesoil_05_1.cnd","skybox":"none","corridor":0.0,"caps":50,"timer":0,"geyser":false,"clogged":false,"echo":0,"plane":false,"seesaw":false,"version":1,"max_entities":null,"max_trasures":null,"max_gates":null},"entities":[{"name":"WaterOtakara","count":1,"weight":0,"dead_end":false,"group":0,"treasure":"be_dama_red_l","fall":""},{"name":"Demon","count":1,"weight":0,"dead_end":false,"group":0,"treasure":"be_dama_red_l","fall":""},{"name":"Frog","count":1,"weight":0,"dead_end":false,"group":0,"treasure":"be_dama_red_l","fall":""},{"name":"ElecOtakara","count":1,"weight":0,"dead_end":false,"group":1,"treasure":"be_dama_red_l","fall":""},{"name":"Tank","count":1,"weight":0,"dead_end":false,"group":1,"treasure":"be_dama_red_l","fall":""},{"name":"Kogane","count":1,"weight":0,"dead_end":false,"group":1,"treasure":"be_dama_red_l","fall":""},{"name":"Kabuto","count":1,"weight":0,"dead_end":false,"group":1,"treasure":"key","fall":""},{"name":"Magaret","count":30,"weight":0,"dead_end":false,"group":6,"treasure":null,"fall":""},{"name":"Rkabuto","count":1,"weight":0,"dead_end":false,"group":0,"treasure":"be_dama_red_l","fall":""}],"treasures":[],"gates":[]},{"name":"Sublevel 9 - Gloom","properties":{"unit":"1_unit_16x17r_conc.txt","max_rooms":1,"light":"forest_3_light.ini","music":"cavesoil_05_2.cnd","skybox":"none","corridor":0.0,"caps":50,"timer":0,"geyser":false,"clogged":false,"echo":0,"plane":false,"seesaw":false,"version":1,"max_entities":null,"max_trasures":null,"max_gates":null},"entities":[{"name":"Magaret","count":30,"weight":0,"dead_end":false,"group":6,"treasure":null,"fall":""},{"name":"GasOtakara","count":1,"weight":0,"dead_end":false,"group":1,"treasure":"key","fall":""},{"name":"Demon","count":1,"weight":0,"dead_end":false,"group":1,"treasure":"be_dama_red_l","fall":""},{"name":"Frog","count":1,"weight":0,"dead_end":false,"group":1,"treasure":"be_dama_red_l","fall":""},{"name":"ElecOtakara","count":1,"weight":0,"dead_end":false,"group":0,"treasure":"be_dama_red_l","fall":""},{"name":"Tank","count":1,"weight":0,"dead_end":false,"group":0,"treasure":"be_dama_red_l","fall":""},{"name":"Kogane","count":1,"weight":0,"dead_end":false,"group":0,"treasure":"be_dama_red_l","fall":""},{"name":"Fkabuto","count":1,"weight":0,"dead_end":false,"group":0,"treasure":"be_dama_red_l","fall":""},{"name":"Rkabuto","count":1,"weight":0,"dead_end":false,"group":1,"treasure":"be_dama_red_l","fall":""}],"treasures":[],"gates":[]},{"name":"Sublevel 10 - Doom","properties":{"unit":"1_unit_16x17r_conc.txt","max_rooms":1,"light":"forest_3_light.ini","music":"cavesoil_05_2.cnd","skybox":"none","corridor":0.0,"caps":50,"timer":0,"geyser":false,"clogged":false,"echo":0,"plane":false,"seesaw":false,"version":1,"max_entities":null,"max_trasures":null,"max_gates":null},"entities":[{"name":"Fkabuto","count":1,"weight":0,"dead_end":false,"group":0,"treasure":"be_dama_red_l","fall":""},{"name":"Kogane","count":1,"weight":0,"dead_end":false,"group":0,"treasure":"be_dama_red_l","fall":""},{"name":"Tank","count":1,"weight":0,"dead_end":false,"group":0,"treasure":"be_dama_red_l","fall":""},{"name":"ElecOtakara","count":1,"weight":0,"dead_end":false,"group":0,"treasure":"be_dama_red_l","fall":""},{"name":"Rkabuto","count":1,"weight":0,"dead_end":false,"group":1,"treasure":"be_dama_red_l","fall":""},{"name":"WaterOtakara","count":1,"weight":0,"dead_end":false,"group":1,"treasure":"be_dama_red_l","fall":""},{"name":"Demon","count":1,"weight":0,"dead_end":false,"group":1,"treasure":"be_dama_red_l","fall":""},{"name":"UjiA","count":1,"weight":0,"dead_end":false,"group":1,"treasure":"key","fall":""},{"name":"Frog","count":1,"weight":0,"dead_end":false,"group":0,"treasure":"be_dama_red_l","fall":""},{"name":"Magaret","count":30,"weight":0,"dead_end":false,"group":6,"treasure":null,"fall":""}],"treasures":[],"gates":[]}],"content":null}