{"sublevels":[{"name":"Sublevel 1","properties":{"unit":"3_ABE_5X5a_ike_mid_kusachi.txt","max_rooms":3,"light":"kusachi_light_lv0.ini","music":"new_00_0.cnd","skybox":"snow","corridor":0.05,"caps":50,"timer":0,"geyser":false,"clogged":false,"echo":0,"plane":true,"seesaw":false,"version":1,"max_entities":null,"max_trasures":null,"max_gates":null},"entities":[{"name":"YellowChappy","count":1,"weight":0,"dead_end":false,"group":0,"treasure":"chess_king_white","fall":""},{"name":"YellowKochappy","count":1,"weight":0,"dead_end":false,"group":0,"treasure":"chocowhite","fall":""},{"name":"YellowKochappy","count":1,"weight":0,"dead_end":false,"group":0,"treasure":"chocowhite","fall":""},{"name":"YellowKochappy","count":1,"weight":0,"dead_end":false,"group":1,"treasure":"chocowhite","fall":""},{"name":"YellowKochappy","count":1,"weight":0,"dead_end":false,"group":1,"treasure":"chocowhite","fall":""},{"name":"YellowKochappy","count":1,"weight":0,"dead_end":false,"group":1,"treasure":"chocowhite","fall":""},{"name":"Wtank","count":1,"weight":0,"dead_end":false,"group":1,"treasure":"j_block_blue","fall":""},{"name":"Tank","count":1,"weight":0,"dead_end":false,"group":1,"treasure":"j_block_red","fall":""},{"name":"Hanachirashi","count":1,"weight":0,"dead_end":false,"group":1,"treasure":"j_block_white","fall":""},{"name":"Hanachirashi","count":1,"weight":0,"dead_end":false,"group":0,"treasure":"j_block_green","fall":""},{"name":"Mar","count":1,"weight":0,"dead_end":false,"group":0,"treasure":"j_block_yellow","fall":""},{"name":"Chappy","count":1,"weight":0,"dead_end":false,"group":1,"treasure":"chess_queen_black","fall":""},{"name":"Kochappy","count":1,"weight":0,"dead_end":false,"group":1,"treasure":"chocolate","fall":""},{"name":"Kochappy","count":1,"weight":0,"dead_end":false,"group":1,"treasure":"chocolate","fall":""},{"name":"Kochappy","count":1,"weight":0,"dead_end":false,"group":0,"treasure":"chocolate","fall":""},{"name":"Kochappy","count":1,"weight":0,"dead_end":false,"group":0,"treasure":"chocolate","fall":""},{"name":"Kochappy","count":1,"weight":0,"dead_end":false,"group":0,"treasure":"chocolate","fall":""},{"name":"YellowChappy","count":1,"weight":0,"dead_end":false,"group":0,"treasure":"key","fall":""},{"name":"Wakame_l","count":1,"weight":0,"dead_end":false,"group":6,"treasure":null,"fall":""},{"name":"Wakame_l","count":1,"weight":0,"dead_end":false,"group":6,"treasure":null,"fall":""},{"name":"Nekojarashi","count":1,"weight":0,"dead_end":false,"group":6,"treasure":null,"fall":""},{"name":"Clover","count":1,"weight":0,"dead_end":false,"group":6,"treasure":null,"fall":""},{"name":"Clover","count":1,"weight":0,"dead_end":false,"group":6,"treasure":null,"fall":""},{"name":"Clover","count":1,"weight":0,"dead_end":false,"group":6,"treasure":null,"fall":""},{"name":"Clover","count":1,"weight":0,"dead_end":false,"group":6,"treasure":null,"fall":""},{"name":"Clover","count":1,"weight":0,"dead_end":false,"group":6,"treasure":null,"fall":""},{"name":"Clover","count":1,"weight":0,"dead_end":false,"group":6,"treasure":null,"fall":""},{"name":"Clover","count":1,"weight":0,"dead_end":false,"group":6,"treasure":null,"fall":""},{"name":"Qurione","count":1,"weight":0,"dead_end":false,"group":0,"treasure":null,"fall":""},{"name":"Qurione","count":1,"weight":0,"dead_end":false,"group":1,"treasure":null,"fall":""}],"treasures":[{"name":"dia_c_green","count":1,"weight":0},{"name":"dia_c_blue","count":1,"weight":0},{"name":"dia_c_red","count":1,"weight":0}],"gates":[]}],"content":null}