{"sublevels":[{"name":"Sublevel 1 - Red Chasm EX","properties":{"unit":"2_units_blk1_nor4_tsuchi.txt","max_rooms":6,"light":"light.ini","music":"new_05_0.cnd","skybox":"none","corridor":0.045,"caps":100,"timer":0,"geyser":true,"clogged":false,"echo":0,"plane":false,"seesaw":false,"version":1,"max_entities":null,"max_trasures":null,"max_gates":null},"entities":[{"name":"Kochappy","count":3,"weight":0,"dead_end":false,"group":0,"treasure":"be_dama_red","fall":""},{"name":"Kochappy","count":3,"weight":0,"dead_end":false,"group":0,"treasure":"be_dama_red","fall":""},{"name":"Kochappy","count":3,"weight":0,"dead_end":false,"group":0,"treasure":"be_dama_red","fall":""},{"name":"Kochappy","count":3,"weight":0,"dead_end":false,"group":0,"treasure":"be_dama_red","fall":""},{"name":"Kochappy","count":2,"weight":0,"dead_end":false,"group":1,"treasure":"be_dama_red","fall":""},{"name":"Kochappy","count":2,"weight":0,"dead_end":false,"group":1,"treasure":"be_dama_red","fall":""},{"name":"Kochappy","count":1,"weight":0,"dead_end":false,"group":1,"treasure":"be_dama_red","fall":""},{"name":"Kochappy","count":1,"weight":0,"dead_end":false,"group":1,"treasure":"be_dama_red","fall":""},{"name":"Kochappy","count":1,"weight":0,"dead_end":false,"group":0,"treasure":"be_dama_red","fall":""},{"name":"Kochappy","count":1,"weight":0,"dead_end":false,"group":0,"treasure":"be_dama_red","fall":""},{"name":"Kochappy","count":2,"weight":0,"dead_end":false,"group":0,"treasure":"be_dama_red","fall":""},{"name":"Chappy","count":1,"weight":0,"dead_end":false,"group":0,"treasure":"diamond_red","fall":""},{"name":"Chappy","count":1,"weight":0,"dead_end":false,"group":0,"treasure":"diamond_red","fall":""},{"name":"Chappy","count":1,"weight":0,"dead_end":false,"group":0,"treasure":"diamond_red","fall":""},{"name":"Chappy","count":1,"weight":0,"dead_end":false,"group":1,"treasure":"diamond_red","fall":""},{"name":"Chappy","count":1,"weight":0,"dead_end":false,"group":1,"treasure":"diamond_red","fall":""},{"name":"FireChappy","count":1,"weight":0,"dead_end":true,"group":0,"treasure":"key","fall":"$2"},{"name":"FireChappy","count":1,"weight":0,"dead_end":false,"group":5,"treasure":"be_dama_red_l","fall":"$2"},{"name":"Tank","count":1,"weight":0,"dead_end":false,"group":0,"treasure":"j_block_red","fall":""},{"name":"Tank","count":1,"weight":0,"dead_end":false,"group":0,"treasure":"j_block_red","fall":""},{"name":"Tank","count":1,"weight":0,"dead_end":false,"group":1,"treasure":"j_block_red","fall":""},{"name":"Tank","count":1,"weight":0,"dead_end":false,"group":1,"treasure":"j_block_red","fall":""},{"name":"Chappy","count":1,"weight":0,"dead_end":false,"group":5,"treasure":"diamond_red","fall":""},{"name":"Chappy","count":1,"weight":0,"dead_end":false,"group":5,"treasure":"diamond_red","fall":""},{"name":"Chappy","count":1,"weight":0,"dead_end":false,"group":5,"treasure":"diamond_red","fall":""},{"name":"FireOtakara","count":2,"weight":0,"dead_end":false,"group":0,"treasure":null,"fall":"$4"},{"name":"FireOtakara","count":2,"weight":0,"dead_end":false,"group":0,"treasure":null,"fall":"$4"},{"name":"FireOtakara","count":2,"weight":0,"dead_end":false,"group":0,"treasure":null,"fall":"$4"},{"name":"FireOtakara","count":2,"weight":0,"dead_end":false,"group":1,"treasure":null,"fall":"$4"},{"name":"FireOtakara","count":2,"weight":0,"dead_end":false,"group":1,"treasure":null,"fall":"$4"},{"name":"FireOtakara","count":2,"weight":0,"dead_end":false,"group":1,"treasure":null,"fall":"$4"},{"name":"FireOtakara","count":1,"weight":0,"dead_end":false,"group":1,"treasure":null,"fall":"$4"},{"name":"FireOtakara","count":1,"weight":0,"dead_end":false,"group":1,"treasure":null,"fall":"$4"},{"name":"FireOtakara","count":1,"weight":0,"dead_end":false,"group":1,"treasure":null,"fall":"$4"},{"name":"FireOtakara","count":1,"weight":0,"dead_end":false,"group":0,"treasure":null,"fall":"$4"},{"name":"FireOtakara","count":1,"weight":0,"dead_end":false,"group":0,"treasure":null,"fall":"$4"},{"name":"FireOtakara","count":1,"weight":0,"dead_end":false,"group":0,"treasure":null,"fall":"$4"},{"name":"FireOtakara","count":1,"weight":0,"dead_end":false,"group":5,"treasure":null,"fall":"$4"},{"name":"FireOtakara","count":1,"weight":0,"dead_end":false,"group":5,"treasure":null,"fall":"$4"},{"name":"Hiba","count":1,"weight":0,"dead_end":false,"group":5,"treasure":null,"fall":"$4"},{"name":"Hiba","count":1,"weight":0,"dead_end":false,"group":5,"treasure":null,"fall":"$4"},{"name":"Hiba","count":1,"weight":0,"dead_end":false,"group":5,"treasure":null,"fall":"$4"},{"name":"Hiba","count":1,"weight":0,"dead_end":false,"group":5,"treasure":null,"fall":"$4"},{"name":"Hiba","count":1,"weight":0,"dead_end":false,"group":1,"treasure":null,"fall":"$4"},{"name":"Hiba","count":1,"weight":0,"dead_end":false,"group":1,"treasure":null,"fall":"$4"},{"name":"DaiodoRed","count":1,"weight":0,"dead_end":false,"group":6,"treasure":null,"fall":"$4"},{"name":"DaiodoRed","count":1,"weight":0,"dead_end":false,"group":6,"treasure":null,"fall":"$4"},{"name":"DaiodoRed","count":1,"weight":0,"dead_end":false,"group":6,"treasure":null,"fall":"$4"},{"name":"DaiodoRed","count":1,"weight":0,"dead_end":false,"group":6,"treasure":null,"fall":"$4"},{"name":"DaiodoRed","count":1,"weight":0,"dead_end":false,"group":6,"treasure":null,"fall":"$4"},{"name":"Ooinu_s","count":1,"weight":0,"dead_end":false,"group":6,"treasure":null,"fall":"$4"},{"name":"Ooinu_s","count":1,"weight":0,"dead_end":false,"group":6,"treasure":null,"fall":"$4"},{"name":"Ooinu_l","count":1,"weight":0,"dead_end":false,"group":6,"treasure":null,"fall":"$4"},{"name":"Ooinu_l","count":1,"weight":0,"dead_end":false,"group":6,"treasure":null,"fall":"$4"},{"name":"Egg","count":1,"weight":0,"dead_end":true,"group":0,"treasure":null,"fall":""},{"name":"Egg","count":1,"weight":0,"dead_end":true,"group":0,"treasure":null,"fall":""},{"name":"Egg","count":1,"weight":0,"dead_end":true,"group":0,"treasure":null,"fall":""},{"name":"Kochappy","count":3,"weight":0,"dead_end":false,"group":5,"treasure":null,"fall":""},{"name":"Kochappy","count":3,"weight":0,"dead_end":false,"group":5,"treasure":null,"fall":""},{"name":"LeafChappy","count":2,"weight":0,"dead_end":false,"group":6,"treasure":null,"fall":""}],"treasures":[],"gates":[]}],"content":null}