{"sublevels":[{"name":"Sublevel 1","properties":{"unit":"2_units_small2_mid2_toy.txt","max_rooms":4,"light":"toy_light_lv0.ini","music":"cavetsumiki_00_0.cnd","skybox":"flooring","corridor":0.12,"caps":50,"timer":0,"geyser":false,"clogged":false,"echo":0,"plane":true,"seesaw":false,"version":1,"max_entities":null,"max_trasures":null,"max_gates":null},"entities":[{"name":"BlueChappy","count":5,"weight":0,"dead_end":false,"group":0,"treasure":"kouseki_suisyou","fall":""},{"name":"SnakeCrow","count":3,"weight":0,"dead_end":false,"group":1,"treasure":"bell_red","fall":""},{"name":"SnakeCrow","count":1,"weight":0,"dead_end":false,"group":1,"treasure":"key","fall":""},{"name":"Jigumo","count":4,"weight":0,"dead_end":false,"group":5,"treasure":"bell_yellow","fall":""}],"treasures":[{"name":"donutschoco_s","count":1,"weight":0},{"name":"fue_b","count":1,"weight":0},{"name":"chocoichigo_l","count":1,"weight":0}],"gates":[]},{"name":"Sublevel 2","properties":{"unit":"3_units_small2_small_mid_toy.txt","max_rooms":5,"light":"toy_light_lv0.ini","music":"new_08_0.cnd","skybox":"tatami","corridor":0.12,"caps":50,"timer":0,"geyser":false,"clogged":false,"echo":0,"plane":true,"seesaw":false,"version":1,"max_entities":null,"max_trasures":null,"max_gates":null},"entities":[{"name":"KumaChappy","count":3,"weight":0,"dead_end":false,"group":0,"treasure":"diamond_blue_l","fall":""},{"name":"KumaKochappy","count":8,"weight":0,"dead_end":false,"group":1,"treasure":"be_dama_red","fall":""},{"name":"SnakeWhole","count":1,"weight":0,"dead_end":false,"group":0,"treasure":"kan_nichiro","fall":""},{"name":"SnakeWhole","count":1,"weight":0,"dead_end":false,"group":0,"treasure":"key","fall":""},{"name":"Catfish","count":6,"weight":0,"dead_end":false,"group":5,"treasure":"wadou_kaichin","fall":""}],"treasures":[{"name":"radar_b","count":1,"weight":0},{"name":"flask","count":1,"weight":0},{"name":"chess_king_black","count":1,"weight":0},{"name":"compact_make","count":1,"weight":0}],"gates":[]},{"name":"Sublevel 3","properties":{"unit":"2_MAT_a_b_conc.txt","max_rooms":5,"light":"muraon_light_lv0.ini","music":"caveconc_00_0.cnd","skybox":"none","corridor":0.2,"caps":50,"timer":15,"geyser":false,"clogged":false,"echo":0,"plane":false,"seesaw":false,"version":1,"max_entities":null,"max_trasures":null,"max_gates":null},"entities":[{"name":"BlackMan","count":1,"weight":0,"dead_end":false,"group":0,"treasure":"key","fall":""},{"name":"MaroFrog","count":3,"weight":0,"dead_end":false,"group":1,"treasure":"juji_key_fc","fall":""},{"name":"BlackMan","count":2,"weight":0,"dead_end":false,"group":0,"treasure":"light_a","fall":""},{"name":"BlackMan","count":2,"weight":0,"dead_end":false,"group":1,"treasure":"light_a","fall":""},{"name":"BlackMan","count":1,"weight":0,"dead_end":false,"group":5,"treasure":"light_a","fall":""}],"treasures":[{"name":"diamond_red","count":1,"weight":0},{"name":"gold_medal","count":1,"weight":0},{"name":"dia_b_green","count":1,"weight":0},{"name":"otama","count":1,"weight":0}],"gates":[]}],"content":null}