{"sublevels":[{"name":"Sublevel 1","properties":{"unit":"1_units_opan_toy.txt","max_rooms":1,"light":"jyoou_light_lv1.ini","music":"new_07_0.cnd","skybox":"flooring","corridor":0.0,"caps":50,"timer":0,"geyser":false,"clogged":false,"echo":0,"plane":false,"seesaw":false,"version":1,"max_entities":null,"max_trasures":null,"max_gates":null},"entities":[{"name":"PanModoki","count":1,"weight":0,"dead_end":false,"group":8,"treasure":"key","fall":""},{"name":"Chiyogami","count":1,"weight":0,"dead_end":false,"group":1,"treasure":null,"fall":""},{"name":"Chiyogami","count":1,"weight":0,"dead_end":false,"group":1,"treasure":null,"fall":""},{"name":"Egg","count":3,"weight":0,"dead_end":false,"group":0,"treasure":null,"fall":""},{"name":"Tadpole","count":10,"weight":0,"dead_end":false,"group":6,"treasure":"flower_red","fall":"$"}],"treasures":[{"name":"chess_queen_white","count":1,"weight":0},{"name":"chocolate_l","count":1,"weight":0},{"name":"donutsichigo","count":1,"weight":0}],"gates":[]},{"name":"Sublevel 2","properties":{"unit":"1_units_5x5a_kusachi.txt","max_rooms":2,"light":"kumomei_light_cha.ini","music":"caveglass_00_0.cnd","skybox":"hiroba","corridor":0.0,"caps":50,"timer":0,"geyser":false,"clogged":false,"echo":0,"plane":true,"seesaw":false,"version":1,"max_entities":null,"max_trasures":null,"max_gates":null},"entities":[{"name":"Bomb","count":10,"weight":0,"dead_end":false,"group":6,"treasure":null,"fall":""},{"name":"BombSarai","count":1,"weight":0,"dead_end":false,"group":5,"treasure":"toy_ring_c_red","fall":""},{"name":"BombSarai","count":1,"weight":0,"dead_end":false,"group":5,"treasure":"toy_ring_c_red","fall":""},{"name":"Armor","count":1,"weight":0,"dead_end":false,"group":0,"treasure":"robot_head","fall":""},{"name":"Armor","count":1,"weight":0,"dead_end":false,"group":0,"treasure":"key","fall":""}],"treasures":[{"name":"compact","count":2,"weight":0}],"gates":[]},{"name":"Sublevel 3","properties":{"unit":"1_units_5x5a_kusachi.txt","max_rooms":2,"light":"sniper_light_lv0.ini","music":"new_01_0.cnd","skybox":"hiroba","corridor":0.01,"caps":50,"timer":0,"geyser":false,"clogged":false,"echo":0,"plane":true,"seesaw":false,"version":1,"max_entities":null,"max_trasures":null,"max_gates":null},"entities":[{"name":"Fuefuki","count":1,"weight":0,"dead_end":false,"group":1,"treasure":"key","fall":""},{"name":"FminiHoudai","count":1,"weight":0,"dead_end":false,"group":1,"treasure":"compact","fall":""},{"name":"BombSarai","count":2,"weight":0,"dead_end":false,"group":0,"treasure":"toy_ring_c_red","fall":""},{"name":"HikariKinoko","count":10,"weight":0,"dead_end":false,"group":6,"treasure":null,"fall":""},{"name":"DaiodoGreen","count":10,"weight":0,"dead_end":false,"group":6,"treasure":null,"fall":""},{"name":"Armor","count":1,"weight":0,"dead_end":false,"group":0,"treasure":"robot_head","fall":""},{"name":"DaiodoRed","count":10,"weight":0,"dead_end":false,"group":6,"treasure":null,"fall":""},{"name":"Hiba","count":10,"weight":0,"dead_end":false,"group":5,"treasure":null,"fall":""},{"name":"Armor","count":2,"weight":0,"dead_end":false,"group":0,"treasure":"robot_head","fall":""}],"treasures":[],"gates":[]}],"content":null}