{"sublevels":[{"name":"Sublevel 1","properties":{"unit":"1_units_big2_kusachi.txt","max_rooms":2,"light":"jyoou_light_lv4_5.ini","music":"caveconc_10_0.cnd","skybox":"hiroba","corridor":0.0,"caps":50,"timer":0,"geyser":false,"clogged":false,"echo":0,"plane":true,"seesaw":false,"version":1,"max_entities":null,"max_trasures":null,"max_gates":null},"entities":[{"name":"Tank","count":3,"weight":0,"dead_end":false,"group":1,"treasure":null,"fall":""},{"name":"Watage","count":4,"weight":0,"dead_end":false,"group":6,"treasure":null,"fall":""},{"name":"KareOoinu_l","count":10,"weight":0,"dead_end":false,"group":6,"treasure":null,"fall":""},{"name":"Nekojarashi","count":16,"weight":0,"dead_end":false,"group":6,"treasure":null,"fall":""},{"name":"Catfish","count":1,"weight":0,"dead_end":false,"group":0,"treasure":null,"fall":""},{"name":"Catfish","count":1,"weight":0,"dead_end":false,"group":0,"treasure":null,"fall":""},{"name":"Catfish","count":1,"weight":0,"dead_end":false,"group":0,"treasure":null,"fall":""},{"name":"Catfish","count":1,"weight":0,"dead_end":false,"group":0,"treasure":null,"fall":""},{"name":"GasOtakara","count":3,"weight":0,"dead_end":false,"group":1,"treasure":null,"fall":""},{"name":"Sokkuri","count":3,"weight":0,"dead_end":false,"group":0,"treasure":null,"fall":""}],"treasures":[{"name":"key","count":1,"weight":0},{"name":"mojiban","count":1,"weight":0},{"name":"denchi_2_red","count":1,"weight":0},{"name":"chocowhite","count":1,"weight":0}],"gates":[]},{"name":"Sublevel 2","properties":{"unit":"2_MAT_a_m_conc.txt","max_rooms":3,"light":"jyoou_light_lv6.ini","music":"caveconc_10_1.cnd","skybox":"none","corridor":0.1,"caps":50,"timer":0,"geyser":true,"clogged":false,"echo":0,"plane":false,"seesaw":false,"version":1,"max_entities":null,"max_trasures":null,"max_gates":null},"entities":[{"name":"GasHiba","count":4,"weight":0,"dead_end":false,"group":5,"treasure":null,"fall":""},{"name":"Bomb","count":6,"weight":0,"dead_end":false,"group":5,"treasure":null,"fall":""},{"name":"Mar","count":1,"weight":0,"dead_end":false,"group":0,"treasure":"key","fall":""},{"name":"Miulin","count":1,"weight":0,"dead_end":true,"group":0,"treasure":null,"fall":""},{"name":"Kochappy","count":7,"weight":0,"dead_end":false,"group":0,"treasure":null,"fall":""},{"name":"KareOoinu_s","count":19,"weight":0,"dead_end":false,"group":6,"treasure":null,"fall":""},{"name":"Wakame_l","count":6,"weight":0,"dead_end":false,"group":6,"treasure":null,"fall":""},{"name":"Egg","count":1,"weight":0,"dead_end":true,"group":0,"treasure":null,"fall":""}],"treasures":[{"name":"kumakibori","count":1,"weight":0},{"name":"flask","count":1,"weight":0}],"gates":[]}],"content":null}