{"sublevels":[{"name":"Sublevel 1","properties":{"unit":"1_units_manh_conc.txt","max_rooms":2,"light":"forest_3_light.ini","music":"cavesoil_10_3.cnd","skybox":"none","corridor":0.2,"caps":50,"timer":0,"geyser":true,"clogged":false,"echo":0,"plane":false,"seesaw":false,"version":1,"max_entities":null,"max_trasures":null,"max_gates":null},"entities":[{"name":"Chappy","count":9,"weight":0,"dead_end":false,"group":0,"treasure":null,"fall":""},{"name":"BlueChappy","count":9,"weight":0,"dead_end":false,"group":6,"treasure":null,"fall":""},{"name":"FireChappy","count":2,"weight":0,"dead_end":false,"group":8,"treasure":null,"fall":""},{"name":"KumaChappy","count":3,"weight":0,"dead_end":false,"group":0,"treasure":null,"fall":""},{"name":"FireChappy","count":5,"weight":0,"dead_end":false,"group":0,"treasure":null,"fall":""},{"name":"BlueChappy","count":3,"weight":0,"dead_end":false,"group":0,"treasure":null,"fall":""},{"name":"YellowChappy","count":1,"weight":0,"dead_end":false,"group":1,"treasure":"key","fall":""},{"name":"YellowChappy","count":8,"weight":0,"dead_end":false,"group":0,"treasure":null,"fall":""},{"name":"FireChappy","count":3,"weight":0,"dead_end":false,"group":0,"treasure":null,"fall":""},{"name":"YellowChappy","count":5,"weight":0,"dead_end":false,"group":8,"treasure":null,"fall":""},{"name":"BlueChappy","count":6,"weight":0,"dead_end":false,"group":8,"treasure":null,"fall":""},{"name":"Chappy","count":4,"weight":0,"dead_end":false,"group":8,"treasure":null,"fall":""},{"name":"BlueChappy","count":1,"weight":0,"dead_end":false,"group":1,"treasure":"donutschoco","fall":""}],"treasures":[],"gates":[]}],"content":null}