{"sublevels":[{"name":"Sublevel 1 - L","properties":{"unit":"1_NARI_4x4c_conc.txt","max_rooms":3,"light":"forest_3_light.ini","music":"caveconc_00_0.cnd","skybox":"none","corridor":0.3,"caps":50,"timer":0,"geyser":false,"clogged":false,"echo":0,"plane":false,"seesaw":false,"version":1,"max_entities":null,"max_trasures":null,"max_gates":null},"entities":[{"name":"KumaKochappy","count":5,"weight":0,"dead_end":false,"group":1,"treasure":"loozy","fall":""},{"name":"KumaChappy","count":1,"weight":0,"dead_end":false,"group":0,"treasure":"key","fall":""},{"name":"ElecBug","count":5,"weight":0,"dead_end":false,"group":0,"treasure":"loozy","fall":""},{"name":"Fuefuki","count":2,"weight":0,"dead_end":false,"group":1,"treasure":"loozy","fall":""},{"name":"KareOoinu_s","count":10,"weight":0,"dead_end":false,"group":6,"treasure":null,"fall":""},{"name":"KareOoinu_l","count":10,"weight":0,"dead_end":false,"group":6,"treasure":null,"fall":""}],"treasures":[{"name":"loozy","count":1,"weight":0},{"name":"loozy","count":1,"weight":0},{"name":"loozy","count":1,"weight":0},{"name":"loozy","count":1,"weight":0},{"name":"loozy","count":1,"weight":0},{"name":"loozy","count":1,"weight":0},{"name":"loozy","count":1,"weight":0},{"name":"loozy","count":1,"weight":0},{"name":"loozy","count":1,"weight":0}],"gates":[]},{"name":"Sublevel 2 - O","properties":{"unit":"1_units_DKumo_conc.txt","max_rooms":1,"light":"forest_3_light.ini","music":"caveconc_00_0.cnd","skybox":"none","corridor":0.1,"caps":50,"timer":0,"geyser":false,"clogged":false,"echo":0,"plane":false,"seesaw":false,"version":1,"max_entities":null,"max_trasures":null,"max_gates":null},"entities":[{"name":"Fkabuto","count":2,"weight":0,"dead_end":false,"group":0,"treasure":"loozy","fall":""},{"name":"Damagumo","count":1,"weight":0,"dead_end":false,"group":0,"treasure":"loozy","fall":""},{"name":"Damagumo","count":1,"weight":0,"dead_end":false,"group":1,"treasure":"key","fall":""},{"name":"KareOoinu_l","count":10,"weight":0,"dead_end":false,"group":6,"treasure":null,"fall":""},{"name":"KareOoinu_s","count":10,"weight":0,"dead_end":false,"group":6,"treasure":null,"fall":""}],"treasures":[{"name":"loozy","count":1,"weight":0},{"name":"loozy","count":1,"weight":0},{"name":"loozy","count":1,"weight":0}],"gates":[]},{"name":"Sublevel 3 - U","properties":{"unit":"1_ABE_manp_boss_conc.txt","max_rooms":1,"light":"forest_3_light.ini","music":"caveconc_00_0.cnd","skybox":"none","corridor":0.1,"caps":50,"timer":0,"geyser":false,"clogged":false,"echo":0,"plane":false,"seesaw":false,"version":1,"max_entities":null,"max_trasures":null,"max_gates":null},"entities":[{"name":"BigFoot","count":1,"weight":0,"dead_end":false,"group":8,"treasure":"key","fall":""},{"name":"Demon","count":6,"weight":0,"dead_end":false,"group":0,"treasure":"loozy","fall":""},{"name":"BombSarai","count":3,"weight":0,"dead_end":false,"group":1,"treasure":"loozy","fall":""},{"name":"RandPom","count":1,"weight":0,"dead_end":true,"group":0,"treasure":null,"fall":""},{"name":"Egg","count":2,"weight":0,"dead_end":true,"group":0,"treasure":null,"fall":""},{"name":"KareOoinu_l","count":10,"weight":0,"dead_end":false,"group":6,"treasure":null,"fall":""}],"treasures":[{"name":"loozy","count":1,"weight":0},{"name":"loozy","count":1,"weight":0},{"name":"loozy","count":1,"weight":0}],"gates":[]},{"name":"Sublevel 4 - I","properties":{"unit":"1_MAT_north_boss_tsuchi.txt","max_rooms":3,"light":"forest_3_light.ini","music":"cavetsumiki_00_0.cnd","skybox":"none","corridor":0.1,"caps":50,"timer":0,"geyser":false,"clogged":false,"echo":0,"plane":false,"seesaw":false,"version":1,"max_entities":null,"max_trasures":null,"max_gates":null},"entities":[{"name":"Houdai","count":1,"weight":0,"dead_end":false,"group":0,"treasure":"key","fall":""},{"name":"Sarai","count":2,"weight":0,"dead_end":false,"group":1,"treasure":"loozy","fall":""},{"name":"TamagoMushi","count":2,"weight":0,"dead_end":false,"group":0,"treasure":"loozy","fall":""},{"name":"KareOoinu_s","count":10,"weight":0,"dead_end":false,"group":6,"treasure":null,"fall":""},{"name":"KareOoinu_l","count":10,"weight":0,"dead_end":false,"group":6,"treasure":null,"fall":""},{"name":"BombOtakara","count":2,"weight":0,"dead_end":false,"group":5,"treasure":"loozy","fall":"$4"}],"treasures":[{"name":"loozy","count":1,"weight":0},{"name":"loozy","count":1,"weight":0},{"name":"loozy","count":1,"weight":0}],"gates":[]},{"name":"Sublevel 5 - E","properties":{"unit":"1_units_otakara_tile.txt","max_rooms":1,"light":"oootakara_light.ini","music":"","skybox":"none","corridor":0.02,"caps":50,"timer":0,"geyser":false,"clogged":false,"echo":0,"plane":false,"seesaw":false,"version":1,"max_entities":null,"max_trasures":null,"max_gates":null},"entities":[{"name":"BigTreasure","count":1,"weight":0,"dead_end":false,"group":1,"treasure":"key","fall":""},{"name":"BombOtakara","count":3,"weight":0,"dead_end":false,"group":0,"treasure":"loozy","fall":""},{"name":"BombOtakara","count":3,"weight":0,"dead_end":false,"group":0,"treasure":"loozy","fall":""},{"name":"ElecHiba","count":1,"weight":0,"dead_end":false,"group":5,"treasure":null,"fall":""}],"treasures":[{"name":"loozy","count":1,"weight":0},{"name":"loozy","count":1,"weight":0},{"name":"loozy","count":1,"weight":0},{"name":"loozy","count":1,"weight":0},{"name":"loozy","count":1,"weight":0},{"name":"loozy","count":1,"weight":0},{"name":"loozy","count":1,"weight":0},{"name":"loozy","count":1,"weight":0},{"name":"loozy","count":1,"weight":0}],"gates":[]}],"content":null}