{"sublevels":[{"name":"Sublevel 1","properties":{"unit":"1_units_mid_kusachi.txt","max_rooms":3,"light":"normal_light_lv0.ini","music":"cavesoil_10_4.cnd","skybox":"hiroba","corridor":0.2,"caps":10,"timer":0,"geyser":false,"clogged":false,"echo":0,"plane":true,"seesaw":false,"version":1,"max_entities":null,"max_trasures":null,"max_gates":null},"entities":[{"name":"MaroFrog","count":1,"weight":0,"dead_end":false,"group":1,"treasure":"key","fall":""},{"name":"Frog","count":5,"weight":0,"dead_end":false,"group":1,"treasure":"chess_queen_white","fall":""},{"name":"Rock","count":10,"weight":0,"dead_end":false,"group":0,"treasure":null,"fall":""},{"name":"Rock","count":10,"weight":0,"dead_end":false,"group":1,"treasure":null,"fall":""},{"name":"Rock","count":10,"weight":0,"dead_end":true,"group":0,"treasure":null,"fall":""},{"name":"MaroFrog","count":4,"weight":0,"dead_end":false,"group":0,"treasure":"donutswhite_s","fall":""}],"treasures":[{"name":"fire_helmet","count":1,"weight":0},{"name":"saru_head","count":1,"weight":0}],"gates":[]},{"name":"Sublevel 2","properties":{"unit":"1_NARI_hit6x6_toy.txt","max_rooms":3,"light":"normal_light_lv0.ini","music":"cavemetal_05_4.cnd","skybox":"flooring","corridor":0.2,"caps":30,"timer":0,"geyser":true,"clogged":false,"echo":0,"plane":true,"seesaw":false,"version":1,"max_entities":null,"max_trasures":null,"max_gates":null},"entities":[{"name":"Egg","count":5,"weight":0,"dead_end":false,"group":0,"treasure":null,"fall":"$2"},{"name":"Damagumo","count":1,"weight":0,"dead_end":false,"group":0,"treasure":"key","fall":"$2"},{"name":"Rock","count":10,"weight":0,"dead_end":false,"group":0,"treasure":null,"fall":"$2"},{"name":"Rock","count":15,"weight":0,"dead_end":false,"group":1,"treasure":null,"fall":"$2"},{"name":"Rock","count":25,"weight":0,"dead_end":true,"group":0,"treasure":null,"fall":"$2"},{"name":"MaroFrog","count":15,"weight":0,"dead_end":false,"group":0,"treasure":null,"fall":"$2"},{"name":"Frog","count":15,"weight":0,"dead_end":false,"group":1,"treasure":null,"fall":"$2"}],"treasures":[{"name":"dia_a_red","count":9,"weight":0}],"gates":[]}],"content":null}