{"sublevels":[{"name":"Sublevel 1 - Dark","properties":{"unit":"2_NARI_hit4x7_small_toy.txt","max_rooms":3,"light":"key_light_lv0.ini","music":"new_00_0.cnd","skybox":"none","corridor":0.0,"caps":50,"timer":0,"geyser":false,"clogged":false,"echo":0,"plane":true,"seesaw":false,"version":1,"max_entities":null,"max_trasures":null,"max_gates":null},"entities":[{"name":"Hiba","count":5,"weight":0,"dead_end":false,"group":5,"treasure":null,"fall":""},{"name":"ElecHiba","count":5,"weight":0,"dead_end":false,"group":5,"treasure":null,"fall":""},{"name":"BlueKochappy","count":4,"weight":0,"dead_end":false,"group":0,"treasure":"cookie_u","fall":""},{"name":"BlueKochappy","count":4,"weight":0,"dead_end":false,"group":0,"treasure":"cookie_u","fall":""},{"name":"BlueChappy","count":1,"weight":0,"dead_end":false,"group":1,"treasure":"key","fall":""},{"name":"BlueChappy","count":1,"weight":0,"dead_end":false,"group":1,"treasure":"cookie_u_l","fall":""},{"name":"PanModoki","count":1,"weight":0,"dead_end":false,"group":1,"treasure":"kuri","fall":""},{"name":"UjiA","count":10,"weight":0,"dead_end":false,"group":6,"treasure":null,"fall":""},{"name":"RandPom","count":1,"weight":0,"dead_end":false,"group":1,"treasure":null,"fall":""},{"name":"RandPom","count":1,"weight":0,"dead_end":false,"group":1,"treasure":null,"fall":""},{"name":"RandPom","count":1,"weight":0,"dead_end":false,"group":1,"treasure":null,"fall":""},{"name":"Egg","count":5,"weight":0,"dead_end":true,"group":0,"treasure":null,"fall":""}],"treasures":[{"name":"haniwa","count":1,"weight":0},{"name":"radar_b","count":1,"weight":0},{"name":"gear_silver","count":1,"weight":0},{"name":"kinoko","count":1,"weight":0}],"gates":[{"word":"gate","health":1000,"weight":1},{"word":"gate","health":1000,"weight":1}]},{"name":"Sublevel 2 - Darker","properties":{"unit":"2_units_mid_ike_kusachi.txt","max_rooms":4,"light":"muraon_light_lv3.ini","music":"cavesoil_05_2.cnd","skybox":"none","corridor":0.1,"caps":50,"timer":0,"geyser":false,"clogged":false,"echo":0,"plane":true,"seesaw":false,"version":1,"max_entities":null,"max_trasures":null,"max_gates":null},"entities":[{"name":"BlueChappy","count":1,"weight":0,"dead_end":false,"group":1,"treasure":"be_dama_yellow_l","fall":"$2"},{"name":"Catfish","count":2,"weight":0,"dead_end":false,"group":0,"treasure":"milk_cap","fall":""},{"name":"Catfish","count":2,"weight":0,"dead_end":false,"group":0,"treasure":"milk_cap","fall":""},{"name":"MaroFrog","count":1,"weight":0,"dead_end":false,"group":1,"treasure":"dia_c_blue","fall":""},{"name":"MaroFrog","count":1,"weight":0,"dead_end":false,"group":1,"treasure":"key","fall":""},{"name":"MaroFrog","count":1,"weight":0,"dead_end":false,"group":1,"treasure":"dia_c_blue","fall":""},{"name":"Kurage","count":1,"weight":0,"dead_end":false,"group":1,"treasure":"diamond_blue_l","fall":""},{"name":"ElecHiba","count":3,"weight":0,"dead_end":false,"group":5,"treasure":null,"fall":""},{"name":"Hiba","count":3,"weight":0,"dead_end":false,"group":5,"treasure":null,"fall":""},{"name":"Demon","count":1,"weight":0,"dead_end":false,"group":1,"treasure":"flower_blue","fall":"$2"},{"name":"Demon","count":1,"weight":0,"dead_end":false,"group":1,"treasure":"flower_blue","fall":"$2"},{"name":"RandPom","count":1,"weight":0,"dead_end":false,"group":0,"treasure":null,"fall":""},{"name":"RandPom","count":1,"weight":0,"dead_end":false,"group":0,"treasure":null,"fall":""},{"name":"BluePom","count":1,"weight":0,"dead_end":false,"group":0,"treasure":null,"fall":""},{"name":"BluePom","count":1,"weight":0,"dead_end":false,"group":0,"treasure":null,"fall":""}],"treasures":[{"name":"saru_head","count":1,"weight":0},{"name":"mojiban","count":1,"weight":0},{"name":"diamond_red_l","count":1,"weight":0},{"name":"donutschoco_s","count":1,"weight":0}],"gates":[]},{"name":"Sublevel 3 - Yet Darker","properties":{"unit":"3_ABE_mid2_hit34_hit43_metal.txt","max_rooms":3,"light":"forest_3_light.ini","music":"cavemetal_05_3.cnd","skybox":"none","corridor":0.0,"caps":50,"timer":0,"geyser":false,"clogged":false,"echo":0,"plane":false,"seesaw":false,"version":1,"max_entities":null,"max_trasures":null,"max_gates":null},"entities":[{"name":"GasHiba","count":10,"weight":0,"dead_end":false,"group":6,"treasure":null,"fall":""},{"name":"WhitePom","count":1,"weight":0,"dead_end":true,"group":0,"treasure":null,"fall":""},{"name":"BombOtakara","count":4,"weight":0,"dead_end":true,"group":0,"treasure":null,"fall":"$"},{"name":"Rkabuto","count":1,"weight":0,"dead_end":false,"group":1,"treasure":"j_block_red","fall":""},{"name":"Kabuto","count":1,"weight":0,"dead_end":false,"group":1,"treasure":"j_block_green","fall":""},{"name":"BlueKochappy","count":4,"weight":0,"dead_end":false,"group":0,"treasure":"cookie_s","fall":""},{"name":"BlueKochappy","count":4,"weight":0,"dead_end":false,"group":0,"treasure":"cookie_s","fall":""},{"name":"WhitePom","count":1,"weight":0,"dead_end":false,"group":1,"treasure":null,"fall":""},{"name":"FminiHoudai","count":1,"weight":0,"dead_end":false,"group":1,"treasure":"key","fall":"$"},{"name":"WhitePom","count":1,"weight":0,"dead_end":false,"group":1,"treasure":null,"fall":""},{"name":"Bomb","count":3,"weight":0,"dead_end":false,"group":5,"treasure":null,"fall":"$2"},{"name":"MaroFrog","count":1,"weight":0,"dead_end":false,"group":5,"treasure":"cookie_s_l","fall":"$2"},{"name":"Bomb","count":3,"weight":0,"dead_end":false,"group":5,"treasure":null,"fall":"$2"},{"name":"Hanachirashi","count":1,"weight":0,"dead_end":false,"group":1,"treasure":"chocolate_l","fall":""},{"name":"ShijimiChou","count":1,"weight":0,"dead_end":false,"group":0,"treasure":null,"fall":""}],"treasures":[{"name":"bane","count":1,"weight":0},{"name":"tel_dial","count":1,"weight":0},{"name":"toy_ring_b_blue","count":1,"weight":0},{"name":"momiji_kare","count":1,"weight":0}],"gates":[{"word":"gate","health":2000,"weight":1},{"word":"gate","health":2000,"weight":1},{"word":"gate","health":2000,"weight":1},{"word":"gate","health":2000,"weight":1}]},{"name":"Sublevel 4 - Boss Stage","properties":{"unit":"1_units_large_toy.txt","max_rooms":1,"light":"normal_light_lv0.ini","music":"cavetsumiki_00_0.cnd","skybox":"none","corridor":0.2,"caps":50,"timer":0,"geyser":false,"clogged":false,"echo":0,"plane":true,"seesaw":false,"version":1,"max_entities":null,"max_trasures":null,"max_gates":null},"entities":[{"name":"SnakeCrow","count":1,"weight":0,"dead_end":false,"group":1,"treasure":"chess_queen_black","fall":""},{"name":"SnakeCrow","count":1,"weight":0,"dead_end":false,"group":1,"treasure":"chess_king_white","fall":""},{"name":"SnakeCrow","count":1,"weight":0,"dead_end":false,"group":1,"treasure":"chess_queen_black","fall":""},{"name":"SnakeCrow","count":1,"weight":0,"dead_end":false,"group":1,"treasure":"key","fall":""},{"name":"SnakeCrow","count":1,"weight":0,"dead_end":false,"group":1,"treasure":"chess_king_white","fall":""},{"name":"ElecBug","count":5,"weight":0,"dead_end":false,"group":0,"treasure":"bane_red","fall":""},{"name":"ElecBug","count":5,"weight":0,"dead_end":false,"group":0,"treasure":"bane_red","fall":""},{"name":"ElecBug","count":5,"weight":0,"dead_end":false,"group":0,"treasure":"bane_red","fall":""},{"name":"FireChappy","count":1,"weight":0,"dead_end":false,"group":1,"treasure":"ichigo_l","fall":""},{"name":"RandPom","count":1,"weight":0,"dead_end":false,"group":1,"treasure":null,"fall":""},{"name":"RandPom","count":1,"weight":0,"dead_end":false,"group":1,"treasure":null,"fall":""},{"name":"BlackPom","count":1,"weight":0,"dead_end":false,"group":1,"treasure":null,"fall":""},{"name":"Miulin","count":8,"weight":0,"dead_end":false,"group":5,"treasure":"bird_hane","fall":""},{"name":"BlueKochappy","count":6,"weight":0,"dead_end":false,"group":0,"treasure":null,"fall":"$4"},{"name":"BlueKochappy","count":6,"weight":0,"dead_end":false,"group":0,"treasure":null,"fall":"$4"},{"name":"BlueKochappy","count":2,"weight":0,"dead_end":false,"group":0,"treasure":null,"fall":"$4"},{"name":"BlueKochappy","count":2,"weight":0,"dead_end":false,"group":0,"treasure":null,"fall":"$4"}],"treasures":[{"name":"toy_cat","count":1,"weight":0},{"name":"toy_gentle","count":1,"weight":0},{"name":"castanets","count":1,"weight":0},{"name":"suit_fire","count":1,"weight":0},{"name":"juji_key_fc","count":1,"weight":0}],"gates":[]}],"content":null}