{"sublevels":[{"name":"Sublevel 1 - ChangeOfPerspective","properties":{"unit":"custom_units_silhouetted_garden.txt","max_rooms":4,"light":"custom_light_silhouetted_garden.ini","music":"caveglass_00_0.cnd","skybox":"hiroba","corridor":0.2,"caps":50,"timer":0,"geyser":true,"clogged":false,"echo":0,"plane":true,"seesaw":false,"version":1,"max_entities":130,"max_trasures":null,"max_gates":null},"entities":[{"name":"BlueChappy","count":1,"weight":0,"dead_end":false,"group":1,"treasure":"key","fall":""},{"name":"BlueChappy","count":1,"weight":0,"dead_end":false,"group":1,"treasure":"kan_maruha","fall":""},{"name":"Chappy","count":2,"weight":0,"dead_end":false,"group":1,"treasure":"chess_queen_black","fall":""},{"name":"Miulin","count":2,"weight":0,"dead_end":false,"group":1,"treasure":"dia_c_red","fall":""},{"name":"Rkabuto","count":2,"weight":0,"dead_end":false,"group":1,"treasure":"chess_king_white","fall":""},{"name":"KumaChappy","count":1,"weight":0,"dead_end":false,"group":1,"treasure":"kan_kyokuyo","fall":""},{"name":"SnakeCrow","count":4,"weight":0,"dead_end":false,"group":5,"treasure":"haniwa","fall":""},{"name":"KareOoinu_s","count":45,"weight":0,"dead_end":false,"group":0,"treasure":null,"fall":""},{"name":"Tukushi","count":9,"weight":0,"dead_end":false,"group":6,"treasure":null,"fall":""},{"name":"Zenmai","count":9,"weight":0,"dead_end":false,"group":6,"treasure":null,"fall":""},{"name":"Wakame_s","count":5,"weight":0,"dead_end":false,"group":6,"treasure":null,"fall":""},{"name":"Wakame_l","count":4,"weight":0,"dead_end":false,"group":6,"treasure":null,"fall":""},{"name":"Tukushi","count":6,"weight":0,"dead_end":false,"group":6,"treasure":null,"fall":""}],"treasures":[{"name":"kinoko","count":1,"weight":0},{"name":"kinoko_tubu","count":1,"weight":0},{"name":"kinoko_doku","count":1,"weight":0},{"name":"kumakibori","count":1,"weight":0},{"name":"halloween","count":1,"weight":0},{"name":"bell","count":1,"weight":0},{"name":"matu_bokkuri","count":1,"weight":0}],"gates":[]}],"content":null}