{"sublevels":[{"name":"Sublevel 1","properties":{"unit":"2_ABE_nor1_cen2_metal.txt","max_rooms":2,"light":"metal_light_lv0.ini","music":"cavemetal_00_1.cnd","skybox":"test","corridor":0.0,"caps":50,"timer":0,"geyser":false,"clogged":false,"echo":0,"plane":false,"seesaw":false,"version":1,"max_entities":null,"max_trasures":null,"max_gates":null},"entities":[{"name":"Tobi","count":1,"weight":0,"dead_end":false,"group":0,"treasure":"key","fall":""},{"name":"Kogane","count":1,"weight":0,"dead_end":false,"group":5,"treasure":"be_dama_red_l","fall":""},{"name":"WhitePom","count":1,"weight":0,"dead_end":true,"group":0,"treasure":null,"fall":""},{"name":"UjiB","count":3,"weight":0,"dead_end":false,"group":0,"treasure":null,"fall":""},{"name":"Wakame_s","count":3,"weight":0,"dead_end":false,"group":6,"treasure":null,"fall":""},{"name":"Wakame_l","count":2,"weight":0,"dead_end":false,"group":6,"treasure":null,"fall":""}],"treasures":[{"name":"donutsichigo_s","count":1,"weight":0}],"gates":[]},{"name":"Sublevel 2","properties":{"unit":"1_units_hit224_metal.txt","max_rooms":5,"light":"metal_light_lv0.ini","music":"cavemetal_05_0.cnd","skybox":"test","corridor":0.12,"caps":50,"timer":0,"geyser":false,"clogged":false,"echo":0,"plane":false,"seesaw":false,"version":1,"max_entities":null,"max_trasures":null,"max_gates":null},"entities":[{"name":"WhitePom","count":2,"weight":0,"dead_end":false,"group":0,"treasure":null,"fall":""},{"name":"BlackPom","count":1,"weight":0,"dead_end":false,"group":0,"treasure":null,"fall":""},{"name":"BombSarai","count":1,"weight":0,"dead_end":false,"group":1,"treasure":"key","fall":""},{"name":"BombSarai","count":2,"weight":0,"dead_end":false,"group":1,"treasure":"turi_uki","fall":""},{"name":"PanModoki","count":1,"weight":0,"dead_end":false,"group":5,"treasure":"juji_key","fall":""},{"name":"Egg","count":4,"weight":0,"dead_end":true,"group":0,"treasure":null,"fall":"$"},{"name":"Wakame_l","count":1,"weight":0,"dead_end":false,"group":6,"treasure":null,"fall":""},{"name":"Wakame_s","count":2,"weight":0,"dead_end":false,"group":6,"treasure":null,"fall":""},{"name":"Nekojarashi","count":2,"weight":0,"dead_end":false,"group":6,"treasure":null,"fall":""}],"treasures":[{"name":"yoyo_red","count":1,"weight":0},{"name":"denchi_3_black","count":1,"weight":0},{"name":"toy_ring_b_blue","count":1,"weight":0},{"name":"toy_ring_a_blue","count":1,"weight":0}],"gates":[]},{"name":"Sublevel 3","properties":{"unit":"1_units_nobo2_metal.txt","max_rooms":1,"light":"metal_light_lv0.ini","music":"cavemetal_05_4.cnd","skybox":"test","corridor":0.0,"caps":50,"timer":0,"geyser":false,"clogged":false,"echo":0,"plane":false,"seesaw":false,"version":1,"max_entities":null,"max_trasures":null,"max_gates":null},"entities":[{"name":"Fuefuki","count":2,"weight":0,"dead_end":false,"group":1,"treasure":"kan_b_gold","fall":""},{"name":"Fuefuki","count":1,"weight":0,"dead_end":false,"group":1,"treasure":"key","fall":""},{"name":"PanModoki","count":1,"weight":0,"dead_end":false,"group":1,"treasure":"be_dama_yellow_l","fall":""},{"name":"Demon","count":4,"weight":0,"dead_end":false,"group":0,"treasure":"silver_medal","fall":""},{"name":"BombOtakara","count":3,"weight":0,"dead_end":true,"group":0,"treasure":null,"fall":"$4"},{"name":"GasHiba","count":3,"weight":0,"dead_end":false,"group":5,"treasure":null,"fall":""},{"name":"Nekojarashi","count":4,"weight":0,"dead_end":false,"group":6,"treasure":null,"fall":""},{"name":"Wakame_s","count":1,"weight":0,"dead_end":false,"group":6,"treasure":null,"fall":""},{"name":"Wakame_l","count":1,"weight":0,"dead_end":false,"group":6,"treasure":null,"fall":""}],"treasures":[{"name":"toy_ring_c_green","count":1,"weight":0},{"name":"momiji_kare","count":1,"weight":0},{"name":"diamond_red","count":1,"weight":0}],"gates":[]},{"name":"Sublevel 4","properties":{"unit":"1_units_houdai_metal.txt","max_rooms":1,"light":"metal_light_lv2.ini","music":"new_03_0.cnd","skybox":"test","corridor":0.0,"caps":50,"timer":0,"geyser":false,"clogged":false,"echo":0,"plane":false,"seesaw":false,"version":1,"max_entities":null,"max_trasures":null,"max_gates":null},"entities":[{"name":"OoPanModoki","count":1,"weight":0,"dead_end":false,"group":1,"treasure":"key","fall":""},{"name":"PanModoki","count":2,"weight":0,"dead_end":false,"group":8,"treasure":"gold_medal","fall":""},{"name":"Nekojarashi","count":4,"weight":0,"dead_end":false,"group":6,"treasure":null,"fall":""}],"treasures":[{"name":"chess_queen_black","count":1,"weight":0},{"name":"bolt","count":1,"weight":0},{"name":"sinkukan","count":1,"weight":0},{"name":"kouseki_suisyou","count":1,"weight":0}],"gates":[]}],"content":null}