{"sublevels":[{"name":"Sublevel 1","properties":{"unit":"windows_95.txt","max_rooms":3,"light":"toy_light_cha.ini","music":"new_07_0.cnd","skybox":"windows","corridor":0.15,"caps":100,"timer":0,"geyser":false,"clogged":false,"echo":0,"plane":false,"seesaw":false,"version":1,"max_entities":null,"max_trasures":null,"max_gates":null},"entities":[{"name":"PanModoki","count":2,"weight":0,"dead_end":false,"group":0,"treasure":null,"fall":""},{"name":"BombSarai","count":1,"weight":0,"dead_end":false,"group":0,"treasure":"key","fall":""},{"name":"Miulin","count":2,"weight":0,"dead_end":false,"group":1,"treasure":null,"fall":""},{"name":"Kogane","count":1,"weight":0,"dead_end":false,"group":1,"treasure":null,"fall":""},{"name":"Wealthy","count":1,"weight":0,"dead_end":false,"group":1,"treasure":null,"fall":""},{"name":"Fart","count":1,"weight":0,"dead_end":false,"group":1,"treasure":null,"fall":""},{"name":"Hiba","count":1,"weight":0,"dead_end":false,"group":5,"treasure":null,"fall":""},{"name":"ElecHiba","count":1,"weight":0,"dead_end":false,"group":5,"treasure":null,"fall":""},{"name":"GasHiba","count":1,"weight":0,"dead_end":false,"group":5,"treasure":null,"fall":""}],"treasures":[{"name":"j_block_blue","count":1,"weight":0},{"name":"j_block_blue","count":1,"weight":0},{"name":"j_block_red","count":1,"weight":0},{"name":"j_block_red","count":1,"weight":0},{"name":"j_block_green","count":1,"weight":0},{"name":"j_block_green","count":1,"weight":0},{"name":"j_block_yellow","count":1,"weight":0},{"name":"j_block_yellow","count":1,"weight":0},{"name":"j_block_white","count":1,"weight":0},{"name":"j_block_white","count":1,"weight":0}],"gates":[]},{"name":"Sublevel 2","properties":{"unit":"windows_95.txt","max_rooms":3,"light":"toy_light_cha.ini","music":"new_00_0.cnd","skybox":"windowsstart","corridor":0.15,"caps":100,"timer":0,"geyser":false,"clogged":false,"echo":0,"plane":false,"seesaw":false,"version":1,"max_entities":null,"max_trasures":null,"max_gates":null},"entities":[{"name":"Kochappy","count":3,"weight":0,"dead_end":false,"group":0,"treasure":null,"fall":""},{"name":"YellowKochappy","count":3,"weight":0,"dead_end":false,"group":0,"treasure":null,"fall":""},{"name":"BlueKochappy","count":3,"weight":0,"dead_end":false,"group":0,"treasure":null,"fall":""},{"name":"KumaKochappy","count":3,"weight":0,"dead_end":false,"group":0,"treasure":null,"fall":""},{"name":"YellowChappy","count":1,"weight":0,"dead_end":false,"group":1,"treasure":"key","fall":""}],"treasures":[{"name":"donutschoco","count":1,"weight":0},{"name":"donutsichigo","count":1,"weight":0},{"name":"cookie_s","count":1,"weight":0},{"name":"cookie_s_l","count":1,"weight":0}],"gates":[]},{"name":"Sublevel 3","properties":{"unit":"windows_95.txt","max_rooms":3,"light":"forest_3_light.ini","music":"cavemetal_05_1.cnd","skybox":"none","corridor":0.15,"caps":100,"timer":0,"geyser":false,"clogged":false,"echo":0,"plane":false,"seesaw":false,"version":1,"max_entities":null,"max_trasures":null,"max_gates":null},"entities":[{"name":"Jigumo","count":2,"weight":0,"dead_end":false,"group":0,"treasure":null,"fall":""},{"name":"Demon","count":2,"weight":0,"dead_end":false,"group":0,"treasure":null,"fall":""},{"name":"MaroFrog","count":1,"weight":0,"dead_end":false,"group":1,"treasure":null,"fall":""},{"name":"Kurage","count":2,"weight":0,"dead_end":false,"group":1,"treasure":null,"fall":""},{"name":"OniKurage","count":1,"weight":0,"dead_end":false,"group":1,"treasure":"key","fall":""}],"treasures":[{"name":"halloween","count":1,"weight":0},{"name":"denchi_3_red","count":1,"weight":0},{"name":"denchi_2_black","count":1,"weight":0},{"name":"denchi_1_red","count":1,"weight":0},{"name":"denchi_3_black","count":1,"weight":0},{"name":"donutschoco_s","count":1,"weight":0},{"name":"ahiru","count":1,"weight":0},{"name":"ahiru_head","count":1,"weight":0}],"gates":[]}],"content":null}